variant,seed,frac_sig,frac_sbi,toy,n_nonfinite,mu_hat,lo,hi,width,lo_2sig,hi_2sig,at_boundary,n_nan_t,t_true,covers_1sig,mu_true,calibration,finished_sig,finished_sbi
frozen,0,0.01,0.01,0,0,0.7345372540237682,0.6178473687393611,0.9751783464539072,0.35733097771454614,0.4769688721582445,1.241585478328342,False,0,6.293337664581486,0.0,0.4,C_val,2026-09-12 19:02:05,2026-09-12 20:51:47
frozen,0,0.01,0.01,1,0,0.9135708864615357,0.7862327618665206,1.146607364446921,0.36037460258040044,0.6677919772167756,1.3973946021554156,False,0,22.77051307966758,0.0,0.4,C_val,2026-09-12 19:02:05,2026-09-12 20:51:47
frozen,0,0.01,0.01,2,0,0.7421665031115143,0.6148853167381857,1.0174257897902714,0.40254047305208573,0.045508246821847266,1.2982362877870095,False,0,2.0999593708111206,0.0,0.4,C_val,2026-09-12 19:02:05,2026-09-12 20:51:47
frozen,0,0.01,0.01,3,0,0.8382165248794268,0.7099599751968736,1.0824073681240318,0.3724473929271582,0.6334698300064823,1.3417693607084178,False,0,11.92868433579497,0.0,0.4,C_val,2026-09-12 19:02:05,2026-09-12 20:51:47
frozen,0,0.01,0.01,4,0,0.8056017998947019,0.6679980869041293,1.0514328738536316,0.3834347869495023,0.5442250378544196,1.3087498433457325,False,0,6.2812956972411484,0.0,0.4,C_val,2026-09-12 19:02:05,2026-09-12 20:51:47
frozen,0,0.01,0.01,5,0,0.7975363073801535,0.6290727604235985,1.0588711381677767,0.4297983777441782,0.5342513428891292,1.3257422670928136,False,0,7.1952837346361775,0.0,0.4,C_val,2026-09-12 19:02:05,2026-09-12 20:51:47
frozen,0,0.01,0.01,6,0,0.6490482676598754,0.4635633073996529,0.9832214405713753,0.5196581331717224,0.03860528781680774,1.2521946194909408,False,0,1.6010900337132625,0.0,0.4,C_val,2026-09-12 19:02:05,2026-09-12 20:51:47
frozen,0,0.01,0.01,7,0,0.8578278355224283,0.8030293482448491,1.0803803946117925,0.2773510463669434,0.6093147421512449,1.3320280498460773,False,0,20.878211925533833,0.0,0.4,C_val,2026-09-12 19:02:05,2026-09-12 20:51:47
frozen,0,0.01,0.01,8,0,0.8620441960485227,0.661309673515028,1.1213414689590226,0.46003179544399464,0.5476362636595732,1.385327108473056,False,0,7.230954447441036,0.0,0.4,C_val,2026-09-12 19:02:05,2026-09-12 20:51:47
frozen,0,0.01,0.01,9,0,0.8979060581272594,0.8561492365570789,1.102732121948756,0.24658288539167716,0.6392253286434265,1.3536150828297553,False,0,12.969056008918415,0.0,0.4,C_val,2026-09-12 19:02:05,2026-09-12 20:51:47
frozen,0,0.01,0.01,10,0,0.9907775691793256,0.899773418394393,1.1927405823542014,0.2929671639598085,0.8954071186441973,1.4335844333235137,False,0,23.393445512352628,0.0,0.4,C_val,2026-09-12 19:02:05,2026-09-12 20:51:47
frozen,0,0.01,0.01,11,0,0.8063202918802403,0.764745232830395,1.0188336528561805,0.2540884200257856,0.5482867275751414,1.276792350522803,False,0,9.121577976660774,0.0,0.4,C_val,2026-09-12 19:02:05,2026-09-12 20:51:47
frozen,0,0.01,0.01,12,0,0.7517966255791693,0.4171668845392044,1.0518459631781099,0.6346790786389054,0.020367765158128256,1.3373529442157421,False,0,1.4340012715256307,0.0,0.4,C_val,2026-09-12 19:02:05,2026-09-12 20:51:47
frozen,0,0.01,0.01,13,0,0.9869165713559674,0.8575920926490049,1.2076474185110804,0.35005532586207544,0.8441221278549375,1.4542874296043125,False,0,26.18474854463784,0.0,0.4,C_val,2026-09-12 19:02:05,2026-09-12 20:51:47
frozen,0,0.01,0.01,14,0,0.8200345917750838,0.7470561240233703,1.0441153010177728,0.29705917699440254,0.7061343160068789,1.3017235565956196,False,0,9.04165324377027,0.0,0.4,C_val,2026-09-12 19:02:05,2026-09-12 20:51:47
frozen,0,0.01,0.01,15,0,0.7974729880020133,0.5866128162725689,1.061222582764558,0.47460976649198916,0.46833551240761034,1.3279450835133702,False,0,12.645339134778624,0.0,0.4,C_val,2026-09-12 19:02:05,2026-09-12 20:51:47
frozen,0,0.01,0.01,16,0,0.8653708718138812,0.6989168958595966,1.123668246951216,0.42475135109161943,0.6744817147577971,1.3901908062649357,False,0,8.135741625868832,0.0,0.4,C_val,2026-09-12 19:02:05,2026-09-12 20:51:47
frozen,0,0.01,0.01,17,0,0.7931280465044974,0.7548329843893479,1.0056692722117109,0.250836287822363,0.44868501938457256,1.2615601258793154,False,0,7.607754243770614,0.0,0.4,C_val,2026-09-12 19:02:05,2026-09-12 20:51:47
frozen,0,0.01,0.01,18,0,0.7737557220293467,0.5985343052910508,1.055082546777375,0.4565482414863242,0.030768737377617882,1.332486820665283,False,0,2.7898610612719494,0.0,0.4,C_val,2026-09-12 19:02:05,2026-09-12 20:51:47
frozen,0,0.01,0.01,19,0,0.8567206672382508,0.7444859136214471,1.0930903209612666,0.34860440733981946,0.6364987728854768,1.3488711747846824,False,0,15.582707080273394,0.0,0.4,C_val,2026-09-12 19:02:05,2026-09-12 20:51:47
frozen,0,0.01,0.01,20,0,0.8433366197853114,0.775763415088378,1.0744369396901012,0.29867352460172325,0.6292388687388323,1.3346520570302023,False,0,10.841178510534519,0.0,0.4,C_val,2026-09-12 19:02:05,2026-09-12 20:51:47
frozen,0,0.01,0.01,21,0,0.8665693017499309,0.6680745311691835,1.1077453710436085,0.439670839874425,0.5888282366006086,1.3625743561019583,False,0,23.526227634934912,0.0,0.4,C_val,2026-09-12 19:02:05,2026-09-12 20:51:47
frozen,0,0.01,0.01,22,0,0.81159094744021,0.6250983674895944,1.0591096848096089,0.4340113173200145,0.586395057421444,1.3198740634645878,False,0,11.113804242861079,0.0,0.4,C_val,2026-09-12 19:02:05,2026-09-12 20:51:47
frozen,0,0.01,0.01,23,0,0.7147775724690957,0.5969672811556636,0.9648574522017445,0.3678901710460809,0.5415758670423907,1.2297000865934435,False,0,7.89739020428533,0.0,0.4,C_val,2026-09-12 19:02:05,2026-09-12 20:51:47
frozen,0,0.01,0.01,24,0,0.7905914254080605,0.6174212100464695,0.9917218857836365,0.37430067573716697,0.5399894239095832,1.252669536705873,False,0,5.300969125670235,0.0,0.4,C_val,2026-09-12 19:02:05,2026-09-12 20:51:47
frozen,0,0.01,0.01,25,0,0.8326151903354179,0.7960444533713482,1.0304156247918717,0.23437117142052344,0.5505924810309022,1.2758007811634526,False,0,4.719837392396585,0.0,0.4,C_val,2026-09-12 19:02:05,2026-09-12 20:51:47
frozen,0,0.01,0.01,26,0,0.6991394112330106,0.6433492893743675,0.9454060000374984,0.3020567106631309,0.2922283983864136,1.2143422303652058,False,0,3.7615361065109028,0.0,0.4,C_val,2026-09-12 19:02:05,2026-09-12 20:51:47
frozen,0,0.01,0.01,27,0,0.9198100891872046,0.8513900073877438,1.106095190447465,0.2547051830597211,0.8435711111569164,1.3393747521950419,False,0,14.404837868278264,0.0,0.4,C_val,2026-09-12 19:02:05,2026-09-12 20:51:47
frozen,0,0.01,0.01,28,0,0.8702368960038592,0.7995720864394686,1.0527122118644876,0.25314012542501896,0.795810636534715,1.2864562806325606,False,0,15.493203753874695,0.0,0.4,C_val,2026-09-12 19:02:05,2026-09-12 20:51:47
frozen,0,0.01,0.01,29,0,0.8512552227181929,0.767574796133318,1.0755594703476643,0.3079846742143463,0.7266952843364556,1.32800516426268,False,0,9.986486056568538,0.0,0.4,C_val,2026-09-12 19:02:05,2026-09-12 20:51:47
frozen,0,0.01,0.01,30,0,0.8305533879570473,0.7953039866120144,1.030467549194118,0.23516356258210358,0.6234027805068684,1.278761562101929,False,0,6.946862618158775,0.0,0.4,C_val,2026-09-12 19:02:05,2026-09-12 20:51:47
frozen,0,0.01,0.01,31,0,0.8103786627042462,0.7336030028850519,1.0618369281783224,0.32823392529327056,0.5769738403713627,1.329983737300655,False,0,6.317439183359966,0.0,0.4,C_val,2026-09-12 19:02:05,2026-09-12 20:51:47
frozen,0,0.01,0.01,32,0,0.9073495051369358,0.8770724570646873,1.0884473423174506,0.21137488525276327,0.3872861859013862,1.3339058369916001,False,0,3.5016577638089075,0.0,0.4,C_val,2026-09-12 19:02:05,2026-09-12 20:51:47
frozen,0,0.01,0.01,33,0,0.9051276469455981,0.8445208748678775,1.1247402743479706,0.2802193994800931,0.6270444458282105,1.3725558426135462,False,0,10.20666446748146,0.0,0.4,C_val,2026-09-12 19:02:05,2026-09-12 20:51:47
frozen,0,0.01,0.01,34,0,0.9000119535953409,0.8564412528020017,1.1045693019392966,0.24812804913729491,0.6544731008175471,1.355548172980694,False,0,9.11664945899247,0.0,0.4,C_val,2026-09-12 19:02:05,2026-09-12 20:51:47
frozen,0,0.01,0.01,35,0,0.8557817998662973,0.7890284651379972,1.0646214574221327,0.2755929922841355,0.7802788302252157,1.3152058434939764,False,0,7.693776225663896,0.0,0.4,C_val,2026-09-12 19:02:05,2026-09-12 20:51:47
frozen,0,0.01,0.01,36,0,0.9281342084590906,0.8285559305765287,1.1327539389458932,0.3041980083693645,0.817259253266543,1.3766569171309506,False,0,13.436385264012642,0.0,0.4,C_val,2026-09-12 19:02:05,2026-09-12 20:51:47
frozen,0,0.01,0.01,37,0,0.9423265910059851,0.8866641346429834,1.142507067598455,0.25584293295547156,0.8538829445520932,1.3836005764481958,False,0,13.933025869795529,0.0,0.4,C_val,2026-09-12 19:02:05,2026-09-12 20:51:47
frozen,0,0.01,0.01,38,0,1.0046809853210505,0.8154746499718273,1.2310610467564267,0.4155863967845994,0.7271466812901838,1.4754248829459191,False,0,44.743187102001684,0.0,0.4,C_val,2026-09-12 19:02:05,2026-09-12 20:51:47
frozen,0,0.01,0.01,39,0,0.7601776169466633,0.5288400641620346,1.0217120395053494,0.49287197534331484,0.45456380032159277,1.2890573765002262,False,0,11.922855901026196,0.0,0.4,C_val,2026-09-12 19:02:05,2026-09-12 20:51:47
frozen,0,0.01,0.01,40,0,0.897224733388695,0.7389067164264403,1.1408091983972863,0.401902481970846,0.6347953035336997,1.3973667963329246,False,0,13.986980407535157,0.0,0.4,C_val,2026-09-12 19:02:05,2026-09-12 20:51:47
frozen,0,0.01,0.01,41,0,0.7974196242377515,0.6657731051383586,1.0326225387136316,0.366849433575273,0.622101224781885,1.2857038772824991,False,0,11.349457984146284,0.0,0.4,C_val,2026-09-12 19:02:05,2026-09-12 20:51:47
frozen,0,0.01,0.01,42,0,0.7747653341194699,0.7212113248234331,1.0228988679350146,0.3016875431115815,0.38839779316381196,1.291350998765969,False,0,3.9635477706870006,0.0,0.4,C_val,2026-09-12 19:02:05,2026-09-12 20:51:47
frozen,0,0.01,0.01,43,0,0.8402935084804328,0.7292272043723859,1.0426058670857268,0.3133786627133409,0.6768906841541316,1.292667494101702,False,0,11.513807458435622,0.0,0.4,C_val,2026-09-12 19:02:05,2026-09-12 20:51:47
frozen,0,0.01,0.01,44,0,0.8196157141434116,0.775956525119731,1.0254586804236943,0.24950215530396325,0.6568708884329357,1.2774288148051895,False,0,8.195189256221056,0.0,0.4,C_val,2026-09-12 19:02:05,2026-09-12 20:51:47
frozen,0,0.01,0.01,45,0,0.7903971317362002,0.7337787913261775,1.0229515670955265,0.28917277576934897,0.48646905250424605,1.2831977163651924,False,0,11.592485838868015,0.0,0.4,C_val,2026-09-12 19:02:05,2026-09-12 20:51:47
frozen,0,0.01,0.01,46,0,0.8325748464800119,0.7864727067971549,1.0467119447269468,0.260239237929792,0.6407405801972201,1.3038363996389974,False,0,8.588026075016387,0.0,0.4,C_val,2026-09-12 19:02:05,2026-09-12 20:51:47
frozen,0,0.01,0.01,47,0,0.8333254573295511,0.7951878411029463,1.0492986502839654,0.25411080918101914,0.3790474572233317,1.3063656560559402,False,0,3.9250388731670682,0.0,0.4,C_val,2026-09-12 19:02:05,2026-09-12 20:51:47
frozen,0,0.01,0.01,0,0,1.843855329583639,1.5722776632952564,2.117798061353459,0.5455203980582024,1.3019236191240187,2.3063672328190554,False,0,7.128134900791338,0.0,2.5,C_val,2026-09-12 19:02:05,2026-09-12 20:51:47
frozen,0,0.01,0.01,1,0,1.9798142233429135,1.7161030904123926,2.2497199850303593,0.5336168946179667,1.4583310660912825,2.4958034414012107,False,0,4.055987384188484,0.0,2.5,C_val,2026-09-12 19:02:05,2026-09-12 20:51:47
frozen,0,0.01,0.01,2,0,1.9734601791426265,1.700309252724493,2.251292380687288,0.5509831279627952,1.4293620047310431,2.5347706549301465,False,0,3.5279587287404865,0.0,2.5,C_val,2026-09-12 19:02:05,2026-09-12 20:51:47
frozen,0,0.01,0.01,3,0,1.9547917415021852,1.693774063211154,2.205763565643959,0.5119895024328049,1.4335419364855067,2.316987946700979,False,0,7.792410689173266,0.0,2.5,C_val,2026-09-12 19:02:05,2026-09-12 20:51:47
frozen,0,0.01,0.01,4,0,0.0,,0.00321458984503893,,,0.014859560358800969,True,0,5.011646560233203,,2.5,C_val,2026-09-12 19:02:05,2026-09-12 20:51:47
frozen,0,0.01,0.01,5,0,1.9258351227958583,1.6550248036543236,2.200293762293145,0.5452689586388213,1.3871672027239637,2.387357842191371,False,0,5.4228441722698335,0.0,2.5,C_val,2026-09-12 19:02:05,2026-09-12 20:51:47
frozen,0,0.01,0.01,6,0,1.8427317767949674,1.5719155222511132,2.102507208944742,0.5305916866936289,1.299447608933782,2.256919160792365,False,0,7.11805131498113,0.0,2.5,C_val,2026-09-12 19:02:05,2026-09-12 20:51:47
frozen,0,0.01,0.01,7,0,1.9217530508687004,1.651650608199416,2.1981463010607976,0.5464956928613816,1.38580084156663,2.4821347000639373,False,0,4.251495056825661,0.0,2.5,C_val,2026-09-12 19:02:05,2026-09-12 20:51:47
frozen,0,0.01,0.01,8,0,1.9948281713673006,1.7288508533484386,2.26490035042196,0.5360494970735212,1.4671093488591938,2.5006044892418533,False,0,3.9916265032043157,0.0,2.5,C_val,2026-09-12 19:02:05,2026-09-12 20:51:47
frozen,0,0.01,0.01,9,0,1.9624265338249376,1.6936924330092846,2.237715503374275,0.5440230703649902,1.4297236503765234,2.52057247599202,False,0,3.717845582526934,0.0,2.5,C_val,2026-09-12 19:02:05,2026-09-12 20:51:47
frozen,0,0.01,0.01,10,0,2.0528849556157778,1.7848747088879782,2.3283307804875806,0.5434560715996024,1.523281970855011,2.61191804647561,False,0,2.588322076804616,0.0,2.5,C_val,2026-09-12 19:02:05,2026-09-12 20:51:47
frozen,0,0.01,0.01,11,0,1.8784144406821774,1.6024785211083223,2.1594125444344217,0.5569340233260993,1.3287647538933454,2.4469905753166823,False,0,4.759283304625569,0.0,2.5,C_val,2026-09-12 19:02:05,2026-09-12 20:51:47
frozen,0,0.01,0.01,12,0,2.0218844814423567,1.745049216030364,2.303669182742852,0.5586199667124883,1.4709415804833232,2.590852531844392,False,0,2.8401200304942904,0.0,2.5,C_val,2026-09-12 19:02:05,2026-09-12 20:51:47
frozen,0,0.01,0.01,13,0,2.037891010790142,1.7902647911167109,2.226556352920443,0.4362915618037322,1.5374695658723494,2.3189025378736843,False,0,5.743843935215409,0.0,2.5,C_val,2026-09-12 19:02:05,2026-09-12 20:51:47
frozen,0,0.01,0.01,14,0,1.8926655845199736,1.6236216582151537,2.164506080807857,0.5408844225927034,1.35603973519861,2.3934885035681615,False,0,6.301631897171319,0.0,2.5,C_val,2026-09-12 19:02:05,2026-09-12 20:51:47
frozen,0,0.01,0.01,15,0,1.9765153099633932,1.7076472389296795,2.251714102560885,0.5440668636312054,1.4434382130404277,2.533833604604103,False,0,3.539107546930609,0.0,2.5,C_val,2026-09-12 19:02:05,2026-09-12 20:51:47
frozen,0,0.01,0.01,16,0,2.0474348477167235,1.7961692070820958,2.137696320602736,0.34152711352064014,1.537335719173037,2.4825408951861028,False,0,5.0982825071623665,0.0,2.5,C_val,2026-09-12 19:02:05,2026-09-12 20:51:47
frozen,0,0.01,0.01,17,0,1.8285388102180005,1.560293085840078,2.0257004660136553,0.4654073801735772,1.292882363168875,2.354371364282264,False,0,6.1549536250277015,0.0,2.5,C_val,2026-09-12 19:02:05,2026-09-12 20:51:47
frozen,0,0.01,0.01,18,0,2.0106565538744587,1.7410784638245003,2.247707331769495,0.5066288679449948,1.4741724638052363,2.5327234458638954,False,0,3.366626538005221,0.0,2.5,C_val,2026-09-12 19:02:05,2026-09-12 20:51:47
frozen,0,0.01,0.01,19,0,1.9465012168266258,1.677193635029469,2.218603566574847,0.541409931545378,1.411218298255291,2.4051847439409837,False,0,5.897024595957191,0.0,2.5,C_val,2026-09-12 19:02:05,2026-09-12 20:51:47
frozen,0,0.01,0.01,20,0,1.9391480697084962,1.6690852297808365,2.212953042114987,0.5438678123341503,1.4023183211861983,2.4096618305634765,False,0,5.14255118980509,0.0,2.5,C_val,2026-09-12 19:02:05,2026-09-12 20:51:47
frozen,0,0.01,0.01,21,0,0.0,,0.0024447607991092244,,,0.009779043196436897,True,0,6.603693876462785,,2.5,C_val,2026-09-12 19:02:05,2026-09-12 20:51:47
frozen,0,0.01,0.01,22,0,1.9032144065209404,1.636485233344765,2.1715687329472555,0.5350834996024905,1.3718893085151063,2.41031730471533,False,0,9.252635398061102,0.0,2.5,C_val,2026-09-12 19:02:05,2026-09-12 20:51:47
frozen,0,0.01,0.01,23,0,0.0,,0.004224897265421543,,,0.02118618897262461,True,0,8.6120775765703,,2.5,C_val,2026-09-12 19:02:05,2026-09-12 20:51:47
frozen,0,0.01,0.01,24,0,0.0,,0.003923169618563374,,,0.01564072450812457,True,0,7.295182274378021,,2.5,C_val,2026-09-12 19:02:05,2026-09-12 20:51:47
frozen,0,0.01,0.01,25,0,1.7889593884781938,1.5208734595281765,2.056684244135143,0.5358107846069664,1.2541787984338715,2.2427115249984535,False,0,7.673124724635272,0.0,2.5,C_val,2026-09-12 19:02:05,2026-09-12 20:51:47
frozen,0,0.01,0.01,26,0,1.8391430434116027,1.5660834006180628,2.116936452315312,0.550853051697249,1.2947217725259617,2.4010477452235843,False,0,5.488731036570243,0.0,2.5,C_val,2026-09-12 19:02:05,2026-09-12 20:51:47
frozen,0,0.01,0.01,27,0,1.8961574627726916,1.6302516880059166,2.168957074963371,0.5387053869574543,1.3704536580645545,2.4491881324158284,False,0,4.745913618000486,0.0,2.5,C_val,2026-09-12 19:02:05,2026-09-12 20:51:47
frozen,0,0.01,0.01,28,0,1.850205436485099,1.5801302810072273,2.1268101803624324,0.5466798993552051,1.3159149590383097,2.4107142499663823,False,0,5.332500330012408,0.0,2.5,C_val,2026-09-12 19:02:05,2026-09-12 20:51:47
frozen,0,0.01,0.01,29,0,1.8917496880348672,1.6229470793633585,2.165992891845617,0.5430458124822586,1.3579773882085067,2.4451537883369836,False,0,4.82663348297865,0.0,2.5,C_val,2026-09-12 19:02:05,2026-09-12 20:51:47
frozen,0,0.01,0.01,30,0,1.8550084042527109,1.5857170168369394,2.127571065879558,0.5418540490426185,1.3186712978375246,2.355316716990467,False,0,6.051681911048945,0.0,2.5,C_val,2026-09-12 19:02:05,2026-09-12 20:51:47
frozen,0,0.01,0.01,31,0,1.9747207425124638,1.7036384095519583,2.25205894205668,0.5484205325047218,1.4367200254642527,2.536823881234656,False,0,3.505059233899374,0.0,2.5,C_val,2026-09-12 19:02:05,2026-09-12 20:51:47
frozen,0,0.01,0.01,32,0,1.9514400145139705,1.678240343028403,2.230972416187795,0.5527320731593919,1.409330048375653,2.5180348560797863,False,0,3.7556179813436756,0.0,2.5,C_val,2026-09-12 19:02:05,2026-09-12 20:51:47
frozen,0,0.01,0.01,33,0,1.9148732165332785,1.6495668237653534,2.1871589789310795,0.5375921551657261,1.389913103711366,2.4671793232397765,False,0,4.474675342353294,0.0,2.5,C_val,2026-09-12 19:02:05,2026-09-12 20:51:47
frozen,0,0.01,0.01,34,0,1.9348230679048117,1.6653884201720472,2.210823212902782,0.5454347927307348,1.4005767654026067,2.4944152771231174,False,0,4.0777249720886175,0.0,2.5,C_val,2026-09-12 19:02:05,2026-09-12 20:51:47
frozen,0,0.01,0.01,35,0,1.8948835802432256,1.6261708465898876,2.1688710851677717,0.5427002385778841,1.3608634037755207,2.448027556435285,False,0,4.776160697565501,0.0,2.5,C_val,2026-09-12 19:02:05,2026-09-12 20:51:47
frozen,0,0.01,0.01,36,0,1.980068809221874,1.7120752652444802,2.2165985752295327,0.5045233099850526,1.4462439482101122,2.46727148337272,False,0,4.4019651742928545,0.0,2.5,C_val,2026-09-12 19:02:05,2026-09-12 20:51:47
frozen,0,0.01,0.01,37,0,1.9454889359328138,1.6819045643413033,2.2148838691966644,0.532979304855361,1.4234462540628012,2.489555211540564,False,0,4.152699901525921,0.0,2.5,C_val,2026-09-12 19:02:05,2026-09-12 20:51:47
frozen,0,0.01,0.01,38,0,2.056693551490282,1.8013837626716924,2.2510571564436628,0.44967339377197035,1.5486595645658023,2.4491779082879233,False,0,4.522665189386316,0.0,2.5,C_val,2026-09-12 19:02:05,2026-09-12 20:51:47
frozen,0,0.01,0.01,39,0,1.913267220968418,1.6418697812343708,2.189929880989058,0.5480600997546872,1.3737590670537299,2.470990947942731,False,0,4.426670231616299,0.0,2.5,C_val,2026-09-12 19:02:05,2026-09-12 20:51:47
frozen,0,0.01,0.01,40,0,2.004647288229419,1.7385535251010418,2.2762768849464705,0.5377233598454287,1.4780311194345623,2.5122789544434627,False,0,3.419513025233755,0.0,2.5,C_val,2026-09-12 19:02:05,2026-09-12 20:51:47
frozen,0,0.01,0.01,41,0,1.8521161724026194,1.5844677852032645,2.1117199496484065,0.527252164445142,1.320109115482629,2.3596586357757614,False,0,5.990886534280435,0.0,2.5,C_val,2026-09-12 19:02:05,2026-09-12 20:51:47
frozen,0,0.01,0.01,42,0,1.946364491274864,1.6752520384639134,2.222927189130556,0.5476751506666426,1.4075680188117252,2.5054331985816454,False,0,3.923824639598024,0.0,2.5,C_val,2026-09-12 19:02:05,2026-09-12 20:51:47
frozen,0,0.01,0.01,43,0,1.8663178370168392,1.5932954468662595,2.1451733264095947,0.5518778795433352,1.3237315196851502,2.4313332766962605,False,0,4.999144053577766,0.0,2.5,C_val,2026-09-12 19:02:05,2026-09-12 20:51:47
frozen,0,0.01,0.01,44,0,1.8460614582973494,1.573457606155624,2.1233019050487685,0.5498442988931445,1.3034701272352773,2.401329403004158,False,0,6.711877621397434,0.0,2.5,C_val,2026-09-12 19:02:05,2026-09-12 20:51:47
frozen,0,0.01,0.01,45,0,1.832449984832877,1.5574458702862615,2.112219503946628,0.5547736336603666,1.2838915547796912,2.398611906659367,False,0,5.512507255087257,0.0,2.5,C_val,2026-09-12 19:02:05,2026-09-12 20:51:47
frozen,0,0.01,0.01,46,0,1.915495039525479,1.644895607302306,2.1913760859219638,0.5464804786196578,1.3775488448335054,2.4589011702769636,False,0,4.579155638748489,0.0,2.5,C_val,2026-09-12 19:02:05,2026-09-12 20:51:47
frozen,0,0.01,0.01,47,0,1.9347957114553322,1.6633283649004797,2.2122154070818576,0.5488870421813778,1.3953719562806828,2.4970088123263525,False,0,4.041287822576123,0.0,2.5,C_val,2026-09-12 19:02:05,2026-09-12 20:51:47
frozen,0,0.03,0.03,0,0,0.6405621764146487,0.5066480885491966,1.003783826860032,0.49713573831083546,0.12268212191984629,1.3639167391188438,False,0,2.2522744024427084,0.0,0.4,C_val,2026-09-13 03:38:44,2026-09-13 04:45:36
frozen,0,0.03,0.03,1,0,0.6051355642654526,0.29992262274822096,1.0214109449750828,0.7214883222268618,0.03216852059232965,1.4071392640305893,False,0,0.9182631844269054,1.0,0.4,C_val,2026-09-13 03:38:44,2026-09-13 04:45:36
frozen,0,0.03,0.03,2,0,0.6516257337806031,0.19513184345470763,1.0425652611432135,0.8474334176885059,0.041726911279554496,1.4175497442599445,False,0,0.3532808889031003,1.0,0.4,C_val,2026-09-13 03:38:44,2026-09-13 04:45:36
frozen,0,0.03,0.03,3,0,0.7233340849648733,0.23695075922541015,1.1225119128199217,0.8855611535945116,0.03646009446865067,1.4818445643706173,False,0,0.6361830118148646,1.0,0.4,C_val,2026-09-13 03:38:44,2026-09-13 04:45:36
frozen,0,0.03,0.03,4,0,0.8036539067776017,0.7631520295706916,1.0801849971144264,0.3170329675437348,0.5615046759647715,1.4185110802099896,False,0,4.3875871132840985,0.0,0.4,C_val,2026-09-13 03:38:44,2026-09-13 04:45:36
frozen,0,0.03,0.03,5,0,0.6881091833792742,0.4662095696310993,1.075188788252064,0.6089792186209648,0.04208353877355451,1.4362966946617668,False,0,2.4133196833099646,0.0,0.4,C_val,2026-09-13 03:38:44,2026-09-13 04:45:36
frozen,0,0.03,0.03,6,0,0.63465409644985,0.4570277862537506,1.0078213068702606,0.55079352061651,0.05290864675813161,1.3688527481894919,False,0,2.3736684716313903,0.0,0.4,C_val,2026-09-13 03:38:44,2026-09-13 04:45:36
frozen,0,0.03,0.03,7,0,0.6668032599928895,0.21532669196206092,1.0633865885309213,0.8480598965688604,0.054220545002563174,1.4239834759052157,False,0,0.3432081990358711,1.0,0.4,C_val,2026-09-13 03:38:44,2026-09-13 04:45:36
frozen,0,0.03,0.03,8,0,0.8788581262293467,0.8404259463865976,1.1570433121255101,0.3166173657389125,0.07816806166068134,1.493664972135114,False,0,2.5286720953517943,0.0,0.4,C_val,2026-09-13 03:38:44,2026-09-13 04:45:36
frozen,0,0.03,0.03,9,0,0.8494605267142469,0.7808768428763206,1.1265659065383158,0.34568906366199514,0.32868056990034983,1.457939221290288,False,0,3.8455444506216736,0.0,0.4,C_val,2026-09-13 03:38:44,2026-09-13 04:45:36
frozen,0,0.03,0.03,10,0,0.9414710352906925,0.8369220756207931,1.2510881924200326,0.4141661167992394,0.651449280811532,1.5796788327410296,False,0,6.156641292393033,0.0,0.4,C_val,2026-09-13 03:38:44,2026-09-13 04:45:36
frozen,0,0.03,0.03,11,0,0.7402468369821169,0.5306299239901208,1.120995560092904,0.5903656361027833,0.05445901605127844,1.4757995220437774,False,0,1.319894433090667,0.0,0.4,C_val,2026-09-13 03:38:44,2026-09-13 04:45:36
frozen,0,0.03,0.03,12,0,0.6706448992505226,0.45889044186080974,1.0811417781491461,0.6222513362883364,0.18565129017411483,1.4600580655424635,False,0,3.6798763376682473,0.0,0.4,C_val,2026-09-13 03:38:44,2026-09-13 04:45:36
frozen,0,0.03,0.03,13,0,0.618108318797766,0.13713085357199936,1.0749107421054591,0.9377798885334597,0.03197573275597853,1.4557086174553415,False,0,0.12502890338510042,1.0,0.4,C_val,2026-09-13 03:38:44,2026-09-13 04:45:36
frozen,0,0.03,0.03,14,0,0.5154212985988839,0.14428590394744717,0.9969585718110312,0.8526726678635841,0.03840118930093553,1.385251287469684,False,0,0.04276868599845329,1.0,0.4,C_val,2026-09-13 03:38:44,2026-09-13 04:45:36
frozen,0,0.03,0.03,15,0,0.7446852026909749,0.22788311472052186,1.0648611228340745,0.8369780081135527,0.030926204627127196,1.4275323337525427,False,0,0.6928965603292454,1.0,0.4,C_val,2026-09-13 03:38:44,2026-09-13 04:45:36
frozen,0,0.03,0.03,16,0,0.9034126836727374,0.5091977583700495,1.2537914442933038,0.7445936859232543,0.033355337468950426,1.5903987522903997,False,0,2.555219992678758,0.0,0.4,C_val,2026-09-13 03:38:44,2026-09-13 04:45:36
frozen,0,0.03,0.03,17,0,0.5826796785918512,0.19739068278720887,0.9802420430301805,0.7828513602429716,0.05549606150583705,1.3435859209756205,False,0,0.1787788050387462,1.0,0.4,C_val,2026-09-13 03:38:44,2026-09-13 04:45:36
frozen,0,0.03,0.03,18,0,0.7608664540611058,0.6253995288597088,1.1283299072720023,0.5029303784122935,0.04152219713582351,1.4816894220568095,False,0,2.134605314146029,0.0,0.4,C_val,2026-09-13 03:38:44,2026-09-13 04:45:36
frozen,0,0.03,0.03,19,0,0.566153309089826,0.13346752479892676,1.0392115375124067,0.9057440127134799,0.033010856615483745,1.420801987816314,False,0,0.06531189059387543,1.0,0.4,C_val,2026-09-13 03:38:44,2026-09-13 04:45:36
frozen,0,0.03,0.03,20,0,0.6560668237633238,0.19713643382546617,1.0631962708393539,0.8660598370138877,0.04752659193733692,1.4291858022370019,False,0,0.29256306718161795,1.0,0.4,C_val,2026-09-13 03:38:44,2026-09-13 04:45:36
frozen,0,0.03,0.03,21,0,0.7330743650504925,0.652110457565567,1.0935762098249682,0.4414657522594012,0.024388721044424622,1.456554176127941,False,0,2.0752747067708697,0.0,0.4,C_val,2026-09-13 03:38:44,2026-09-13 04:45:36
frozen,0,0.03,0.03,22,0,0.7440667021827171,0.601674621378489,1.1136335293239816,0.5119589079454926,0.05344679045884484,1.464235461844726,False,0,1.5034987857834494,0.0,0.4,C_val,2026-09-13 03:38:44,2026-09-13 04:45:36
frozen,0,0.03,0.03,23,0,0.7949750420947755,0.6227814860184864,1.0662848172154664,0.44350333119698004,0.04941636018388249,1.4035893945689124,False,0,1.5477616426433087,0.0,0.4,C_val,2026-09-13 03:38:44,2026-09-13 04:45:36
frozen,0,0.03,0.03,24,0,0.5446385962234157,0.16939659120868297,0.9805103283144357,0.8111137371057527,0.04805983292781826,1.3605964696493489,False,0,0.0890289941780793,1.0,0.4,C_val,2026-09-13 03:38:44,2026-09-13 04:45:36
frozen,0,0.03,0.03,25,0,0.648108927417973,0.6117476379305553,0.9454714685612176,0.33372383063066224,0.056633947623971614,1.2965426372027327,False,0,1.1548716772012995,0.0,0.4,C_val,2026-09-13 03:38:44,2026-09-13 04:45:36
frozen,0,0.03,0.03,26,0,0.7867723743958411,0.6552693443767782,1.0862869247606073,0.4310175803838291,0.6451974452955488,1.4179110015494807,False,0,6.893247089428769,0.0,0.4,C_val,2026-09-13 03:38:44,2026-09-13 04:45:36
frozen,0,0.03,0.03,27,0,0.4291050063677598,0.1542943121611752,0.8818960835068012,0.727601771345626,0.04672613663695259,1.2848814545449891,False,0,0.0051027509980485775,1.0,0.4,C_val,2026-09-13 03:38:44,2026-09-13 04:45:36
frozen,0,0.03,0.03,28,0,0.7989336679272274,0.7294637697610165,1.0842689886272883,0.3548052188662718,0.1053882862776377,1.4280262496893197,False,0,2.0837041183149267,0.0,0.4,C_val,2026-09-13 03:38:44,2026-09-13 04:45:36
frozen,0,0.03,0.03,29,0,0.8182574133308623,0.6975973434914771,1.1448386625004998,0.44724131900902275,0.5422022586357302,1.48425498482375,False,0,4.538715971080819,0.0,0.4,C_val,2026-09-13 03:38:44,2026-09-13 04:45:36
frozen,0,0.03,0.03,30,0,0.681510480338272,0.6220482215596524,1.0086570938271309,0.3866088722674784,0.04672530031165095,1.3561091730151027,False,0,1.3524798852595268,0.0,0.4,C_val,2026-09-13 03:38:44,2026-09-13 04:45:36
frozen,0,0.03,0.03,31,0,0.7757563126879459,0.6454709635208287,1.1337082043807962,0.48823724085996756,0.03828712104858118,1.4842636562858087,False,0,1.9549365258753824,0.0,0.4,C_val,2026-09-13 03:38:44,2026-09-13 04:45:36
frozen,0,0.03,0.03,32,0,0.6368245222718909,0.1511010348908068,1.0758102895655244,0.9247092546747175,0.03615206725408047,1.4501791946392677,False,0,0.16617638720708783,1.0,0.4,C_val,2026-09-13 03:38:44,2026-09-13 04:45:36
frozen,0,0.03,0.03,33,0,0.7116914121937219,0.36981807338601275,1.0868693927189257,0.7170513193329129,0.0560097777870338,1.4377943354278435,False,0,0.6547841543178947,1.0,0.4,C_val,2026-09-13 03:38:44,2026-09-13 04:45:36
frozen,0,0.03,0.03,34,0,0.7690328810880267,0.5563003485632975,1.1169347454579681,0.5606343968946707,0.5425084933471235,1.4658778915538608,False,0,7.199182153366564,0.0,0.4,C_val,2026-09-13 03:38:44,2026-09-13 04:45:36
frozen,0,0.03,0.03,35,0,0.8085619903608586,0.5758528334146139,1.133434561628316,0.557581728213702,0.4611124687698221,1.467315363383858,False,0,17.736324159504875,0.0,0.4,C_val,2026-09-13 03:38:44,2026-09-13 04:45:36
frozen,0,0.03,0.03,36,0,0.5333878512952825,0.14192325529328886,1.0186484784150642,0.8767252231217754,0.03635462529269463,1.4074845478719726,False,0,0.051122083594236756,1.0,0.4,C_val,2026-09-13 03:38:44,2026-09-13 04:45:36
frozen,0,0.03,0.03,37,0,0.8623049957581698,0.7567363668660109,1.180378641505723,0.42364227463971205,0.6934894101205398,1.5187638004965673,False,0,5.993913834732666,0.0,0.4,C_val,2026-09-13 03:38:44,2026-09-13 04:45:36
frozen,0,0.03,0.03,38,0,0.8359139386772991,0.6223872525352094,1.1755797631656082,0.5531925106303988,0.6068392776498268,1.51935367461337,False,0,9.2636338240045,0.0,0.4,C_val,2026-09-13 03:38:44,2026-09-13 04:45:36
frozen,0,0.03,0.03,39,0,0.6904704798646274,0.5761488075654471,1.0195844071961961,0.4434355996307491,0.5617425162676842,1.3736822152216084,False,0,4.4136044890474295,0.0,0.4,C_val,2026-09-13 03:38:44,2026-09-13 04:45:36
frozen,0,0.03,0.03,40,0,0.8829820110545856,0.777623398799043,1.189842452231101,0.4122190534320581,0.5241022159387748,1.5203975836293515,False,0,5.82412188426315,0.0,0.4,C_val,2026-09-13 03:38:44,2026-09-13 04:45:36
frozen,0,0.03,0.03,41,0,0.632969505134519,0.5028248464977775,1.0091739540369393,0.5063491075391618,0.05247646863301657,1.368936028425547,False,0,1.4327653809814365,0.0,0.4,C_val,2026-09-13 03:38:44,2026-09-13 04:45:36
frozen,0,0.03,0.03,42,0,0.5418612783475586,0.17073791041468553,0.9949663045286529,0.8242283941139673,0.04721326343236903,1.3797845981014298,False,0,0.08401001505626482,1.0,0.4,C_val,2026-09-13 03:38:44,2026-09-13 04:45:36
frozen,0,0.03,0.03,43,0,0.708298226833188,0.4788901016164575,1.0180281774926239,0.5391380758761664,0.0458676189593247,1.3690988053591417,False,0,2.3140514110418735,0.0,0.4,C_val,2026-09-13 03:38:44,2026-09-13 04:45:36
frozen,0,0.03,0.03,44,0,0.7156789610264649,0.47259262898594356,1.0939314778347384,0.6213388488487949,0.06038873909168817,1.4475144575360035,False,0,1.1879533330247796,0.0,0.4,C_val,2026-09-13 03:38:44,2026-09-13 04:45:36
frozen,0,0.03,0.03,45,0,0.570320114801698,0.2080150605243128,0.9872323884692247,0.7792173279449119,0.06130223153322254,1.3620124443800228,False,0,0.15852339664343162,1.0,0.4,C_val,2026-09-13 03:38:44,2026-09-13 04:45:36
frozen,0,0.03,0.03,46,0,0.7358534783156554,0.5594114073798155,1.0813584021900713,0.5219469948102557,0.5510863024973227,1.429175252085453,False,0,4.617775745449762,0.0,0.4,C_val,2026-09-13 03:38:44,2026-09-13 04:45:36
frozen,0,0.03,0.03,47,0,0.5245468388573966,0.1434865602232241,0.987771178441724,0.8442846182185,0.03853799413673608,1.3669494936212137,False,0,0.04788454996742075,1.0,0.4,C_val,2026-09-13 03:38:44,2026-09-13 04:45:36
frozen,0,0.03,0.03,0,0,2.250856429875087,1.9216402185268917,2.5822418605490265,0.6606016420221348,1.589428133481039,2.918657007635772,False,0,0.56687313106886,1.0,2.5,C_val,2026-09-13 03:38:44,2026-09-13 04:45:36
frozen,0,0.03,0.03,1,0,2.345751677832356,2.017082813659544,2.6767736237659694,0.6596908101064254,1.685961095206405,3.012839870450975,False,0,0.21833900455749244,1.0,2.5,C_val,2026-09-13 03:38:44,2026-09-13 04:45:36
frozen,0,0.03,0.03,2,0,2.3676834628502563,2.040648566217979,2.6974518220715202,0.656803255853541,1.7119667393334943,3.032510144394963,False,0,0.1621465535245079,1.0,2.5,C_val,2026-09-13 03:38:44,2026-09-13 04:45:36
frozen,0,0.03,0.03,3,0,2.417881002380686,2.094471694452675,2.745214220206231,0.650742525753556,1.771506756482116,3.0785660634424112,False,0,0.06360290586599149,1.0,2.5,C_val,2026-09-13 03:38:44,2026-09-13 04:45:36
frozen,0,0.03,0.03,4,0,2.301005567993635,1.9746225330545097,2.6295446943019978,0.654922161247488,1.6453584988254097,2.9629699324196754,False,0,0.3685496275065816,1.0,2.5,C_val,2026-09-13 03:38:44,2026-09-13 04:45:36
frozen,0,0.03,0.03,5,0,2.3302908830948,2.003589337527579,2.659602279593002,0.656012942065423,1.6749118928346436,2.994050663536671,False,0,0.2671835209657729,1.0,2.5,C_val,2026-09-13 03:38:44,2026-09-13 04:45:36
frozen,0,0.03,0.03,6,0,2.2408486395597853,1.909795405213818,2.573220757517646,0.663425352303828,1.574482190056891,2.910067406424773,False,0,0.6092026144178817,1.0,2.5,C_val,2026-09-13 03:38:44,2026-09-13 04:45:36
frozen,0,0.03,0.03,7,0,2.320169952546543,1.9946697319631561,2.6486754967315362,0.6540057647683801,1.6677533722995013,2.9826445006232096,False,0,0.30149086205710773,1.0,2.5,C_val,2026-09-13 03:38:44,2026-09-13 04:45:36
frozen,0,0.03,0.03,8,0,2.370730587198536,2.046245566644757,2.6987688096764466,0.6525232430316894,1.721469644056488,3.032576632654005,False,0,0.15664478371763835,1.0,2.5,C_val,2026-09-13 03:38:44,2026-09-13 04:45:36
frozen,0,0.03,0.03,9,0,2.330890758350173,2.004464635847606,2.6601337040773796,0.6556690682297734,1.6764631582730514,2.9946270821916237,False,0,0.2654739109566435,1.0,2.5,C_val,2026-09-13 03:38:44,2026-09-13 04:45:36
frozen,0,0.03,0.03,10,0,2.467375700773514,2.146422571511974,2.7932687021353244,0.6468461306233504,1.827722889342097,3.1257910439317005,False,0,0.0101139269208943,1.0,2.5,C_val,2026-09-13 03:38:44,2026-09-13 04:45:36
frozen,0,0.03,0.03,11,0,2.3444226973744358,2.018663355586025,2.6736291190949837,0.6549657635089585,1.6925052979585196,3.0085616519577765,False,0,0.2248592590985936,1.0,2.5,C_val,2026-09-13 03:38:44,2026-09-13 04:45:36
frozen,0,0.03,0.03,12,0,2.456455196475664,2.125409748954408,2.790734227490554,0.6653244785361458,1.79369654670337,3.130457903909986,False,0,0.017045797045284417,1.0,2.5,C_val,2026-09-13 03:38:44,2026-09-13 04:45:36
frozen,0,0.03,0.03,13,0,2.442118130332533,2.1149496141077413,2.7727418439429807,0.6577922298352394,1.7874392209963788,3.1090483530678186,False,0,0.03095126307744067,1.0,2.5,C_val,2026-09-13 03:38:44,2026-09-13 04:45:36
frozen,0,0.03,0.03,14,0,2.3123491788880286,1.9852955161999652,2.6415475801643358,0.6562520639643705,1.6552306180953185,2.975678936338095,False,0,0.3264954777296225,1.0,2.5,C_val,2026-09-13 03:38:44,2026-09-13 04:45:36
frozen,0,0.03,0.03,15,0,2.3928349171391345,2.0640254661261372,2.7244561327077244,0.6604306665815871,1.7337183251957424,3.0613846329248613,False,0,0.10522376489461749,1.0,2.5,C_val,2026-09-13 03:38:44,2026-09-13 04:45:36
frozen,0,0.03,0.03,16,0,2.5306333163111314,2.2135342856556117,2.85356265265806,0.6400283670024485,1.899958307737376,3.1837874112474402,False,0,0.009188227384584025,1.0,2.5,C_val,2026-09-13 03:38:44,2026-09-13 04:45:36
frozen,0,0.03,0.03,17,0,2.208090389408859,1.8796428326633392,2.5379518826158614,0.6583090499525222,1.5469988555423313,2.8723307305228003,False,0,0.78399396765235,1.0,2.5,C_val,2026-09-13 03:38:44,2026-09-13 04:45:36
frozen,0,0.03,0.03,18,0,2.406933386004676,2.0843691468136667,2.733253162630975,0.6488840158173081,1.762181183155487,3.0648472592868363,False,0,0.08209000897477381,1.0,2.5,C_val,2026-09-13 03:38:44,2026-09-13 04:45:36
frozen,0,0.03,0.03,19,0,2.3624129696979397,2.0348693931795423,2.6927414379479666,0.6578720447684243,1.7057329990990342,3.028345819089809,False,0,0.17469396046362817,1.0,2.5,C_val,2026-09-13 03:38:44,2026-09-13 04:45:36
frozen,0,0.03,0.03,20,0,2.317133311668387,1.9902620043915076,2.646700054887126,0.6564380504956184,1.6616582034685583,2.981560222198386,False,0,0.30954665776880574,1.0,2.5,C_val,2026-09-13 03:38:44,2026-09-13 04:45:36
frozen,0,0.03,0.03,21,0,2.427628020940057,2.1005918806686634,2.757948946788471,0.6573570661198076,1.7730242373204483,3.093851690261565,False,0,0.048452622584591154,1.0,2.5,C_val,2026-09-13 03:38:44,2026-09-13 04:45:36
frozen,0,0.03,0.03,22,0,2.333463838098351,2.0101145451906337,2.660369807213899,0.6502552620232653,1.6865332649315834,2.9930267249009597,False,0,0.26133415378717473,1.0,2.5,C_val,2026-09-13 03:38:44,2026-09-13 04:45:36
frozen,0,0.03,0.03,23,0,2.2545657208713745,1.9298649481994736,2.58198615840691,0.6521212102074363,1.6034107107657278,2.9146917815507765,False,0,0.5636477859079605,1.0,2.5,C_val,2026-09-13 03:38:44,2026-09-13 04:45:36
frozen,0,0.03,0.03,24,0,2.2865901946471876,1.9578313068339752,2.61692199153635,0.6590906847023748,1.625243340250221,2.95183329466946,False,0,0.41879660000267904,1.0,2.5,C_val,2026-09-13 03:38:44,2026-09-13 04:45:36
frozen,0,0.03,0.03,25,0,2.1379325325858893,1.8067505254017715,2.469011904521666,0.6622613791198946,1.4680600932459593,2.803719370433113,False,0,1.1949233575542166,0.0,2.5,C_val,2026-09-13 03:38:44,2026-09-13 04:45:36
frozen,0,0.03,0.03,26,0,2.2745462074932807,1.9491262001282148,2.6029448646750937,0.6538186645468789,1.6226617954300178,2.936731886566816,False,0,0.47316999523172854,1.0,2.5,C_val,2026-09-13 03:38:44,2026-09-13 04:45:36
frozen,0,0.03,0.03,27,0,2.257182233992223,1.9279582650329625,2.587539862710007,0.6595815976770445,1.593719117447863,2.9223066378226776,False,0,0.5415654379721673,1.0,2.5,C_val,2026-09-13 03:38:44,2026-09-13 04:45:36
frozen,0,0.03,0.03,28,0,2.3417732010026913,2.015487633354274,2.671086957111016,0.6555993237567419,1.687904845540687,3.005835036436742,False,0,0.23243151509086601,1.0,2.5,C_val,2026-09-13 03:38:44,2026-09-13 04:45:36
frozen,0,0.03,0.03,29,0,2.3361752206908304,2.0141538519198043,2.662029479764415,0.6478756278446105,1.6923056073945344,2.9938435023076018,False,0,0.25458683511897107,1.0,2.5,C_val,2026-09-13 03:38:44,2026-09-13 04:45:36
frozen,0,0.03,0.03,30,0,2.2485072519770513,1.9234419819798487,2.575934374429571,0.6524923924497223,1.5959185300470997,2.908464278756319,False,0,0.5915650416172866,1.0,2.5,C_val,2026-09-13 03:38:44,2026-09-13 04:45:36
frozen,0,0.03,0.03,31,0,2.3757600907824865,2.0511308879736565,2.7041657477226817,0.6530348597490252,1.7267287641476727,3.0385056971161175,False,0,0.1442946759489132,1.0,2.5,C_val,2026-09-13 03:38:44,2026-09-13 04:45:36
frozen,0,0.03,0.03,32,0,2.400422082107557,2.075623125315133,2.7288298476131616,0.6532067222980285,1.7504650539597546,3.0630818064039596,False,0,0.09286635598255089,1.0,2.5,C_val,2026-09-13 03:38:44,2026-09-13 04:45:36
frozen,0,0.03,0.03,33,0,2.2822191081292638,1.9583306315557811,2.609139790856154,0.6508091593003731,1.6330739533627807,2.9415571965694682,False,0,0.4458029670895485,1.0,2.5,C_val,2026-09-13 03:38:44,2026-09-13 04:45:36
frozen,0,0.03,0.03,34,0,2.327443843017029,2.0004060728774022,2.657590955971312,0.6571848830939095,1.6724183644711537,2.9932682022630575,False,0,0.2748922249993484,1.0,2.5,C_val,2026-09-13 03:38:44,2026-09-13 04:45:36
frozen,0,0.03,0.03,35,0,2.2950800089961656,1.9715688097150132,2.6219689404719215,0.6504001307569083,1.6475526935723965,2.954499633313767,False,0,0.39494625732913846,1.0,2.5,C_val,2026-09-13 03:38:44,2026-09-13 04:45:36
frozen,0,0.03,0.03,36,0,2.3888750744987557,2.0611068537372845,2.7194903988727863,0.6583835451355018,1.7318432801658323,3.0554088171041687,False,0,0.11391056545107858,1.0,2.5,C_val,2026-09-13 03:38:44,2026-09-13 04:45:36
frozen,0,0.03,0.03,37,0,2.425587082746074,2.103415701471706,2.7520494527183708,0.6486337512466647,1.7823385493578174,3.0846959864499666,False,0,0.052420143783820095,1.0,2.5,C_val,2026-09-13 03:38:44,2026-09-13 04:45:36
frozen,0,0.03,0.03,38,0,2.447209761371679,2.1236742702021116,2.7747948878834157,0.651120617681304,1.8008382512709515,3.1084652057736624,False,0,0.026227445814583916,1.0,2.5,C_val,2026-09-13 03:38:44,2026-09-13 04:45:36
frozen,0,0.03,0.03,39,0,2.2767496253321218,1.9458824588340848,2.6091545165277497,0.6632720576936648,1.6111418690174486,2.9460180829021203,False,0,0.45252509052079404,1.0,2.5,C_val,2026-09-13 03:38:44,2026-09-13 04:45:36
frozen,0,0.03,0.03,40,0,2.3802381409937037,2.0564222568031076,2.708204690829497,0.6517824340263894,1.7334309523486486,3.0423094435784575,False,0,0.1346797036312637,1.0,2.5,C_val,2026-09-13 03:38:44,2026-09-13 04:45:36
frozen,0,0.03,0.03,41,0,2.2645634962065464,1.9384109726788885,2.5933614598443926,0.6549504871655041,1.6102837865289903,2.9274083462463434,False,0,0.5144670853915159,1.0,2.5,C_val,2026-09-13 03:38:44,2026-09-13 04:45:36
frozen,0,0.03,0.03,42,0,2.3585750228357307,2.031193146294349,2.6886290132931983,0.6574358669988491,1.7019371638331655,3.0239156496991604,False,0,0.1848879776225658,1.0,2.5,C_val,2026-09-13 03:38:44,2026-09-13 04:45:36
frozen,0,0.03,0.03,43,0,2.24680130344689,1.9198277657613023,2.5757474740213047,0.6559197082600023,1.589710686524698,2.909594056149252,False,0,0.5939435514483193,1.0,2.5,C_val,2026-09-13 03:38:44,2026-09-13 04:45:36
frozen,0,0.03,0.03,44,0,2.3054334811539574,1.9799035690112845,2.63406053949672,0.6541569704854355,1.6533516440286242,2.968239141570079,False,0,0.3523463802448532,1.0,2.5,C_val,2026-09-13 03:38:44,2026-09-13 04:45:36
frozen,0,0.03,0.03,45,0,2.228975146829158,1.8980407171480618,2.5610895090434074,0.6630487918953456,1.5622244056459005,2.8975867913869138,False,0,0.6671454145616735,1.0,2.5,C_val,2026-09-13 03:38:44,2026-09-13 04:45:36
frozen,0,0.03,0.03,46,0,2.3191610927613913,1.993756257906873,2.6475457619377605,0.6537895040308874,1.6670524896951973,2.981378681257784,False,0,0.3050570306368172,1.0,2.5,C_val,2026-09-13 03:38:44,2026-09-13 04:45:36
frozen,0,0.03,0.03,47,0,2.3298870648224432,2.004677040846224,2.6580799073522154,0.6534028665059917,1.6780221519591485,2.9917422380944694,False,0,0.27038882032138645,1.0,2.5,C_val,2026-09-13 03:38:44,2026-09-13 04:45:36
frozen,0,0.1,0.1,0,0,0.8899115701667546,0.8398727568756601,1.0947651262774498,0.2548923694017897,0.5311562067760023,1.3668805896966474,False,0,4.243210304783133,0.0,0.4,C_val,2026-09-13 10:08:21,2026-09-13 10:38:24
frozen,0,0.1,0.1,1,0,0.7830835156287198,0.7144974780912853,1.0860722522237,0.3715747741324148,0.021114889274609215,1.393516856741264,False,0,1.5182037008271436,0.0,0.4,C_val,2026-09-13 10:08:21,2026-09-13 10:38:24
frozen,0,0.1,0.1,2,0,0.7625925315143683,0.6194927711407404,1.071415104222356,0.45192233308161567,0.6103556241835927,1.3781352211472448,False,0,4.4744385658159445,0.0,0.4,C_val,2026-09-13 10:08:21,2026-09-13 10:38:24
frozen,0,0.1,0.1,3,0,0.9368296757213607,0.736111150310386,1.1925149228742005,0.4564037725638145,0.6973895284045024,1.4726542769966173,False,0,13.651557253935607,0.0,0.4,C_val,2026-09-13 10:08:21,2026-09-13 10:38:24
frozen,0,0.1,0.1,4,0,0.22034362072354102,0.08100261886805016,0.35288731946602603,0.27188470059797587,0.02692280142765426,1.3296968168723875,False,0,2.230554295838374,0.0,0.4,C_val,2026-09-13 10:08:21,2026-09-13 10:38:24
frozen,0,0.1,0.1,5,0,0.9160106935749636,0.8561263402797443,1.1567540829262632,0.3006277426465189,0.7618875070890107,1.4334785871853226,False,0,9.347404619678855,0.0,0.4,C_val,2026-09-13 10:08:21,2026-09-13 10:38:24
frozen,0,0.1,0.1,6,0,0.8435225197009588,0.815388481897798,1.0519973207183289,0.23660883882053085,0.07306772976985088,1.3324204228211165,False,0,2.784344561416219,0.0,0.4,C_val,2026-09-13 10:08:21,2026-09-13 10:38:24
frozen,0,0.1,0.1,7,0,0.7500394630343001,0.6778465462996128,1.025345972395568,0.3474994260959552,0.12784325261117538,1.3292233039458614,False,0,3.1674895148062205,0.0,0.4,C_val,2026-09-13 10:08:21,2026-09-13 10:38:24
frozen,0,0.1,0.1,8,0,0.9278492615747208,0.8481681503668028,1.172118862478639,0.3239507121118361,0.7480407262068197,1.4506441406549264,False,0,15.053475618940865,0.0,0.4,C_val,2026-09-13 10:08:21,2026-09-13 10:38:24
frozen,0,0.1,0.1,9,0,0.7871203302301945,0.7176621438039225,1.0501674156850684,0.332505271881146,0.12528549876620856,1.3447307299622953,False,0,3.6506107432869612,0.0,0.4,C_val,2026-09-13 10:08:21,2026-09-13 10:38:24
frozen,0,0.1,0.1,10,0,1.0159408021022034,0.7600795307453844,1.297683997417601,0.5376044666722167,0.6394380695064033,1.5807320308841668,False,0,7.47218190590138,0.0,0.4,C_val,2026-09-13 10:08:21,2026-09-13 10:38:24
frozen,0,0.1,0.1,11,0,0.9219920585193808,0.895054053665493,1.1305467558074662,0.23549270214197326,0.5691290432934474,1.4055654406296774,False,0,5.763025357995502,0.0,0.4,C_val,2026-09-13 10:08:21,2026-09-13 10:38:24
frozen,0,0.1,0.1,12,0,0.8399091602485095,0.6756929568971765,1.0949867487781415,0.41929379188096505,0.01592149855490295,1.4026509816958008,False,0,2.1479520936263725,0.0,0.4,C_val,2026-09-13 10:08:21,2026-09-13 10:38:24
frozen,0,0.1,0.1,13,0,0.8872107657191451,0.7792886964357791,1.1556193490267972,0.37633065259101806,0.7723888700218506,1.4476703355751657,False,0,6.890313228454033,0.0,0.4,C_val,2026-09-13 10:08:21,2026-09-13 10:38:24
frozen,0,0.1,0.1,14,0,0.8503228448347114,0.6535627795243031,1.1337758216093654,0.4802130420850623,0.5597751822551408,1.4204453820497376,False,0,5.036324870270619,0.0,0.4,C_val,2026-09-13 10:08:21,2026-09-13 10:38:24
frozen,0,0.1,0.1,15,0,0.8253015026060034,0.6351061522439959,1.119479323801405,0.484373171557409,0.6235106533774573,1.415434861978967,False,0,11.12978205571926,0.0,0.4,C_val,2026-09-13 10:08:21,2026-09-13 10:38:24
frozen,0,0.1,0.1,16,0,1.0443695173750418,0.8285233102264535,1.2946783176343881,0.4661550074079346,0.7183006805037397,1.5609392105059798,False,0,49.654044276954664,0.0,0.4,C_val,2026-09-13 10:08:21,2026-09-13 10:38:24
frozen,0,0.1,0.1,17,0,0.6253498709386318,0.13314094527653947,0.9209476438457501,0.7878066985692107,0.04776222151723703,1.2468501850806146,False,0,0.23795332364898059,1.0,0.4,C_val,2026-09-13 10:08:21,2026-09-13 10:38:24
frozen,0,0.1,0.1,18,0,0.8472447362932664,0.7460365259132139,1.1345503874546308,0.38851386154141687,0.4870513659344644,1.428024803756532,False,0,6.2120478918004665,0.0,0.4,C_val,2026-09-13 10:08:21,2026-09-13 10:38:24
frozen,0,0.1,0.1,19,0,0.2588254147403151,0.09970029460787469,0.954983144539579,0.8552828499317043,0.03069290219812698,1.3106135710558648,False,0,0.10102717486370238,1.0,0.4,C_val,2026-09-13 10:08:21,2026-09-13 10:38:24
frozen,0,0.1,0.1,20,0,0.8800007325671282,0.8369468786366822,1.1032450287794526,0.2662981501427705,0.6865873096681039,1.3814292247320539,False,0,6.538143311609019,0.0,0.4,C_val,2026-09-13 10:08:21,2026-09-13 10:38:24
frozen,0,0.1,0.1,21,0,0.8016471540382376,0.0696495453686513,1.131283305813618,1.0616337604449668,0.01744948928556048,1.436822610143237,False,0,0.7734079701331211,1.0,0.4,C_val,2026-09-13 10:08:21,2026-09-13 10:38:24
frozen,0,0.1,0.1,22,0,0.6810888158233956,0.6201542845073483,1.001297320864687,0.3811430363573386,0.0412715234272455,1.316608847140822,False,0,1.0924841846390336,0.0,0.4,C_val,2026-09-13 10:08:21,2026-09-13 10:38:24
frozen,0,0.1,0.1,23,0,0.9441721526942358,0.9072736630572732,1.1431315636862796,0.23585790062900636,0.7229975368437769,1.4071835314222905,False,0,4.615012891914375,0.0,0.4,C_val,2026-09-13 10:08:21,2026-09-13 10:38:24
frozen,0,0.1,0.1,24,0,0.7062391529464515,0.5061735077001094,0.9891574523075471,0.48298394460743777,0.03224597199384011,1.3017373416018636,False,0,1.393269552860147,0.0,0.4,C_val,2026-09-13 10:08:21,2026-09-13 10:38:24
frozen,0,0.1,0.1,25,0,0.8122884520340347,0.6509236641141811,0.9912994654021665,0.3403758012879854,0.0458950707646909,1.2696370374896822,False,0,1.1801835049773217,0.0,0.4,C_val,2026-09-13 10:08:21,2026-09-13 10:38:24
frozen,0,0.1,0.1,26,0,0.810937043564569,0.7036134200466794,1.0534463850976488,0.3498329650509694,0.6960647721698818,1.3334996667929644,False,0,8.052426055288379,0.0,0.4,C_val,2026-09-13 10:08:21,2026-09-13 10:38:24
frozen,0,0.1,0.1,27,0,0.6648833436136777,0.4995624798625925,0.9486308502726256,0.4490683704100331,0.030909346467842158,1.2666798985708616,False,0,2.3207588065124582,0.0,0.4,C_val,2026-09-13 10:08:21,2026-09-13 10:38:24
frozen,0,0.1,0.1,28,0,0.8622776828869281,0.782502656506629,1.1188749568598606,0.3363723003532316,0.6236242788373627,1.4000838908788578,False,0,14.934715640945797,0.0,0.4,C_val,2026-09-13 10:08:21,2026-09-13 10:38:24
frozen,0,0.1,0.1,29,0,0.8066070811122176,0.5889597671375373,1.031719063648361,0.4427592965108238,0.5627578141685757,1.32067095253945,False,0,7.444847690050665,0.0,0.4,C_val,2026-09-13 10:08:21,2026-09-13 10:38:24
frozen,0,0.1,0.1,30,0,0.6914383916015995,0.647716868881058,0.9466325302752469,0.2989156613941889,0.03770765614452366,1.2538126980348439,False,0,1.481077749034739,0.0,0.4,C_val,2026-09-13 10:08:21,2026-09-13 10:38:24
frozen,0,0.1,0.1,31,0,0.9403633773125869,0.8753176596537204,1.1430527092784055,0.2677350496246851,0.8520401952634956,1.411346734911841,False,0,8.70442605352946,0.0,0.4,C_val,2026-09-13 10:08:21,2026-09-13 10:38:24
frozen,0,0.1,0.1,32,0,0.8378829638556196,0.767138477142201,1.0987521800112547,0.3316137028690538,0.5596073430030508,1.3888397506061356,False,0,6.92387351061916,0.0,0.4,C_val,2026-09-13 10:08:21,2026-09-13 10:38:24
frozen,0,0.1,0.1,33,0,0.8298935214085142,0.7351714460292639,1.0879044683484664,0.35273302231920256,0.6679559633975272,1.3694549219837844,False,0,9.901774674453918,0.0,0.4,C_val,2026-09-13 10:08:21,2026-09-13 10:38:24
frozen,0,0.1,0.1,34,0,0.9463984005546203,0.8697472187688248,1.1559824710346356,0.2862352522658108,0.8648182435431423,1.4184965674982382,False,0,13.690039329358115,0.0,0.4,C_val,2026-09-13 10:08:21,2026-09-13 10:38:24
frozen,0,0.1,0.1,35,0,0.8118498986555747,0.6434274684837871,1.0850763804391945,0.44164891195540745,0.6066317985811142,1.3722535173642343,False,0,13.303968646308931,0.0,0.4,C_val,2026-09-13 10:08:21,2026-09-13 10:38:24
frozen,0,0.1,0.1,36,0,0.23653115805052902,0.09013006145160703,1.066732403589383,0.976602342137776,0.026953278798244516,1.3837094198447248,False,0,0.12099434606716386,1.0,0.4,C_val,2026-09-13 10:08:21,2026-09-13 10:38:24
frozen,0,0.1,0.1,37,0,0.7703702648866028,0.716103995664571,1.0455901057273111,0.3294861100627402,0.022032864196155535,1.3515295459239407,False,0,2.1200803908177477,0.0,0.4,C_val,2026-09-13 10:08:21,2026-09-13 10:38:24
frozen,0,0.1,0.1,38,0,0.9070032792376601,0.7199626055837101,1.184797142343187,0.46483453675947684,0.6919274737601679,1.4717329853635714,False,0,11.566259035629628,0.0,0.4,C_val,2026-09-13 10:08:21,2026-09-13 10:38:24
frozen,0,0.1,0.1,39,0,0.8376177491258677,0.7930400447545066,1.0929852534226567,0.2999452086681501,0.028363570058915124,1.3800864065915308,False,0,1.9254484111115744,0.0,0.4,C_val,2026-09-13 10:08:21,2026-09-13 10:38:24
frozen,0,0.1,0.1,40,0,0.8314062172638097,0.6009861141041756,1.1219301481080637,0.5209440340038881,0.560549827949683,1.4137343650010568,False,0,17.35274685906552,0.0,0.4,C_val,2026-09-13 10:08:21,2026-09-13 10:38:24
frozen,0,0.1,0.1,41,0,0.7099810959604683,0.5254936690694082,1.0041518295850476,0.47865816051563936,0.5156608029331589,1.301765082107506,False,0,7.667647253609175,0.0,0.4,C_val,2026-09-13 10:08:21,2026-09-13 10:38:24
frozen,0,0.1,0.1,42,0,0.7840999328785557,0.7063954649436655,1.0636935606792715,0.357298095735606,0.5950521047598385,1.3650430916598608,False,0,4.97403855615994,0.0,0.4,C_val,2026-09-13 10:08:21,2026-09-13 10:38:24
frozen,0,0.1,0.1,43,0,0.834874886623867,0.698443799301994,1.0305786261847876,0.3321348268827936,0.04120144746953286,1.3133407499907572,False,0,2.5688178602285916,0.0,0.4,C_val,2026-09-13 10:08:21,2026-09-13 10:38:24
frozen,0,0.1,0.1,44,0,0.7216137188958733,0.6020228700051358,1.0258764422940074,0.42385357228887166,0.3565469581908793,1.3318155812620451,False,0,3.9406936719788064,0.0,0.4,C_val,2026-09-13 10:08:21,2026-09-13 10:38:24
frozen,0,0.1,0.1,45,0,0.4182154709259257,0.15299022091896694,0.8695770575940265,0.7165868366750595,0.0531992883479623,1.218130295141884,False,0,0.001561770521220751,1.0,0.4,C_val,2026-09-13 10:08:21,2026-09-13 10:38:24
frozen,0,0.1,0.1,46,0,0.9187618151658581,0.8697274042138242,1.118740430216557,0.24901302600273267,0.8606064488828267,1.3834446717349969,False,0,9.211766063177492,0.0,0.4,C_val,2026-09-13 10:08:21,2026-09-13 10:38:24
frozen,0,0.1,0.1,47,0,0.7898061991438338,0.725962845788571,1.0625783065618528,0.33661546077328186,0.032008580399895174,1.3579154317967854,False,0,2.3647234701966227,0.0,0.4,C_val,2026-09-13 10:08:21,2026-09-13 10:38:24
frozen,0,0.1,0.1,0,0,2.116310542496461,1.8310211999544184,2.4073993620983263,0.5763781621439079,1.5490412552445372,2.705834638537775,False,0,1.724031814323098,0.0,2.5,C_val,2026-09-13 10:08:21,2026-09-13 10:38:24
frozen,0,0.1,0.1,1,0,2.2092565014359433,1.9258904279614864,2.4988461618859152,0.5729557339244289,1.6463671074357134,2.796029547501169,False,0,1.0077690948164673,0.0,2.5,C_val,2026-09-13 10:08:21,2026-09-13 10:38:24
frozen,0,0.1,0.1,2,0,2.223197978471189,1.938223010958687,2.5140171410652186,0.5757941301065315,1.6566504680588865,2.812205966292246,False,0,0.906698414019047,1.0,2.5,C_val,2026-09-13 10:08:21,2026-09-13 10:38:24
frozen,0,0.1,0.1,3,0,2.2787074591530008,1.9984253020288771,2.566179313768493,0.5677540117396158,1.7238576249478876,2.861894520491659,False,0,0.5961126919428352,1.0,2.5,C_val,2026-09-13 10:08:21,2026-09-13 10:38:24
frozen,0,0.1,0.1,4,0,2.1270537362791706,1.84069807828998,2.4184609154510475,0.5777628371610675,1.556336738069703,2.7167066121957832,False,0,1.6276814691591426,0.0,2.5,C_val,2026-09-13 10:08:21,2026-09-13 10:38:24
frozen,0,0.1,0.1,5,0,2.1867679182270314,1.9038454395343767,2.476011036879639,0.5721655973452624,1.6252150191607067,2.77287413358789,False,0,1.1700442659275723,0.0,2.5,C_val,2026-09-13 10:08:21,2026-09-13 10:38:24
frozen,0,0.1,0.1,6,0,2.099874404302366,1.8125927627695793,2.3922247747783807,0.5796320120088014,1.527311122591736,2.691451418242001,False,0,1.8576931365096243,0.0,2.5,C_val,2026-09-13 10:08:21,2026-09-13 10:38:24
frozen,0,0.1,0.1,7,0,2.156792306751642,1.8711236997075213,2.447898361317264,0.5767746616097427,1.5880848882231569,2.7461094899474654,False,0,1.3841001397595392,0.0,2.5,C_val,2026-09-13 10:08:21,2026-09-13 10:38:24
frozen,0,0.1,0.1,8,0,2.22280503171024,1.9402498967632504,2.5120825017862285,0.5718326050229781,1.6627325370161412,2.8092683169791752,False,0,0.919021022375091,1.0,2.5,C_val,2026-09-13 10:08:21,2026-09-13 10:38:24
frozen,0,0.1,0.1,9,0,2.154895446550111,1.8708060202431274,2.4446509841795034,0.5738449639363761,1.589863254711671,2.74163834185991,False,0,1.411900044491631,0.0,2.5,C_val,2026-09-13 10:08:21,2026-09-13 10:38:24
frozen,0,0.1,0.1,10,0,2.360015103626223,2.0801974485004187,2.6473499380507417,0.567152489550323,1.8066225133826728,2.943160666653589,False,0,0.24072567097027786,1.0,2.5,C_val,2026-09-13 10:08:21,2026-09-13 10:38:24
frozen,0,0.1,0.1,11,0,2.164653753085334,1.8791647526562252,2.456220129914729,0.5770553772585036,1.5975680385736166,2.7552670132875554,False,0,1.3177814173905062,0.0,2.5,C_val,2026-09-13 10:08:21,2026-09-13 10:38:24
frozen,0,0.1,0.1,12,0,2.2831651343743187,1.995753518639592,2.5766623492619747,0.5809088306223826,1.7120909177623236,2.8776614366453295,False,0,0.5490206792419485,1.0,2.5,C_val,2026-09-13 10:08:21,2026-09-13 10:38:24
frozen,0,0.1,0.1,13,0,2.287224452359136,2.0026220314137624,2.5784118591718004,0.575789827758038,1.7227108802588562,2.8773584757665747,False,0,0.5374378127562522,1.0,2.5,C_val,2026-09-13 10:08:21,2026-09-13 10:38:24
frozen,0,0.1,0.1,14,0,2.1869260802077424,1.9075121352568807,2.472924916170562,0.5654127809136813,1.6326546460668179,2.766779638955767,False,0,1.1950936209614156,0.0,2.5,C_val,2026-09-13 10:08:21,2026-09-13 10:38:24
frozen,0,0.1,0.1,15,0,2.2648152444544607,1.9825379755309531,2.5537980248485708,0.5712600493176176,1.7051323770463327,2.85065988875935,False,0,0.665234612122731,1.0,2.5,C_val,2026-09-13 10:08:21,2026-09-13 10:38:24
frozen,0,0.1,0.1,16,0,2.3551404645787093,2.0775821763010094,2.64100513407303,0.5634229577720204,1.8074601000667179,2.935719374012135,False,0,0.26038231576239923,1.0,2.5,C_val,2026-09-13 10:08:21,2026-09-13 10:38:24
frozen,0,0.1,0.1,17,0,2.0618369313820994,1.7743061382050114,2.353673051373424,0.5793669131684125,1.4872369340897644,2.651959824503937,False,0,2.230430880190397,0.0,2.5,C_val,2026-09-13 10:08:21,2026-09-13 10:38:24
frozen,0,0.1,0.1,18,0,2.2581554922894163,1.97734500341246,2.5456582398857446,0.5683132364732846,1.7013576159159869,2.8410846506354366,False,0,0.7102979541014065,1.0,2.5,C_val,2026-09-13 10:08:21,2026-09-13 10:38:24
frozen,0,0.1,0.1,19,0,2.197906523898666,1.911666473056058,2.48965377309365,0.5779873000375921,1.6281683754501761,2.788484642057231,False,0,1.0712847175636853,0.0,2.5,C_val,2026-09-13 10:08:21,2026-09-13 10:38:24
frozen,0,0.1,0.1,20,0,2.140103314240949,1.8560104726380193,2.430035320393908,0.5740248477558887,1.575233444839218,2.7272292024744353,False,0,1.5320544959213294,0.0,2.5,C_val,2026-09-13 10:08:21,2026-09-13 10:38:24
frozen,0,0.1,0.1,21,0,2.2944782119357265,2.0121369230999355,2.5837045938018455,0.57156767070191,1.7348728431175107,2.880971541857395,False,0,0.5085272635951696,1.0,2.5,C_val,2026-09-13 10:08:21,2026-09-13 10:38:24
frozen,0,0.1,0.1,22,0,2.135082705516709,1.8475589569556594,2.4277310693401573,0.5801721123844978,1.5621583078495107,2.7272173744876635,False,0,1.54631519997929,0.0,2.5,C_val,2026-09-13 10:08:21,2026-09-13 10:38:24
frozen,0,0.1,0.1,23,0,2.146030654143178,1.8651817216656417,2.4331861623983317,0.5680044407326901,1.5884483865773662,2.727990698103327,False,0,1.5103175842086785,0.0,2.5,C_val,2026-09-13 10:08:21,2026-09-13 10:38:24
frozen,0,0.1,0.1,24,0,2.11969519060242,1.834311301232767,2.4102364857761676,0.5759251845434006,1.5508758548102919,2.707666031810236,False,0,1.7015377224779513,0.0,2.5,C_val,2026-09-13 10:08:21,2026-09-13 10:38:24
frozen,0,0.1,0.1,25,0,2.0220313666729433,1.7348107081404476,2.3130778749378695,0.578267166797422,1.4471811558615049,2.610271057270909,False,0,2.662217367604171,0.0,2.5,C_val,2026-09-13 10:08:21,2026-09-13 10:38:24
frozen,0,0.1,0.1,26,0,2.097800226299059,1.8136556285998182,2.3876924886395914,0.5740368600397732,1.532655966213474,2.6848873377331097,False,0,1.9068929525456042,0.0,2.5,C_val,2026-09-13 10:08:21,2026-09-13 10:38:24
frozen,0,0.1,0.1,27,0,2.1020613892660536,1.816528037705973,2.3924493087202108,0.5759212710142378,1.5324853044731725,2.6896119890717953,False,0,1.862470424901403,0.0,2.5,C_val,2026-09-13 10:08:21,2026-09-13 10:38:24
frozen,0,0.1,0.1,28,0,2.1911591306964273,1.9079461768877797,2.480702873459573,0.5727566965717934,1.6289590032139165,2.7778557553792043,False,0,1.1357713591460197,0.0,2.5,C_val,2026-09-13 10:08:21,2026-09-13 10:38:24
frozen,0,0.1,0.1,29,0,2.102723423937361,1.8174519300830418,2.393360507869529,0.5759085777864872,1.5346480241166607,2.6910969741376705,False,0,1.8524082664007437,0.0,2.5,C_val,2026-09-13 10:08:21,2026-09-13 10:38:24
frozen,0,0.1,0.1,30,0,2.0894922926806045,1.8037318953867607,2.3800297784040296,0.5762978830172689,1.5192128335054367,2.6772224191491474,False,0,1.9786044595421117,0.0,2.5,C_val,2026-09-13 10:08:21,2026-09-13 10:38:24
frozen,0,0.1,0.1,31,0,2.1739241149440693,1.8884540162611665,2.4653931380208247,0.5769391217596582,1.6068199205747626,2.764281895468967,False,0,1.2477070954191731,0.0,2.5,C_val,2026-09-13 10:08:21,2026-09-13 10:38:24
frozen,0,0.1,0.1,32,0,2.200486059673805,1.9173095636905348,2.490108843981317,0.5727992802907822,1.6383921731740785,2.7874381070060688,False,0,1.068537523249688,0.0,2.5,C_val,2026-09-13 10:08:21,2026-09-13 10:38:24
frozen,0,0.1,0.1,33,0,2.1102016060261266,1.8277803594084698,2.3986715716542815,0.5708912122458116,1.5489580926895734,2.6946494576843567,False,0,1.8099150889465818,0.0,2.5,C_val,2026-09-13 10:08:21,2026-09-13 10:38:24
frozen,0,0.1,0.1,34,0,2.134900777146219,1.8506385579474645,2.4254281754489346,0.5747896175014702,1.5707579099464772,2.723532424451535,False,0,1.5689486490446143,0.0,2.5,C_val,2026-09-13 10:08:21,2026-09-13 10:38:24
frozen,0,0.1,0.1,35,0,2.1348391421998336,1.8525149054238903,2.4233699715964048,0.5708550661725145,1.5742299245799845,2.7194617373126766,False,0,1.5909334465468419,0.0,2.5,C_val,2026-09-13 10:08:21,2026-09-13 10:38:24
frozen,0,0.1,0.1,36,0,2.251523785341255,1.967206568748292,2.5420850825455643,0.5748785137972723,1.6869048370241315,2.8402573178886956,False,0,0.733745990004536,1.0,2.5,C_val,2026-09-13 10:08:21,2026-09-13 10:38:24
frozen,0,0.1,0.1,37,0,2.215696457092923,1.929559245841737,2.507382272997111,0.5778230271553739,1.6464966444723477,2.8061733668268034,False,0,0.9503519105783198,1.0,2.5,C_val,2026-09-13 10:08:21,2026-09-13 10:38:24
frozen,0,0.1,0.1,38,0,2.29528318708623,2.014432887502019,2.5832730308218834,0.5688401433198642,1.7390903526497092,2.879420846886774,False,0,0.5089793555416691,1.0,2.5,C_val,2026-09-13 10:08:21,2026-09-13 10:38:24
frozen,0,0.1,0.1,39,0,2.163196778308066,1.8826241483856576,2.4504598259552157,0.5678356775695581,1.6067007897441354,2.745579311962884,False,0,1.3684508005353564,0.0,2.5,C_val,2026-09-13 10:08:21,2026-09-13 10:38:24
frozen,0,0.1,0.1,40,0,2.212890583247049,1.9300641865661046,2.5022929275880994,0.5722287410219948,1.6519115164425449,2.799555269228837,False,0,0.984218066878384,1.0,2.5,C_val,2026-09-13 10:08:21,2026-09-13 10:38:24
frozen,0,0.1,0.1,41,0,2.0964970043799473,1.812612159437113,2.38603369968652,0.5734215402494072,1.5316765217386916,2.682838634160146,False,0,1.923734444702859,0.0,2.5,C_val,2026-09-13 10:08:21,2026-09-13 10:38:24
frozen,0,0.1,0.1,42,0,2.2238814906233317,1.9395706891474325,2.514137672550221,0.5745669834027887,1.6589411311540516,2.811811245485783,False,0,0.9057442730518233,1.0,2.5,C_val,2026-09-13 10:08:21,2026-09-13 10:38:24
frozen,0,0.1,0.1,43,0,2.0936562128560188,1.8070778435678752,2.3851281955390427,0.5780503519711675,1.522098763231428,2.683392169234009,False,0,1.9264725933608133,0.0,2.5,C_val,2026-09-13 10:08:21,2026-09-13 10:38:24
frozen,0,0.1,0.1,44,0,2.120843079415386,1.8348517475256785,2.412386224415209,0.5775344768895303,1.5515051816985084,2.71115933170092,False,0,1.6792318916668592,0.0,2.5,C_val,2026-09-13 10:08:21,2026-09-13 10:38:24
frozen,0,0.1,0.1,45,0,2.0417893317516937,1.752895106996899,2.334629554090967,0.581734447094068,1.46373580550407,2.633743390029924,False,0,2.4201372085699404,0.0,2.5,C_val,2026-09-13 10:08:21,2026-09-13 10:38:24
frozen,0,0.1,0.1,46,0,2.1409190173543027,1.8564200709722603,2.4312741775535742,0.574854106581314,1.5753252099512058,2.728957792398158,False,0,1.520647628687584,0.0,2.5,C_val,2026-09-13 10:08:21,2026-09-13 10:38:24
frozen,0,0.1,0.1,47,0,2.1881370260701374,1.9056334194424227,2.4769228788560333,0.5712894594136106,1.6271405295395531,2.773372387918734,False,0,1.1636110050894786,0.0,2.5,C_val,2026-09-13 10:08:21,2026-09-13 10:38:24
frozen,0,0.3,0.3,0,0,0.7907867158118805,0.6344338009030827,1.0731484564814975,0.4387146555784148,0.5207361094864769,1.3604466651631058,False,0,5.544519491093524,0.0,0.4,C_val,2026-09-13 14:31:15,2026-09-13 15:09:37
frozen,0,0.3,0.3,1,0,0.8572448062347275,0.6964095572980304,1.1426517592426433,0.44624220194461284,0.5225066673342718,1.4304441519690634,False,0,5.571294551889878,0.0,0.4,C_val,2026-09-13 14:31:15,2026-09-13 15:09:37
frozen,0,0.3,0.3,2,0,0.9268063080467465,0.7004500028316974,1.2048482459936198,0.5043982431619224,0.606942322909627,1.4872249438615184,False,0,11.138290674945893,0.0,0.4,C_val,2026-09-13 14:31:15,2026-09-13 15:09:37
frozen,0,0.3,0.3,3,0,0.9188220641996202,0.6542818564981983,1.1994999665933201,0.5452181100951219,0.5691394599340984,1.4823849430050156,False,0,8.42279522190438,0.0,0.4,C_val,2026-09-13 14:31:15,2026-09-13 15:09:37
frozen,0,0.3,0.3,4,0,0.9299426293387243,0.6843965802277148,1.2060621044825373,0.5216655242548225,0.5899464905948119,1.484154895471405,False,0,9.680073169252864,0.0,0.4,C_val,2026-09-13 14:31:15,2026-09-13 15:09:37
frozen,0,0.3,0.3,5,0,0.8145793360952547,0.6553320108220763,1.1014354442006848,0.4461034333786086,0.5982131879484607,1.3915386117230848,False,0,6.340800738358666,0.0,0.4,C_val,2026-09-13 14:31:15,2026-09-13 15:09:37
frozen,0,0.3,0.3,6,0,0.7845166565245636,0.6408765962167426,1.0759405544855205,0.43506395826877786,0.035797047062860396,1.368203315417942,False,0,3.5271013547171606,0.0,0.4,C_val,2026-09-13 14:31:15,2026-09-13 15:09:37
frozen,0,0.3,0.3,7,0,0.8418036822288755,0.6958920585433507,1.1152556151501256,0.41936355660677493,0.5836677070877266,1.3987364057992058,False,0,10.968323004668491,0.0,0.4,C_val,2026-09-13 14:31:15,2026-09-13 15:09:37
frozen,0,0.3,0.3,8,0,0.8349890032490368,0.6827654810753465,1.1191720492801416,0.43640656820479506,0.6038522166574983,1.410729261373945,False,0,9.524868321826943,0.0,0.4,C_val,2026-09-13 14:31:15,2026-09-13 15:09:37
frozen,0,0.3,0.3,9,0,0.8950424043316664,0.6675847287777775,1.1582923512891237,0.49070762251134614,0.5962848437203822,1.4321340929729425,False,0,16.6899158772394,0.0,0.4,C_val,2026-09-13 14:31:15,2026-09-13 15:09:37
frozen,0,0.3,0.3,10,0,0.8635919842276315,0.6475236762291263,1.1576481336508955,0.5101244574217692,0.5906703197878533,1.4499158275988797,False,0,7.647471890573797,0.0,0.4,C_val,2026-09-13 14:31:15,2026-09-13 15:09:37
frozen,0,0.3,0.3,11,0,0.8023448852866752,0.6166965584803492,1.0908218545091146,0.4741252960287654,0.5409377767331339,1.3816392970190365,False,0,7.175088813768525,0.0,0.4,C_val,2026-09-13 14:31:15,2026-09-13 15:09:37
frozen,0,0.3,0.3,12,0,0.9157495887224745,0.653388579669355,1.201646404231561,0.5482578245622061,0.5848586179737058,1.4889829343384369,False,0,11.469011029275862,0.0,0.4,C_val,2026-09-13 14:31:15,2026-09-13 15:09:37
frozen,0,0.3,0.3,13,0,0.8712716868517381,0.6551917343335771,1.1580600920143085,0.5028683576807313,0.5947260532254384,1.4480578445727241,False,0,12.10236454338883,0.0,0.4,C_val,2026-09-13 14:31:15,2026-09-13 15:09:37
frozen,0,0.3,0.3,14,0,0.9015026277781835,0.647213125680504,1.1741366411865806,0.5269235155060765,0.5905238951456298,1.4515002728173527,False,0,8.397607088696532,0.0,0.4,C_val,2026-09-13 14:31:15,2026-09-13 15:09:37
frozen,0,0.3,0.3,15,0,0.8960636984410985,0.6597264167086905,1.1815150146114968,0.5217885979028063,0.6209720593642357,1.4687905444557106,False,0,9.468694599330775,0.0,0.4,C_val,2026-09-13 14:31:15,2026-09-13 15:09:37
frozen,0,0.3,0.3,16,0,0.8666727707830549,0.589619859098457,1.1627801112464844,0.5731602521480273,0.5075558813031227,1.455753580342464,False,0,6.986612551183498,0.0,0.4,C_val,2026-09-13 14:31:15,2026-09-13 15:09:37
frozen,0,0.3,0.3,17,0,0.795304815468032,0.5908391350749328,1.077862067654042,0.4870229325791092,0.4822061592409742,1.3621016840784443,False,0,4.485834423176129,0.0,0.4,C_val,2026-09-13 14:31:15,2026-09-13 15:09:37
frozen,0,0.3,0.3,18,0,0.8873377342501818,0.5684831091142121,1.1824445097839613,0.6139614006697492,0.34745188095413043,1.4721961120846674,False,0,3.6493627302224922,0.0,0.4,C_val,2026-09-13 14:31:15,2026-09-13 15:09:37
frozen,0,0.3,0.3,19,0,0.865955275691406,0.667381802495162,1.158964907795449,0.4915831053002869,0.5914955983808978,1.4495866932428794,False,0,5.032710584448068,0.0,0.4,C_val,2026-09-13 14:31:15,2026-09-13 15:09:37
frozen,0,0.3,0.3,20,0,0.7431043857849592,0.5872816312358728,1.0365598962971405,0.44927826506126767,0.03179963228328818,1.3371994706782102,False,0,2.925447366091248,0.0,0.4,C_val,2026-09-13 14:31:15,2026-09-13 15:09:37
frozen,0,0.3,0.3,21,0,0.8917402538007408,0.675087705111271,1.1792880285104639,0.5042003233991929,0.6061969925509222,1.4677173560004058,False,0,9.865916550061229,0.0,0.4,C_val,2026-09-13 14:31:15,2026-09-13 15:09:37
frozen,0,0.3,0.3,22,0,0.7667300566175973,0.6477978951894541,1.0641086477271875,0.4163107525377334,0.037294178051880345,1.3620965789697808,False,0,2.7804674056969816,0.0,0.4,C_val,2026-09-13 14:31:15,2026-09-13 15:09:37
frozen,0,0.3,0.3,23,0,0.838352372148711,0.6799967682062569,1.1174346384081886,0.4374378702019317,0.558081026524358,1.4010165421311955,False,0,7.69326622976223,0.0,0.4,C_val,2026-09-13 14:31:15,2026-09-13 15:09:37
frozen,0,0.3,0.3,24,0,0.827240415977484,0.6106943950380227,1.1129684571584884,0.5022740621204657,0.5620568917700453,1.3997063611255114,False,0,7.0239732168774935,0.0,0.4,C_val,2026-09-13 14:31:15,2026-09-13 15:09:37
frozen,0,0.3,0.3,25,0,0.7559234660420874,0.6184266992992714,1.029971965464704,0.4115452661654325,0.5415944431651852,1.3151467446964809,False,0,5.9511743090588425,0.0,0.4,C_val,2026-09-13 14:31:15,2026-09-13 15:09:37
frozen,0,0.3,0.3,26,0,0.7252042799818782,0.6487988692917838,1.0068682152479291,0.35806934595614537,0.38360022159959367,1.3055515910446565,False,0,3.773060336250637,0.0,0.4,C_val,2026-09-13 14:31:15,2026-09-13 15:09:37
frozen,0,0.3,0.3,27,0,0.8394162718907063,0.6706037272620724,1.118554567392361,0.4479508401302885,0.5751824344077271,1.4017207855092744,False,0,6.666091826322372,0.0,0.4,C_val,2026-09-13 14:31:15,2026-09-13 15:09:37
frozen,0,0.3,0.3,28,0,0.8175999824731469,0.5677726200991134,1.1097507848199166,0.5419781647208032,0.4806454167160307,1.3987416390853906,False,0,5.269137653544021,0.0,0.4,C_val,2026-09-13 14:31:15,2026-09-13 15:09:37
frozen,0,0.3,0.3,29,0,0.7559983463914273,0.5851518885272506,1.0566929917218248,0.4715411031945742,0.4777128863600357,1.3525844720165299,False,0,5.069356031712232,0.0,0.4,C_val,2026-09-13 14:31:15,2026-09-13 15:09:37
frozen,0,0.3,0.3,30,0,0.7517729380236425,0.6200219680491129,1.0376941075625752,0.41767213951346227,0.5323704913723021,1.3280142987673784,False,0,5.408436363690271,0.0,0.4,C_val,2026-09-13 14:31:15,2026-09-13 15:09:37
frozen,0,0.3,0.3,31,0,0.8784054661081602,0.6198942407498476,1.1622466106284906,0.542352369878643,0.5441928379864412,1.4479153455009253,False,0,10.994319619938324,0.0,0.4,C_val,2026-09-13 14:31:15,2026-09-13 15:09:37
frozen,0,0.3,0.3,32,0,0.83598271741112,0.653596602511521,1.1281989385618487,0.47460233605032776,0.5171735943915406,1.4204926972490581,False,0,8.606156987571012,0.0,0.4,C_val,2026-09-13 14:31:15,2026-09-13 15:09:37
frozen,0,0.3,0.3,33,0,0.749841481640829,0.6377482883994425,1.043754634790766,0.4060063463913235,0.03489852736364758,1.3380962458117451,False,0,2.6193663443118567,0.0,0.4,C_val,2026-09-13 14:31:15,2026-09-13 15:09:37
frozen,0,0.3,0.3,34,0,0.8221063835597546,0.6067371252341243,1.1119196369965145,0.5051825117623903,0.501777616398971,1.4013192642797707,False,0,5.166024478545296,0.0,0.4,C_val,2026-09-13 14:31:15,2026-09-13 15:09:37
frozen,0,0.3,0.3,35,0,0.791426453572331,0.5991274739607255,1.076519407642115,0.47739193368138944,0.5417801064156579,1.367062113091444,False,0,10.142351598769892,0.0,0.4,C_val,2026-09-13 14:31:15,2026-09-13 15:09:37
frozen,0,0.3,0.3,36,0,0.9665361978196539,0.708906062830024,1.236775002030268,0.5278689392002439,0.5993230200138728,1.5130544997304505,False,0,12.879269691664376,0.0,0.4,C_val,2026-09-13 14:31:15,2026-09-13 15:09:37
frozen,0,0.3,0.3,37,0,0.8194005629005033,0.6310388411341427,1.1133796941817728,0.4823408530476302,0.5733540015926722,1.4066242775159012,False,0,6.746613605591847,0.0,0.4,C_val,2026-09-13 14:31:15,2026-09-13 15:09:37
frozen,0,0.3,0.3,38,0,0.9095244673278213,0.678637666694738,1.1909094254439658,0.5122717587492278,0.575993958539101,1.474227159881616,False,0,7.551423060940579,0.0,0.4,C_val,2026-09-13 14:31:15,2026-09-13 15:09:37
frozen,0,0.3,0.3,39,0,0.7410130600914486,0.5775063204575152,1.0406973816705412,0.463191061213026,0.03060520127997548,1.338651118932037,False,0,3.933206315330608,0.0,0.4,C_val,2026-09-13 14:31:15,2026-09-13 15:09:37
frozen,0,0.3,0.3,40,0,0.8774896530523565,0.6434737791623426,1.1634989519806525,0.5200251728183098,0.4852845163330675,1.450232502717417,False,0,6.133526539822924,0.0,0.4,C_val,2026-09-13 14:31:15,2026-09-13 15:09:37
frozen,0,0.3,0.3,41,0,0.7976898658230439,0.6579073153761009,1.0688052892936304,0.41089797391752947,0.5607887543345693,1.3518806301103392,False,0,8.142830309498095,0.0,0.4,C_val,2026-09-13 14:31:15,2026-09-13 15:09:37
frozen,0,0.3,0.3,42,0,0.8554714902324807,0.6279694674364523,1.1428096778269845,0.5148402103905322,0.5742120536914461,1.4301284840041117,False,0,6.663751769170631,0.0,0.4,C_val,2026-09-13 14:31:15,2026-09-13 15:09:37
frozen,0,0.3,0.3,43,0,0.695535977559851,0.5564458394560785,0.9991239260111621,0.44267808655508356,0.03708983453477432,1.3008793670012964,False,0,2.9457587626820896,0.0,0.4,C_val,2026-09-13 14:31:15,2026-09-13 15:09:37
frozen,0,0.3,0.3,44,0,0.7319357584938283,0.5949553428779849,1.0354085862343836,0.4404532433563987,0.04098794893946038,1.3345570648924918,False,0,2.428303384451283,0.0,0.4,C_val,2026-09-13 14:31:15,2026-09-13 15:09:37
frozen,0,0.3,0.3,45,0,0.789635037057812,0.622899295378314,1.0698426408485295,0.4469433454702155,0.5188446092797301,1.3561575351375195,False,0,6.898812495586753,0.0,0.4,C_val,2026-09-13 14:31:15,2026-09-13 15:09:37
frozen,0,0.3,0.3,46,0,0.8068264432036447,0.6360165479952773,1.0963802634613804,0.4603637154661031,0.4576561353658787,1.3864121209661862,False,0,6.866543062242272,0.0,0.4,C_val,2026-09-13 14:31:15,2026-09-13 15:09:37
frozen,0,0.3,0.3,47,0,0.8221627268727981,0.6481052810255028,1.1024354142020136,0.45433013317651083,0.5536987481883507,1.3882590787747342,False,0,9.981449800598057,0.0,0.4,C_val,2026-09-13 14:31:15,2026-09-13 15:09:37
frozen,0,0.3,0.3,0,0,2.10472794946976,1.8219227235869428,2.395060181500463,0.5731374579135202,1.5446179095087276,2.69417787378985,False,0,1.8339899550846894,0.0,2.5,C_val,2026-09-13 14:31:15,2026-09-13 15:09:37
frozen,0,0.3,0.3,1,0,2.203404459943032,1.9226436067763426,2.4923213645165796,0.569677757740237,1.648443991812173,2.79040014112529,False,0,1.052809634777077,0.0,2.5,C_val,2026-09-13 14:31:15,2026-09-13 15:09:37
frozen,0,0.3,0.3,2,0,2.269376159893445,1.9892177175544614,2.558058000361385,0.5688402828069237,1.7163451124242717,2.8561370596211644,False,0,0.642119991229265,1.0,2.5,C_val,2026-09-13 14:31:15,2026-09-13 15:09:37
frozen,0,0.3,0.3,3,0,2.2797794072319717,1.9998679165668258,2.5681762965932196,0.5683083800263937,1.7272279813655662,2.865943461231934,False,0,0.5872968348085124,1.0,2.5,C_val,2026-09-13 14:31:15,2026-09-13 15:09:37
frozen,0,0.3,0.3,4,0,2.2399657893058986,1.9643854949669686,2.524253784838623,0.5598682898716543,1.6961817746374916,2.8181423091648665,False,0,0.8387175190073322,1.0,2.5,C_val,2026-09-13 14:31:15,2026-09-13 15:09:37
frozen,0,0.3,0.3,5,0,2.1714832139983082,1.889511083068457,2.4611601922455404,0.5716491091770834,1.6134864636014465,2.7596893979774655,False,0,1.280987441092293,0.0,2.5,C_val,2026-09-13 14:31:15,2026-09-13 15:09:37
frozen,0,0.3,0.3,6,0,2.1239404934307853,1.8414153564485176,2.413935489002711,0.5725201325541935,1.5643461978938806,2.7126734639617647,False,0,1.6670473499507352,0.0,2.5,C_val,2026-09-13 14:31:15,2026-09-13 15:09:37
frozen,0,0.3,0.3,7,0,2.1709238704650358,1.8890462370748322,2.4608895141389975,0.5718432770641653,1.6136639822786145,2.759971033302677,False,0,1.2826305672024318,0.0,2.5,C_val,2026-09-13 14:31:15,2026-09-13 15:09:37
frozen,0,0.3,0.3,8,0,2.195988285284031,1.911395668628664,2.4881473899204836,0.5767517212918196,1.6325307849692308,2.7890234782664405,False,0,1.081371120402764,0.0,2.5,C_val,2026-09-13 14:31:15,2026-09-13 15:09:37
frozen,0,0.3,0.3,9,0,2.1805011575340103,1.9029884689423808,2.4666872071452914,0.5636987382029106,1.632893341457079,2.762404513228855,False,0,1.241427927838231,0.0,2.5,C_val,2026-09-13 14:31:15,2026-09-13 15:09:37
frozen,0,0.3,0.3,10,0,2.2757738306960613,1.9926523312626565,2.567117949469727,0.5744656182070704,1.716244545605116,2.8676291953304864,False,0,0.5962224890099606,1.0,2.5,C_val,2026-09-13 14:31:15,2026-09-13 15:09:37
frozen,0,0.3,0.3,11,0,2.1356087795034786,1.8509993844777288,2.4277222285837916,0.5767228441060628,1.5719587689263164,2.7285495294475632,False,0,1.5449770279046788,0.0,2.5,C_val,2026-09-13 14:31:15,2026-09-13 15:09:37
frozen,0,0.3,0.3,12,0,2.303038578498934,2.01990882460297,2.594645086169915,0.5747362615669451,1.744055051078858,2.8956429202114355,False,0,0.4606118621850328,1.0,2.5,C_val,2026-09-13 14:31:15,2026-09-13 15:09:37
frozen,0,0.3,0.3,13,0,2.2626199014340678,1.9785389167090215,2.554668788656386,0.5761298719473644,1.700861461110016,2.855748091534053,False,0,0.6640925733481708,1.0,2.5,C_val,2026-09-13 14:31:15,2026-09-13 15:09:37
frozen,0,0.3,0.3,14,0,2.199157858117703,1.9232121720755881,2.483772707564637,0.560560535489049,1.6546323931887679,2.77794636658176,False,0,1.114936982638028,0.0,2.5,C_val,2026-09-13 14:31:15,2026-09-13 15:09:37
frozen,0,0.3,0.3,15,0,2.2897319960719753,2.0084733966999058,2.5794014983290565,0.5709281016291508,1.7342252567967777,2.8783641022933977,False,0,0.5313417412398849,1.0,2.5,C_val,2026-09-13 14:31:15,2026-09-13 15:09:37
frozen,0,0.3,0.3,16,0,2.316439818521892,2.032657923257005,2.608356606917975,0.5756986836609701,1.7555327723738605,2.9093322088407185,False,0,0.39962330711932736,1.0,2.5,C_val,2026-09-13 14:31:15,2026-09-13 15:09:37
frozen,0,0.3,0.3,17,0,2.084787033326766,1.8055234446565565,2.371824510096096,0.5663010654395397,1.5320867818384438,2.667742227354365,False,0,2.0648615922582394,0.0,2.5,C_val,2026-09-13 14:31:15,2026-09-13 15:09:37
frozen,0,0.3,0.3,18,0,2.290372788697502,2.0102581633397447,2.5787666040124946,0.5685084406727499,1.737072999052872,2.8763709531654715,False,0,0.5327136323212471,1.0,2.5,C_val,2026-09-13 14:31:15,2026-09-13 15:09:37
frozen,0,0.3,0.3,19,0,2.238906547717016,1.9578150926978026,2.528075687320796,0.5702605946229935,1.6831864569251846,2.826347430867194,False,0,0.8174773554419517,1.0,2.5,C_val,2026-09-13 14:31:15,2026-09-13 15:09:37
frozen,0,0.3,0.3,20,0,2.115940771747488,1.8305706259729997,2.4081128217197305,0.5775421957467308,1.5495667816034668,2.7085527765690354,False,0,1.713185485732538,0.0,2.5,C_val,2026-09-13 14:31:15,2026-09-13 15:09:37
frozen,0,0.3,0.3,21,0,2.2906287601798523,2.0096829698845933,2.58001713781065,0.5703341679260565,1.7358192797663172,2.8787275065722424,False,0,0.5279389100869594,1.0,2.5,C_val,2026-09-13 14:31:15,2026-09-13 15:09:37
frozen,0,0.3,0.3,22,0,2.142990478703238,1.8579681154176744,2.435085124241815,0.5771170088241406,1.577759699084872,2.735648546079757,False,0,1.4844252101938764,0.0,2.5,C_val,2026-09-13 14:31:15,2026-09-13 15:09:37
frozen,0,0.3,0.3,23,0,2.1574892168534725,1.8791730359455088,2.4438705307353246,0.5646974947898158,1.6073214006300536,2.739432220125262,False,0,1.4215268145198934,0.0,2.5,C_val,2026-09-13 14:31:15,2026-09-13 15:09:37
frozen,0,0.3,0.3,24,0,2.155877176405801,1.875732917996582,2.4438730531345727,0.5681401351379907,1.6016707392763045,2.740814415247875,False,0,1.4192450846094289,0.0,2.5,C_val,2026-09-13 14:31:15,2026-09-13 15:09:37
frozen,0,0.3,0.3,25,0,2.0369361263507226,1.7555734530685039,2.3250169805994174,0.5694435275309135,1.4784044428419565,2.6213361782351767,False,0,2.540878459767555,0.0,2.5,C_val,2026-09-13 14:31:15,2026-09-13 15:09:37
frozen,0,0.3,0.3,26,0,2.0885961178969987,1.8034506043974203,2.3803544136954504,0.5769038092980301,1.5221007773554067,2.6802761301802294,False,0,1.9667105267326406,0.0,2.5,C_val,2026-09-13 14:31:15,2026-09-13 15:09:37
frozen,0,0.3,0.3,27,0,2.16498761329762,1.88649248383749,2.4515708199075843,0.5650783360700944,1.6144311173551285,2.747205208027293,False,0,1.3594450164673617,0.0,2.5,C_val,2026-09-13 14:31:15,2026-09-13 15:09:37
frozen,0,0.3,0.3,28,0,2.1958618177365987,1.914707831117336,2.4850588062309713,0.5703509751136353,1.6399083736517965,2.7833343486737148,False,0,1.1039988061202166,0.0,2.5,C_val,2026-09-13 14:31:15,2026-09-13 15:09:37
frozen,0,0.3,0.3,29,0,2.121919281187879,1.8389399492091232,2.41219443150936,0.573254482300237,1.5610775843453086,2.7111218794084753,False,0,1.6817304138567124,0.0,2.5,C_val,2026-09-13 14:31:15,2026-09-13 15:09:37
frozen,0,0.3,0.3,30,0,2.1104206356995463,1.8293067516703732,2.3987204168146556,0.5694136651442825,1.5532060860966732,2.6955527726867428,False,0,1.8077964766853256,0.0,2.5,C_val,2026-09-13 14:31:15,2026-09-13 15:09:37
frozen,0,0.3,0.3,31,0,2.217776612435695,1.9361677171202776,2.507635257741138,0.5714675406208602,1.661251497255346,2.8067073992932916,False,0,0.9485750787389406,1.0,2.5,C_val,2026-09-13 14:31:15,2026-09-13 15:09:37
frozen,0,0.3,0.3,32,0,2.222294806341865,1.9395383845795198,2.5128986055172478,0.573360220937728,1.6629417730354652,2.8125044879035896,False,0,0.9141770453970821,1.0,2.5,C_val,2026-09-13 14:31:15,2026-09-13 15:09:37
frozen,0,0.3,0.3,33,0,2.095318991649302,1.812388966495552,2.385376047073587,0.5729870805780353,1.5342832157539508,2.683938623310498,False,0,1.9248376501200255,0.0,2.5,C_val,2026-09-13 14:31:15,2026-09-13 15:09:37
frozen,0,0.3,0.3,34,0,2.145012953810867,1.8621310743291988,2.435637973124887,0.5735068987956884,1.5851479401072481,2.7351503076798784,False,0,1.4820757621564553,0.0,2.5,C_val,2026-09-13 14:31:15,2026-09-13 15:09:37
frozen,0,0.3,0.3,35,0,2.124899586130525,1.8418540116534436,2.415282678582291,0.5734286669288475,1.5641396859972265,2.714262079716154,False,0,1.654634868264111,0.0,2.5,C_val,2026-09-13 14:31:15,2026-09-13 15:09:37
frozen,0,0.3,0.3,36,0,2.3024782473614116,2.0250493070017597,2.5891126976294334,0.5640633906276737,1.7558123221829658,2.8855463052710837,False,0,0.47970416612224653,1.0,2.5,C_val,2026-09-13 14:31:15,2026-09-13 15:09:37
frozen,0,0.3,0.3,37,0,2.2303772043775187,1.948239856509459,2.520357684224344,0.5721178277148851,1.6721739824419202,2.8192451528423415,False,0,0.8662668025317544,1.0,2.5,C_val,2026-09-13 14:31:15,2026-09-13 15:09:37
frozen,0,0.3,0.3,38,0,2.289777078245009,2.010329068250741,2.577812471095234,0.5674834028444931,1.7382740381791864,2.8753040900580866,False,0,0.5371260483007063,1.0,2.5,C_val,2026-09-13 14:31:15,2026-09-13 15:09:37
frozen,0,0.3,0.3,39,0,2.1287526820852536,1.8452707561767276,2.4194838618963543,0.5742131057196267,1.5666743060652466,2.7187790077329406,False,0,1.6178901567691355,0.0,2.5,C_val,2026-09-13 14:31:15,2026-09-13 15:09:37
frozen,0,0.3,0.3,40,0,2.235936680841998,1.9544669598592683,2.525740377256226,0.5712734173969578,1.6798433189279591,2.8248046457369185,False,0,0.8322453147738997,1.0,2.5,C_val,2026-09-13 14:31:15,2026-09-13 15:09:37
frozen,0,0.3,0.3,41,0,2.105000817601103,1.8230471084544997,2.394532343305494,0.5714852348509945,1.5467572230341806,2.692817034595676,False,0,1.8414714153768728,0.0,2.5,C_val,2026-09-13 14:31:15,2026-09-13 15:09:37
frozen,0,0.3,0.3,42,0,2.2405271093790784,1.9598889743325305,2.52938588319593,0.5694969088633997,1.6860425527585678,2.827413843858032,False,0,0.8093341716594296,1.0,2.5,C_val,2026-09-13 14:31:15,2026-09-13 15:09:37
frozen,0,0.3,0.3,43,0,2.078787513692302,1.7941681350871725,2.370078371381089,0.5759102362939164,1.5134407305207465,2.669546555531473,False,0,2.0661643834027927,0.0,2.5,C_val,2026-09-13 14:31:15,2026-09-13 15:09:37
frozen,0,0.3,0.3,44,0,2.1001791704577593,1.814845077898829,2.392502772643646,0.5776576947448169,1.5339931555511979,2.693277636875921,False,0,1.8515558016806608,0.0,2.5,C_val,2026-09-13 14:31:15,2026-09-13 15:09:37
frozen,0,0.3,0.3,45,0,2.0826621934537126,1.8000151803479343,2.372664894553037,0.5726497142051026,1.5227451256371096,2.671349624020875,False,0,2.0448335296969162,0.0,2.5,C_val,2026-09-13 14:31:15,2026-09-13 15:09:37
frozen,0,0.3,0.3,46,0,2.164003938693855,1.881812197877677,2.453914325488524,0.5721021276108469,1.60556048528798,2.7526874579881375,False,0,1.336702318112657,0.0,2.5,C_val,2026-09-13 14:31:15,2026-09-13 15:09:37
frozen,0,0.3,0.3,47,0,2.1886076246228416,1.9080827088922752,2.477101547214067,0.569018838321792,1.6338381501995647,2.77466834215951,False,0,1.162014300123701,0.0,2.5,C_val,2026-09-13 14:31:15,2026-09-13 15:09:37
frozen,0,1.0,1.0,0,0,0.744556620242966,0.7114984821532718,0.9724526235938515,0.2609541414405797,0.5121122892923579,1.245847756712547,False,0,5.696294809113169,0.0,0.4,C_val,2026-09-13 15:36:52,2026-09-13 16:15:20
frozen,0,1.0,1.0,1,0,0.7557237071528675,0.6179181752217984,1.007384346272051,0.3894661710502527,0.4130607355669614,1.2951697530453072,False,0,4.136961259573582,0.0,0.4,C_val,2026-09-13 15:36:52,2026-09-13 16:15:20
frozen,0,1.0,1.0,2,0,0.7994820897655333,0.6892387674685221,1.067319679539955,0.378080912071433,0.5245253089114298,1.3487071068473984,False,0,7.3678948015549395,0.0,0.4,C_val,2026-09-13 15:36:52,2026-09-13 16:15:20
frozen,0,1.0,1.0,3,0,0.788136624363554,0.6906843002431865,1.0601217227495372,0.3694374225063507,0.5386971770491713,1.3423493972026463,False,0,5.387131983334257,0.0,0.4,C_val,2026-09-13 15:36:52,2026-09-13 16:15:20
frozen,0,1.0,1.0,4,0,0.7468352761363765,0.6038711649508706,1.0244789064437068,0.4206077414928362,0.5351783816776123,1.3093377165535693,False,0,6.618537608068436,0.0,0.4,C_val,2026-09-13 15:36:52,2026-09-13 16:15:20
frozen,0,1.0,1.0,5,0,0.7916909694421218,0.6562334471400436,1.0113991501689414,0.35516570302889783,0.5734762814979494,1.2842458092586535,False,0,7.807657026191009,0.0,0.4,C_val,2026-09-13 15:36:52,2026-09-13 16:15:20
frozen,0,1.0,1.0,6,0,0.7653061061824362,0.6790570375759912,0.9954278526821412,0.31637081510614995,0.584528185204735,1.2676086173358732,False,0,6.400559850062564,0.0,0.4,C_val,2026-09-13 15:36:52,2026-09-13 16:15:20
frozen,0,1.0,1.0,7,0,0.6838070916942355,0.5866220228678388,0.954417406053565,0.36779538318572613,0.03542170004400955,1.241265067291748,False,0,3.065754908726376,0.0,0.4,C_val,2026-09-13 15:36:52,2026-09-13 16:15:20
frozen,0,1.0,1.0,8,0,0.7576495854448791,0.6860565757046323,1.0161402105402138,0.33008363483558145,0.5321841545295553,1.3019083330212355,False,0,6.45308339298208,0.0,0.4,C_val,2026-09-13 15:36:52,2026-09-13 16:15:20
frozen,0,1.0,1.0,9,0,0.8282436011202541,0.6972865788966772,1.0739452814417643,0.37665870254508704,0.6368497236956843,1.3401726191195402,False,0,14.87412154312915,0.0,0.4,C_val,2026-09-13 15:36:52,2026-09-13 16:15:20
frozen,0,1.0,1.0,10,0,0.7772363087584252,0.6533038599667601,1.0503054445874478,0.3970015846206877,0.5576416527947281,1.336646567729783,False,0,5.750117329942441,0.0,0.4,C_val,2026-09-13 15:36:52,2026-09-13 16:15:20
frozen,0,1.0,1.0,11,0,0.7203643187581222,0.5567477225938535,0.9785129253491628,0.42176520275530927,0.3824051129297748,1.2671331580890135,False,0,3.537152705142944,0.0,0.4,C_val,2026-09-13 15:36:52,2026-09-13 16:15:20
frozen,0,1.0,1.0,12,0,0.8060744260200207,0.6548189941498087,1.0879195382003914,0.43310054405058274,0.5276601828375818,1.37498451301095,False,0,9.14079774374477,0.0,0.4,C_val,2026-09-13 15:36:52,2026-09-13 16:15:20
frozen,0,1.0,1.0,13,0,0.7762971970273769,0.6465128606471712,1.0484909977912464,0.40197813714407526,0.577084170743003,1.3349301076040232,False,0,9.255513887233974,0.0,0.4,C_val,2026-09-13 15:36:52,2026-09-13 16:15:20
frozen,0,1.0,1.0,14,0,0.8192733092285169,0.6713438977005608,1.0753115121648071,0.40396761446424634,0.652522210923285,1.3477548841175133,False,0,12.971624021938624,0.0,0.4,C_val,2026-09-13 15:36:52,2026-09-13 16:15:20
frozen,0,1.0,1.0,15,0,0.7673126008391986,0.6738470456241562,1.0417533061893953,0.3679062605652391,0.5801301339584654,1.3294514292938935,False,0,6.887872799117758,0.0,0.4,C_val,2026-09-13 15:36:52,2026-09-13 16:15:20
frozen,0,1.0,1.0,16,0,0.8334153201931722,0.7166324132673488,1.0986636519093205,0.38203123864197164,0.6417716772074005,1.378444293473564,False,0,10.710846508689428,0.0,0.4,C_val,2026-09-13 15:36:52,2026-09-13 16:15:20
frozen,0,1.0,1.0,17,0,0.692829387073055,0.6115983555098965,0.9501015350156775,0.338503179505781,0.504360728056487,1.227729425326612,False,0,4.647762288164813,0.0,0.4,C_val,2026-09-13 15:36:52,2026-09-13 16:15:20
frozen,0,1.0,1.0,18,0,0.777487324925782,0.5888290113753344,1.0572934502427174,0.468464438867383,0.5141998071125765,1.3409503203311914,False,0,8.375196617002075,0.0,0.4,C_val,2026-09-13 15:36:52,2026-09-13 16:15:20
frozen,0,1.0,1.0,19,0,0.7995351511887187,0.734593317320992,1.0521133431220573,0.3175200258010653,0.5822372614859573,1.331611347782189,False,0,6.614746377294068,0.0,0.4,C_val,2026-09-13 15:36:52,2026-09-13 16:15:20
frozen,0,1.0,1.0,20,0,0.6835499379299199,0.5732884459079977,0.9580779765386676,0.3847895306306699,0.03284286065922182,1.2499790652647647,False,0,3.7369465861956996,0.0,0.4,C_val,2026-09-13 15:36:52,2026-09-13 16:15:20
frozen,0,1.0,1.0,21,0,0.7634363612814442,0.6808875363698429,1.0455436930294468,0.36465615665960394,0.4651463549228739,1.339150197352275,False,0,4.647182194006746,0.0,0.4,C_val,2026-09-13 15:36:52,2026-09-13 16:15:20
frozen,0,1.0,1.0,22,0,0.692578606590864,0.5619630159822783,0.9701519166190256,0.4081889006367473,0.03812623245457416,1.2625236282715577,False,0,2.5647073884720157,0.0,0.4,C_val,2026-09-13 15:36:52,2026-09-13 16:15:20
frozen,0,1.0,1.0,23,0,0.7405406251427398,0.6255979068847998,1.0008989793325953,0.37530107244779554,0.5785115944557344,1.278368259321323,False,0,6.685493473036331,0.0,0.4,C_val,2026-09-13 15:36:52,2026-09-13 16:15:20
frozen,0,1.0,1.0,24,0,0.7400628852521087,0.5823371398223322,0.9926283037009563,0.4102911638786242,0.5021498068743879,1.2741291518107514,False,0,7.231859731429722,0.0,0.4,C_val,2026-09-13 15:36:52,2026-09-13 16:15:20
frozen,0,1.0,1.0,25,0,0.6579048748890413,0.6088236478619766,0.8974616883415756,0.28863804047959896,0.03328963894301484,1.1776381082194989,False,0,3.5436630009171495,0.0,0.4,C_val,2026-09-13 15:36:52,2026-09-13 16:15:20
frozen,0,1.0,1.0,26,0,0.6968455510552419,0.6439610751071466,0.90894219091026,0.26498111580311334,0.04093534976676376,1.1919249037768505,False,0,1.8004212899722916,0.0,0.4,C_val,2026-09-13 15:36:52,2026-09-13 16:15:20
frozen,0,1.0,1.0,27,0,0.7785208015399089,0.6725417412723462,1.0261046429996268,0.35356290172728055,0.6144751876542724,1.2960847762769465,False,0,12.119751853395428,0.0,0.4,C_val,2026-09-13 15:36:52,2026-09-13 16:15:20
frozen,0,1.0,1.0,28,0,0.7538587908512933,0.6374458743317354,1.018817169866365,0.3813712955346297,0.5467050452390844,1.3000581411306404,False,0,7.378602050470363,0.0,0.4,C_val,2026-09-13 15:36:52,2026-09-13 16:15:20
frozen,0,1.0,1.0,29,0,0.773575585411632,0.7237750619875558,0.9877392717976178,0.26396420981006197,0.026269623674930468,1.2644837936984248,False,0,3.429594197375991,0.0,0.4,C_val,2026-09-13 15:36:52,2026-09-13 16:15:20
frozen,0,1.0,1.0,30,0,0.7681805711704295,0.6695784233629002,0.9898146184346883,0.32023619507178813,0.5044953187634748,1.258985409671628,False,0,8.274698509892914,0.0,0.4,C_val,2026-09-13 15:36:52,2026-09-13 16:15:20
frozen,0,1.0,1.0,31,0,0.7733342389786725,0.6716424816531771,1.0415720607150005,0.36992957906182344,0.556085107251895,1.3230223949177908,False,0,7.417249749389157,0.0,0.4,C_val,2026-09-13 15:36:52,2026-09-13 16:15:20
frozen,0,1.0,1.0,32,0,0.7905267210250874,0.6919714537014457,1.042494153075516,0.3505226993740703,0.6224930246258616,1.3216218280216028,False,0,9.608732325679739,0.0,0.4,C_val,2026-09-13 15:36:52,2026-09-13 16:15:20
frozen,0,1.0,1.0,33,0,0.7638756833477495,0.48782071203005156,0.9834555552692625,0.495634843239211,0.03852664131844381,1.2599522239894028,False,0,2.1592860794917215,0.0,0.4,C_val,2026-09-13 15:36:52,2026-09-13 16:15:20
frozen,0,1.0,1.0,34,0,0.725159925007096,0.6505569574283409,0.9940211014450068,0.3434641440166659,0.45630729673027987,1.282313650979654,False,0,5.253936617475119,0.0,0.4,C_val,2026-09-13 15:36:52,2026-09-13 16:15:20
frozen,0,1.0,1.0,35,0,0.7483003143196876,0.636856762505489,1.0028089461869027,0.3659521836814138,0.598190825220381,1.2799566136359593,False,0,6.248738158701599,0.0,0.4,C_val,2026-09-13 15:36:52,2026-09-13 16:15:20
frozen,0,1.0,1.0,36,0,0.8694310532282884,0.7396805065536207,1.1180415851051493,0.37836107855152856,0.6865160855019306,1.3879466006693224,False,0,12.755259928908345,0.0,0.4,C_val,2026-09-13 15:36:52,2026-09-13 16:15:20
frozen,0,1.0,1.0,37,0,0.7492924318135924,0.6674449168309099,1.0074570849274993,0.3400121680965894,0.5472836013100693,1.2911569179420601,False,0,6.039251218942809,0.0,0.4,C_val,2026-09-13 15:36:52,2026-09-13 16:15:20
frozen,0,1.0,1.0,38,0,0.8017007453644189,0.6771552851522777,1.077805129976173,0.4006498448238953,0.5728959154827615,1.3621264032698637,False,0,6.793653786382492,0.0,0.4,C_val,2026-09-13 15:36:52,2026-09-13 16:15:20
frozen,0,1.0,1.0,39,0,0.6649219405577779,0.5611164249822839,0.9267444898512699,0.365628064868986,0.411665753783263,1.2208633230434651,False,0,4.249618581103277,0.0,0.4,C_val,2026-09-13 15:36:52,2026-09-13 16:15:20
frozen,0,1.0,1.0,40,0,0.7850392021051963,0.6940318562625868,1.052503034785991,0.35847117852340415,0.5555964360663341,1.3334012997183828,False,0,6.275805483008298,0.0,0.4,C_val,2026-09-13 15:36:52,2026-09-13 16:15:20
frozen,0,1.0,1.0,41,0,0.6881527545406595,0.6048947966937538,0.9495346504282021,0.3446398537344483,0.4827381110176853,1.2296664392671044,False,0,5.004280731816834,0.0,0.4,C_val,2026-09-13 15:36:52,2026-09-13 16:15:20
frozen,0,1.0,1.0,42,0,0.7920236615568265,0.7048355685138692,1.0456336593302185,0.34079809081634926,0.5810419738128971,1.3216376411122777,False,0,9.810628002891463,0.0,0.4,C_val,2026-09-13 15:36:52,2026-09-13 16:15:20
frozen,0,1.0,1.0,43,0,0.6686094804502469,0.5988622138869262,0.930094324601602,0.33123211071467584,0.0387748907821452,1.2169159106652898,False,0,3.564066090828419,0.0,0.4,C_val,2026-09-13 15:36:52,2026-09-13 16:15:20
frozen,0,1.0,1.0,44,0,0.6489140025565686,0.5555755966974825,0.9229302954380372,0.3673546987405547,0.04721836620821466,1.215961027221574,False,0,2.0797048033273313,0.0,0.4,C_val,2026-09-13 15:36:52,2026-09-13 16:15:20
frozen,0,1.0,1.0,45,0,0.7749145343844374,0.7501416025537107,0.9812067351859488,0.23106513263223816,0.4639744667639126,1.2476509698560039,False,0,5.626575805112225,0.0,0.4,C_val,2026-09-13 15:36:52,2026-09-13 16:15:20
frozen,0,1.0,1.0,46,0,0.7583322396566147,0.6849501623346963,1.0008992850544902,0.3159491227197939,0.5376369422751407,1.2771618638654254,False,0,6.364984122868918,0.0,0.4,C_val,2026-09-13 15:36:52,2026-09-13 16:15:20
frozen,0,1.0,1.0,47,0,0.702025418438148,0.5994608893299768,0.9739339567052917,0.37447306737531494,0.4805220792584658,1.258972006915192,False,0,6.294825172175479,0.0,0.4,C_val,2026-09-13 15:36:52,2026-09-13 16:15:20
frozen,0,1.0,1.0,0,0,1.9855504415421943,1.7055172579375968,2.2717139539952584,0.5661966960576617,1.4290589411034345,2.56545118425709,False,0,3.1666933507185604,0.0,2.5,C_val,2026-09-13 15:36:52,2026-09-13 16:15:20
frozen,0,1.0,1.0,1,0,2.0790601943392435,1.800187505889287,2.364379859940086,0.5641923540507987,1.525618969974973,2.6575876185337988,False,0,2.14904901267073,0.0,2.5,C_val,2026-09-13 15:36:52,2026-09-13 16:15:20
frozen,0,1.0,1.0,2,0,2.1396541123461343,1.8618512815462562,2.4244732427547637,0.5626219612085075,1.5892973833841284,2.7174972732328437,False,0,1.5886616497155046,0.0,2.5,C_val,2026-09-13 15:36:52,2026-09-13 16:15:20
frozen,0,1.0,1.0,3,0,2.148075070275069,1.87077815229667,2.4323895631499157,0.5616114108532457,1.5987826970862644,2.724871234330971,False,0,1.5219241501981742,0.0,2.5,C_val,2026-09-13 15:36:52,2026-09-13 16:15:20
frozen,0,1.0,1.0,4,0,2.0991066237554192,1.8244368326571185,2.3805196129202266,0.5560827802631081,1.5543808106697554,2.669913179094136,False,0,2.006124698982603,0.0,2.5,C_val,2026-09-13 15:36:52,2026-09-13 16:15:20
frozen,0,1.0,1.0,5,0,2.040788601801041,1.761963871910813,2.3258669115125383,0.5639030396017253,1.4871985171199136,2.6186416098197216,False,0,2.5537380018431577,0.0,2.5,C_val,2026-09-13 15:36:52,2026-09-13 16:15:20
frozen,0,1.0,1.0,6,0,1.9968387300131623,1.7174311942895548,2.28245243716018,0.5650212428706254,1.4418964561216487,2.575690566741491,False,0,3.043160198358237,0.0,2.5,C_val,2026-09-13 15:36:52,2026-09-13 16:15:20
frozen,0,1.0,1.0,7,0,2.034447444073218,1.754340677330449,2.32065374556678,0.5663130682363309,1.4778156033476078,2.6143363713854653,False,0,2.6046839290647767,0.0,2.5,C_val,2026-09-13 15:36:52,2026-09-13 16:15:20
frozen,0,1.0,1.0,8,0,2.0883721384154645,1.8072874916660835,2.3757208948987687,0.5684334032326852,1.5301522620886023,2.6707872296144677,False,0,2.0291144525217533,0.0,2.5,C_val,2026-09-13 15:36:52,2026-09-13 16:15:20
frozen,0,1.0,1.0,9,0,2.0785367160524957,1.8042222611269307,2.360415931164467,0.5561936700375363,1.5359680590521863,2.6507627940021727,False,0,2.2038022834931326,0.0,2.5,C_val,2026-09-13 15:36:52,2026-09-13 16:15:20
frozen,0,1.0,1.0,10,0,2.1613343089683394,1.8816979609744071,2.4478299628938482,0.5661320019194411,1.6070649236442982,2.7423779099577357,False,0,1.3903193879996252,0.0,2.5,C_val,2026-09-13 15:36:52,2026-09-13 16:15:20
frozen,0,1.0,1.0,11,0,2.033263367515541,1.7511121657791713,2.3213403236313717,0.5702281578522004,1.4723447409003132,2.6168532592927307,False,0,2.584882226008631,0.0,2.5,C_val,2026-09-13 15:36:52,2026-09-13 16:15:20
frozen,0,1.0,1.0,12,0,2.199288886494062,1.919448031786998,2.4863260580118944,0.5668780262248965,1.6452145332266022,2.7817004550390796,False,0,1.0958171297934314,0.0,2.5,C_val,2026-09-13 15:36:52,2026-09-13 16:15:20
frozen,0,1.0,1.0,13,0,2.15368418819583,1.8727892636887122,2.441254869520606,0.5684656058318938,1.5965966434522354,2.736680601841113,False,0,1.4424845392604766,0.0,2.5,C_val,2026-09-13 15:36:52,2026-09-13 16:15:20
frozen,0,1.0,1.0,14,0,2.0980423550704335,1.8248716408004948,2.3785915999378635,0.5537199591373687,1.557407474692758,2.667535325473021,False,0,2.027247356800217,0.0,2.5,C_val,2026-09-13 15:36:52,2026-09-13 16:15:20
frozen,0,1.0,1.0,15,0,2.15917888618812,1.8810136669290838,2.444248119809558,0.563234452880474,1.6079118750856438,2.737469518796477,False,0,1.4214523335358535,0.0,2.5,C_val,2026-09-13 15:36:52,2026-09-13 16:15:20
frozen,0,1.0,1.0,16,0,2.2178249632346416,1.9400078415284765,2.5030668897920703,0.5630590482635938,1.6682487784713278,2.7967482276123916,False,0,0.978665739610733,1.0,2.5,C_val,2026-09-13 15:36:52,2026-09-13 16:15:20
frozen,0,1.0,1.0,17,0,1.949152860812996,1.6715045611124848,2.2327719425072736,0.5612673813947888,1.397263087317161,2.5239410153564825,False,0,3.6816216759907547,0.0,2.5,C_val,2026-09-13 15:36:52,2026-09-13 16:15:20
frozen,0,1.0,1.0,18,0,2.14984360331822,1.873914850238779,2.432848890187208,0.5589340399484288,1.6032906006517424,2.724062043137233,False,0,1.5205200235977827,0.0,2.5,C_val,2026-09-13 15:36:52,2026-09-13 16:15:20
frozen,0,1.0,1.0,19,0,2.1100954495716415,1.832705787269927,2.3942820905664406,0.5615763032965135,1.5601751951930738,2.6865213291213643,False,0,1.863134602572245,0.0,2.5,C_val,2026-09-13 15:36:52,2026-09-13 16:15:20
frozen,0,1.0,1.0,20,0,2.0231206134552626,1.7414874533384936,2.31028151300103,0.5687940596625363,1.4625090747602156,2.6045923347896154,False,0,2.714639191970491,0.0,2.5,C_val,2026-09-13 15:36:52,2026-09-13 16:15:20
frozen,0,1.0,1.0,21,0,2.184417155312905,1.9054754947882957,2.470352482112699,0.5648769873244035,1.6315942887044146,2.7643337952365186,False,0,1.214723118377151,0.0,2.5,C_val,2026-09-13 15:36:52,2026-09-13 16:15:20
frozen,0,1.0,1.0,22,0,2.0416179052778167,1.760261087732561,2.3287446348422103,0.5684835471096492,1.482084630530772,2.6232232167373204,False,0,2.511481540837849,0.0,2.5,C_val,2026-09-13 15:36:52,2026-09-13 16:15:20
frozen,0,1.0,1.0,23,0,2.0303964090888056,1.7548092842067216,2.312644740316182,0.5578354561094603,1.4837481337469844,2.6028706763045575,False,0,2.7184950065602607,0.0,2.5,C_val,2026-09-13 15:36:52,2026-09-13 16:15:20
frozen,0,1.0,1.0,24,0,2.0366997343269118,1.7589494833214865,2.3207195274549894,0.561770044133503,1.485189609549172,2.612377413262242,False,0,2.617844819375023,0.0,2.5,C_val,2026-09-13 15:36:52,2026-09-13 16:15:20
frozen,0,1.0,1.0,25,0,1.902722537299674,1.623426410809792,2.186835116567886,0.5634087057580939,1.3453834741283657,2.477777199855045,False,0,4.306737643775705,0.0,2.5,C_val,2026-09-13 15:36:52,2026-09-13 16:15:20
frozen,0,1.0,1.0,26,0,1.964061771164049,1.6808036372512747,2.252126625242796,0.5713229879915211,1.3988030476923043,2.546999016511053,False,0,3.393979990094522,0.0,2.5,C_val,2026-09-13 15:36:52,2026-09-13 16:15:20
frozen,0,1.0,1.0,27,0,2.0432146675089635,1.7680712802991854,2.3251554931224026,0.5570842128232172,1.497863125191846,2.615137353110462,False,0,2.580344078323833,0.0,2.5,C_val,2026-09-13 15:36:52,2026-09-13 16:15:20
frozen,0,1.0,1.0,28,0,2.089891749106617,1.8107474008213416,2.375590671307523,0.5648432704861817,1.5361881317116268,2.669204415374428,False,0,2.0365555719945405,0.0,2.5,C_val,2026-09-13 15:36:52,2026-09-13 16:15:20
frozen,0,1.0,1.0,29,0,2.0204695715455783,1.740817866064154,2.30606311555201,0.5652452494878561,1.4645652570674166,2.5992282457493054,False,0,2.7707245277124457,0.0,2.5,C_val,2026-09-13 15:36:52,2026-09-13 16:15:20
frozen,0,1.0,1.0,30,0,2.014290553171198,1.7364462235396223,2.2982196659753744,0.5617734424357521,1.462233325048779,2.5896765792661864,False,0,2.873859810468275,0.0,2.5,C_val,2026-09-13 15:36:52,2026-09-13 16:15:20
frozen,0,1.0,1.0,31,0,2.0902463349617304,1.8113000185572545,2.3759440066922535,0.5646439881349989,1.5371835611014906,2.6696998172582522,False,0,2.0326942463761952,0.0,2.5,C_val,2026-09-13 15:36:52,2026-09-13 16:15:20
frozen,0,1.0,1.0,32,0,2.111782295602785,1.8335428927787032,2.396816857625758,0.5632739648470546,1.560088452459781,2.6899207122954674,False,0,1.8366903843707405,0.0,2.5,C_val,2026-09-13 15:36:52,2026-09-13 16:15:20
frozen,0,1.0,1.0,33,0,1.9906978274011717,1.7112409667856672,2.276077227892679,0.5648362611070117,1.4350942216166653,2.5690166778065553,False,0,3.121686000667978,0.0,2.5,C_val,2026-09-13 15:36:52,2026-09-13 16:15:20
frozen,0,1.0,1.0,34,0,2.0376673408870105,1.7562071340642587,2.3251735990262734,0.5689664649620148,1.4782450996021557,2.6202745946935426,False,0,2.54617362729914,0.0,2.5,C_val,2026-09-13 15:36:52,2026-09-13 16:15:20
frozen,0,1.0,1.0,35,0,2.023023477485492,1.744312385846426,2.3080652797793713,0.5637528939329453,1.4696937495405034,2.6007891167653243,False,0,2.7516037677887653,0.0,2.5,C_val,2026-09-13 15:36:52,2026-09-13 16:15:20
frozen,0,1.0,1.0,36,0,2.1746971029518707,1.8999249179144424,2.4571750356224715,0.5572501177080291,1.6316390546042479,2.7482587112293717,False,0,1.3200999996661267,0.0,2.5,C_val,2026-09-13 15:36:52,2026-09-13 16:15:20
frozen,0,1.0,1.0,37,0,2.107359145061787,1.8274125151853426,2.3936476253189976,0.5662351101336549,1.5516118894349735,2.6876612422550075,False,0,1.8627713621899602,0.0,2.5,C_val,2026-09-13 15:36:52,2026-09-13 16:15:20
frozen,0,1.0,1.0,38,0,2.188577032964782,1.9114927848748378,2.4729028033206357,0.561410018445798,1.6400186249909192,2.7655566288355793,False,0,1.1962284930959868,0.0,2.5,C_val,2026-09-13 15:36:52,2026-09-13 16:15:20
frozen,0,1.0,1.0,39,0,2.012451809453144,1.7308470206326367,2.299488937398599,0.5686419167659622,1.4516282699108098,2.593686344670547,False,0,2.8371783563598,0.0,2.5,C_val,2026-09-13 15:36:52,2026-09-13 16:15:20
frozen,0,1.0,1.0,40,0,2.1122264518547533,1.8345475546391574,2.3970390352899402,0.5624914806507828,1.5621991583608617,2.6901251568887634,False,0,1.8348787993563747,0.0,2.5,C_val,2026-09-13 15:36:52,2026-09-13 16:15:20
frozen,0,1.0,1.0,41,0,1.9842617335299058,1.7037218367749154,2.270680605752058,0.5669587689771425,1.426434860666822,2.5644326934869293,False,0,3.178819043114345,0.0,2.5,C_val,2026-09-13 15:36:52,2026-09-13 16:15:20
frozen,0,1.0,1.0,42,0,2.12101329253727,1.8434268371087088,2.405514965771849,0.5620881286631401,1.5709441062846947,2.6981278699076956,False,0,1.758153075366863,0.0,2.5,C_val,2026-09-13 15:36:52,2026-09-13 16:15:20
frozen,0,1.0,1.0,43,0,1.9787911875835698,1.6981380105347843,2.26486268350848,0.5667246729736957,1.4199100203266048,2.558159827148619,False,0,3.253556501269486,0.0,2.5,C_val,2026-09-13 15:36:52,2026-09-13 16:15:20
frozen,0,1.0,1.0,44,0,1.9806099135160238,1.6966883163097526,2.2696656577247474,0.5729773414149948,1.4145945253101555,2.5656537889279756,False,0,3.169689802634821,0.0,2.5,C_val,2026-09-13 15:36:52,2026-09-13 16:15:20
frozen,0,1.0,1.0,45,0,1.9524242889439622,1.6724687771054665,2.238185898165925,0.5657171210604584,1.3957116965683862,2.531326113850047,False,0,3.5887367977993563,0.0,2.5,C_val,2026-09-13 15:36:52,2026-09-13 16:15:20
frozen,0,1.0,1.0,46,0,2.036849977868932,1.7575005588571864,2.32254091427345,0.5650403554162635,1.482309285481649,2.615921153156536,False,0,2.58607583648336,0.0,2.5,C_val,2026-09-13 15:36:52,2026-09-13 16:15:20
frozen,0,1.0,1.0,47,0,2.0615156643385397,1.782734086963255,2.346649936063415,0.5639158491001599,1.5080214799788756,2.6395705610172127,False,0,2.331598206925264,0.0,2.5,C_val,2026-09-13 15:36:52,2026-09-13 16:15:20
poster,0,1.0,1.0,0,0,0.9201291382704508,0.8396973640362168,1.1248904773098978,0.285193113273681,0.835814377244078,1.3819969189645274,False,0,11.593032927154127,0.0,0.4,C_val,2026-09-12 20:16:46,2026-09-12 20:40:23
poster,0,1.0,1.0,1,0,0.9645253482011934,0.8698664301979243,1.177292526184492,0.30742609598656767,0.8665683504331017,1.4363936853464412,False,0,13.739049415442423,0.0,0.4,C_val,2026-09-12 20:16:46,2026-09-12 20:40:23
poster,0,1.0,1.0,2,0,0.869073902682307,0.8167672321422413,1.1036782185043075,0.28691098636206613,0.5660989271778519,1.390578780080939,False,0,4.057915955501812,0.0,0.4,C_val,2026-09-12 20:16:46,2026-09-12 20:40:23
poster,0,1.0,1.0,3,0,0.2152776743317431,0.09407317662469669,0.4449846489465558,0.35091147232185915,0.0311355469240193,1.3111945161289857,False,0,0.759840343362157,1.0,0.4,C_val,2026-09-12 20:16:46,2026-09-12 20:40:23
poster,0,1.0,1.0,4,0,0.24937868424844548,0.08953102252445204,0.9488914009001189,0.8593603783756669,0.034702630754657474,1.282765131909388,False,0,0.35695845503141754,1.0,0.4,C_val,2026-09-12 20:16:46,2026-09-12 20:40:23
poster,0,1.0,1.0,5,0,0.932227784351903,0.9057402116084645,1.1108654085590461,0.20512519695058162,0.5062509458648871,1.3700067857596931,False,0,3.8178385986066132,0.0,0.4,C_val,2026-09-12 20:16:46,2026-09-12 20:40:23
poster,0,1.0,1.0,6,0,0.2733314484503155,0.1268580321464576,0.8327545947371091,0.7058965625906515,0.04706770393092561,1.2041396263408544,False,0,0.6363042142802442,1.0,0.4,C_val,2026-09-12 20:16:46,2026-09-12 20:40:23
poster,0,1.0,1.0,7,0,0.8333229694621392,0.8032945129242736,1.0561669615588232,0.2528724486345496,0.0932556568426827,1.3397829317498258,False,0,2.3053205530595733,0.0,0.4,C_val,2026-09-12 20:16:46,2026-09-12 20:40:23
poster,0,1.0,1.0,8,0,0.924950272571853,0.8652867306331015,1.1517089598665338,0.2864222292334323,0.8153603221591544,1.4217899935699148,False,0,10.61683221930798,0.0,0.4,C_val,2026-09-12 20:16:46,2026-09-12 20:40:23
poster,0,1.0,1.0,9,0,0.7807844002516593,0.5762801179637039,1.0715729319835456,0.4952928140198417,0.5231903603379845,1.3624373164914407,False,0,5.339276206814247,0.0,0.4,C_val,2026-09-12 20:16:46,2026-09-12 20:40:23
poster,0,1.0,1.0,10,0,0.913995887922629,0.8665189457563587,1.141960870344599,0.27544192458824024,0.7629878635099276,1.4209167067049344,False,0,6.991009492587182,0.0,0.4,C_val,2026-09-12 20:16:46,2026-09-12 20:40:23
poster,0,1.0,1.0,11,0,0.22689786699690692,0.11939001017168106,0.38599347739739104,0.26660346722571,0.04536543881598561,1.277925085817376,False,0,1.03029442915431,0.0,0.4,C_val,2026-09-12 20:16:46,2026-09-12 20:40:23
poster,0,1.0,1.0,12,0,0.12840443687374548,0.06858099374665791,0.14483567793671692,0.07625468419005901,0.022003129697306396,1.357152438435218,False,0,3.430322606021946,0.0,0.4,C_val,2026-09-12 20:16:46,2026-09-12 20:40:23
poster,0,1.0,1.0,13,0,0.8917973135329035,0.712257821404831,1.1427641110239968,0.4305062896191658,0.5944969108972651,1.4306106458135663,False,0,8.275616262490075,0.0,0.4,C_val,2026-09-12 20:16:46,2026-09-12 20:40:23
poster,0,1.0,1.0,14,0,0.8649135503521892,0.7857557379244577,1.090057975185638,0.30430223726118033,0.7621740035713666,1.358474841016613,False,0,11.340223851231713,0.0,0.4,C_val,2026-09-12 20:16:46,2026-09-12 20:40:23
poster,0,1.0,1.0,15,0,0.15589641237077168,0.08608363633031235,0.17760529008386408,0.09152165375355173,0.029758923328452987,1.3307740486643849,False,0,2.3494188022305025,0.0,0.4,C_val,2026-09-12 20:16:46,2026-09-12 20:40:23
poster,0,1.0,1.0,16,0,0.9724401368457797,0.8536554690996998,1.2219643420205697,0.3683088729208699,0.8431895573354274,1.4954862108464255,False,0,7.556586940354464,0.0,0.4,C_val,2026-09-12 20:16:46,2026-09-12 20:40:23
poster,0,1.0,1.0,17,0,0.880123678020714,0.8459412509416455,1.0653010276597592,0.21935977671811369,0.6547481873190006,1.3210797791140299,False,0,4.571790057259932,0.0,0.4,C_val,2026-09-12 20:16:46,2026-09-12 20:40:23
poster,0,1.0,1.0,18,0,0.865989925645885,0.7152380069264032,1.06987315557546,0.35463514864905676,0.02952192296085179,1.3542982486247834,False,0,1.180205720833328,0.0,0.4,C_val,2026-09-12 20:16:46,2026-09-12 20:40:23
poster,0,1.0,1.0,19,0,0.9417691667856026,0.9044413487891371,1.1414862015213436,0.23704485273220655,0.539746855517374,1.404165104557097,False,0,4.539261835925572,0.0,0.4,C_val,2026-09-12 20:16:46,2026-09-12 20:40:23
poster,0,1.0,1.0,20,0,0.9268341588142223,0.8457463782572718,1.1219671406006604,0.27622076234338855,0.7260501991063356,1.3836134135702878,False,0,9.945324751552107,0.0,0.4,C_val,2026-09-12 20:16:46,2026-09-12 20:40:23
poster,0,1.0,1.0,21,0,0.856449148871201,0.6485351456191706,1.1487660827623092,0.5002309371431386,0.5752986714808144,1.4398206902926332,False,0,7.462967666127952,0.0,0.4,C_val,2026-09-12 20:16:46,2026-09-12 20:40:23
poster,0,1.0,1.0,22,0,0.8527075911699228,0.825303281375196,1.0430317588121412,0.21772847743694512,0.03137927096666626,1.3194702822318876,False,0,1.457835775003332,0.0,0.4,C_val,2026-09-12 20:16:46,2026-09-12 20:40:23
poster,0,1.0,1.0,23,0,0.8128445881207749,0.6594547707696959,1.049815878922383,0.3903611081526871,0.6194467802624251,1.3356363929214357,False,0,4.945908895922912,0.0,0.4,C_val,2026-09-12 20:16:46,2026-09-12 20:40:23
poster,0,1.0,1.0,24,0,0.24436743076457454,0.11294881979114332,0.7792869114012396,0.6663380916100963,0.04180607796234565,1.287088575657572,False,0,0.3910125468100887,1.0,0.4,C_val,2026-09-12 20:16:46,2026-09-12 20:40:23
poster,0,1.0,1.0,25,0,0.8984938914237227,0.8806996626025745,1.0429656235748535,0.16226596097227897,0.09124303076129817,1.2880075502581234,False,0,1.4105476717450074,0.0,0.4,C_val,2026-09-12 20:16:46,2026-09-12 20:40:23
poster,0,1.0,1.0,26,0,0.250464502532315,0.11653592756798636,0.3380881828901534,0.22155225532216705,0.04450619562136751,1.241937490782809,False,0,1.1870212358808203,0.0,0.4,C_val,2026-09-12 20:16:46,2026-09-12 20:40:23
poster,0,1.0,1.0,27,0,0.2650145757631038,0.11918046637148598,0.8392621440375562,0.7200816776660702,0.04417500984845759,1.304175912814216,False,0,0.19850926163053373,1.0,0.4,C_val,2026-09-12 20:16:46,2026-09-12 20:40:23
poster,0,1.0,1.0,28,0,0.8409164654486555,0.7865609907325308,1.0695957176898783,0.28303472695734744,0.7269109377103988,1.3504882901553639,False,0,6.206367946488172,0.0,0.4,C_val,2026-09-12 20:16:46,2026-09-12 20:40:23
poster,0,1.0,1.0,29,0,0.25611632173378146,0.11732452430657578,0.3897815201013984,0.27245699579482263,0.043254139152937694,1.1976764765584833,False,0,1.0336368858806964,0.0,0.4,C_val,2026-09-12 20:16:46,2026-09-12 20:40:23
poster,0,1.0,1.0,30,0,0.7046871544501069,0.5759124276900319,1.0073745357620933,0.4314621080720614,0.04234180187387104,1.3054189357122263,False,0,2.610535740514024,0.0,0.4,C_val,2026-09-12 20:16:46,2026-09-12 20:40:23
poster,0,1.0,1.0,31,0,0.9433617583608616,0.8485103590434572,1.1682136370150629,0.3197032779716057,0.8374714573582622,1.4376608616257225,False,0,12.504737995692267,0.0,0.4,C_val,2026-09-12 20:16:46,2026-09-12 20:40:23
poster,0,1.0,1.0,32,0,0.8491612245936246,0.8032367933565,1.0958312946636384,0.2925945013071384,0.542188247682053,1.383941779072078,False,0,4.707983605974732,0.0,0.4,C_val,2026-09-12 20:16:46,2026-09-12 20:40:23
poster,0,1.0,1.0,33,0,0.9242345566883022,0.9033408837806584,1.0959616684502422,0.19262078466958388,0.7709972498781397,1.3491781424817368,False,0,6.757965491517098,0.0,0.4,C_val,2026-09-12 20:16:46,2026-09-12 20:40:23
poster,0,1.0,1.0,34,0,0.7891208721920366,0.6917260293108155,1.0583179000675729,0.36659187075675737,0.5164755308661925,1.345406508845945,False,0,10.251919622904097,0.0,0.4,C_val,2026-09-12 20:16:46,2026-09-12 20:40:23
poster,0,1.0,1.0,35,0,1.008539631003051,0.9296855389886114,1.197315151566031,0.2676296125774196,0.9249577790618042,1.4402873734254336,False,0,14.021851998666534,0.0,0.4,C_val,2026-09-12 20:16:46,2026-09-12 20:40:23
poster,0,1.0,1.0,36,0,0.9063022480578187,0.8642143236213794,1.1241792813078608,0.2599649576864814,0.6542138469216062,1.401630053886679,False,0,5.47247036914996,0.0,0.4,C_val,2026-09-12 20:16:46,2026-09-12 20:40:23
poster,0,1.0,1.0,37,0,0.8188767219025391,0.7459877182848096,1.0814251380628426,0.335437419778033,0.6497958072351543,1.374717610168984,False,0,5.3030994209657365,0.0,0.4,C_val,2026-09-12 20:16:46,2026-09-12 20:40:23
poster,0,1.0,1.0,38,0,0.8155814836999481,0.7715930153251124,1.0772960081487135,0.30570299282360114,0.4360669391031148,1.3754629334963107,False,0,4.772784672128182,0.0,0.4,C_val,2026-09-12 20:16:46,2026-09-12 20:40:23
poster,0,1.0,1.0,39,0,0.9789843192891428,0.8688186883226797,1.1952538370575858,0.3264351487349061,0.8306662840491865,1.4472795754614802,False,0,21.14205167390901,0.0,0.4,C_val,2026-09-12 20:16:46,2026-09-12 20:40:23
poster,0,1.0,1.0,40,0,0.9248002746706085,0.8931404084849637,1.1191112770138185,0.22597086852885484,0.08581856471223541,1.388456599045096,False,0,3.1088481677106756,0.0,0.4,C_val,2026-09-12 20:16:46,2026-09-12 20:40:23
poster,0,1.0,1.0,41,0,0.8315933021237538,0.8041389305858108,1.036149365522042,0.2320104349362312,0.5208762976885594,1.3079161123468774,False,0,8.54047124887802,0.0,0.4,C_val,2026-09-12 20:16:46,2026-09-12 20:40:23
poster,0,1.0,1.0,42,0,0.947765016408286,0.8992689518368392,1.151025363615004,0.2517564117781649,0.890058012151962,1.416873321188818,False,0,9.334238202078268,0.0,0.4,C_val,2026-09-12 20:16:46,2026-09-12 20:40:23
poster,0,1.0,1.0,43,0,0.9246434433492655,0.8904318700992689,1.1050889745067667,0.21465710440749775,0.8724562312881395,1.3561285704529806,False,0,5.207202977180714,0.0,0.4,C_val,2026-09-12 20:16:46,2026-09-12 20:40:23
poster,0,1.0,1.0,44,0,0.9110517106202124,0.8846499910775996,1.0894810034846467,0.20483101240704715,0.710583206374261,1.3433903626694281,False,0,7.140479823534406,0.0,0.4,C_val,2026-09-12 20:16:46,2026-09-12 20:40:23
poster,0,1.0,1.0,45,0,0.6470069221944651,0.4868475871632601,0.9668664213547091,0.48001883419144903,0.049076716091363576,1.2470779088542638,False,0,2.4404730308015132,0.0,0.4,C_val,2026-09-12 20:16:46,2026-09-12 20:40:23
poster,0,1.0,1.0,46,0,0.8924486265026624,0.8392221089189733,1.0859084138355628,0.2466863049165895,0.5636067781296584,1.3531275667660019,False,0,8.379165851347352,0.0,0.4,C_val,2026-09-12 20:16:46,2026-09-12 20:40:23
poster,0,1.0,1.0,47,0,0.8224046150092813,0.668186976853018,1.0852330451608303,0.4170460683078123,0.6550820206703024,1.3684736703602416,False,0,11.30265245028204,0.0,0.4,C_val,2026-09-12 20:16:46,2026-09-12 20:40:23
poster,0,1.0,1.0,0,0,2.1665121228090034,1.8844197415444408,2.455574072259077,0.5711543307146361,1.6076732804888472,2.752726625344415,False,0,1.3252529048913857,0.0,2.5,C_val,2026-09-12 20:16:46,2026-09-12 20:40:23
poster,0,1.0,1.0,1,0,2.231935868957133,1.95099985330822,2.52003879836661,0.5690389450583901,1.6757817127783525,2.816265959129471,False,0,0.8673446646680532,1.0,2.5,C_val,2026-09-12 20:16:46,2026-09-12 20:40:23
poster,0,1.0,1.0,2,0,2.2825512930855254,1.9980320465243078,2.5733418627038622,0.5753098161795545,1.7176318368189967,2.8717888169814736,False,0,0.5624671423647669,1.0,2.5,C_val,2026-09-12 20:16:46,2026-09-12 20:40:23
poster,0,1.0,1.0,3,0,2.301660854918322,2.017979385500663,2.5918549338196053,0.5738755483189424,1.7387633831338063,2.889849645440125,False,0,0.47075436520026415,1.0,2.5,C_val,2026-09-12 20:16:46,2026-09-12 20:40:23
poster,0,1.0,1.0,4,0,2.2192179440877142,1.9341983103263996,2.5097758193444935,0.5755775090180939,1.6518416093921926,2.8074632474670738,False,0,0.9345357999118278,1.0,2.5,C_val,2026-09-12 20:16:46,2026-09-12 20:40:23
poster,0,1.0,1.0,5,0,2.1798401431387107,1.8950069944477803,2.470425169032947,0.5754181745851665,1.6133055819294626,2.7682612830840676,False,0,1.2109670321660815,0.0,2.5,C_val,2026-09-12 20:16:46,2026-09-12 20:40:23
poster,0,1.0,1.0,6,0,2.127847372615041,1.841239600495626,2.4195525717670714,0.5783129712714454,1.5565479929579527,2.7181504097861016,False,0,1.6176463733681885,0.0,2.5,C_val,2026-09-12 20:16:46,2026-09-12 20:40:23
poster,0,1.0,1.0,7,0,2.2123239015622294,1.9284187476086807,2.502164612287611,0.5737458646789302,1.6480477037341297,2.799436233913634,False,0,0.9851050577090064,1.0,2.5,C_val,2026-09-12 20:16:46,2026-09-12 20:40:23
poster,0,1.0,1.0,8,0,2.246910118016319,1.96509823742316,2.535646211359148,0.5705479739359878,1.6884297239978525,2.832459189794274,False,0,0.7705939587649482,1.0,2.5,C_val,2026-09-12 20:16:46,2026-09-12 20:40:23
poster,0,1.0,1.0,9,0,2.213887548638503,1.9318232743074237,2.502292576580244,0.5704693022728204,1.6539414557053942,2.7983740581258676,False,0,0.9841597103695676,1.0,2.5,C_val,2026-09-12 20:16:46,2026-09-12 20:40:23
poster,0,1.0,1.0,10,0,2.3120285834422374,2.0294211377521987,2.601061851094927,0.5716407133427284,1.7515933327602506,2.8972314379417017,False,0,0.4264623798444518,1.0,2.5,C_val,2026-09-12 20:16:46,2026-09-12 20:40:23
poster,0,1.0,1.0,11,0,2.1736082071985137,1.8863779520955846,2.4663414631176725,0.579963511022088,1.6018419081142798,2.7662308216971088,False,0,1.239642835509585,0.0,2.5,C_val,2026-09-12 20:16:46,2026-09-12 20:40:23
poster,0,1.0,1.0,12,0,2.323147060668943,2.036968011334161,2.6158616734295155,0.5788936620953544,1.7553097663152548,2.9163939876840486,False,0,0.36847114441843587,1.0,2.5,C_val,2026-09-12 20:16:46,2026-09-12 20:40:23
poster,0,1.0,1.0,13,0,2.3373709888612195,2.053053700694255,2.628658164448556,0.575604463754301,1.7740049791902106,2.927970260657614,False,0,0.31521026957125287,1.0,2.5,C_val,2026-09-12 20:16:46,2026-09-12 20:40:23
poster,0,1.0,1.0,14,0,2.1736418544320006,1.8922899089046816,2.4610517895536974,0.5687618806490158,1.6146211053924124,2.7559306998579314,False,0,1.2850132407802448,0.0,2.5,C_val,2026-09-12 20:16:46,2026-09-12 20:40:23
poster,0,1.0,1.0,15,0,2.306731106057923,2.0223849078289047,2.597533459946864,0.5751485521179593,1.742424483839486,2.8960773933294286,False,0,0.445232178994047,1.0,2.5,C_val,2026-09-12 20:16:46,2026-09-12 20:40:23
poster,0,1.0,1.0,16,0,2.388258433381568,2.10801721083606,2.67616822334706,0.5681510125110001,1.8342322225697623,2.972634844587062,False,0,0.15318387032675673,1.0,2.5,C_val,2026-09-12 20:16:46,2026-09-12 20:40:23
poster,0,1.0,1.0,17,0,2.0731474179772293,1.789332087030964,2.362472688730716,0.573140601699752,1.5084131951540138,2.658974947278193,False,0,2.1521372004463046,0.0,2.5,C_val,2026-09-12 20:16:46,2026-09-12 20:40:23
poster,0,1.0,1.0,18,0,2.2577670416798834,1.9736414131011046,2.5479072516051886,0.574265838504084,1.6931599235976214,2.845488144360204,False,0,0.6996303185806028,1.0,2.5,C_val,2026-09-12 20:16:46,2026-09-12 20:40:23
poster,0,1.0,1.0,19,0,2.230533738625577,1.9485482863787245,2.5192708939672825,0.5707226075885581,1.6715230138764714,2.815901437689823,False,0,0.8724098581806174,1.0,2.5,C_val,2026-09-12 20:16:46,2026-09-12 20:40:23
poster,0,1.0,1.0,20,0,2.165810216058922,1.8825785744050614,2.4556125613167663,0.5730339869117049,1.6039886718410086,2.753249566854498,False,0,1.3242823388645775,0.0,2.5,C_val,2026-09-12 20:16:46,2026-09-12 20:40:23
poster,0,1.0,1.0,21,0,2.335271364493072,2.0542066264902465,2.623600616642743,0.5693939901524963,1.778797180407776,2.92021238377611,False,0,0.32995944948561373,1.0,2.5,C_val,2026-09-12 20:16:46,2026-09-12 20:40:23
poster,0,1.0,1.0,22,0,2.1755884981636093,1.8888470645076745,2.4676113886289026,0.5787643241212281,1.604511690859607,2.7666289151541084,False,0,1.23086925141979,0.0,2.5,C_val,2026-09-12 20:16:46,2026-09-12 20:40:23
poster,0,1.0,1.0,23,0,2.1702900952165547,1.8879137466354985,2.4587808646231992,0.5708671179877007,1.6092277205438905,2.7548321534711433,False,0,1.3014134739569272,0.0,2.5,C_val,2026-09-12 20:16:46,2026-09-12 20:40:23
poster,0,1.0,1.0,24,0,2.171816900828589,1.8882263060083253,2.461105667916844,0.5728793619085186,1.6076755319079317,2.757658372939092,False,0,1.2827718930311676,0.0,2.5,C_val,2026-09-12 20:16:46,2026-09-12 20:40:23
poster,0,1.0,1.0,25,0,2.0283340605915803,1.7424828228519116,2.3185004848483963,0.5760176619964847,1.4571892543265752,2.6150903099477296,False,0,2.6074643684951297,0.0,2.5,C_val,2026-09-12 20:16:46,2026-09-12 20:40:23
poster,0,1.0,1.0,26,0,2.1380752560053873,1.8541635959297738,2.4275997225915225,0.5734361266617487,1.5730550182503902,2.724375748930032,False,0,1.553212131944747,0.0,2.5,C_val,2026-09-12 20:16:46,2026-09-12 20:40:23
poster,0,1.0,1.0,27,0,2.1921026090998494,1.9087730664657052,2.481196085600478,0.5724230191347728,1.62853764657564,2.7776401070134584,False,0,1.1324377878045198,0.0,2.5,C_val,2026-09-12 20:16:46,2026-09-12 20:40:23
poster,0,1.0,1.0,28,0,2.2240068819610284,1.9375750537192318,2.516230181865364,0.5786551281461321,1.6544496917103322,2.8157773181809027,False,0,0.8929061303751951,1.0,2.5,C_val,2026-09-12 20:16:46,2026-09-12 20:40:23
poster,0,1.0,1.0,29,0,2.1497272116507045,1.8630395483808195,2.441577780167988,0.5785382317871686,1.5783338256305166,2.7404135741186693,False,0,1.4338162038620794,0.0,2.5,C_val,2026-09-12 20:16:46,2026-09-12 20:40:23
poster,0,1.0,1.0,30,0,2.183011988641642,1.9024176792510188,2.4698148921500307,0.5673972128990119,1.6256826316516955,2.7641594917109047,False,0,1.2183668371399108,0.0,2.5,C_val,2026-09-12 20:16:46,2026-09-12 20:40:23
poster,0,1.0,1.0,31,0,2.2567425661064164,1.972754177562358,2.5470468676064697,0.5742926900441117,1.6930017428167796,2.8449903320015784,False,0,0.704746085080842,1.0,2.5,C_val,2026-09-12 20:16:46,2026-09-12 20:40:23
poster,0,1.0,1.0,32,0,2.2525597385984377,1.9696142728739638,2.542247645405521,0.5726333725315573,1.6915391861992486,2.839921690084893,False,0,0.7321924288698938,1.0,2.5,C_val,2026-09-12 20:16:46,2026-09-12 20:40:23
poster,0,1.0,1.0,33,0,2.123451121653698,1.8390681735796641,2.4133513439174674,0.5742831703378033,1.5575637016145814,2.7104506784536118,False,0,1.675080264609278,0.0,2.5,C_val,2026-09-12 20:16:46,2026-09-12 20:40:23
poster,0,1.0,1.0,34,0,2.1721223618224217,1.8881719670132209,2.462295178156612,0.5741232111433909,1.608203219398314,2.7601080784085856,False,0,1.2724248614540556,0.0,2.5,C_val,2026-09-12 20:16:46,2026-09-12 20:40:23
poster,0,1.0,1.0,35,0,2.1758012455643216,1.8961902499270171,2.462686465674868,0.566496215747851,1.622588673030742,2.7577781545786033,False,0,1.272283237623924,0.0,2.5,C_val,2026-09-12 20:16:46,2026-09-12 20:40:23
poster,0,1.0,1.0,36,0,2.292704762233837,2.0088224683664464,2.5830439232056195,0.5742214548391731,1.7294369613847946,2.881143736864985,False,0,0.5132433039725584,1.0,2.5,C_val,2026-09-12 20:16:46,2026-09-12 20:40:23
poster,0,1.0,1.0,37,0,2.2863009113918316,2.0019146453206016,2.576974426861961,0.5750597815413596,1.721696168962779,2.875277714012653,False,0,0.5438083218796237,1.0,2.5,C_val,2026-09-12 20:16:46,2026-09-12 20:40:23
poster,0,1.0,1.0,38,0,2.311156267067137,2.0261833190873837,2.602485231133384,0.5763019120460005,1.7454615269562612,2.9014843324113904,False,0,0.42371154888314777,1.0,2.5,C_val,2026-09-12 20:16:46,2026-09-12 20:40:23
poster,0,1.0,1.0,39,0,2.2045426517476003,1.9266999644386422,2.490038749269057,0.563338784830415,1.655275449224516,2.7839300191239174,False,0,1.0699504793192318,0.0,2.5,C_val,2026-09-12 20:16:46,2026-09-12 20:40:23
poster,0,1.0,1.0,40,0,2.248428466970123,1.9633869766222736,2.539716482286252,0.5763295056639786,1.6822985785646756,2.8385811962218446,False,0,0.7483493337713298,1.0,2.5,C_val,2026-09-12 20:16:46,2026-09-12 20:40:23
poster,0,1.0,1.0,41,0,2.1314210003016454,1.8456530215150189,2.4225507057373687,0.5768976842223499,1.562391976418634,2.7207506572940052,False,0,1.59286443181918,0.0,2.5,C_val,2026-09-12 20:16:46,2026-09-12 20:40:23
poster,0,1.0,1.0,42,0,2.281850498533223,1.9980389754147054,2.5721677935439153,0.5741288181292099,1.7187806755114534,2.8702660240983837,False,0,0.5680260921799345,1.0,2.5,C_val,2026-09-12 20:16:46,2026-09-12 20:40:23
poster,0,1.0,1.0,43,0,2.130184277097574,1.8462003112538377,2.419964586570079,0.5737642753162413,1.5654557244790033,2.717007880351037,False,0,1.618014812713227,0.0,2.5,C_val,2026-09-12 20:16:46,2026-09-12 20:40:23
poster,0,1.0,1.0,44,0,2.1138720430026634,1.829301357378591,2.4041693094089713,0.5748679520303803,1.5480686276289912,2.701773500799083,False,0,1.7550405816546117,0.0,2.5,C_val,2026-09-12 20:16:46,2026-09-12 20:40:23
poster,0,1.0,1.0,45,0,2.071435144626844,1.7837489368524593,2.3635815249657885,0.5798325881133293,1.4967902231033727,2.6623080356181705,False,0,2.1303968397587596,0.0,2.5,C_val,2026-09-12 20:16:46,2026-09-12 20:40:23
poster,0,1.0,1.0,46,0,2.18531020016644,1.9006069671677932,2.4759882264216118,0.5753812592538186,1.6196678411221619,2.7740491711754576,False,0,1.1694488136963628,0.0,2.5,C_val,2026-09-12 20:16:46,2026-09-12 20:40:23
poster,0,1.0,1.0,47,0,2.247890229361878,1.9653675197173641,2.5369984057335517,0.5716308860161876,1.6874315987776485,2.833949448064263,False,0,0.7627155266491172,1.0,2.5,C_val,2026-09-12 20:16:46,2026-09-12 20:40:23
pretrained,0,0.01,0.01,0,0,0.9350417687954988,0.915333022290754,1.0608003184570494,0.1454672961662955,0.8581953059433748,1.2579000712156478,False,0,14.530765115367103,0.0,0.4,C_val,2026-09-11 04:14:00,2026-09-12 03:17:12
pretrained,0,0.01,0.01,1,0,0.9867733377373926,0.9608515530385566,1.1269714265084416,0.166119873469885,0.9170514582414098,1.326271104228094,False,0,24.74725731032595,0.0,0.4,C_val,2026-09-11 04:14:00,2026-09-12 03:17:12
pretrained,0,0.01,0.01,2,0,0.9330631493491562,0.886175471039075,1.0429292969314556,0.1567538258923806,0.3647690386443638,1.2559164077346936,False,0,3.284873886845162,0.0,0.4,C_val,2026-09-11 04:14:00,2026-09-12 03:17:12
pretrained,0,0.01,0.01,3,0,0.9936978309030926,0.9494617771944018,1.1290662431930047,0.1796044659986029,0.9448564509597436,1.3272821490515083,False,0,20.107703161022076,0.0,0.4,C_val,2026-09-11 04:14:00,2026-09-12 03:17:12
pretrained,0,0.01,0.01,4,0,0.9847772638494106,0.9729025211680956,1.0812822629890722,0.1083797418209764,0.7726189293419814,1.26865890050425,False,0,14.539461936812586,0.0,0.4,C_val,2026-09-11 04:14:00,2026-09-12 03:17:12
pretrained,0,0.01,0.01,5,0,0.9565857876143722,0.9261069878233176,1.0962289239819236,0.1701219361586059,0.9057414063134857,1.3042141147140491,False,0,14.611344505225134,0.0,0.4,C_val,2026-09-11 04:14:00,2026-09-12 03:17:12
pretrained,0,0.01,0.01,6,0,0.993369759289497,0.9758162667130448,1.0913009904404305,0.1154847237273853,0.6007628177053552,1.2779250586460331,False,0,19.864726751013222,0.0,0.4,C_val,2026-09-11 04:14:00,2026-09-12 03:17:12
pretrained,0,0.01,0.01,7,0,0.9440072189553164,0.927275891501067,1.0668065842408236,0.1395306927397566,0.7846273544655014,1.2693241011900254,False,0,9.281009656504466,0.0,0.4,C_val,2026-09-11 04:14:00,2026-09-12 03:17:12
pretrained,0,0.01,0.01,8,0,0.9894145130714956,0.942896250341723,1.1529966500931217,0.2101003997513987,0.908731246029423,1.370832036857802,False,0,21.52267743706761,0.0,0.4,C_val,2026-09-11 04:14:00,2026-09-12 03:17:12
pretrained,0,0.01,0.01,9,0,1.0034780859592365,0.9873073870149516,1.1099223225731547,0.122614935558203,0.8262039455841618,1.298180633845882,False,0,11.120191427373356,0.0,0.4,C_val,2026-09-11 04:14:00,2026-09-12 03:17:12
pretrained,0,0.01,0.01,10,0,1.010499467824812,0.97807534950509,1.1562984350216026,0.1782230855165125,0.8985627330371483,1.363347118765712,False,0,26.37193631850096,0.0,0.4,C_val,2026-09-11 04:14:00,2026-09-12 03:17:12
pretrained,0,0.01,0.01,11,0,0.9843463310360688,0.9576834209676128,1.0759758124610348,0.1182923914934219,0.4170009873031118,1.2664205606958323,False,0,4.296254214306828,0.0,0.4,C_val,2026-09-11 04:14:00,2026-09-12 03:17:12
pretrained,0,0.01,0.01,12,0,0.9895927175112806,0.9674916792017028,1.1343033538848148,0.1668116746831119,0.8043024708782964,1.352545367137871,False,0,17.72279081490342,0.0,0.4,C_val,2026-09-11 04:14:00,2026-09-12 03:17:12
pretrained,0,0.01,0.01,13,0,0.9722072362449816,0.9373993602922416,1.1393768073586543,0.2019774470664129,0.8070621072861959,1.361047134762354,False,0,34.35354253709011,0.0,0.4,C_val,2026-09-11 04:14:00,2026-09-12 03:17:12
pretrained,0,0.01,0.01,14,0,0.9249721720077704,0.9007859328728478,1.0618627659242317,0.1610768330513836,0.8702074070326922,1.269586589976351,False,0,10.860315763209655,0.0,0.4,C_val,2026-09-11 04:14:00,2026-09-12 03:17:12
pretrained,0,0.01,0.01,15,0,0.8283321676003098,0.8049862978394386,1.0546691953234606,0.2496828974840219,0.0157685935408335,1.2605235273473294,False,0,2.79994823490415,0.0,0.4,C_val,2026-09-11 04:14:00,2026-09-12 03:17:12
pretrained,0,0.01,0.01,16,0,1.0664855224427234,0.9521655951033126,1.235862872048523,0.2836972769452104,0.9143865361383356,1.4420587039224322,False,0,58.0821313757333,0.0,0.4,C_val,2026-09-11 04:14:00,2026-09-12 03:17:12
pretrained,0,0.01,0.01,17,0,0.9771825861093176,0.954857068467634,1.0970902276157064,0.1422331591480725,0.9416433136770622,1.2837545573666782,False,0,15.92096277697783,0.0,0.4,C_val,2026-09-11 04:14:00,2026-09-12 03:17:12
pretrained,0,0.01,0.01,18,0,0.9333593483869144,0.9143299588920468,1.0641924407831032,0.1498624818910564,0.8527151712541876,1.2771277066368838,False,0,6.23127873309204,0.0,0.4,C_val,2026-09-11 04:14:00,2026-09-12 03:17:12
pretrained,0,0.01,0.01,19,0,0.9204532218593642,0.865265991672445,1.1044755578696317,0.2392095661971864,0.7720567542538137,1.3310975809369576,False,0,23.83817201489001,0.0,0.4,C_val,2026-09-11 04:14:00,2026-09-12 03:17:12
pretrained,0,0.01,0.01,20,0,0.8246727915798014,0.8054595754112059,0.9748421741488869,0.1693825987376808,0.582048982313123,1.2053320633024447,False,0,5.648041039774398,0.0,0.4,C_val,2026-09-11 04:14:00,2026-09-12 03:17:12
pretrained,0,0.01,0.01,21,0,0.9956214269550208,0.9512574193716524,1.1474822619461074,0.196224842574455,0.9317537237705472,1.3548461455841865,False,0,27.79961509375425,0.0,0.4,C_val,2026-09-11 04:14:00,2026-09-12 03:17:12
pretrained,0,0.01,0.01,22,0,0.9200779907579476,0.9044407176561464,1.0568771929015643,0.1524364752454179,0.5720049870416859,1.2639906012012865,False,0,11.986032663688093,0.0,0.4,C_val,2026-09-11 04:14:00,2026-09-12 03:17:12
pretrained,0,0.01,0.01,23,0,0.9855072095596186,0.9709139356906988,1.1092380215662698,0.1383240858755711,0.8167170867316206,1.3098653090904688,False,0,27.058253311181037,0.0,0.4,C_val,2026-09-11 04:14:00,2026-09-12 03:17:12
pretrained,0,0.01,0.01,24,0,0.8536996586460096,0.7044439293572136,0.9602795321454428,0.2558356027882293,0.4079310454084404,1.1731735265793342,False,0,5.698008172148548,0.0,0.4,C_val,2026-09-11 04:14:00,2026-09-12 03:17:12
pretrained,0,0.01,0.01,25,0,0.9845538492230368,0.9720655482543824,1.0719805121034736,0.099914963849091,0.8721625026753722,1.2510606676634957,False,0,8.78250639948601,0.0,0.4,C_val,2026-09-11 04:14:00,2026-09-12 03:17:12
pretrained,0,0.01,0.01,26,0,0.9651901521615028,0.929234100337654,1.0918098314311666,0.1625757310935126,0.9244543629676364,1.2822170305553924,False,0,15.227630202643924,0.0,0.4,C_val,2026-09-11 04:14:00,2026-09-12 03:17:12
pretrained,0,0.01,0.01,27,0,0.9818407495751424,0.9491526937697204,1.1079459269975676,0.1587932332278471,0.9430063476506112,1.3007697621368202,False,0,22.71803117442687,0.0,0.4,C_val,2026-09-11 04:14:00,2026-09-12 03:17:12
pretrained,0,0.01,0.01,28,0,0.9647697188140164,0.8966330761942153,1.0703172086031092,0.1736841324088939,0.7161328284579598,1.2700078572124238,False,0,6.294830990646005,0.0,0.4,C_val,2026-09-11 04:14:00,2026-09-12 03:17:12
pretrained,0,0.01,0.01,29,0,0.9952678123883688,0.9676934952808388,1.1275211829831613,0.1598276877023225,0.9523593230292388,1.3307302692879626,False,0,15.096410640824615,0.0,0.4,C_val,2026-09-11 04:14:00,2026-09-12 03:17:12
pretrained,0,0.01,0.01,30,0,0.9848390990354232,0.9740269264432386,1.0830712691707052,0.1090443427274665,0.6972242083299023,1.2687949904300972,False,0,11.638326606349436,0.0,0.4,C_val,2026-09-11 04:14:00,2026-09-12 03:17:12
pretrained,0,0.01,0.01,31,0,1.006910332986553,0.987655252660918,1.140482900990384,0.1528276483294659,0.980016262347561,1.3486545910604728,False,0,15.864612592395131,0.0,0.4,C_val,2026-09-11 04:14:00,2026-09-12 03:17:12
pretrained,0,0.01,0.01,32,0,0.9765982291326926,0.956648266576926,1.1111978303749095,0.1545495637979835,0.8660087801897708,1.317163781312327,False,0,21.454145830797643,0.0,0.4,C_val,2026-09-11 04:14:00,2026-09-12 03:17:12
pretrained,0,0.01,0.01,33,0,0.8861916728731777,0.8479786484875788,1.0299365556531848,0.181957907165606,0.7355823513205729,1.245967576442047,False,0,13.160733795084523,0.0,0.4,C_val,2026-09-11 04:14:00,2026-09-12 03:17:12
pretrained,0,0.01,0.01,34,0,0.9946587025669306,0.9779943655058118,1.1076207886611933,0.1296264231553815,0.9714075728835492,1.298059259244219,False,0,7.491439887417073,0.0,0.4,C_val,2026-09-11 04:14:00,2026-09-12 03:17:12
pretrained,0,0.01,0.01,35,0,0.9732108007381932,0.8390781709366383,1.0853740323240455,0.2462958613874072,0.8340222433445249,1.2933725055636869,False,0,16.809421480051242,0.0,0.4,C_val,2026-09-11 04:14:00,2026-09-12 03:17:12
pretrained,0,0.01,0.01,36,0,0.8975014087099674,0.8727369744907799,1.0492938235759752,0.1765568490851953,0.6628994195848762,1.27067767064555,False,0,21.56307186398044,0.0,0.4,C_val,2026-09-11 04:14:00,2026-09-12 03:17:12
pretrained,0,0.01,0.01,37,0,0.994764649990712,0.9665093705041042,1.1240453857012658,0.1575360151971615,0.9386898953391936,1.3199509368816311,False,0,15.541117878885416,0.0,0.4,C_val,2026-09-11 04:14:00,2026-09-12 03:17:12
pretrained,0,0.01,0.01,38,0,0.8693500785901329,0.8314433910835989,1.0558813506322329,0.2244379595486337,0.7274215677905187,1.291967386811425,False,0,20.58021677096258,0.0,0.4,C_val,2026-09-11 04:14:00,2026-09-12 03:17:12
pretrained,0,0.01,0.01,39,0,0.9844408150177552,0.9588071434295198,1.1057608498299778,0.146953706400458,0.9512860907294688,1.302257756030674,False,0,16.50560219432373,0.0,0.4,C_val,2026-09-11 04:14:00,2026-09-12 03:17:12
pretrained,0,0.01,0.01,40,0,1.0098295924307803,0.9663731549166966,1.1575464211347766,0.1911732662180799,0.9554797409042604,1.36423879383582,False,0,18.414485747678555,0.0,0.4,C_val,2026-09-11 04:14:00,2026-09-12 03:17:12
pretrained,0,0.01,0.01,41,0,0.8610588342521317,0.8224758670700437,1.0328284909967262,0.2103526239266825,0.7484360831574638,1.2558845245274135,False,0,26.89818690121683,0.0,0.4,C_val,2026-09-11 04:14:00,2026-09-12 03:17:12
pretrained,0,0.01,0.01,42,0,0.8227013538036941,0.7699829287103338,0.98724964427428,0.217266715563946,0.7546992196382536,1.2233915169498586,False,0,6.596047798633663,0.0,0.4,C_val,2026-09-11 04:14:00,2026-09-12 03:17:12
pretrained,0,0.01,0.01,43,0,0.9640800502458168,0.88496297339637,1.058584456963531,0.173621483567161,0.7302769798859906,1.252246638853176,False,0,7.822743644432194,0.0,0.4,C_val,2026-09-11 04:14:00,2026-09-12 03:17:12
pretrained,0,0.01,0.01,44,0,0.913015712188036,0.848349843240969,1.045594390984516,0.197244547743547,0.804951035342918,1.2530682279208296,False,0,20.066550174247823,0.0,0.4,C_val,2026-09-11 04:14:00,2026-09-12 03:17:12
pretrained,0,0.01,0.01,45,0,0.7150068880007833,0.6691673614195625,0.9014837698258744,0.232316408406312,0.6263029081179986,1.1924731575502945,False,0,8.003184087479895,0.0,0.4,C_val,2026-09-11 04:14:00,2026-09-12 03:17:12
pretrained,0,0.01,0.01,46,0,0.9049241671032268,0.8931024819595361,1.0283917637029036,0.1352892817433675,0.5966430281179022,1.2406744778280296,False,0,8.407173703526496,0.0,0.4,C_val,2026-09-11 04:14:00,2026-09-12 03:17:12
pretrained,0,0.01,0.01,47,0,0.9995829692561612,0.9577243854218118,1.142350998545735,0.1846266131239231,0.9232789783069694,1.3439557551822858,False,0,18.38473788119154,0.0,0.4,C_val,2026-09-11 04:14:00,2026-09-12 03:17:12
pretrained,0,0.01,0.01,0,0,0.0,,0.00072120536499,,,0.0028848214599601,True,0,8.673801456923684,,2.5,C_val,2026-09-11 04:14:00,2026-09-12 03:17:12
pretrained,0,0.01,0.01,1,0,0.0,,0.000451312493776,,,0.0018052499751041,True,0,7.024110971637128,,2.5,C_val,2026-09-11 04:14:00,2026-09-12 03:17:12
pretrained,0,0.01,0.01,2,0,0.0,,0.0034291071727785,,,0.0166940272243306,True,0,8.623113324145379,,2.5,C_val,2026-09-11 04:14:00,2026-09-12 03:17:12
pretrained,0,0.01,0.01,3,0,0.0,,0.0003971308380121,,,0.0015885233520484,True,0,7.278244401142729,,2.5,C_val,2026-09-11 04:14:00,2026-09-12 03:17:12
pretrained,0,0.01,0.01,4,0,0.0,,0.0014217710357824,,,0.0056870841431297,True,0,12.245037682485416,,2.5,C_val,2026-09-11 04:14:00,2026-09-12 03:17:12
pretrained,0,0.01,0.01,5,0,1.7991563998002125,1.5275220720590648,2.076461688901551,0.5489396168424863,1.260884786443069,2.36065497170883,False,0,6.154636161412782,0.0,2.5,C_val,2026-09-11 04:14:00,2026-09-12 03:17:12
pretrained,0,0.01,0.01,6,0,0.0,,0.0012007041802512,,,0.004802816721005,True,0,9.39676030346891,,2.5,C_val,2026-09-11 04:14:00,2026-09-12 03:17:12
pretrained,0,0.01,0.01,7,0,0.0,,0.0009289532479758,,,0.0037158129919034,True,0,7.463879663831904,,2.5,C_val,2026-09-11 04:14:00,2026-09-12 03:17:12
pretrained,0,0.01,0.01,8,0,1.902240343290672,1.637327880019943,2.174719057247646,0.5373911772277031,1.3798301996994815,2.455348344925824,False,0,4.649764665347902,0.0,2.5,C_val,2026-09-11 04:14:00,2026-09-12 03:17:12
pretrained,0,0.01,0.01,9,0,0.0,,0.0007387173717068,,,0.0029548694868272,True,0,7.49154477574848,,2.5,C_val,2026-09-11 04:14:00,2026-09-12 03:17:12
pretrained,0,0.01,0.01,10,0,1.888433788799097,1.6261743548777847,2.158541318550592,0.532366963672807,1.372173510619907,2.436608237253197,False,0,4.946109878292191,0.0,2.5,C_val,2026-09-11 04:14:00,2026-09-12 03:17:12
pretrained,0,0.01,0.01,11,0,0.0,,0.0014895643034064,,,0.0059582572136257,True,0,8.61335208651144,,2.5,C_val,2026-09-11 04:14:00,2026-09-12 03:17:12
pretrained,0,0.01,0.01,12,0,1.9260763291264191,1.6569213812551251,2.201030366608196,0.544108985353071,1.3926151603188237,2.482311431605773,False,0,4.252179651222832,0.0,2.5,C_val,2026-09-11 04:14:00,2026-09-12 03:17:12
pretrained,0,0.01,0.01,13,0,1.9174939594938007,1.6520368287294205,2.1898512192983364,0.5378143905689159,1.3936295836028638,2.468540260812065,False,0,4.459651102737553,0.0,2.5,C_val,2026-09-11 04:14:00,2026-09-12 03:17:12
pretrained,0,0.01,0.01,14,0,0.0,,0.002953342491322,,,0.0118439765983932,True,0,10.906908441327689,,2.5,C_val,2026-09-11 04:14:00,2026-09-12 03:17:12
pretrained,0,0.01,0.01,15,0,0.0,,0.0022168782127693,,,0.0088675128510772,True,0,8.78900427654662,,2.5,C_val,2026-09-11 04:14:00,2026-09-12 03:17:12
pretrained,0,0.01,0.01,16,0,1.98236374893136,1.725626938978731,2.2490645021233755,0.5234375631446442,1.480256068398315,2.52513421106056,False,0,3.648968329431227,0.0,2.5,C_val,2026-09-11 04:14:00,2026-09-12 03:17:12
pretrained,0,0.01,0.01,17,0,1.6683622441076855,1.4044560469502316,1.9399050935004567,0.5354490465502255,1.1528549646235848,2.218767415177584,False,0,8.89748249684635,0.0,2.5,C_val,2026-09-11 04:14:00,2026-09-12 03:17:12
pretrained,0,0.01,0.01,18,0,0.0,,0.000634764454709,,,0.0025390578188361,True,0,7.11654336405627,,2.5,C_val,2026-09-11 04:14:00,2026-09-12 03:17:12
pretrained,0,0.01,0.01,19,0,1.887462060081331,1.6232956676041257,2.1589113070682253,0.5356156394640996,1.3658713047803124,2.4382854672667142,False,0,4.914733872348734,0.0,2.5,C_val,2026-09-11 04:14:00,2026-09-12 03:17:12
pretrained,0,0.01,0.01,20,0,0.0,,0.0062798567164752,,,0.0141115258584829,True,0,8.314630701966962,,2.5,C_val,2026-09-11 04:14:00,2026-09-12 03:17:12
pretrained,0,0.01,0.01,21,0,0.0,,0.0004375276157097,,,0.0017501104628391,True,0,5.6059561633665,,2.5,C_val,2026-09-11 04:14:00,2026-09-12 03:17:12
pretrained,0,0.01,0.01,22,0,0.0,,0.0012742862631408,,,0.0050971450525632,True,0,6.951964392865193,,2.5,C_val,2026-09-11 04:14:00,2026-09-12 03:17:12
pretrained,0,0.01,0.01,23,0,1.7785900602618026,1.5131191568244675,2.0511984563025765,0.538079299478109,1.25537751695039,2.331485693560705,False,0,6.6956015899413615,0.0,2.5,C_val,2026-09-11 04:14:00,2026-09-12 03:17:12
pretrained,0,0.01,0.01,24,0,0.0,,0.0090009338935191,,,0.0393892834275998,True,0,12.905207198829885,,2.5,C_val,2026-09-11 04:14:00,2026-09-12 03:17:12
pretrained,0,0.01,0.01,25,0,0.0,,0.0013878925477248,,,0.0055515701908995,True,0,10.896679396279067,,2.5,C_val,2026-09-11 04:14:00,2026-09-12 03:17:12
pretrained,0,0.01,0.01,26,0,1.7306736572291666,1.4645094987966365,2.0045944022201936,0.5400849034235571,1.2098407540103209,2.2861165522228486,False,0,7.517499476598459,0.0,2.5,C_val,2026-09-11 04:14:00,2026-09-12 03:17:12
pretrained,0,0.01,0.01,27,0,0.0,,0.0005864370804744,,,0.0023457483218977,True,0,8.08536173214452,,2.5,C_val,2026-09-11 04:14:00,2026-09-12 03:17:12
pretrained,0,0.01,0.01,28,0,0.0,,0.0012126438770381,,,0.0048505755081526,True,0,7.811076048241375,,2.5,C_val,2026-09-11 04:14:00,2026-09-12 03:17:12
pretrained,0,0.01,0.01,29,0,1.8219934882716773,1.5529933673538512,2.097476351843357,0.5444829844895054,1.2905925576825914,2.3803021450149005,False,0,5.832452113299951,0.0,2.5,C_val,2026-09-11 04:14:00,2026-09-12 03:17:12
pretrained,0,0.01,0.01,30,0,0.0,,0.0008855601419958,,,0.0035422405679835,True,0,9.056786645749526,,2.5,C_val,2026-09-11 04:14:00,2026-09-12 03:17:12
pretrained,0,0.01,0.01,31,0,1.8804252094337857,1.611999777165012,2.155331674538357,0.5433318973733452,1.3493875852636916,2.437716931204303,False,0,4.914246924694453,0.0,2.5,C_val,2026-09-11 04:14:00,2026-09-12 03:17:12
pretrained,0,0.01,0.01,32,0,1.8400746225425595,1.573528914614768,2.1136245071643773,0.5400955925496094,1.3141685584352123,2.3948362391527525,False,0,5.601380301093741,0.0,2.5,C_val,2026-09-11 04:14:00,2026-09-12 03:17:12
pretrained,0,0.01,0.01,33,0,1.719334717671208,1.4505545826870925,1.993932478519392,0.5433778958322995,1.1864132680881565,2.275669632949899,False,0,7.710951197375834,0.0,2.5,C_val,2026-09-11 04:14:00,2026-09-12 03:17:12
pretrained,0,0.01,0.01,34,0,0.0,,0.0006582726711325,,,0.0026330906845301,True,0,8.271318915903976,,2.5,C_val,2026-09-11 04:14:00,2026-09-12 03:17:12
pretrained,0,0.01,0.01,35,0,0.0,,0.0034595603358257,,,0.0176571538538123,True,0,6.867381928012037,,2.5,C_val,2026-09-11 04:14:00,2026-09-12 03:17:12
pretrained,0,0.01,0.01,36,0,0.0,,0.0034182202355022,,,0.0152017725997997,True,0,6.809656210029061,,2.5,C_val,2026-09-11 04:14:00,2026-09-12 03:17:12
pretrained,0,0.01,0.01,37,0,0.0,,0.0003443270429373,,,0.0013773081717493,True,0,8.439161355443503,,2.5,C_val,2026-09-11 04:14:00,2026-09-12 03:17:12
pretrained,0,0.01,0.01,38,0,0.0,,0.0031694505461054,,,0.0143083872540164,True,0,7.049351962563378,,2.5,C_val,2026-09-11 04:14:00,2026-09-12 03:17:12
pretrained,0,0.01,0.01,39,0,0.0,,0.0007393875157977,,,0.0029575500631909,True,0,7.267855187965324,,2.5,C_val,2026-09-11 04:14:00,2026-09-12 03:17:12
pretrained,0,0.01,0.01,40,0,1.8738589314231335,1.6111051053119398,2.144628413125101,0.5335233078131614,1.3572410947014049,2.4235613044610727,False,0,5.148154186012107,0.0,2.5,C_val,2026-09-11 04:14:00,2026-09-12 03:17:12
pretrained,0,0.01,0.01,41,0,1.7844578478681934,1.5168254099391998,2.0584820822369942,0.5416566722977945,1.254628471617775,2.3398627601247903,False,0,6.53693360635225,0.0,2.5,C_val,2026-09-11 04:14:00,2026-09-12 03:17:12
pretrained,0,0.01,0.01,42,0,0.0,,0.0057356886925334,,,0.028341756774508,True,0,7.256539602120029,,2.5,C_val,2026-09-11 04:14:00,2026-09-12 03:17:12
pretrained,0,0.01,0.01,43,0,1.7249558960658826,1.4506175061794206,2.0034288460411998,0.5528113398617787,1.1786401960972468,2.287863935226095,False,0,7.452777532515029,0.0,2.5,C_val,2026-09-11 04:14:00,2026-09-12 03:17:12
pretrained,0,0.01,0.01,44,0,1.7187574232147174,1.447987409067779,1.9956007859237053,0.5476133768559266,1.1835488166415171,2.279491312090817,False,0,7.610248150976986,0.0,2.5,C_val,2026-09-11 04:14:00,2026-09-12 03:17:12
pretrained,0,0.01,0.01,45,0,0.0,,0.0030052578934922,,,0.0183027375808796,True,0,10.605108548563294,,2.5,C_val,2026-09-11 04:14:00,2026-09-12 03:17:12
pretrained,0,0.01,0.01,46,0,0.0,,0.0013372516561957,,,0.0053490066247828,True,0,7.098478222556878,,2.5,C_val,2026-09-11 04:14:00,2026-09-12 03:17:12
pretrained,0,0.01,0.01,47,0,0.0,,0.0007344705337715,,,0.002937882135086,True,0,5.710585702370736,,2.5,C_val,2026-09-11 04:14:00,2026-09-12 03:17:12
pretrained,1,0.01,0.01,0,0,0.9051930270767109,0.838252353658219,1.043294412027693,0.20504205836947398,0.8240693942200005,1.2427189688114826,False,0,33.12294353178004,0.0,0.4,C_val,2026-09-12 21:53:49,2026-09-13 00:07:36
pretrained,1,0.01,0.01,1,0,1.017348772814982,0.9278858271249694,1.1606072775077811,0.23272145038281178,0.8997031811964356,1.3439603712539407,False,0,72.599605391355,0.0,0.4,C_val,2026-09-12 21:53:49,2026-09-13 00:07:36
pretrained,1,0.01,0.01,2,0,0.9451777602859358,0.9077133103630632,1.0878839722906206,0.18017066192755737,0.87285232790014,1.2840015595348302,False,0,44.45007752250967,0.0,0.4,C_val,2026-09-12 21:53:49,2026-09-13 00:07:36
pretrained,1,0.01,0.01,3,0,0.9871537368102279,0.9225079172782862,1.1412120552945975,0.21870413801631128,0.9076676454606517,1.337157707726362,False,0,62.450464346198714,0.0,0.4,C_val,2026-09-12 21:53:49,2026-09-13 00:07:36
pretrained,1,0.01,0.01,4,0,1.0063030510792503,0.9360082497156194,1.1606511888818194,0.22464293916620004,0.9045986538515696,1.3550141138741048,False,0,65.64747284135956,0.0,0.4,C_val,2026-09-12 21:53:49,2026-09-13 00:07:36
pretrained,1,0.01,0.01,5,0,0.9947804709255786,0.9274789582833115,1.1488317415301756,0.22135278324686414,0.9146432784224724,1.3438172361310645,False,0,72.23284344995773,0.0,0.4,C_val,2026-09-12 21:53:49,2026-09-13 00:07:36
pretrained,1,0.01,0.01,6,0,0.8975886214003824,0.8584572856002771,1.0284316512520364,0.16997436565175927,0.8348979934045241,1.215229225363783,False,0,32.39503355447596,0.0,0.4,C_val,2026-09-12 21:53:49,2026-09-13 00:07:36
pretrained,1,0.01,0.01,7,0,0.9938195093318408,0.935366068095777,1.1544790137369512,0.21911294564117412,0.8714317610501379,1.352556137933702,False,0,87.73627218983893,0.0,0.4,C_val,2026-09-12 21:53:49,2026-09-13 00:07:36
pretrained,1,0.01,0.01,8,0,0.9445954905114895,0.8970122625673671,1.089930927590309,0.19291866502294197,0.8816211956446272,1.282739674624075,False,0,49.271566653485934,0.0,0.4,C_val,2026-09-12 21:53:49,2026-09-13 00:07:36
pretrained,1,0.01,0.01,9,0,0.9786907497854144,0.9195080044157126,1.1227932551614357,0.20328525074572312,0.9049739389664421,1.3132666395068957,False,0,50.65951715725532,0.0,0.4,C_val,2026-09-12 21:53:49,2026-09-13 00:07:36
pretrained,1,0.01,0.01,10,0,0.9969190324324179,0.9156597599532967,1.1580880663661421,0.2424283064128454,0.8971587460260766,1.3582827432762299,False,0,66.69209939115171,0.0,0.4,C_val,2026-09-12 21:53:49,2026-09-13 00:07:36
pretrained,1,0.01,0.01,11,0,0.9846943294865356,0.9256893152038949,1.1425904769144686,0.21690116171057372,0.9039681271754838,1.3410679938376253,False,0,63.92397585504659,0.0,0.4,C_val,2026-09-12 21:53:49,2026-09-13 00:07:36
pretrained,1,0.01,0.01,12,0,1.0439171616550145,0.9070843013395563,1.22220601696493,0.3151217156253737,0.8560496478140421,1.43008536079859,False,0,99.73463897154943,0.0,0.4,C_val,2026-09-12 21:53:49,2026-09-13 00:07:36
pretrained,1,0.01,0.01,13,0,0.9973250010280109,0.9109370217671514,1.1586008549971785,0.24766383323002705,0.8856955938171923,1.3573083082954551,False,0,74.05200475975653,0.0,0.4,C_val,2026-09-12 21:53:49,2026-09-13 00:07:36
pretrained,1,0.01,0.01,14,0,0.9701516782862337,0.9097464018099072,1.127558453067164,0.2178120512572569,0.8561281050439952,1.3288145120803903,False,0,51.93648157309508,0.0,0.4,C_val,2026-09-12 21:53:49,2026-09-13 00:07:36
pretrained,1,0.01,0.01,15,0,1.0212136871504518,0.91287858852349,1.1845255198210602,0.2716469312975702,0.8894891278138605,1.3847428804464665,False,0,71.07554233947303,0.0,0.4,C_val,2026-09-12 21:53:49,2026-09-13 00:07:36
pretrained,1,0.01,0.01,16,0,1.0218918220727304,0.9295520359793582,1.1757912243665232,0.24623918838716496,0.9044451855483643,1.3701599557290023,False,0,65.06721481285786,0.0,0.4,C_val,2026-09-12 21:53:49,2026-09-13 00:07:36
pretrained,1,0.01,0.01,17,0,0.9620400057157401,0.9359149423684131,1.0816389070381613,0.14572396466974824,0.903871083277249,1.2558323093901191,False,0,45.10658664744915,0.0,0.4,C_val,2026-09-12 21:53:49,2026-09-13 00:07:36
pretrained,1,0.01,0.01,18,0,0.9421299033838166,0.8756636722814005,1.1048350054336498,0.22917133315224925,0.8615788869071392,1.3118158482929672,False,0,45.401960235791194,0.0,0.4,C_val,2026-09-12 21:53:49,2026-09-13 00:07:36
pretrained,1,0.01,0.01,19,0,0.9779730827458819,0.9443345500448744,1.1128546851886252,0.16852013514375075,0.8877320041045459,1.2978635320739784,False,0,49.70361225520537,0.0,0.4,C_val,2026-09-12 21:53:49,2026-09-13 00:07:36
pretrained,1,0.01,0.01,20,0,0.9941902682169782,0.9167148271174942,1.1497963184518842,0.23308149133439005,0.8761638212410137,1.3427836294277007,False,0,70.20625116421434,0.0,0.4,C_val,2026-09-12 21:53:49,2026-09-13 00:07:36
pretrained,1,0.01,0.01,21,0,0.9802541513470295,0.8765410609537595,1.1476867047937842,0.2711456438400247,0.8510348111100562,1.3490151914967954,False,0,73.00314414394234,0.0,0.4,C_val,2026-09-12 21:53:49,2026-09-13 00:07:36
pretrained,1,0.01,0.01,22,0,1.0167824071772744,0.919656946349523,1.1808697868141913,0.2612128404646683,0.9117755041870429,1.3804596944263987,False,0,71.06936315436542,0.0,0.4,C_val,2026-09-12 21:53:49,2026-09-13 00:07:36
pretrained,1,0.01,0.01,23,0,0.9302840436201101,0.8795038228984249,1.0683125117291592,0.18880868883073432,0.8741504187924003,1.2605213317440316,False,0,33.28911825187606,0.0,0.4,C_val,2026-09-12 21:53:49,2026-09-13 00:07:36
pretrained,1,0.01,0.01,24,0,0.9226266710495841,0.8880152963732947,1.0551583697887008,0.16714307341540613,0.8091413203053747,1.2423526424801377,False,0,51.1533124942689,0.0,0.4,C_val,2026-09-12 21:53:49,2026-09-13 00:07:36
pretrained,1,0.01,0.01,25,0,0.9704600275936792,0.9272448950502191,1.1040297272585298,0.17678483220831065,0.9135917598574204,1.2832311186004908,False,0,62.45196848730848,0.0,0.4,C_val,2026-09-12 21:53:49,2026-09-13 00:07:36
pretrained,1,0.01,0.01,26,0,0.9176060163380266,0.8833096802841308,1.0571318435512485,0.17382216326711764,0.8339823314546524,1.2463235246039646,False,0,46.52040943305474,0.0,0.4,C_val,2026-09-12 21:53:49,2026-09-13 00:07:36
pretrained,1,0.01,0.01,27,0,0.9458977374350039,0.9102813459518667,1.0779649595159018,0.16768361356403505,0.8826650986895939,1.2634132320474394,False,0,39.61507459073982,0.0,0.4,C_val,2026-09-12 21:53:49,2026-09-13 00:07:36
pretrained,1,0.01,0.01,28,0,0.9725085235639863,0.8951148253384461,1.132175405768879,0.237060580430433,0.8593331166258034,1.33180690557395,False,0,55.04611405686592,0.0,0.4,C_val,2026-09-12 21:53:49,2026-09-13 00:07:36
pretrained,1,0.01,0.01,29,0,0.9802155636489063,0.9346575826067464,1.1320815667291015,0.19742398412235518,0.8908117998098,1.326493347505955,False,0,55.69973265945009,0.0,0.4,C_val,2026-09-12 21:53:49,2026-09-13 00:07:36
pretrained,1,0.01,0.01,30,0,0.9662340150677189,0.9163148664731243,1.105127590052168,0.18881272357904366,0.8757518914400382,1.288776799348448,False,0,56.42286944836815,0.0,0.4,C_val,2026-09-12 21:53:49,2026-09-13 00:07:36
pretrained,1,0.01,0.01,31,0,1.0113064845174824,0.9372415025558265,1.1604796702302083,0.22323816767438176,0.9231394759236122,1.3498688403948758,False,0,79.9977104630234,0.0,0.4,C_val,2026-09-12 21:53:49,2026-09-13 00:07:36
pretrained,1,0.01,0.01,32,0,1.0243550925253657,0.9298146790977867,1.1908907493507075,0.2610760702529208,0.9226191601789588,1.39204228303006,False,0,74.87748202962757,0.0,0.4,C_val,2026-09-12 21:53:49,2026-09-13 00:07:36
pretrained,1,0.01,0.01,33,0,0.9607519519525923,0.9225066042301548,1.1021381212053911,0.17963151697523627,0.8693579064852516,1.2908275435419423,False,0,52.64347991249451,0.0,0.4,C_val,2026-09-12 21:53:49,2026-09-13 00:07:36
pretrained,1,0.01,0.01,34,0,0.9592298498245798,0.9331315008549557,1.0976910616799243,0.1645595608249686,0.8680190954980087,1.2902576491230222,False,0,50.12482287501916,0.0,0.4,C_val,2026-09-12 21:53:49,2026-09-13 00:07:36
pretrained,1,0.01,0.01,35,0,0.9508736615992476,0.9206275479165209,1.0782503617264485,0.1576228138099276,0.8877828266692086,1.2600944570355346,False,0,40.900097211575485,0.0,0.4,C_val,2026-09-12 21:53:49,2026-09-13 00:07:36
pretrained,1,0.01,0.01,36,0,1.0035180397443317,0.9261110635479813,1.1660977704167752,0.23998670686879386,0.8867506219233182,1.3667079789945653,False,0,60.783215657989786,0.0,0.4,C_val,2026-09-12 21:53:49,2026-09-13 00:07:36
pretrained,1,0.01,0.01,37,0,0.9463622467250679,0.8770164703988316,1.1014277028810624,0.22441123248223083,0.8552064710934719,1.2996077609531556,False,0,44.72192180370621,0.0,0.4,C_val,2026-09-12 21:53:49,2026-09-13 00:07:36
pretrained,1,0.01,0.01,38,0,1.032601305745419,0.9187858434580646,1.2035989245824497,0.2848130811243851,0.8701580217537895,1.4089253718742916,False,0,74.8852563545297,0.0,0.4,C_val,2026-09-12 21:53:49,2026-09-13 00:07:36
pretrained,1,0.01,0.01,39,0,0.9424858807426304,0.8684475630870158,1.0827746669350518,0.214327103848036,0.8563163097112544,1.2649035906594788,False,0,64.57703341975866,0.0,0.4,C_val,2026-09-12 21:53:49,2026-09-13 00:07:36
pretrained,1,0.01,0.01,40,0,0.947011917447913,0.8916013306073883,1.111500913252381,0.21989958264499265,0.8417058520623315,1.3169159722285138,False,0,56.54207377441708,0.0,0.4,C_val,2026-09-12 21:53:49,2026-09-13 00:07:36
pretrained,1,0.01,0.01,41,0,0.965966506435064,0.9076869278794147,1.1166571629968416,0.20897023511742685,0.8621353170504805,1.3092164538319968,False,0,54.82074555757208,0.0,0.4,C_val,2026-09-12 21:53:49,2026-09-13 00:07:36
pretrained,1,0.01,0.01,42,0,0.9498367260476865,0.8954181603265835,1.1000986663644754,0.2046805060378919,0.8385033584303666,1.2944769457979977,False,0,56.058352883286716,0.0,0.4,C_val,2026-09-12 21:53:49,2026-09-13 00:07:36
pretrained,1,0.01,0.01,43,0,0.953041834269703,0.9261581110303106,1.0693317609778883,0.14317364994757764,0.8947505728186479,1.244015727911709,False,0,37.579971330425906,0.0,0.4,C_val,2026-09-12 21:53:49,2026-09-13 00:07:36
pretrained,1,0.01,0.01,44,0,0.9502112662858134,0.9211679533504131,1.0905476867716755,0.16937973342126234,0.864206919991806,1.283723995523137,False,0,41.60834535274989,0.0,0.4,C_val,2026-09-12 21:53:49,2026-09-13 00:07:36
pretrained,1,0.01,0.01,45,0,0.9820781164503698,0.9062397784392278,1.1295816646155419,0.22334188617631412,0.8850920445058404,1.3164221610662206,False,0,69.83038196787675,0.0,0.4,C_val,2026-09-12 21:53:49,2026-09-13 00:07:36
pretrained,1,0.01,0.01,46,0,0.9425551433343202,0.90003762322563,1.0883480360854738,0.18831041285984385,0.8525127908811719,1.2819730995154957,False,0,41.947283082419744,0.0,0.4,C_val,2026-09-12 21:53:49,2026-09-13 00:07:36
pretrained,1,0.01,0.01,47,0,1.0162473955282705,0.9485438875020258,1.1713664071008476,0.22282251959882182,0.9299708004554974,1.3683185057149803,False,0,56.44393962277172,0.0,0.4,C_val,2026-09-12 21:53:49,2026-09-13 00:07:36
pretrained,1,0.01,0.01,0,0,0.0,,0.005028094082827466,,,0.012713770219837994,True,0,21.462305679993733,,2.5,C_val,2026-09-12 21:53:49,2026-09-13 00:07:36
pretrained,1,0.01,0.01,1,0,0.0,,0.00019909543145754853,,,0.0007963817258301941,True,0,20.821538940206665,,2.5,C_val,2026-09-12 21:53:49,2026-09-13 00:07:36
pretrained,1,0.01,0.01,2,0,0.0,,0.001062628709862659,,,0.004250514839450636,True,0,22.741468104344676,,2.5,C_val,2026-09-12 21:53:49,2026-09-13 00:07:36
pretrained,1,0.01,0.01,3,0,0.0,,0.0004694414920279351,,,0.0018777659681117405,True,0,18.910097043033602,,2.5,C_val,2026-09-12 21:53:49,2026-09-13 00:07:36
pretrained,1,0.01,0.01,4,0,0.0,,0.00048771864392981615,,,0.0019508745757192646,True,0,18.284840508091293,,2.5,C_val,2026-09-12 21:53:49,2026-09-13 00:07:36
pretrained,1,0.01,0.01,5,0,0.0,,0.00047408748019089507,,,0.0018963499207635803,True,0,18.684699510777136,,2.5,C_val,2026-09-12 21:53:49,2026-09-13 00:07:36
pretrained,1,0.01,0.01,6,0,0.0,,0.0038052715310769305,,,0.01122311556052598,True,0,25.332005181440763,,2.5,C_val,2026-09-12 21:53:49,2026-09-13 00:07:36
pretrained,1,0.01,0.01,7,0,0.0,,0.0008651370908184653,,,0.003460548363273861,True,0,17.13910862742705,,2.5,C_val,2026-09-12 21:53:49,2026-09-13 00:07:36
pretrained,1,0.01,0.01,8,0,0.0,,0.0006863404805332329,,,0.0027453619221329316,True,0,22.355835498616216,,2.5,C_val,2026-09-12 21:53:49,2026-09-13 00:07:36
pretrained,1,0.01,0.01,9,0,0.0,,0.0005540971204761102,,,0.002216388481904441,True,0,20.286863990389975,,2.5,C_val,2026-09-12 21:53:49,2026-09-13 00:07:36
pretrained,1,0.01,0.01,10,0,0.0,,0.0006388349853412544,,,0.0025553399413650174,True,0,18.993674416047725,,2.5,C_val,2026-09-12 21:53:49,2026-09-13 00:07:36
pretrained,1,0.01,0.01,11,0,0.0,,0.0009552181253959364,,,0.003820872501583746,True,0,16.462730132578145,,2.5,C_val,2026-09-12 21:53:49,2026-09-13 00:07:36
pretrained,1,0.01,0.01,12,0,0.0,,0.0013382834576574577,,,0.005353133830629831,True,0,13.917582568508806,,2.5,C_val,2026-09-12 21:53:49,2026-09-13 00:07:36
pretrained,1,0.01,0.01,13,0,0.0,,0.0007385371769778678,,,0.0029541487079114714,True,0,18.791675025691802,,2.5,C_val,2026-09-12 21:53:49,2026-09-13 00:07:36
pretrained,1,0.01,0.01,14,0,0.0,,0.0007947366268232382,,,0.0031789465072929526,True,0,18.9033359254463,,2.5,C_val,2026-09-12 21:53:49,2026-09-13 00:07:36
pretrained,1,0.01,0.01,15,0,0.0,,0.0003467870230643131,,,0.0013871480922572523,True,0,16.694109002033656,,2.5,C_val,2026-09-12 21:53:49,2026-09-13 00:07:36
pretrained,1,0.01,0.01,16,0,0.0,,0.00032744126168487254,,,0.0013097650467394902,True,0,16.21030184740448,,2.5,C_val,2026-09-12 21:53:49,2026-09-13 00:07:36
pretrained,1,0.01,0.01,17,0,0.0,,0.0006712188778072516,,,0.0026848755112290064,True,0,24.141461319391965,,2.5,C_val,2026-09-12 21:53:49,2026-09-13 00:07:36
pretrained,1,0.01,0.01,18,0,0.0,,0.0010431062555918147,,,0.004172425022367259,True,0,15.853121112202643,,2.5,C_val,2026-09-12 21:53:49,2026-09-13 00:07:36
pretrained,1,0.01,0.01,19,0,0.0,,0.0005803068096190091,,,0.0023212272384760366,True,0,24.04907538335101,,2.5,C_val,2026-09-12 21:53:49,2026-09-13 00:07:36
pretrained,1,0.01,0.01,20,0,0.0,,0.0005225508969380762,,,0.002090203587752305,True,0,19.375252981262747,,2.5,C_val,2026-09-12 21:53:49,2026-09-13 00:07:36
pretrained,1,0.01,0.01,21,0,0.0,,0.0011263551659232423,,,0.004505420663692969,True,0,17.673384610388894,,2.5,C_val,2026-09-12 21:53:49,2026-09-13 00:07:36
pretrained,1,0.01,0.01,22,0,0.0,,0.000553811881113043,,,0.002215247524452172,True,0,14.815138140882482,,2.5,C_val,2026-09-12 21:53:49,2026-09-13 00:07:36
pretrained,1,0.01,0.01,23,0,0.0,,0.0005798406992737088,,,0.002319362797094835,True,0,20.770881768708932,,2.5,C_val,2026-09-12 21:53:49,2026-09-13 00:07:36
pretrained,1,0.01,0.01,24,0,0.0,,0.001311551598268074,,,0.005246206393072296,True,0,25.130575970331847,,2.5,C_val,2026-09-12 21:53:49,2026-09-13 00:07:36
pretrained,1,0.01,0.01,25,0,0.0,,0.0010663054710524128,,,0.004265221884209651,True,0,24.566725803037116,,2.5,C_val,2026-09-12 21:53:49,2026-09-13 00:07:36
pretrained,1,0.01,0.01,26,0,0.0,,0.001578545408911526,,,0.006314181635646104,True,0,21.8675157712496,,2.5,C_val,2026-09-12 21:53:49,2026-09-13 00:07:36
pretrained,1,0.01,0.01,27,0,0.0,,0.0005126260563329448,,,0.002050504225331779,True,0,23.9775959925355,,2.5,C_val,2026-09-12 21:53:49,2026-09-13 00:07:36
pretrained,1,0.01,0.01,28,0,0.0,,0.0008993643589307199,,,0.0035974574357228797,True,0,17.52254425869978,,2.5,C_val,2026-09-12 21:53:49,2026-09-13 00:07:36
pretrained,1,0.01,0.01,29,0,0.0,,0.0007849627813385503,,,0.0031398511253542013,True,0,20.279243032946397,,2.5,C_val,2026-09-12 21:53:49,2026-09-13 00:07:36
pretrained,1,0.01,0.01,30,0,0.0,,0.0006927469635376449,,,0.0027709878541505796,True,0,22.55900700932034,,2.5,C_val,2026-09-12 21:53:49,2026-09-13 00:07:36
pretrained,1,0.01,0.01,31,0,0.0,,0.0005639719882442691,,,0.0022558879529770764,True,0,20.744943088135187,,2.5,C_val,2026-09-12 21:53:49,2026-09-13 00:07:36
pretrained,1,0.01,0.01,32,0,0.0,,0.0005132656826781798,,,0.002053062730712719,True,0,13.671329039705597,,2.5,C_val,2026-09-12 21:53:49,2026-09-13 00:07:36
pretrained,1,0.01,0.01,33,0,0.0,,0.000523010002246356,,,0.002092040008985424,True,0,18.650702615112095,,2.5,C_val,2026-09-12 21:53:49,2026-09-13 00:07:36
pretrained,1,0.01,0.01,34,0,0.0,,0.0008936243242589442,,,0.003574497297035777,True,0,20.86342187256014,,2.5,C_val,2026-09-12 21:53:49,2026-09-13 00:07:36
pretrained,1,0.01,0.01,35,0,0.0,,0.0005702145939769632,,,0.0022808583759078528,True,0,24.27037282308447,,2.5,C_val,2026-09-12 21:53:49,2026-09-13 00:07:36
pretrained,1,0.01,0.01,36,0,0.0,,0.0005775759302089772,,,0.002310303720835909,True,0,16.611917090212955,,2.5,C_val,2026-09-12 21:53:49,2026-09-13 00:07:36
pretrained,1,0.01,0.01,37,0,0.0,,0.000954433432909995,,,0.00381773373163998,True,0,21.946239817585592,,2.5,C_val,2026-09-12 21:53:49,2026-09-13 00:07:36
pretrained,1,0.01,0.01,38,0,0.0,,0.00035940832897424907,,,0.0014376333158969963,True,0,15.59748927192777,,2.5,C_val,2026-09-12 21:53:49,2026-09-13 00:07:36
pretrained,1,0.01,0.01,39,0,0.0,,0.0005104783451590418,,,0.0020419133806361674,True,0,25.12395782533713,,2.5,C_val,2026-09-12 21:53:49,2026-09-13 00:07:36
pretrained,1,0.01,0.01,40,0,0.0,,0.00219735032094034,,,0.00878940128376136,True,0,18.244718035915866,,2.5,C_val,2026-09-12 21:53:49,2026-09-13 00:07:36
pretrained,1,0.01,0.01,41,0,0.0,,0.0008081179791462878,,,0.0032324719165851513,True,0,18.985108601245884,,2.5,C_val,2026-09-12 21:53:49,2026-09-13 00:07:36
pretrained,1,0.01,0.01,42,0,0.0,,0.0013384002678380315,,,0.005353601071352126,True,0,21.773969104320713,,2.5,C_val,2026-09-12 21:53:49,2026-09-13 00:07:36
pretrained,1,0.01,0.01,43,0,0.0,,0.0007563334380206478,,,0.0030253337520825914,True,0,23.410701615277503,,2.5,C_val,2026-09-12 21:53:49,2026-09-13 00:07:36
pretrained,1,0.01,0.01,44,0,0.0,,0.001058204368423535,,,0.00423281747369414,True,0,19.783677137496852,,2.5,C_val,2026-09-12 21:53:49,2026-09-13 00:07:36
pretrained,1,0.01,0.01,45,0,0.0,,0.0008638062580907425,,,0.00345522503236297,True,0,21.041594142268877,,2.5,C_val,2026-09-12 21:53:49,2026-09-13 00:07:36
pretrained,1,0.01,0.01,46,0,0.0,,0.001432131587226713,,,0.005728526348906852,True,0,21.193133997454424,,2.5,C_val,2026-09-12 21:53:49,2026-09-13 00:07:36
pretrained,1,0.01,0.01,47,0,0.0,,0.0004627634417482707,,,0.0018510537669930828,True,0,18.3312047244508,,2.5,C_val,2026-09-12 21:53:49,2026-09-13 00:07:36
pretrained,2,0.01,0.01,0,0,0.9071646313716458,0.8598430140801283,1.0371101066472248,0.1772670925670965,0.8509235023773721,1.2232706235701165,False,0,27.64647413046987,0.0,0.4,C_val,2026-09-13 01:09:32,2026-09-13 03:04:35
pretrained,2,0.01,0.01,1,0,0.9829590359327813,0.8875105950538495,1.1423929659349594,0.2548823708811099,0.8652572252945662,1.33815692026449,False,0,52.11851351061341,0.0,0.4,C_val,2026-09-13 01:09:32,2026-09-13 03:04:35
pretrained,2,0.01,0.01,2,0,0.9083501559431257,0.8443038151448963,1.0682459452081383,0.22394213006324204,0.8182192341474542,1.2733326376066256,False,0,32.22545361846278,0.0,0.4,C_val,2026-09-13 01:09:32,2026-09-13 03:04:35
pretrained,2,0.01,0.01,3,0,0.9512504679381032,0.854556560527464,1.1238776464149587,0.2693210858874947,0.8187342812036693,1.3313891330945011,False,0,44.47510672948556,0.0,0.4,C_val,2026-09-13 01:09:32,2026-09-13 03:04:35
pretrained,2,0.01,0.01,4,0,0.9272226177117703,0.8767626264269426,1.0784421928334764,0.20167956640653384,0.8488311249480287,1.2760203789215907,False,0,36.92698830822337,0.0,0.4,C_val,2026-09-13 01:09:32,2026-09-13 03:04:35
pretrained,2,0.01,0.01,5,0,0.9106237662341968,0.8914031074825771,1.0435225038348757,0.15211939635229854,0.8337605828417336,1.2395171951314137,False,0,20.959202491809265,0.0,0.4,C_val,2026-09-13 01:09:32,2026-09-13 03:04:35
pretrained,2,0.01,0.01,6,0,0.9171011548827721,0.8833699883800549,1.0557786038544967,0.17240861547444186,0.8376400171062526,1.2460162019948218,False,0,30.474592642192874,0.0,0.4,C_val,2026-09-13 01:09:32,2026-09-13 03:04:35
pretrained,2,0.01,0.01,7,0,0.8985646212284522,0.8395813507573034,1.0519371290198722,0.2123557782625688,0.8221916530208858,1.2491535990899345,False,0,37.02775517330156,0.0,0.4,C_val,2026-09-13 01:09:32,2026-09-13 03:04:35
pretrained,2,0.01,0.01,8,0,0.9612020576841762,0.8775999298296094,1.1259201189817556,0.24832018915214615,0.8650719812039276,1.3293558645354913,False,0,40.79298193190698,0.0,0.4,C_val,2026-09-13 01:09:32,2026-09-13 03:04:35
pretrained,2,0.01,0.01,9,0,0.9289802709260688,0.8665164485835065,1.0790588824497516,0.21254243386624505,0.8413924885382116,1.2718400959698966,False,0,40.0215075314627,0.0,0.4,C_val,2026-09-13 01:09:32,2026-09-13 03:04:35
pretrained,2,0.01,0.01,10,0,0.9434549162223769,0.8872688990461672,1.1056319193059199,0.21836302025975263,0.8605879873844429,1.3099790237373916,False,0,40.788713008387276,0.0,0.4,C_val,2026-09-13 01:09:32,2026-09-13 03:04:35
pretrained,2,0.01,0.01,11,0,0.9133768684625412,0.8594042396108702,1.0565471946876415,0.19714295507677126,0.8533434992519707,1.251058709592897,False,0,25.45703157518801,0.0,0.4,C_val,2026-09-13 01:09:32,2026-09-13 03:04:35
pretrained,2,0.01,0.01,12,0,0.9511747703708069,0.8843639617636325,1.1152953902249092,0.23093142846127668,0.838886631946236,1.3188423906328866,False,0,42.0762995412515,0.0,0.4,C_val,2026-09-13 01:09:32,2026-09-13 03:04:35
pretrained,2,0.01,0.01,13,0,0.9437126743689767,0.8591433574589358,1.1086056368297967,0.24946227937086096,0.827564488114809,1.3120370343120362,False,0,40.52452374738641,0.0,0.4,C_val,2026-09-13 01:09:32,2026-09-13 03:04:35
pretrained,2,0.01,0.01,14,0,0.9462558922355053,0.8709706272467119,1.1062297108093477,0.2352590835626358,0.8350449064602742,1.30352971063301,False,0,44.58557785459925,0.0,0.4,C_val,2026-09-13 01:09:32,2026-09-13 03:04:35
pretrained,2,0.01,0.01,15,0,0.9549589341605157,0.8690450874796913,1.1268270197071846,0.25778193222749324,0.8567499959676982,1.3349697517540815,False,0,41.59717148305208,0.0,0.4,C_val,2026-09-13 01:09:32,2026-09-13 03:04:35
pretrained,2,0.01,0.01,16,0,1.0033160387439026,0.8840424868003043,1.174983983952893,0.29094149715258877,0.8552294660913906,1.3796537044289385,False,0,56.507061987871566,0.0,0.4,C_val,2026-09-13 01:09:32,2026-09-13 03:04:35
pretrained,2,0.01,0.01,17,0,0.891950487974064,0.8630064336987202,1.0275236406673773,0.16451720696865713,0.8068799598691302,1.2161569903451184,False,0,27.317127053007425,0.0,0.4,C_val,2026-09-13 01:09:32,2026-09-13 03:04:35
pretrained,2,0.01,0.01,18,0,0.9225127433894696,0.8570717228038849,1.0882069984564804,0.2311352756525955,0.8269710002557299,1.294611105112113,False,0,34.05980946735872,0.0,0.4,C_val,2026-09-13 01:09:32,2026-09-13 03:04:35
pretrained,2,0.01,0.01,19,0,0.0368618851354997,0.02496437380329866,0.04441644476513218,0.01945207096183352,0.008562589294692401,0.06522900730048667,False,0,34.195062118818896,0.0,0.4,C_val,2026-09-13 01:09:32,2026-09-13 03:04:35
pretrained,2,0.01,0.01,20,0,0.9453611154437507,0.8977820778131722,1.0888127639694491,0.19103068615627694,0.8849865910837059,1.2824830926432138,False,0,31.299048664637667,0.0,0.4,C_val,2026-09-13 01:09:32,2026-09-13 03:04:35
pretrained,2,0.01,0.01,21,0,0.9882445764618502,0.889506450626263,1.1574306389095204,0.26792418828325737,0.8753796272205728,1.360627763986633,False,0,62.932695011637406,0.0,0.4,C_val,2026-09-13 01:09:32,2026-09-13 03:04:35
pretrained,2,0.01,0.01,22,0,0.9249444871315107,0.8954533571495502,1.067521692948426,0.1720683357988757,0.8402324177634866,1.2628008304346896,False,0,35.04292902855741,0.0,0.4,C_val,2026-09-13 01:09:32,2026-09-13 03:04:35
pretrained,2,0.01,0.01,23,0,0.8960844393734331,0.8536858552443457,1.0382474300774618,0.18456157483311608,0.8200915302274242,1.2300792050061504,False,0,33.163370941874746,0.0,0.4,C_val,2026-09-13 01:09:32,2026-09-13 03:04:35
pretrained,2,0.01,0.01,24,0,0.9221310426008795,0.8907568653824638,1.0591571747969686,0.1684003094145048,0.8532872485577341,1.246157455503696,False,0,33.3409310376519,0.0,0.4,C_val,2026-09-13 01:09:32,2026-09-13 03:04:35
pretrained,2,0.01,0.01,25,0,0.9123717078977382,0.8733770443992507,1.0477752602707338,0.17439821587148308,0.8398816974501879,1.2328338155251723,False,0,30.523247848854226,0.0,0.4,C_val,2026-09-13 01:09:32,2026-09-13 03:04:35
pretrained,2,0.01,0.01,26,0,0.9336594197202384,0.8797999517526328,1.066026368371629,0.18622641661899608,0.8757747864748708,1.2495506029496048,False,0,27.344953075054946,0.0,0.4,C_val,2026-09-13 01:09:32,2026-09-13 03:04:35
pretrained,2,0.01,0.01,27,0,0.9441959317476737,0.8958337163582637,1.0988612043527766,0.20302748799451287,0.8407660159937176,1.2959408431096118,False,0,40.94563965612906,0.0,0.4,C_val,2026-09-13 01:09:32,2026-09-13 03:04:35
pretrained,2,0.01,0.01,28,0,0.9028470826888568,0.853214473672023,1.058983823433492,0.2057693497614691,0.8245879659869084,1.260470963363266,False,0,29.24676864299545,0.0,0.4,C_val,2026-09-13 01:09:32,2026-09-13 03:04:35
pretrained,2,0.01,0.01,29,0,0.9049308320962395,0.8669359717922887,1.0349833338504284,0.16804736205813975,0.8279208401299314,1.2303779111358837,False,0,20.494682452052075,0.0,0.4,C_val,2026-09-13 01:09:32,2026-09-13 03:04:35
pretrained,2,0.01,0.01,30,0,0.8979368407242002,0.8571997292998067,1.037945943513536,0.18074621421372938,0.8334486136879804,1.2280113456113213,False,0,29.705235604160407,0.0,0.4,C_val,2026-09-13 01:09:32,2026-09-13 03:04:35
pretrained,2,0.01,0.01,31,0,0.9122749133082428,0.8465960526164653,1.0710107256519539,0.22441467303548857,0.8221860277829897,1.2737718709338177,False,0,35.672902989783324,0.0,0.4,C_val,2026-09-13 01:09:32,2026-09-13 03:04:35
pretrained,2,0.01,0.01,32,0,0.9831362409460713,0.8797575321276719,1.1536796807859588,0.2739221486582869,0.8651911468001108,1.3599017997473246,False,0,43.426773585630144,0.0,0.4,C_val,2026-09-13 01:09:32,2026-09-13 03:04:35
pretrained,2,0.01,0.01,33,0,0.9020845608783459,0.8450446088705255,1.0618225722151948,0.21677796334466937,0.789783441604255,1.2617214905494998,False,0,35.51035414768921,0.0,0.4,C_val,2026-09-13 01:09:32,2026-09-13 03:04:35
pretrained,2,0.01,0.01,34,0,0.9165488441126225,0.8520722589641241,1.0690136380770587,0.21694137911293465,0.8238580499325947,1.2655239221989858,False,0,34.257020592758636,0.0,0.4,C_val,2026-09-13 01:09:32,2026-09-13 03:04:35
pretrained,2,0.01,0.01,35,0,0.9583660618930492,0.8735189727782421,1.1115537983476032,0.23803482556936106,0.8484431499118202,1.3048680424134624,False,0,44.26113115474436,0.0,0.4,C_val,2026-09-13 01:09:32,2026-09-13 03:04:35
pretrained,2,0.01,0.01,36,0,0.9822447562915319,0.8726961876646157,1.150514626607117,0.27781843894250124,0.8548960488995301,1.353312455573638,False,0,49.50631334880745,0.0,0.4,C_val,2026-09-13 01:09:32,2026-09-13 03:04:35
pretrained,2,0.01,0.01,37,0,0.9069934196501636,0.832707324529854,1.0870210427506182,0.2543137182207642,0.8036969395389937,1.3022613007557664,False,0,32.88447216716668,0.0,0.4,C_val,2026-09-13 01:09:32,2026-09-13 03:04:35
pretrained,2,0.01,0.01,38,0,0.9600997012477268,0.8967634710164141,1.1213298817257242,0.22456641070931016,0.8534845945961991,1.3241757990660148,False,0,38.52122069986217,0.0,0.4,C_val,2026-09-13 01:09:32,2026-09-13 03:04:35
pretrained,2,0.01,0.01,39,0,0.9680843878897663,0.8804480723590394,1.1162357593750232,0.23578768701598374,0.8714734792554414,1.30361295562528,False,0,53.27300367530552,0.0,0.4,C_val,2026-09-13 01:09:32,2026-09-13 03:04:35
pretrained,2,0.01,0.01,40,0,0.9462024171793347,0.8921539455370349,1.1000236574862896,0.20786971194925474,0.8446738887647565,1.2968027499811203,False,0,35.86431141612775,0.0,0.4,C_val,2026-09-13 01:09:32,2026-09-13 03:04:35
pretrained,2,0.01,0.01,41,0,0.8949192922816006,0.8483499751732105,1.0389830476077568,0.1906330724345463,0.8337563793179004,1.2341852830865976,False,0,33.71885359821681,0.0,0.4,C_val,2026-09-13 01:09:32,2026-09-13 03:04:35
pretrained,2,0.01,0.01,42,0,0.8958916625254328,0.8661415544229515,1.0347835919685433,0.16864203754559182,0.8167202976589965,1.2295268610471888,False,0,21.58120666101604,0.0,0.4,C_val,2026-09-13 01:09:32,2026-09-13 03:04:35
pretrained,2,0.01,0.01,43,0,0.9049478073112438,0.8840771217548655,1.0238816561181026,0.13980453436323703,0.8226360392048992,1.2048696284156055,False,0,21.65134988727732,0.0,0.4,C_val,2026-09-13 01:09:32,2026-09-13 03:04:35
pretrained,2,0.01,0.01,44,0,0.8944288482165215,0.8649422573785603,1.0310539886766117,0.16611173129805135,0.8174238084345874,1.2215987956560277,False,0,25.811149275243224,0.0,0.4,C_val,2026-09-13 01:09:32,2026-09-13 03:04:35
pretrained,2,0.01,0.01,45,0,0.898240944728426,0.8695689418826044,1.0273049366633809,0.1577359947807765,0.8286301257539674,1.2141805410189006,False,0,18.538764836092014,0.0,0.4,C_val,2026-09-13 01:09:32,2026-09-13 03:04:35
pretrained,2,0.01,0.01,46,0,0.928070894590812,0.8766645557983349,1.0786500448900367,0.20198548909170178,0.8631485144164702,1.275911015423494,False,0,33.69603963836562,0.0,0.4,C_val,2026-09-13 01:09:32,2026-09-13 03:04:35
pretrained,2,0.01,0.01,47,0,0.9012462850020823,0.8357242675777523,1.067161608074172,0.23143734049641962,0.8023438353561663,1.273233798071163,False,0,36.707563177580596,0.0,0.4,C_val,2026-09-13 01:09:32,2026-09-13 03:04:35
pretrained,2,0.01,0.01,0,0,0.0,,0.007736532057568967,,,0.02959487893971018,True,0,11.723354667738022,,2.5,C_val,2026-09-13 01:09:32,2026-09-13 03:04:35
pretrained,2,0.01,0.01,1,0,0.0,,0.003065321547614982,,,0.013040172220262504,True,0,8.1569348946432,,2.5,C_val,2026-09-13 01:09:32,2026-09-13 03:04:35
pretrained,2,0.01,0.01,2,0,0.0,,0.00469939483149666,,,0.021548443663352297,True,0,8.59802105518611,,2.5,C_val,2026-09-13 01:09:32,2026-09-13 03:04:35
pretrained,2,0.01,0.01,3,0,1.8173931506321321,1.5670314084281398,2.079311386705146,0.512279978277006,1.329664148061875,2.35220512772231,False,0,6.378940637026972,0.0,2.5,C_val,2026-09-13 01:09:32,2026-09-13 03:04:35
pretrained,2,0.01,0.01,4,0,0.0,,0.004357563925047176,,,0.019242484012981044,True,0,9.119606854812446,,2.5,C_val,2026-09-13 01:09:32,2026-09-13 03:04:35
pretrained,2,0.01,0.01,5,0,0.0,,0.006839543821428516,,,0.02546040054605747,True,0,9.871938185300678,,2.5,C_val,2026-09-13 01:09:32,2026-09-13 03:04:35
pretrained,2,0.01,0.01,6,0,0.0,,0.00573920451009251,,,0.023514524759185862,True,0,11.326902659297048,,2.5,C_val,2026-09-13 01:09:32,2026-09-13 03:04:35
pretrained,2,0.01,0.01,7,0,0.0,,0.004448390986859673,,,0.02005633102098782,True,0,11.497212096797739,,2.5,C_val,2026-09-13 01:09:32,2026-09-13 03:04:35
pretrained,2,0.01,0.01,8,0,0.0,,0.0030161945518893526,,,0.01295666903248313,True,0,7.579845682867017,,2.5,C_val,2026-09-13 01:09:32,2026-09-13 03:04:35
pretrained,2,0.01,0.01,9,0,1.6826438204156946,1.436561378710091,1.9413766652422577,0.5048152865321667,1.206329972578368,2.2116052664098587,False,0,9.149687476459803,0.0,2.5,C_val,2026-09-13 01:09:32,2026-09-13 03:04:35
pretrained,2,0.01,0.01,10,0,1.7991664235646074,1.5486598870073405,2.0616101819203583,0.5129502949130178,1.3117411144555282,2.335379623214778,False,0,6.670179987340816,0.0,2.5,C_val,2026-09-13 01:09:32,2026-09-13 03:04:35
pretrained,2,0.01,0.01,11,0,0.0,,0.005277062921610524,,,0.022854647283541696,True,0,10.291455512186076,,2.5,C_val,2026-09-13 01:09:32,2026-09-13 03:04:35
pretrained,2,0.01,0.01,12,0,0.0,,0.0031576666163247355,,,0.013722840478085963,True,0,7.165980520177982,,2.5,C_val,2026-09-13 01:09:32,2026-09-13 03:04:35
pretrained,2,0.01,0.01,13,0,0.0,,0.0030985832292320624,,,0.013323501793357556,True,0,8.074798096447921,,2.5,C_val,2026-09-13 01:09:32,2026-09-13 03:04:35
pretrained,2,0.01,0.01,14,0,0.0,,0.0031745586993985817,,,0.013743722104819975,True,0,9.205484319540119,,2.5,C_val,2026-09-13 01:09:32,2026-09-13 03:04:35
pretrained,2,0.01,0.01,15,0,1.8397405572631833,1.5903167467571306,2.100929931559205,0.5106131848020745,1.3539528474831684,2.3734290759689864,False,0,6.007795649849868,0.0,2.5,C_val,2026-09-13 01:09:32,2026-09-13 03:04:35
pretrained,2,0.01,0.01,16,0,1.8993024063322814,1.6517566400640078,2.1591998120578437,0.5074431719938359,1.418086819854344,2.430768296634783,False,0,5.055448711860663,0.0,2.5,C_val,2026-09-13 01:09:32,2026-09-13 03:04:35
pretrained,2,0.01,0.01,17,0,0.0,,0.00853165075329257,,,0.03146780838867496,True,0,12.866744037044555,,2.5,C_val,2026-09-13 01:09:32,2026-09-13 03:04:35
pretrained,2,0.01,0.01,18,0,1.786023532647288,1.5344304098263128,2.0483545156497485,0.5139241058234356,1.2946648332853183,2.321117933135751,False,0,6.948252786001831,0.0,2.5,C_val,2026-09-13 01:09:32,2026-09-13 03:04:35
pretrained,2,0.01,0.01,19,0,0.0,,0.0046510684320957415,,,0.020880685434125856,True,0,11.482924051586451,,2.5,C_val,2026-09-13 01:09:32,2026-09-13 03:04:35
pretrained,2,0.01,0.01,20,0,0.0,,0.00440600449221813,,,0.01852872140702019,True,0,9.216907531008474,,2.5,C_val,2026-09-13 01:09:32,2026-09-13 03:04:35
pretrained,2,0.01,0.01,21,0,1.8513710462567974,1.6056568526509438,2.109793257060237,0.5041364044092931,1.3742170697155012,2.3801246133818372,False,0,5.906270065988792,0.0,2.5,C_val,2026-09-13 01:09:32,2026-09-13 03:04:35
pretrained,2,0.01,0.01,22,0,0.0,,0.004800341016159613,,,0.01326460812359393,True,0,9.317424655400828,,2.5,C_val,2026-09-13 01:09:32,2026-09-13 03:04:35
pretrained,2,0.01,0.01,23,0,0.0,,0.006780978185252408,,,0.027823916196273044,True,0,11.126125623221014,,2.5,C_val,2026-09-13 01:09:32,2026-09-13 03:04:35
pretrained,2,0.01,0.01,24,0,0.0,,0.005942925699293794,,,0.024458035292357835,True,0,13.012785799019184,,2.5,C_val,2026-09-13 01:09:32,2026-09-13 03:04:35
pretrained,2,0.01,0.01,25,0,0.0,,0.01004059739154958,,,0.03221978362424295,True,0,12.521669827627193,,2.5,C_val,2026-09-13 01:09:32,2026-09-13 03:04:35
pretrained,2,0.01,0.01,26,0,0.0,,0.006499201800476288,,,0.024707222623936667,True,0,11.560221090428968,,2.5,C_val,2026-09-13 01:09:32,2026-09-13 03:04:35
pretrained,2,0.01,0.01,27,0,1.7273270424855698,1.4825174072266067,1.984341735217652,0.5018243279910453,1.2522161386181236,2.2527835433009797,False,0,8.332371506596246,0.0,2.5,C_val,2026-09-13 01:09:32,2026-09-13 03:04:35
pretrained,2,0.01,0.01,28,0,0.0,,0.004063348195197709,,,0.018417907649399753,True,0,8.331447793880216,,2.5,C_val,2026-09-13 01:09:32,2026-09-13 03:04:35
pretrained,2,0.01,0.01,29,0,0.0,,0.006444908960633359,,,0.02759483920559073,True,0,11.71627392739174,,2.5,C_val,2026-09-13 01:09:32,2026-09-13 03:04:35
pretrained,2,0.01,0.01,30,0,0.0,,0.005406188289771484,,,0.0237461989716215,True,0,13.485758817641909,,2.5,C_val,2026-09-13 01:09:32,2026-09-13 03:04:35
pretrained,2,0.01,0.01,31,0,0.0,,0.00422610693802471,,,0.018939971313564178,True,0,9.515659273693018,,2.5,C_val,2026-09-13 01:09:32,2026-09-13 03:04:35
pretrained,2,0.01,0.01,32,0,1.8374409097925593,1.5913239990414523,2.0961077156604664,0.5047837166190141,1.359419611952421,2.366673322650061,False,0,6.139054780098377,0.0,2.5,C_val,2026-09-13 01:09:32,2026-09-13 03:04:35
pretrained,2,0.01,0.01,33,0,1.6549674573341677,1.4111144341432653,1.9114540379712222,0.5003396038279568,1.182311865924897,2.179616169457944,False,0,9.879241097445629,0.0,2.5,C_val,2026-09-13 01:09:32,2026-09-13 03:04:35
pretrained,2,0.01,0.01,34,0,0.0,,0.005396228685201525,,,0.022490633448314028,True,0,9.927676992061606,,2.5,C_val,2026-09-13 01:09:32,2026-09-13 03:04:35
pretrained,2,0.01,0.01,35,0,1.7063539970590733,1.4643867221091618,1.9619167660566041,0.4975300439474424,1.2393221179444136,2.2296762476963483,False,0,8.811957463265571,0.0,2.5,C_val,2026-09-13 01:09:32,2026-09-13 03:04:35
pretrained,2,0.01,0.01,36,0,1.836438540452875,1.591980445790176,2.0935530982079773,0.5015726524178012,1.361995453786058,2.3625581846951684,False,0,6.225404062206508,0.0,2.5,C_val,2026-09-13 01:09:32,2026-09-13 03:04:35
pretrained,2,0.01,0.01,37,0,0.0,,0.003174540735350765,,,0.014027308900995204,True,0,6.5499275653965014,,2.5,C_val,2026-09-13 01:09:32,2026-09-13 03:04:35
pretrained,2,0.01,0.01,38,0,1.8203292518714362,1.5683110979915236,2.0836151976526223,0.5153040996610987,1.329134136248896,2.35776812139433,False,0,6.270360653932585,0.0,2.5,C_val,2026-09-13 01:09:32,2026-09-13 03:04:35
pretrained,2,0.01,0.01,39,0,0.0,,0.003752013210000233,,,0.015998329964528966,True,0,9.948805520736641,,2.5,C_val,2026-09-13 01:09:32,2026-09-13 03:04:35
pretrained,2,0.01,0.01,40,0,1.7290595889202371,1.4816763200289014,1.9890477877933352,0.5073714677644339,1.249563490738365,2.2606560246743577,False,0,8.11637126226924,0.0,2.5,C_val,2026-09-13 01:09:32,2026-09-13 03:04:35
pretrained,2,0.01,0.01,41,0,0.0,,0.005766064517658667,,,0.024711640128304218,True,0,10.638398155140749,,2.5,C_val,2026-09-13 01:09:32,2026-09-13 03:04:35
pretrained,2,0.01,0.01,42,0,0.0,,0.0051653634188189145,,,0.023170140884114187,True,0,10.82343728775595,,2.5,C_val,2026-09-13 01:09:32,2026-09-13 03:04:35
pretrained,2,0.01,0.01,43,0,0.0,,0.010599082197460977,,,0.03208384112332418,True,0,13.795938620030938,,2.5,C_val,2026-09-13 01:09:32,2026-09-13 03:04:35
pretrained,2,0.01,0.01,44,0,0.0,,0.00838428445982592,,,0.03200073426363301,True,0,12.64341332058757,,2.5,C_val,2026-09-13 01:09:32,2026-09-13 03:04:35
pretrained,2,0.01,0.01,45,0,0.0,,0.012211926716546941,,,0.0324786854726683,True,0,12.159629534369742,,2.5,C_val,2026-09-13 01:09:32,2026-09-13 03:04:35
pretrained,2,0.01,0.01,46,0,1.6995001221374417,1.451737511881412,1.959203175355758,0.507465663474346,1.2182289850868742,2.2301072535081925,False,0,8.752984276638017,0.0,2.5,C_val,2026-09-13 01:09:32,2026-09-13 03:04:35
pretrained,2,0.01,0.01,47,0,1.7646695162244537,1.5148561324347254,2.025445631897274,0.5105894994625486,1.2769527320610552,2.2969357394657743,False,0,7.417105100110348,0.0,2.5,C_val,2026-09-13 01:09:32,2026-09-13 03:04:35
pretrained,0,0.03,0.03,0,0,0.9931361566407374,0.9757384321240234,1.0759774145000345,0.100238982376011,0.9610615990857264,1.2189423444911305,False,0,33.04259012120747,0.0,0.4,C_val,2026-09-12 04:26:58,2026-09-12 06:55:11
pretrained,0,0.03,0.03,1,0,1.0191703134009482,0.9789667816603772,1.121238642807731,0.1422718611473536,0.9719011299477998,1.2730468017584986,False,0,43.10069201970691,0.0,0.4,C_val,2026-09-12 04:26:58,2026-09-12 06:55:11
pretrained,0,0.03,0.03,2,0,0.981744868030455,0.967724078136641,1.059821352846375,0.0920972747097339,0.960305881043711,1.1997895337443445,False,0,19.758419595396845,0.0,0.4,C_val,2026-09-12 04:26:58,2026-09-12 06:55:11
pretrained,0,0.03,0.03,3,0,1.0236324709860722,0.9917210864051988,1.119843650871448,0.1281225644662492,0.9856642035428052,1.2690050769146712,False,0,35.64959837663628,0.0,0.4,C_val,2026-09-12 04:26:58,2026-09-12 06:55:11
pretrained,0,0.03,0.03,4,0,0.9714011368429808,0.9527137950086788,1.0548564237515263,0.1021426287428475,0.9383284429754924,1.19578851063975,False,0,30.821693979974956,0.0,0.4,C_val,2026-09-12 04:26:58,2026-09-12 06:55:11
pretrained,0,0.03,0.03,5,0,0.982149730519052,0.965361375585264,1.0636765459605753,0.0983151703753113,0.9467174080537688,1.2051434809743795,False,0,18.60364143107654,0.0,0.4,C_val,2026-09-12 04:26:58,2026-09-12 06:55:11
pretrained,0,0.03,0.03,6,0,0.9849090986112568,0.975496840766206,1.060285069285231,0.0847882285190249,0.9232997436550606,1.1971286684889706,False,0,18.985572528057677,0.0,0.4,C_val,2026-09-12 04:26:58,2026-09-12 06:55:11
pretrained,0,0.03,0.03,7,0,0.9764009762752992,0.9672351791526024,1.058755744899044,0.0915205657464416,0.9415118119598936,1.2048296972693882,False,0,16.730266605565703,0.0,0.4,C_val,2026-09-12 04:26:58,2026-09-12 06:55:11
pretrained,0,0.03,0.03,8,0,1.007346681094729,0.9586834923907452,1.1203909047920415,0.1617074124012963,0.9469661891067718,1.2796127251463625,False,0,61.84887205396808,0.0,0.4,C_val,2026-09-12 04:26:58,2026-09-12 06:55:11
pretrained,0,0.03,0.03,9,0,0.9817816833918852,0.959891438163765,1.0646442603749604,0.1047528222111954,0.9504958450295964,1.205909802516682,False,0,20.59639814134061,0.0,0.4,C_val,2026-09-12 04:26:58,2026-09-12 06:55:11
pretrained,0,0.03,0.03,10,0,1.0511268998969792,0.981384087598144,1.1758736015555944,0.1944895139574503,0.9680407675944718,1.3441871830922612,False,0,49.3433672719948,0.0,0.4,C_val,2026-09-12 04:26:58,2026-09-12 06:55:11
pretrained,0,0.03,0.03,11,0,0.9841107277863717,0.9680183808041144,1.0599541886770358,0.0919358078729215,0.9602999153043008,1.1979161670077705,False,0,15.052441889740294,0.0,0.4,C_val,2026-09-12 04:26:58,2026-09-12 06:55:11
pretrained,0,0.03,0.03,12,0,1.003159988960502,0.9732746898421408,1.1029737411724256,0.1296990513302848,0.962398628534236,1.2566667550728914,False,0,28.559342994962208,0.0,0.4,C_val,2026-09-12 04:26:58,2026-09-12 06:55:11
pretrained,0,0.03,0.03,13,0,0.988992729253052,0.9486252699156944,1.0977795800269932,0.1491543101112987,0.9283451741006464,1.2596180778815451,False,0,31.27153404818091,0.0,0.4,C_val,2026-09-12 04:26:58,2026-09-12 06:55:11
pretrained,0,0.03,0.03,14,0,1.00407044374697,0.9591804055546256,1.108287473732939,0.1491070681783134,0.9512265846795128,1.2599398783609823,False,0,37.490460543675,0.0,0.4,C_val,2026-09-12 04:26:58,2026-09-12 06:55:11
pretrained,0,0.03,0.03,15,0,0.9549579948058048,0.9411880574540028,1.0450602170930394,0.1038721596390367,0.8983293305294578,1.2012616947096004,False,0,15.337638102799248,0.0,0.4,C_val,2026-09-12 04:26:58,2026-09-12 06:55:11
pretrained,0,0.03,0.03,16,0,1.0410177084407812,0.9716725177173906,1.164576278579753,0.1929037608623625,0.9626797613443304,1.3296195137417528,False,0,64.65127220397335,0.0,0.4,C_val,2026-09-12 04:26:58,2026-09-12 06:55:11
pretrained,0,0.03,0.03,17,0,0.959260390019602,0.9431996876765536,1.041954613240623,0.0987549255640694,0.9248897195439848,1.1836818526012725,False,0,16.593811404851294,0.0,0.4,C_val,2026-09-12 04:26:58,2026-09-12 06:55:11
pretrained,0,0.03,0.03,18,0,1.0180263327558357,0.9775632731256954,1.125674600715372,0.1481113275896766,0.9647514676058544,1.2811721305932129,False,0,49.477972415377735,0.0,0.4,C_val,2026-09-12 04:26:58,2026-09-12 06:55:11
pretrained,0,0.03,0.03,19,0,0.984299483295382,0.9658186095060184,1.0727418059845248,0.1069231964785065,0.9547016017521484,1.2190543845209574,False,0,29.895285904691264,0.0,0.4,C_val,2026-09-12 04:26:58,2026-09-12 06:55:11
pretrained,0,0.03,0.03,20,0,0.99991037372164,0.9561815473354056,1.1048295169654228,0.1486479696300171,0.928037766322404,1.254988411959156,False,0,43.0766478428377,0.0,0.4,C_val,2026-09-12 04:26:58,2026-09-12 06:55:11
pretrained,0,0.03,0.03,21,0,1.0157367078311768,0.9755086199709524,1.1219632029649151,0.1464545829939627,0.967618921337655,1.2761673838031384,False,0,55.140759784142574,0.0,0.4,C_val,2026-09-12 04:26:58,2026-09-12 06:55:11
pretrained,0,0.03,0.03,22,0,0.9537284138916926,0.9358755101260788,1.045899156526036,0.1100236463999572,0.9131057155404796,1.1961511658818025,False,0,32.136112472810055,0.0,0.4,C_val,2026-09-12 04:26:58,2026-09-12 06:55:11
pretrained,0,0.03,0.03,23,0,1.011153803612804,0.9852074093193612,1.1048777017912694,0.1196702924719083,0.963378344610311,1.250235788560947,False,0,29.219821689486707,0.0,0.4,C_val,2026-09-12 04:26:58,2026-09-12 06:55:11
pretrained,0,0.03,0.03,24,0,1.0004870881789172,0.9816263390636708,1.0827376288922606,0.1011112898285897,0.975111991954812,1.2221637506508654,False,0,22.02441268504481,0.0,0.4,C_val,2026-09-12 04:26:58,2026-09-12 06:55:11
pretrained,0,0.03,0.03,25,0,0.9740723754880553,0.9611778713698648,1.0278232237665397,0.0666453523966746,0.8379821341129534,1.1545180793216463,False,0,10.344368142606982,0.0,0.4,C_val,2026-09-12 04:26:58,2026-09-12 06:55:11
pretrained,0,0.03,0.03,26,0,0.9722629284623816,0.9476299274853744,1.0663978596669954,0.118767932181621,0.9241824421309938,1.2119124449552854,False,0,29.24347645736634,0.0,0.4,C_val,2026-09-12 04:26:58,2026-09-12 06:55:11
pretrained,0,0.03,0.03,27,0,1.019083030744645,0.978793096278531,1.120981654073292,0.142188557794761,0.9698782942815888,1.268760364559392,False,0,47.77334346339194,0.0,0.4,C_val,2026-09-12 04:26:58,2026-09-12 06:55:11
pretrained,0,0.03,0.03,28,0,1.0137420838042237,0.9690015503699112,1.1180044931930544,0.1490029428231432,0.9518060002374064,1.2693304660515563,False,0,43.01172038532604,0.0,0.4,C_val,2026-09-12 04:26:58,2026-09-12 06:55:11
pretrained,0,0.03,0.03,29,0,1.0083491711561932,0.9843047848846708,1.105765802616069,0.1214610177313983,0.9648621929204368,1.2563086801196044,False,0,32.67904999747043,0.0,0.4,C_val,2026-09-12 04:26:58,2026-09-12 06:55:11
pretrained,0,0.03,0.03,30,0,0.9843134607587574,0.9673550208933288,1.064312758489424,0.0969577375960949,0.9506728321161448,1.204609347325697,False,0,32.84866915305611,0.0,0.4,C_val,2026-09-12 04:26:58,2026-09-12 06:55:11
pretrained,0,0.03,0.03,31,0,1.0132271524123189,0.983830685693322,1.1083873266410111,0.1245566409476892,0.9765486746817754,1.2566936902481811,False,0,39.60796829628089,0.0,0.4,C_val,2026-09-12 04:26:58,2026-09-12 06:55:11
pretrained,0,0.03,0.03,32,0,1.0094710370088962,0.9779103525324808,1.1098798400739038,0.1319694875414229,0.9684705282170384,1.2615452463861996,False,0,37.28370275951602,0.0,0.4,C_val,2026-09-12 04:26:58,2026-09-12 06:55:11
pretrained,0,0.03,0.03,33,0,0.9787526576783894,0.9643407279899584,1.065787336277522,0.1014466082875634,0.9281766452952668,1.2129207603504448,False,0,39.079414705709496,0.0,0.4,C_val,2026-09-12 04:26:58,2026-09-12 06:55:11
pretrained,0,0.03,0.03,34,0,0.9900348745321396,0.9779195917987568,1.0687661370872106,0.0908465452884537,0.9713523773775348,1.211763530365052,False,0,20.76535476420395,0.0,0.4,C_val,2026-09-12 04:26:58,2026-09-12 06:55:11
pretrained,0,0.03,0.03,35,0,0.9958831550679396,0.9685961549956044,1.0947897978843766,0.1261936428887723,0.9625896959889604,1.2460142308989586,False,0,55.50758443832456,0.0,0.4,C_val,2026-09-12 04:26:58,2026-09-12 06:55:11
pretrained,0,0.03,0.03,36,0,1.0335922040926713,0.9841236819664164,1.1388467737329473,0.1547230917665308,0.977474312229339,1.2899879136754868,False,0,44.92122796559124,0.0,0.4,C_val,2026-09-12 04:26:58,2026-09-12 06:55:11
pretrained,0,0.03,0.03,37,0,1.003145212908044,0.9690003317338434,1.0958735377288105,0.1268732059949671,0.9619126508969362,1.239338980353878,False,0,32.96176765124619,0.0,0.4,C_val,2026-09-12 04:26:58,2026-09-12 06:55:11
pretrained,0,0.03,0.03,38,0,1.0267849399168016,0.9680676679123872,1.1535115004933705,0.1854438325809829,0.9551628900283906,1.3234533058384588,False,0,58.68510659465392,0.0,0.4,C_val,2026-09-12 04:26:58,2026-09-12 06:55:11
pretrained,0,0.03,0.03,39,0,1.0348363662127669,0.9807401694477708,1.1392391536631654,0.1584989842153946,0.9692265608122926,1.2875146104224275,False,0,41.08522408880162,0.0,0.4,C_val,2026-09-12 04:26:58,2026-09-12 06:55:11
pretrained,0,0.03,0.03,40,0,0.9931327238545146,0.9756171185039342,1.0899787460334656,0.1143616275295313,0.9450001860497528,1.2428622772368334,False,0,42.31040304234557,0.0,0.4,C_val,2026-09-12 04:26:58,2026-09-12 06:55:11
pretrained,0,0.03,0.03,41,0,0.9717554117128968,0.9278646992663724,1.0729881696809829,0.1451234704146103,0.9183693810553424,1.223168601387395,False,0,31.45059163094265,0.0,0.4,C_val,2026-09-12 04:26:58,2026-09-12 06:55:11
pretrained,0,0.03,0.03,42,0,0.9367409862453752,0.919106869793173,1.0113956030136677,0.0922887332204944,0.9138346468911828,1.146765866105542,False,0,8.202660020844633,0.0,0.4,C_val,2026-09-12 04:26:58,2026-09-12 06:55:11
pretrained,0,0.03,0.03,43,0,0.9798460834392616,0.964341264528832,1.0620839160236983,0.0977426514948662,0.94453390362704,1.2048021209569082,False,0,29.63754336374768,0.0,0.4,C_val,2026-09-12 04:26:58,2026-09-12 06:55:11
pretrained,0,0.03,0.03,44,0,0.9821821191279166,0.9491832468269172,1.0894587811595946,0.1402755343326773,0.9383273500016936,1.2483619121537315,False,0,59.32270277894349,0.0,0.4,C_val,2026-09-12 04:26:58,2026-09-12 06:55:11
pretrained,0,0.03,0.03,45,0,0.94445171702063,0.930313610039604,1.0138023905519955,0.0834887805123916,0.8612731805706295,1.1555309768636912,False,0,16.937720771631575,0.0,0.4,C_val,2026-09-12 04:26:58,2026-09-12 06:55:11
pretrained,0,0.03,0.03,46,0,1.005112011874855,0.987545696528555,1.0938655533059478,0.1063198567773928,0.9698073849816536,1.236316397022016,False,0,29.21943398425356,0.0,0.4,C_val,2026-09-12 04:26:58,2026-09-12 06:55:11
pretrained,0,0.03,0.03,47,0,1.018830388112708,0.9781980886240992,1.1208631937609113,0.1426651051368119,0.9690151091339382,1.273104501312664,False,0,40.49227479835827,0.0,0.4,C_val,2026-09-12 04:26:58,2026-09-12 06:55:11
pretrained,0,0.03,0.03,0,0,0.0,,0.0004904918459673,,,0.0019619673838694,True,0,32.27553744373654,,2.5,C_val,2026-09-12 04:26:58,2026-09-12 06:55:11
pretrained,0,0.03,0.03,1,0,0.0,,0.0002406767579324,,,0.0009627070317296,True,0,28.508493213485053,,2.5,C_val,2026-09-12 04:26:58,2026-09-12 06:55:11
pretrained,0,0.03,0.03,2,0,0.0,,0.0008875269742092,,,0.0035501078968368,True,0,34.5046475758827,,2.5,C_val,2026-09-12 04:26:58,2026-09-12 06:55:11
pretrained,0,0.03,0.03,3,0,0.0,,0.0003100657456241,,,0.0012402629824967,True,0,26.08894681978927,,2.5,C_val,2026-09-12 04:26:58,2026-09-12 06:55:11
pretrained,0,0.03,0.03,4,0,0.0,,0.0005539383472823,,,0.0022157533891292,True,0,37.43985132950184,,2.5,C_val,2026-09-12 04:26:58,2026-09-12 06:55:11
pretrained,0,0.03,0.03,5,0,0.0,,0.0003662997703107,,,0.001465199081243,True,0,31.429350266167603,,2.5,C_val,2026-09-12 04:26:58,2026-09-12 06:55:11
pretrained,0,0.03,0.03,6,0,0.0,,0.0003650056343006,,,0.0014600225372025,True,0,33.84956602501188,,2.5,C_val,2026-09-12 04:26:58,2026-09-12 06:55:11
pretrained,0,0.03,0.03,7,0,0.0,,0.0005934996740511,,,0.0023739986962046,True,0,27.889958148483856,,2.5,C_val,2026-09-12 04:26:58,2026-09-12 06:55:11
pretrained,0,0.03,0.03,8,0,0.0,,0.000281655275215,,,0.0011266211008601,True,0,25.563867529897838,,2.5,C_val,2026-09-12 04:26:58,2026-09-12 06:55:11
pretrained,0,0.03,0.03,9,0,0.0,,0.0003078568433715,,,0.0012314273734861,True,0,40.8033581561649,,2.5,C_val,2026-09-12 04:26:58,2026-09-12 06:55:11
pretrained,0,0.03,0.03,10,0,0.0,,0.0001494248413051,,,0.0005976993652207,True,0,18.04854031717696,,2.5,C_val,2026-09-12 04:26:58,2026-09-12 06:55:11
pretrained,0,0.03,0.03,11,0,0.0,,0.0006860581651763,,,0.0027442326607052,True,0,31.231291581465484,,2.5,C_val,2026-09-12 04:26:58,2026-09-12 06:55:11
pretrained,0,0.03,0.03,12,0,0.0,,0.000249118907104,,,0.0009964756284161,True,0,27.90313464416613,,2.5,C_val,2026-09-12 04:26:58,2026-09-12 06:55:11
pretrained,0,0.03,0.03,13,0,0.0,,0.0002566168506129,,,0.0010264674024516,True,0,25.44689984629076,,2.5,C_val,2026-09-12 04:26:58,2026-09-12 06:55:11
pretrained,0,0.03,0.03,14,0,0.0,,0.0002375226096222,,,0.0009500904384888,True,0,29.132454815604437,,2.5,C_val,2026-09-12 04:26:58,2026-09-12 06:55:11
pretrained,0,0.03,0.03,15,0,0.0,,0.000701586479164,,,0.0028063459166562,True,0,29.375625490578383,,2.5,C_val,2026-09-12 04:26:58,2026-09-12 06:55:11
pretrained,0,0.03,0.03,16,0,0.0,,0.0001048762221253,,,0.0004195048885014,True,0,17.88408379415705,,2.5,C_val,2026-09-12 04:26:58,2026-09-12 06:55:11
pretrained,0,0.03,0.03,17,0,0.0,,0.0005193210617967,,,0.0020772842471868,True,0,30.668175102036912,,2.5,C_val,2026-09-12 04:26:58,2026-09-12 06:55:11
pretrained,0,0.03,0.03,18,0,0.0,,0.0001974080696553,,,0.0007896322786213,True,0,22.86558013698232,,2.5,C_val,2026-09-12 04:26:58,2026-09-12 06:55:11
pretrained,0,0.03,0.03,19,0,0.0,,0.0003191004877078,,,0.0012764019508312,True,0,29.0683097410074,,2.5,C_val,2026-09-12 04:26:58,2026-09-12 06:55:11
pretrained,0,0.03,0.03,20,0,0.0,,0.0002138471621925,,,0.0008553886487702,True,0,28.999361900267104,,2.5,C_val,2026-09-12 04:26:58,2026-09-12 06:55:11
pretrained,0,0.03,0.03,21,0,0.0,,0.0002056023058805,,,0.0008224092235223,True,0,34.3804198091093,,2.5,C_val,2026-09-12 04:26:58,2026-09-12 06:55:11
pretrained,0,0.03,0.03,22,0,0.0,,0.0003781510441074,,,0.0015126041764297,True,0,33.90592416934305,,2.5,C_val,2026-09-12 04:26:58,2026-09-12 06:55:11
pretrained,0,0.03,0.03,23,0,0.0,,0.0002356568943808,,,0.0009426275775232,True,0,26.019424433969107,,2.5,C_val,2026-09-12 04:26:58,2026-09-12 06:55:11
pretrained,0,0.03,0.03,24,0,0.0,,0.000468266206739,,,0.001873064826956,True,0,35.426883077729144,,2.5,C_val,2026-09-12 04:26:58,2026-09-12 06:55:11
pretrained,0,0.03,0.03,25,0,0.0,,0.0023005967892194,,,0.0092023871568777,True,0,35.700948045920086,,2.5,C_val,2026-09-12 04:26:58,2026-09-12 06:55:11
pretrained,0,0.03,0.03,26,0,0.0,,0.0002413946461953,,,0.0009655785847815,True,0,28.86914812039322,,2.5,C_val,2026-09-12 04:26:58,2026-09-12 06:55:11
pretrained,0,0.03,0.03,27,0,0.0,,0.000149208801603,,,0.0005968352064122,True,0,26.552874712833727,,2.5,C_val,2026-09-12 04:26:58,2026-09-12 06:55:11
pretrained,0,0.03,0.03,28,0,0.0,,0.0001496308093687,,,0.000598523237475,True,0,22.792631585914933,,2.5,C_val,2026-09-12 04:26:58,2026-09-12 06:55:11
pretrained,0,0.03,0.03,29,0,0.0,,0.0002402571881736,,,0.0009610287526946,True,0,26.85481120247641,,2.5,C_val,2026-09-12 04:26:58,2026-09-12 06:55:11
pretrained,0,0.03,0.03,30,0,0.0,,0.0004219119308619,,,0.0016876477234477,True,0,30.79907784025636,,2.5,C_val,2026-09-12 04:26:58,2026-09-12 06:55:11
pretrained,0,0.03,0.03,31,0,0.0,,0.0002632414943648,,,0.0010529659774592,True,0,26.51652614618069,,2.5,C_val,2026-09-12 04:26:58,2026-09-12 06:55:11
pretrained,0,0.03,0.03,32,0,0.0,,0.0001944313929122,,,0.0007777255716491,True,0,25.474721017104457,,2.5,C_val,2026-09-12 04:26:58,2026-09-12 06:55:11
pretrained,0,0.03,0.03,33,0,0.0,,0.0006637410740059,,,0.0026549642960238,True,0,29.63216416576688,,2.5,C_val,2026-09-12 04:26:58,2026-09-12 06:55:11
pretrained,0,0.03,0.03,34,0,0.0,,0.0005924206094143,,,0.0023696824376573,True,0,30.737548823763063,,2.5,C_val,2026-09-12 04:26:58,2026-09-12 06:55:11
pretrained,0,0.03,0.03,35,0,0.0,,0.0004362380594635,,,0.0017449522378542,True,0,34.04569893263033,,2.5,C_val,2026-09-12 04:26:58,2026-09-12 06:55:11
pretrained,0,0.03,0.03,36,0,0.0,,0.0001150795428227,,,0.000460318171291,True,0,21.590634789215983,,2.5,C_val,2026-09-12 04:26:58,2026-09-12 06:55:11
pretrained,0,0.03,0.03,37,0,0.0,,0.000195809387082,,,0.0007832375483282,True,0,31.70969251772476,,2.5,C_val,2026-09-12 04:26:58,2026-09-12 06:55:11
pretrained,0,0.03,0.03,38,0,0.0,,0.0001557791760494,,,0.0006231167041979,True,0,21.78053113968417,,2.5,C_val,2026-09-12 04:26:58,2026-09-12 06:55:11
pretrained,0,0.03,0.03,39,0,0.0,,0.0001447596378532,,,0.0005790385514129,True,0,24.357902180327077,,2.5,C_val,2026-09-12 04:26:58,2026-09-12 06:55:11
pretrained,0,0.03,0.03,40,0,0.0,,0.0003699752187563,,,0.0014799008750254,True,0,28.30018164431749,,2.5,C_val,2026-09-12 04:26:58,2026-09-12 06:55:11
pretrained,0,0.03,0.03,41,0,0.0,,0.0002239232159383,,,0.0008956928637532,True,0,27.52796948341711,,2.5,C_val,2026-09-12 04:26:58,2026-09-12 06:55:11
pretrained,0,0.03,0.03,42,0,0.0,,0.0013574424653746,,,0.0054297698614984,True,0,38.40480780947473,,2.5,C_val,2026-09-12 04:26:58,2026-09-12 06:55:11
pretrained,0,0.03,0.03,43,0,0.0,,0.0004891065538746,,,0.0019564262154985,True,0,29.4672883291496,,2.5,C_val,2026-09-12 04:26:58,2026-09-12 06:55:11
pretrained,0,0.03,0.03,44,0,0.0,,0.0003708903924849,,,0.0014835615699396,True,0,25.55532060006226,,2.5,C_val,2026-09-12 04:26:58,2026-09-12 06:55:11
pretrained,0,0.03,0.03,45,0,0.0,,0.0013187167901473,,,0.0052748671605895,True,0,32.417376087614684,,2.5,C_val,2026-09-12 04:26:58,2026-09-12 06:55:11
pretrained,0,0.03,0.03,46,0,0.0,,0.0002994037340329,,,0.0011976149361318,True,0,31.31986073713415,,2.5,C_val,2026-09-12 04:26:58,2026-09-12 06:55:11
pretrained,0,0.03,0.03,47,0,0.0,,0.0002795907336426,,,0.0011183629345707,True,0,24.32384407655627,,2.5,C_val,2026-09-12 04:26:58,2026-09-12 06:55:11
pretrained,1,0.03,0.03,0,0,0.899615364463007,0.8757872942984517,1.0099348390159735,0.13414754471752177,0.8342453313141973,1.181415567273024,False,0,29.977070695571456,0.0,0.4,C_val,2026-09-13 05:55:04,2026-09-13 07:50:41
pretrained,1,0.03,0.03,1,0,0.9813475421572913,0.9123434653046232,1.121906405437425,0.20956294013280186,0.8856734409761733,1.3015627429246073,False,0,58.830236831705406,0.0,0.4,C_val,2026-09-13 05:55:04,2026-09-13 07:50:41
pretrained,1,0.03,0.03,2,0,0.9546284159491707,0.8994185927985722,1.0665920987291182,0.16717350593054603,0.8313417445074018,1.247401975523625,False,0,40.00539833747462,0.0,0.4,C_val,2026-09-13 05:55:04,2026-09-13 07:50:41
pretrained,1,0.03,0.03,3,0,0.9845706121891307,0.9176416722706255,1.1271011065315149,0.2094594342608893,0.904126990699105,1.3096956842631566,False,0,54.66726177114106,0.0,0.4,C_val,2026-09-13 05:55:04,2026-09-13 07:50:41
pretrained,1,0.03,0.03,4,0,0.93287946909201,0.9008444281306713,1.043005529817457,0.14216110168678564,0.8287891159747622,1.221829441065808,False,0,40.32463238271157,0.0,0.4,C_val,2026-09-13 05:55:04,2026-09-13 07:50:41
pretrained,1,0.03,0.03,5,0,0.9741559601948164,0.9400398296878503,1.1002324180064997,0.16019258831864946,0.8625007022136656,1.2845091715591548,False,0,54.94732449363437,0.0,0.4,C_val,2026-09-13 05:55:04,2026-09-13 07:50:41
pretrained,1,0.03,0.03,6,0,0.9584875147610378,0.9365351915959368,1.073219874032064,0.1366846824361272,0.8729622606453679,1.2476900158702684,False,0,52.16666561208331,0.0,0.4,C_val,2026-09-13 05:55:04,2026-09-13 07:50:41
pretrained,1,0.03,0.03,7,0,1.013728837575164,0.9493318488248776,1.1587156289089664,0.20938378008408876,0.9272366974011625,1.3437926337172728,False,0,56.012388981002005,0.0,0.4,C_val,2026-09-13 05:55:04,2026-09-13 07:50:41
pretrained,1,0.03,0.03,8,0,1.0224826199423551,0.9661094600616852,1.1725219378225042,0.20641247776081906,0.917031446680337,1.3614174177200766,False,0,63.66240449002726,0.0,0.4,C_val,2026-09-13 05:55:04,2026-09-13 07:50:41
pretrained,1,0.03,0.03,9,0,0.964842966262896,0.9176051796478395,1.1084859408244894,0.19088076117664987,0.894887671907014,1.2955643620569595,False,0,59.08757631894332,0.0,0.4,C_val,2026-09-13 05:55:04,2026-09-13 07:50:41
pretrained,1,0.03,0.03,10,0,0.979352806325399,0.9553011987343982,1.1045052814142455,0.1492040826798473,0.9123132083385554,1.2832795812551507,False,0,39.21905795271596,0.0,0.4,C_val,2026-09-13 05:55:04,2026-09-13 07:50:41
pretrained,1,0.03,0.03,11,0,0.9816478492345743,0.9517713524186936,1.1105910263713434,0.15881967395264984,0.8971506026472952,1.290043024744801,False,0,57.69759531246018,0.0,0.4,C_val,2026-09-13 05:55:04,2026-09-13 07:50:41
pretrained,1,0.03,0.03,12,0,1.0451233254806638,0.9481739070207378,1.20390539688017,0.2557314898594323,0.9284738159409603,1.3948016657541247,False,0,102.66787394479616,0.0,0.4,C_val,2026-09-13 05:55:04,2026-09-13 07:50:41
pretrained,1,0.03,0.03,13,0,1.0554395607901192,0.940239526629525,1.2149638070263546,0.2747242803968296,0.9036053783506628,1.4044979502282116,False,0,109.65604403158068,0.0,0.4,C_val,2026-09-13 05:55:04,2026-09-13 07:50:41
pretrained,1,0.03,0.03,14,0,1.046770783727484,0.9726592124830291,1.1871775641324336,0.21451835164940447,0.9676584466426421,1.3692008135835279,False,0,55.20622223314058,0.0,0.4,C_val,2026-09-13 05:55:04,2026-09-13 07:50:41
pretrained,1,0.03,0.03,15,0,0.9421339693124814,0.9029934814826386,1.0901899303045057,0.18719644882186715,0.8430919970474291,1.284358358180681,False,0,61.30431614722693,0.0,0.4,C_val,2026-09-13 05:55:04,2026-09-13 07:50:41
pretrained,1,0.03,0.03,16,0,0.962081766250947,0.9189400913659428,1.0955724978193353,0.1766324064533925,0.85793070911652,1.2748461469016803,False,0,44.919428521665395,0.0,0.4,C_val,2026-09-13 05:55:04,2026-09-13 07:50:41
pretrained,1,0.03,0.03,17,0,0.9612060826514365,0.9335325936431456,1.07774100755896,0.1442084139158144,0.9173929192570934,1.247622032002455,False,0,45.34190802045123,0.0,0.4,C_val,2026-09-13 05:55:04,2026-09-13 07:50:41
pretrained,1,0.03,0.03,18,0,1.0267238607071154,0.9698912077327236,1.1567351653383926,0.18684395760566896,0.9671212538420232,1.3354740896015653,False,0,40.6725791048957,0.0,0.4,C_val,2026-09-13 05:55:04,2026-09-13 07:50:41
pretrained,1,0.03,0.03,19,0,0.9528072456012939,0.9263397089065285,1.064462563406272,0.1381228544997436,0.8522662299518491,1.237335177369826,False,0,42.089611294351926,0.0,0.4,C_val,2026-09-13 05:55:04,2026-09-13 07:50:41
pretrained,1,0.03,0.03,20,0,1.038247695164709,0.9346800180341717,1.1917642971420943,0.25708427910792264,0.905669312814361,1.378937981302329,False,0,78.48506239409471,0.0,0.4,C_val,2026-09-13 05:55:04,2026-09-13 07:50:41
pretrained,1,0.03,0.03,21,0,1.025467794063243,0.9449750319236848,1.1790750307280895,0.23409999880440469,0.892771090280448,1.3677922575894712,False,0,74.7875246730764,0.0,0.4,C_val,2026-09-13 05:55:04,2026-09-13 07:50:41
pretrained,1,0.03,0.03,22,0,0.9593693637662897,0.9198759592956471,1.0864267304473598,0.16655077115171268,0.9031201311641093,1.267071108554123,False,0,46.488357806727436,0.0,0.4,C_val,2026-09-13 05:55:04,2026-09-13 07:50:41
pretrained,1,0.03,0.03,23,0,0.9728037277900224,0.9376554980001817,1.0961249759025053,0.15846947790232369,0.9135965077378293,1.2708743410901355,False,0,54.63522484387795,0.0,0.4,C_val,2026-09-13 05:55:04,2026-09-13 07:50:41
pretrained,1,0.03,0.03,24,0,0.9504393222220401,0.9323572757376323,1.068545948985319,0.1361886732476868,0.8628750926864506,1.2451498052289958,False,0,45.593517290617456,0.0,0.4,C_val,2026-09-13 05:55:04,2026-09-13 07:50:41
pretrained,1,0.03,0.03,25,0,0.9485301237890869,0.9122325089470162,1.0805552450361509,0.16832273608913462,0.8758546388765626,1.2582615293388428,False,0,56.35305770508057,0.0,0.4,C_val,2026-09-13 05:55:04,2026-09-13 07:50:41
pretrained,1,0.03,0.03,26,0,0.9392059133492847,0.8919497346437418,1.0538979643830566,0.16194822973931478,0.8861943817749715,1.2192861309839367,False,0,33.52714283659225,0.0,0.4,C_val,2026-09-13 05:55:04,2026-09-13 07:50:41
pretrained,1,0.03,0.03,27,0,0.9740054909486238,0.92464851328258,1.079034581899683,0.1543860686171029,0.9151046345054833,1.2506900699649959,False,0,40.684389067919255,0.0,0.4,C_val,2026-09-13 05:55:04,2026-09-13 07:50:41
pretrained,1,0.03,0.03,28,0,0.962911559422689,0.9313136812211719,1.1063975724252613,0.1750838912040894,0.8735054810607096,1.2935354474921386,False,0,65.93024244271146,0.0,0.4,C_val,2026-09-13 05:55:04,2026-09-13 07:50:41
pretrained,1,0.03,0.03,29,0,0.9579861606658431,0.92579600619559,1.0855895335029295,0.15979352730733953,0.8874729105450329,1.2644017440057915,False,0,44.53322361390383,0.0,0.4,C_val,2026-09-13 05:55:04,2026-09-13 07:50:41
pretrained,1,0.03,0.03,30,0,0.9780053442535902,0.9197936930299422,1.111880310013838,0.19208661698389573,0.8997776861715544,1.2872000726933064,False,0,73.31033347851917,0.0,0.4,C_val,2026-09-13 05:55:04,2026-09-13 07:50:41
pretrained,1,0.03,0.03,31,0,1.03067764977178,0.9553824164205182,1.1699080907406114,0.21452567432009317,0.944890282500078,1.351932406921079,False,0,56.765199499724986,0.0,0.4,C_val,2026-09-13 05:55:04,2026-09-13 07:50:41
pretrained,1,0.03,0.03,32,0,1.0242438505779816,0.9765954055378938,1.1730644013071765,0.19646899576928267,0.949345615521974,1.3639611062300876,False,0,63.42556550138397,0.0,0.4,C_val,2026-09-13 05:55:04,2026-09-13 07:50:41
pretrained,1,0.03,0.03,33,0,0.9452564147415816,0.9043399436343957,1.0829003628205784,0.1785604191861827,0.8589734670661103,1.2640085619749877,False,0,44.80394044780769,0.0,0.4,C_val,2026-09-13 05:55:04,2026-09-13 07:50:41
pretrained,1,0.03,0.03,34,0,0.9040952983961009,0.8714449390281219,1.030986629157812,0.1595416901296901,0.8620152762718575,1.214457962876195,False,0,36.04761907956345,0.0,0.4,C_val,2026-09-13 05:55:04,2026-09-13 07:50:41
pretrained,1,0.03,0.03,35,0,0.9802595192397174,0.9383737070462235,1.1024773938584023,0.1641036868121788,0.9042589885232668,1.2733393450035557,False,0,45.77992790428107,0.0,0.4,C_val,2026-09-13 05:55:04,2026-09-13 07:50:41
pretrained,1,0.03,0.03,36,0,1.0223880149476314,0.9552894987381999,1.1864170959100704,0.23112759717187048,0.9039248090452295,1.3849147270387152,False,0,69.11109246452907,0.0,0.4,C_val,2026-09-13 05:55:04,2026-09-13 07:50:41
pretrained,1,0.03,0.03,37,0,0.9880494835788042,0.9642818843688021,1.119552349696133,0.1552704653273309,0.9064479903222528,1.3032183484710815,False,0,59.28496144196106,0.0,0.4,C_val,2026-09-13 05:55:04,2026-09-13 07:50:41
pretrained,1,0.03,0.03,38,0,1.053581381509765,0.9470385920321319,1.2188909175650051,0.2718523255328732,0.9143376782327339,1.4153604991171678,False,0,91.6786275551749,0.0,0.4,C_val,2026-09-13 05:55:04,2026-09-13 07:50:41
pretrained,1,0.03,0.03,39,0,0.9717821229993088,0.9457553312944365,1.0941120470090733,0.14835671571463682,0.8654224901700707,1.2667179102855102,False,0,59.33783322543604,0.0,0.4,C_val,2026-09-13 05:55:04,2026-09-13 07:50:41
pretrained,1,0.03,0.03,40,0,0.9769488756671025,0.9159127970983354,1.1207438965065242,0.20483109940818878,0.8985363614683638,1.3081770488309825,False,0,52.060184496542206,0.0,0.4,C_val,2026-09-13 05:55:04,2026-09-13 07:50:41
pretrained,1,0.03,0.03,41,0,0.9671374773086233,0.9072122006075747,1.1148415567496603,0.20762935614208566,0.8614809061490267,1.3021887055964787,False,0,59.83332308381068,0.0,0.4,C_val,2026-09-13 05:55:04,2026-09-13 07:50:41
pretrained,1,0.03,0.03,42,0,0.9238561959058333,0.8891249334881877,1.0542130511816246,0.1650881176934369,0.8701276479042473,1.2357466801816102,False,0,35.254644200365874,0.0,0.4,C_val,2026-09-13 05:55:04,2026-09-13 07:50:41
pretrained,1,0.03,0.03,43,0,0.9621877769624773,0.9236063483478049,1.084485630639774,0.16087928229196924,0.9134450254187713,1.257456122645789,False,0,39.406705149671325,0.0,0.4,C_val,2026-09-13 05:55:04,2026-09-13 07:50:41
pretrained,1,0.03,0.03,44,0,0.9637405830830337,0.9425416498952991,1.0873313314286603,0.14478968153336125,0.8746073363965045,1.2638091578091768,False,0,51.94996635728603,0.0,0.4,C_val,2026-09-13 05:55:04,2026-09-13 07:50:41
pretrained,1,0.03,0.03,45,0,0.9449652269400189,0.9089528907531249,1.061847210280805,0.15289431952768007,0.8682938987983192,1.2336548110835415,False,0,44.815155500513356,0.0,0.4,C_val,2026-09-13 05:55:04,2026-09-13 07:50:41
pretrained,1,0.03,0.03,46,0,0.9327147463622565,0.8766455378146871,1.068619286060324,0.19197374824563695,0.8556122855040124,1.250187595253622,False,0,45.50469463234913,0.0,0.4,C_val,2026-09-13 05:55:04,2026-09-13 07:50:41
pretrained,1,0.03,0.03,47,0,1.0098497215712263,0.9678055171136833,1.1450951738106827,0.17728965669699936,0.9295881151646899,1.323574708228329,False,0,70.12033456130666,0.0,0.4,C_val,2026-09-13 05:55:04,2026-09-13 07:50:41
pretrained,1,0.03,0.03,0,0,0.0,,0.00958963429572268,,,0.017763567173891666,True,0,21.727624254370312,,2.5,C_val,2026-09-13 05:55:04,2026-09-13 07:50:41
pretrained,1,0.03,0.03,1,0,0.0,,0.002309528973522749,,,0.009238115894090996,True,0,17.60736416071086,,2.5,C_val,2026-09-13 05:55:04,2026-09-13 07:50:41
pretrained,1,0.03,0.03,2,0,0.0,,0.0019026233696304927,,,0.007610493478521971,True,0,19.76614151089234,,2.5,C_val,2026-09-13 05:55:04,2026-09-13 07:50:41
pretrained,1,0.03,0.03,3,0,0.0,,0.0008656420010696256,,,0.0034625680042785025,True,0,15.522735918701073,,2.5,C_val,2026-09-13 05:55:04,2026-09-13 07:50:41
pretrained,1,0.03,0.03,4,0,0.0,,0.004339772351426755,,,0.012061266870104823,True,0,17.498504370414594,,2.5,C_val,2026-09-13 05:55:04,2026-09-13 07:50:41
pretrained,1,0.03,0.03,5,0,0.0,,0.0025383938804047906,,,0.010136314804103529,True,0,15.101648649349954,,2.5,C_val,2026-09-13 05:55:04,2026-09-13 07:50:41
pretrained,1,0.03,0.03,6,0,0.0,,0.0023458571781496693,,,0.009383428712598677,True,0,19.23688852579653,,2.5,C_val,2026-09-13 05:55:04,2026-09-13 07:50:41
pretrained,1,0.03,0.03,7,0,0.0,,0.001833229190364729,,,0.007332916761458916,True,0,12.04650806510108,,2.5,C_val,2026-09-13 05:55:04,2026-09-13 07:50:41
pretrained,1,0.03,0.03,8,0,0.0,,0.0010558968016310844,,,0.0042235872065243376,True,0,10.980323516421777,,2.5,C_val,2026-09-13 05:55:04,2026-09-13 07:50:41
pretrained,1,0.03,0.03,9,0,0.0,,0.0011341781734093069,,,0.0045367126936372276,True,0,13.071331961815304,,2.5,C_val,2026-09-13 05:55:04,2026-09-13 07:50:41
pretrained,1,0.03,0.03,10,0,0.0,,0.0016167247699830124,,,0.00646689907993205,True,0,16.175008772981528,,2.5,C_val,2026-09-13 05:55:04,2026-09-13 07:50:41
pretrained,1,0.03,0.03,11,0,0.0,,0.0010711954692912275,,,0.00428478187716491,True,0,13.425130423718656,,2.5,C_val,2026-09-13 05:55:04,2026-09-13 07:50:41
pretrained,1,0.03,0.03,12,0,0.0,,0.0009544021501705792,,,0.003817608600682317,True,0,13.261737237149646,,2.5,C_val,2026-09-13 05:55:04,2026-09-13 07:50:41
pretrained,1,0.03,0.03,13,0,0.0,,0.0005544283773078691,,,0.0022177135092314765,True,0,9.240717102322378,,2.5,C_val,2026-09-13 05:55:04,2026-09-13 07:50:41
pretrained,1,0.03,0.03,14,0,0.0,,0.00041153277531665706,,,0.0016461311012666282,True,0,13.4437837432597,,2.5,C_val,2026-09-13 05:55:04,2026-09-13 07:50:41
pretrained,1,0.03,0.03,15,0,0.0,,0.002596175293522527,,,0.010248659323147518,True,0,14.196605303175602,,2.5,C_val,2026-09-13 05:55:04,2026-09-13 07:50:41
pretrained,1,0.03,0.03,16,0,0.0,,0.0012338676930993798,,,0.004935470772397519,True,0,16.877203782649303,,2.5,C_val,2026-09-13 05:55:04,2026-09-13 07:50:41
pretrained,1,0.03,0.03,17,0,0.0,,0.0021237453622605733,,,0.008494981449042293,True,0,17.166411659178266,,2.5,C_val,2026-09-13 05:55:04,2026-09-13 07:50:41
pretrained,1,0.03,0.03,18,0,0.0,,0.0004530467785016381,,,0.0018121871140065525,True,0,10.651150500358199,,2.5,C_val,2026-09-13 05:55:04,2026-09-13 07:50:41
pretrained,1,0.03,0.03,19,0,0.0,,0.0022561791732529897,,,0.009024716693011959,True,0,21.475806261110847,,2.5,C_val,2026-09-13 05:55:04,2026-09-13 07:50:41
pretrained,1,0.03,0.03,20,0,1.725770915078042,1.487730871661093,1.9766433048281364,0.48891243316704336,1.2668951419268406,2.238589300021891,False,0,8.773169924181275,0.0,2.5,C_val,2026-09-13 05:55:04,2026-09-13 07:50:41
pretrained,1,0.03,0.03,21,0,0.0,,0.0007590234256073833,,,0.003036093702429533,True,0,8.57157058557641,,2.5,C_val,2026-09-13 05:55:04,2026-09-13 07:50:41
pretrained,1,0.03,0.03,22,0,0.0,,0.0014652810187149852,,,0.005861124074859941,True,0,15.121805817172572,,2.5,C_val,2026-09-13 05:55:04,2026-09-13 07:50:41
pretrained,1,0.03,0.03,23,0,0.0,,0.0007745953531895802,,,0.003098381412758321,True,0,18.09005072545915,,2.5,C_val,2026-09-13 05:55:04,2026-09-13 07:50:41
pretrained,1,0.03,0.03,24,0,0.0,,0.003007177988628872,,,0.010516951079200183,True,0,17.046547967151128,,2.5,C_val,2026-09-13 05:55:04,2026-09-13 07:50:41
pretrained,1,0.03,0.03,25,0,0.0,,0.005823756805443577,,,0.015974067153419383,True,0,17.91427771803501,,2.5,C_val,2026-09-13 05:55:04,2026-09-13 07:50:41
pretrained,1,0.03,0.03,26,0,0.0,,0.004100978225848033,,,0.010604145524613442,True,0,20.34470876447449,,2.5,C_val,2026-09-13 05:55:04,2026-09-13 07:50:41
pretrained,1,0.03,0.03,27,0,0.0,,0.0005684120506626621,,,0.0022736482026506485,True,0,19.461917052190984,,2.5,C_val,2026-09-13 05:55:04,2026-09-13 07:50:41
pretrained,1,0.03,0.03,28,0,0.0,,0.0011805370189998789,,,0.0047221480759995155,True,0,14.080372329310194,,2.5,C_val,2026-09-13 05:55:04,2026-09-13 07:50:41
pretrained,1,0.03,0.03,29,0,0.0,,0.0037273377615690663,,,0.012731182433305645,True,0,18.10864490361928,,2.5,C_val,2026-09-13 05:55:04,2026-09-13 07:50:41
pretrained,1,0.03,0.03,30,0,0.0,,0.0010816518666911757,,,0.004326607466764703,True,0,13.409095264451025,,2.5,C_val,2026-09-13 05:55:04,2026-09-13 07:50:41
pretrained,1,0.03,0.03,31,0,0.0,,0.0002877876360868434,,,0.0011511505443473737,True,0,11.74655163150237,,2.5,C_val,2026-09-13 05:55:04,2026-09-13 07:50:41
pretrained,1,0.03,0.03,32,0,0.0,,0.0006502101879708959,,,0.0026008407518835837,True,0,11.590037538757315,,2.5,C_val,2026-09-13 05:55:04,2026-09-13 07:50:41
pretrained,1,0.03,0.03,33,0,0.0,,0.003732331801677835,,,0.011950563449865021,True,0,14.411866371523502,,2.5,C_val,2026-09-13 05:55:04,2026-09-13 07:50:41
pretrained,1,0.03,0.03,34,0,0.0,,0.006926045643517792,,,0.01640336296100939,True,0,18.321943337479752,,2.5,C_val,2026-09-13 05:55:04,2026-09-13 07:50:41
pretrained,1,0.03,0.03,35,0,0.0,,0.0007403564630927736,,,0.0029614258523710944,True,0,18.34719122674869,,2.5,C_val,2026-09-13 05:55:04,2026-09-13 07:50:41
pretrained,1,0.03,0.03,36,0,1.8571105485549937,1.614418141660674,2.1104624095222375,0.4960442678615635,1.3839062618666342,2.3737172823802575,False,0,6.086942573227134,0.0,2.5,C_val,2026-09-13 05:55:04,2026-09-13 07:50:41
pretrained,1,0.03,0.03,37,0,0.0,,0.001328203181192594,,,0.005312812724770376,True,0,16.22737657910693,,2.5,C_val,2026-09-13 05:55:04,2026-09-13 07:50:41
pretrained,1,0.03,0.03,38,0,1.8773732877326017,1.6318476092380836,2.133289239046632,0.5014416298085482,1.3989868999766313,2.389268452295752,False,0,5.74858816386768,0.0,2.5,C_val,2026-09-13 05:55:04,2026-09-13 07:50:41
pretrained,1,0.03,0.03,39,0,0.0,,0.0017940416977100472,,,0.007176166790840189,True,0,22.251227436332556,,2.5,C_val,2026-09-13 05:55:04,2026-09-13 07:50:41
pretrained,1,0.03,0.03,40,0,0.0,,0.0009844660590282537,,,0.003937864236113015,True,0,16.03273883305519,,2.5,C_val,2026-09-13 05:55:04,2026-09-13 07:50:41
pretrained,1,0.03,0.03,41,0,0.0,,0.0009337186033911507,,,0.0037348744135646027,True,0,12.238552909879218,,2.5,C_val,2026-09-13 05:55:04,2026-09-13 07:50:41
pretrained,1,0.03,0.03,42,0,0.0,,0.003300337267074058,,,0.011774606818079006,True,0,21.8151945376776,,2.5,C_val,2026-09-13 05:55:04,2026-09-13 07:50:41
pretrained,1,0.03,0.03,43,0,0.0,,0.0007975411870054902,,,0.003190164748021961,True,0,14.911790577978536,,2.5,C_val,2026-09-13 05:55:04,2026-09-13 07:50:41
pretrained,1,0.03,0.03,44,0,0.0,,0.000988947343944429,,,0.003955789375777716,True,0,17.574904859469825,,2.5,C_val,2026-09-13 05:55:04,2026-09-13 07:50:41
pretrained,1,0.03,0.03,45,0,0.0,,0.004489329928519335,,,0.012014142419617934,True,0,18.48687261417581,,2.5,C_val,2026-09-13 05:55:04,2026-09-13 07:50:41
pretrained,1,0.03,0.03,46,0,0.0,,0.0032692801987498133,,,0.010766830133757137,True,0,15.984992876554315,,2.5,C_val,2026-09-13 05:55:04,2026-09-13 07:50:41
pretrained,1,0.03,0.03,47,0,0.0,,0.0009829521852481034,,,0.0039318087409924134,True,0,16.58404103394423,,2.5,C_val,2026-09-13 05:55:04,2026-09-13 07:50:41
pretrained,2,0.03,0.03,0,0,0.5325575246293778,0.14736516481071227,0.8637348592575912,0.7163696944468789,0.04439628504990997,1.2419504622840145,False,0,0.10697189475467894,1.0,0.4,C_val,2026-09-13 08:38:58,2026-09-13 09:36:21
pretrained,2,0.03,0.03,1,0,0.26011519977898845,0.10729798744139096,0.7952825826443854,0.6879845952029945,0.03328939397185733,1.282954998213782,False,0,0.21588031519786455,1.0,0.4,C_val,2026-09-13 08:38:58,2026-09-13 09:36:21
pretrained,2,0.03,0.03,2,0,0.9182113151845614,0.8929285430613072,1.1349634280070695,0.2420348849457623,0.654672731762216,1.4366976577100505,False,0,4.128187814207195,0.0,0.4,C_val,2026-09-13 08:38:58,2026-09-13 09:36:21
pretrained,2,0.03,0.03,3,0,0.9805983115118021,0.9254686322305957,1.2138459202445782,0.28837728801398244,0.8859510684810559,1.5052653259137294,False,0,6.611161224798707,0.0,0.4,C_val,2026-09-13 08:38:58,2026-09-13 09:36:21
pretrained,2,0.03,0.03,4,0,0.7602508026556591,0.7336029729998427,1.0067370766532235,0.27313410365338087,0.03634830435147517,1.3368409404805357,False,0,0.5003517688419379,0.0,0.4,C_val,2026-09-13 08:38:58,2026-09-13 09:36:21
pretrained,2,0.03,0.03,5,0,0.9428015278895857,0.9057253944213423,1.132422277485726,0.22669688306438374,0.16505352165183731,1.4181209478586558,False,0,3.2100802475724777,0.0,0.4,C_val,2026-09-13 08:38:58,2026-09-13 09:36:21
pretrained,2,0.03,0.03,6,0,0.9093238937388434,0.8857338625706963,1.1001957037259815,0.21446184115528522,0.5533991138640006,1.3820090355222214,False,0,4.435202330834727,0.0,0.4,C_val,2026-09-13 08:38:58,2026-09-13 09:36:21
pretrained,2,0.03,0.03,7,0,0.8643204009661611,0.8333943589023926,1.0977000702894226,0.2643057113870301,0.06520789100605759,1.4091171225667531,False,0,1.1786401892059075,0.0,0.4,C_val,2026-09-13 08:38:58,2026-09-13 09:36:21
pretrained,2,0.03,0.03,8,0,0.7057163608970924,0.6125601455737201,1.0731520280089868,0.4605918824352667,0.02364193795035005,1.4177452371085377,False,0,3.3680979150631174,0.0,0.4,C_val,2026-09-13 08:38:58,2026-09-13 09:36:21
pretrained,2,0.03,0.03,9,0,0.7976691859966181,0.6895621549445584,1.0423261829608634,0.352764028016305,0.5908213303380031,1.354597625429401,False,0,3.7067555742360128,0.0,0.4,C_val,2026-09-13 08:38:58,2026-09-13 09:36:21
pretrained,2,0.03,0.03,10,0,0.9449575806412517,0.3011373365567646,1.1496697177591368,0.8485323812023722,0.031493945543871575,1.45202893948661,False,0,0.3854878028432722,1.0,0.4,C_val,2026-09-13 08:38:58,2026-09-13 09:36:21
pretrained,2,0.03,0.03,11,0,0.9389213344124395,0.9143401688054943,1.1218309471151868,0.20749077830969254,0.08321394478234496,1.4055717741001774,False,0,1.2804356086999178,0.0,0.4,C_val,2026-09-13 08:38:58,2026-09-13 09:36:21
pretrained,2,0.03,0.03,12,0,1.0170326702066828,0.9668217110647181,1.2524371557013945,0.2856154446366763,0.868465207766471,1.546179408971731,False,0,6.209292208943225,0.0,0.4,C_val,2026-09-13 08:38:58,2026-09-13 09:36:21
pretrained,2,0.03,0.03,13,0,0.9919666745265255,0.9631544819101294,1.1996524565524476,0.23649797464231814,0.6417121303736174,1.4912225020134948,False,0,3.6639915496525646,0.0,0.4,C_val,2026-09-13 08:38:58,2026-09-13 09:36:21
pretrained,2,0.03,0.03,14,0,0.22779792621577247,0.09385395902142744,0.6432415756160544,0.549387616594627,0.027785039825353863,1.4189708860624977,False,0,0.4015940269564453,1.0,0.4,C_val,2026-09-13 08:38:58,2026-09-13 09:36:21
pretrained,2,0.03,0.03,15,0,0.7453371632453193,0.6253247152988637,1.085138843233712,0.4598141279348482,0.026192540388209836,1.4259742101914215,False,0,2.4315720473532565,0.0,0.4,C_val,2026-09-13 08:38:58,2026-09-13 09:36:21
pretrained,2,0.03,0.03,16,0,0.982156024253626,0.9334554653269512,1.2181135521523387,0.2846580868253875,0.8499054608332427,1.5129290565147788,False,0,8.867475160554022,0.0,0.4,C_val,2026-09-13 08:38:58,2026-09-13 09:36:21
pretrained,2,0.03,0.03,17,0,0.35411023753138066,0.1564501307102365,0.7487333960686248,0.5922832653583883,0.05724562436022091,1.2061140099011984,False,0,0.02307391808790271,1.0,0.4,C_val,2026-09-13 08:38:58,2026-09-13 09:36:21
pretrained,2,0.03,0.03,18,0,0.9951862969688134,0.9708393337755888,1.206197977648714,0.2353586438731251,0.8739681492114753,1.4893206039729887,False,0,7.365671429928625,0.0,0.4,C_val,2026-09-13 08:38:58,2026-09-13 09:36:21
pretrained,2,0.03,0.03,19,0,0.9222632439881128,0.8708474293470937,1.1333582599712217,0.26251083062412806,0.03583684742069768,1.4369035570410427,False,0,1.8106588892151194,0.0,0.4,C_val,2026-09-13 08:38:58,2026-09-13 09:36:21
pretrained,2,0.03,0.03,20,0,0.7980685201953033,0.7349343117632151,1.0881346526595248,0.3532003408963097,0.19686002507523045,1.403610658714829,False,0,3.7846713267827,0.0,0.4,C_val,2026-09-13 08:38:58,2026-09-13 09:36:21
pretrained,2,0.03,0.03,21,0,0.9999011795657469,0.965009137338124,1.2141533911346714,0.24914425379654737,0.05858984609003368,1.5035179945913375,False,0,3.09503958899586,0.0,0.4,C_val,2026-09-13 08:38:58,2026-09-13 09:36:21
pretrained,2,0.03,0.03,22,0,0.3525837064604441,0.14665011134662806,0.8877045534849681,0.74105444213834,0.04418753978090674,1.2604876658422848,False,0,0.020282413373934105,1.0,0.4,C_val,2026-09-13 08:38:58,2026-09-13 09:36:21
pretrained,2,0.03,0.03,23,0,0.9695907135610397,0.9462887402049373,1.1506388634647433,0.20435012325980606,0.7069945070709039,1.4216263356342425,False,0,6.843763144734112,0.0,0.4,C_val,2026-09-13 08:38:58,2026-09-13 09:36:21
pretrained,2,0.03,0.03,24,0,0.6752037710987656,0.5624131747347191,0.9601642683073666,0.3977510935726475,0.03548127926912065,1.300865222075814,False,0,0.8970144175145833,0.0,0.4,C_val,2026-09-13 08:38:58,2026-09-13 09:36:21
pretrained,2,0.03,0.03,25,0,0.3670272532880238,0.14736530589289323,0.8122386042155006,0.6648732983226074,0.05279577776098853,1.2941084689114541,False,0,0.008413704868871719,1.0,0.4,C_val,2026-09-13 08:38:58,2026-09-13 09:36:21
pretrained,2,0.03,0.03,26,0,0.6040801250283766,0.5634307563930311,0.9446246736852967,0.3811939172922656,0.03587586543844069,1.2977288165056948,False,0,1.2029102383530699,0.0,0.4,C_val,2026-09-13 08:38:58,2026-09-13 09:36:21
pretrained,2,0.03,0.03,27,0,0.7591005800097882,0.6039608650899486,0.9935318287781617,0.3895709636882131,0.02788223317533699,1.3154789630931516,False,0,0.8518247065803735,0.0,0.4,C_val,2026-09-13 08:38:58,2026-09-13 09:36:21
pretrained,2,0.03,0.03,28,0,0.9247922064814681,0.7029813354727975,1.1052608336347844,0.40227949816198694,0.08021375841967486,1.3981856043516083,False,0,2.2998860586449155,0.0,0.4,C_val,2026-09-13 08:38:58,2026-09-13 09:36:21
pretrained,2,0.03,0.03,29,0,0.874877636438229,0.7569075230179744,1.092017541166778,0.3351100181488037,0.6003169045460268,1.3991487523249126,False,0,3.7858955632909783,0.0,0.4,C_val,2026-09-13 08:38:58,2026-09-13 09:36:21
pretrained,2,0.03,0.03,30,0,0.3383947955609724,0.14561975166127833,0.7634114196497515,0.6177916679884732,0.05149590170502444,1.2987510084233025,False,0,0.03963413731980836,1.0,0.4,C_val,2026-09-13 08:38:58,2026-09-13 09:36:21
pretrained,2,0.03,0.03,31,0,0.9555036711472853,0.9405049845319177,1.1366136418822408,0.19610865735032312,0.05631223112447994,1.419893319092995,False,0,1.4809904403482506,0.0,0.4,C_val,2026-09-13 08:38:58,2026-09-13 09:36:21
pretrained,2,0.03,0.03,32,0,0.8900676995950982,0.829449567658032,1.1424660753667595,0.31301650770872746,0.04954766255219229,1.457605193646764,False,0,1.555277204959566,0.0,0.4,C_val,2026-09-13 08:38:58,2026-09-13 09:36:21
pretrained,2,0.03,0.03,33,0,0.9048022381398817,0.18717848708408125,1.0703075167557243,0.8831290296716431,0.06259923870941189,1.3523895325071793,False,0,0.3450167476621573,1.0,0.4,C_val,2026-09-13 08:38:58,2026-09-13 09:36:21
pretrained,2,0.03,0.03,34,0,0.6690804823903201,0.516669502734045,0.9695770692346206,0.4529075665005756,0.032815106464177186,1.319896578282029,False,0,3.124717553197115,0.0,0.4,C_val,2026-09-13 08:38:58,2026-09-13 09:36:21
pretrained,2,0.03,0.03,35,0,0.9575595889263226,0.7171182186645713,1.1341860576430494,0.4170678389784781,0.07279054782961897,1.4160510189341302,False,0,1.6555297832601354,0.0,0.4,C_val,2026-09-13 08:38:58,2026-09-13 09:36:21
pretrained,2,0.03,0.03,36,0,0.9076659828097143,0.8817883081439412,1.1617515774578469,0.2799632693139057,0.02544781850763645,1.4747699339308233,False,0,1.554194266198465,0.0,0.4,C_val,2026-09-13 08:38:58,2026-09-13 09:36:21
pretrained,2,0.03,0.03,37,0,0.23888556154104312,0.10519161309620066,0.9552371957244019,0.8500455826282013,0.03227850422624689,1.3539572326715412,False,0,0.2031874664935458,1.0,0.4,C_val,2026-09-13 08:38:58,2026-09-13 09:36:21
pretrained,2,0.03,0.03,38,0,0.7624571614349988,0.6263286009075703,1.050306822479733,0.4239782215721627,0.031103559336038,1.3926445562082144,False,0,0.8725200127119024,0.0,0.4,C_val,2026-09-13 08:38:58,2026-09-13 09:36:21
pretrained,2,0.03,0.03,39,0,0.2363003400457968,0.10196065816320615,0.609057753301959,0.5070970951387528,0.032702138884512816,1.1841863885931012,False,0,0.39772307650127914,1.0,0.4,C_val,2026-09-13 08:38:58,2026-09-13 09:36:21
pretrained,2,0.03,0.03,40,0,0.9848497461421108,0.9607160767125449,1.1741237714424373,0.2134076947298924,0.07599527561769359,1.4600344508515857,False,0,2.169590176537895,0.0,0.4,C_val,2026-09-13 08:38:58,2026-09-13 09:36:21
pretrained,2,0.03,0.03,41,0,0.44482822565515445,0.15542736807041854,0.8236679680189511,0.6682405999485326,0.049527017521724746,1.2147094440612023,False,0,0.10983119719458045,1.0,0.4,C_val,2026-09-13 08:38:58,2026-09-13 09:36:21
pretrained,2,0.03,0.03,42,0,0.8894289199748349,0.8555569705845039,1.1057072908821115,0.25015032029760764,0.09355845244904007,1.403949021420386,False,0,2.418829004283907,0.0,0.4,C_val,2026-09-13 08:38:58,2026-09-13 09:36:21
pretrained,2,0.03,0.03,43,0,0.7430671986067791,0.7202972625389197,1.0480460745738356,0.3277488120349159,0.05177360293061345,1.3232324064917802,False,0,0.18690849237464136,0.0,0.4,C_val,2026-09-13 08:38:58,2026-09-13 09:36:21
pretrained,2,0.03,0.03,44,0,1.0492433181229148,0.9583765144659527,1.2510951757566462,0.29271866129069346,0.92646774475572,1.5086825787557312,False,0,19.855988730152603,0.0,0.4,C_val,2026-09-13 08:38:58,2026-09-13 09:36:21
pretrained,2,0.03,0.03,45,0,0.7283282359098358,0.16166788494304998,1.0717029118500645,0.9100350269070145,0.041256822713098704,1.3536724437642085,False,0,0.11535796589305392,1.0,0.4,C_val,2026-09-13 08:38:58,2026-09-13 09:36:21
pretrained,2,0.03,0.03,46,0,0.30861820761637987,0.12964561129861346,0.7525169157450652,0.6228713044464518,0.04328169401480992,1.3640015733715034,False,0,0.08775425771455048,1.0,0.4,C_val,2026-09-13 08:38:58,2026-09-13 09:36:21
pretrained,2,0.03,0.03,47,0,0.8187864315745733,0.7460113292999196,1.0553384236978287,0.30932709439790906,0.04420272029960004,1.3800307849546327,False,0,1.704043194775295,0.0,0.4,C_val,2026-09-13 08:38:58,2026-09-13 09:36:21
pretrained,2,0.03,0.03,0,0,2.119799359962731,1.8092555997269073,2.4338328412080448,0.6245772414811375,1.4972157404495334,2.7540038613574738,False,0,1.4600240973159089,0.0,2.5,C_val,2026-09-13 08:38:58,2026-09-13 09:36:21
pretrained,2,0.03,0.03,1,0,2.2251054429685686,1.9196602956069373,2.5358866908121285,0.6162263952051912,1.616467999997967,2.8537975003433993,False,0,0.7840592631764594,1.0,2.5,C_val,2026-09-13 08:38:58,2026-09-13 09:36:21
pretrained,2,0.03,0.03,2,0,2.2672960065723133,1.9610580257373047,2.5786002048304257,0.617542179093121,1.6567235277840473,2.896780405856328,False,0,0.5615139279288996,1.0,2.5,C_val,2026-09-13 08:38:58,2026-09-13 09:36:21
pretrained,2,0.03,0.03,3,0,2.318219450811764,2.015778064477413,2.626876906790474,0.6110988423130612,1.7171249519293847,2.9431873279669363,False,0,0.3500262309462414,1.0,2.5,C_val,2026-09-13 08:38:58,2026-09-13 09:36:21
pretrained,2,0.03,0.03,4,0,2.2065138913543207,1.9042559318973267,2.5136045331827663,0.6093486012854397,1.6030223443071183,2.8275895618049507,False,0,0.9139619967754697,1.0,2.5,C_val,2026-09-13 08:38:58,2026-09-13 09:36:21
pretrained,2,0.03,0.03,5,0,2.176002986261726,1.8699716611108175,2.48663660429727,0.6166649431864524,1.5649183816283816,2.803954605956294,False,0,1.08674142691234,0.0,2.5,C_val,2026-09-13 08:38:58,2026-09-13 09:36:21
pretrained,2,0.03,0.03,6,0,2.1219925327326115,1.8154471856428627,2.4328011267794145,0.6173539411365518,1.5090190450775403,2.7501117326023086,False,0,1.4727657553812605,0.0,2.5,C_val,2026-09-13 08:38:58,2026-09-13 09:36:21
pretrained,2,0.03,0.03,7,0,2.239117895609411,1.9340178198580444,2.5493514539607225,0.615333634102678,1.6306559837135757,2.8665266617371876,False,0,0.7094105760588718,1.0,2.5,C_val,2026-09-13 08:38:58,2026-09-13 09:36:21
pretrained,2,0.03,0.03,8,0,2.275784395471757,1.9695278850811997,2.587413604790526,0.6178857197093262,1.6656939655954126,2.906142471271197,False,0,0.5205192891662591,1.0,2.5,C_val,2026-09-13 08:38:58,2026-09-13 09:36:21
pretrained,2,0.03,0.03,9,0,2.1761875397570294,1.8726307498110946,2.484794978033322,0.6121642282222273,1.5706812959742475,2.8003787206203103,False,0,1.0995786367384426,0.0,2.5,C_val,2026-09-13 08:38:58,2026-09-13 09:36:21
pretrained,2,0.03,0.03,10,0,2.2997141089097193,1.9945794460852282,2.610590095960988,0.6160106498757596,1.692266720862786,2.9288003644537146,False,0,0.4182554377694032,1.0,2.5,C_val,2026-09-13 08:38:58,2026-09-13 09:36:21
pretrained,2,0.03,0.03,11,0,2.153497191158452,1.8435631070893757,2.467791900546506,0.6242287934571302,1.5340328482732541,2.788568982006116,False,0,1.2129295030135836,0.0,2.5,C_val,2026-09-13 08:38:58,2026-09-13 09:36:21
pretrained,2,0.03,0.03,12,0,2.360950345701992,2.056234860371832,2.6721943279349674,0.6159594675631355,1.7558523480945003,2.9912793243098874,False,0,0.20213648370554438,1.0,2.5,C_val,2026-09-13 08:38:58,2026-09-13 09:36:21
pretrained,2,0.03,0.03,13,0,2.3157799159216057,2.01121972211146,2.6263465255239073,0.6151268034124473,1.7101567187531297,2.944417605676294,False,0,0.3548538548129727,1.0,2.5,C_val,2026-09-13 08:38:58,2026-09-13 09:36:21
pretrained,2,0.03,0.03,14,0,2.2494525104556677,1.9484686114040635,2.5562505250799075,0.607781913675844,1.650432063537825,2.8705551079979745,False,0,0.6695156664391106,1.0,2.5,C_val,2026-09-13 08:38:58,2026-09-13 09:36:21
pretrained,2,0.03,0.03,15,0,2.323145042216167,2.0193242307070802,2.632937234059904,0.6136130033528238,1.7189041978162505,2.9502633096518043,False,0,0.32889808791151154,1.0,2.5,C_val,2026-09-13 08:38:58,2026-09-13 09:36:21
pretrained,2,0.03,0.03,16,0,2.363502814012266,2.0583569753500237,2.6745898909931256,0.6162329156431019,1.7566527524047766,2.9931453244777813,False,0,0.194747936908243,1.0,2.5,C_val,2026-09-13 08:38:58,2026-09-13 09:36:21
pretrained,2,0.03,0.03,17,0,2.0451844743138876,1.734969031697835,2.3579225882845183,0.6229535565866833,1.4212395626336805,2.6761214029366793,False,0,2.099475269907998,0.0,2.5,C_val,2026-09-13 08:38:58,2026-09-13 09:36:21
pretrained,2,0.03,0.03,18,0,2.278682878762585,1.9765396077028796,2.586640026048496,0.6101004183456162,1.6775286407536214,2.902005609902994,False,0,0.5195648223561875,1.0,2.5,C_val,2026-09-13 08:38:58,2026-09-13 09:36:21
pretrained,2,0.03,0.03,19,0,2.251258081266171,1.9475564272733366,2.560553792532144,0.6129973652588074,1.6464763451976936,2.8770708450913385,False,0,0.6494659945383319,1.0,2.5,C_val,2026-09-13 08:38:58,2026-09-13 09:36:21
pretrained,2,0.03,0.03,20,0,2.191302336539478,1.8868050692208902,2.5010955014216685,0.6142904322007783,1.5844125397887436,2.817957602758188,False,0,0.9929174882054213,1.0,2.5,C_val,2026-09-13 08:38:58,2026-09-13 09:36:21
pretrained,2,0.03,0.03,21,0,2.326592715354282,2.024772247926189,2.6348431368233545,0.6100708888971655,1.7270246135723504,2.9509252015506626,False,0,0.3195684084785171,1.0,2.5,C_val,2026-09-13 08:38:58,2026-09-13 09:36:21
pretrained,2,0.03,0.03,22,0,2.14490625541551,1.8332986896995556,2.460114281414054,0.6268155917144986,1.5205576912263141,2.781266373341423,False,0,1.2663716539682355,0.0,2.5,C_val,2026-09-13 08:38:58,2026-09-13 09:36:21
pretrained,2,0.03,0.03,23,0,2.133297179347107,1.8277522086916236,2.4433685319608456,0.615616323269222,1.5229143742795044,2.760106000010512,False,0,1.3933324600620836,0.0,2.5,C_val,2026-09-13 08:38:58,2026-09-13 09:36:21
pretrained,2,0.03,0.03,24,0,2.1278839590926975,1.8223900612847832,2.437747770147084,0.615357708862301,1.5171014227678956,2.7541873358192985,False,0,1.4362860639703285,0.0,2.5,C_val,2026-09-13 08:38:58,2026-09-13 09:36:21
pretrained,2,0.03,0.03,25,0,2.021159558754949,1.7158536532306905,2.3299103011664566,0.6140566479357661,1.4087502165770078,2.644657082194038,False,0,2.381146068979433,0.0,2.5,C_val,2026-09-13 08:38:58,2026-09-13 09:36:21
pretrained,2,0.03,0.03,26,0,2.140833421979165,1.8354135627370525,2.450949546770906,0.6155359840338535,1.5306607018583882,2.7678360232515535,False,0,1.3369687060148863,0.0,2.5,C_val,2026-09-13 08:38:58,2026-09-13 09:36:21
pretrained,2,0.03,0.03,27,0,2.155874005173967,1.8505133147881985,2.465711912759922,0.6151985979717236,1.5457239491629247,2.7822088002484353,False,0,1.2306297558279766,0.0,2.5,C_val,2026-09-13 08:38:58,2026-09-13 09:36:21
pretrained,2,0.03,0.03,28,0,2.2208012273638893,1.9147343700169321,2.531905992022178,0.6171716220052457,1.610132020705015,2.8499942709134856,False,0,0.8069674524704169,1.0,2.5,C_val,2026-09-13 08:38:58,2026-09-13 09:36:21
pretrained,2,0.03,0.03,29,0,2.192929720298822,1.8841099626221132,2.5061563799361473,0.6220464173140341,1.5758703555766287,2.8259072722931378,False,0,0.9612067059024412,1.0,2.5,C_val,2026-09-13 08:38:58,2026-09-13 09:36:21
pretrained,2,0.03,0.03,30,0,2.1464584626391696,1.8404599882264219,2.4563717736151913,0.6159117853887695,1.5338812880877704,2.7726389220691803,False,0,1.2977026983935502,0.0,2.5,C_val,2026-09-13 08:38:58,2026-09-13 09:36:21
pretrained,2,0.03,0.03,31,0,2.2061810279361005,1.8971987655189892,2.519663071063581,0.6224643055445915,1.5888102667093893,2.839684227355618,False,0,0.879486940913921,1.0,2.5,C_val,2026-09-13 08:38:58,2026-09-13 09:36:21
pretrained,2,0.03,0.03,32,0,2.2881917912734004,1.9841872124602857,2.5980550964325535,0.6138678839722678,1.6832484551001987,2.915340272198753,False,0,0.4704227866313886,1.0,2.5,C_val,2026-09-13 08:38:58,2026-09-13 09:36:21
pretrained,2,0.03,0.03,33,0,2.098852952171873,1.791282066284219,2.4102274641935195,0.6189453979093005,1.4827452986210465,2.7278349367306958,False,0,1.6508967330373707,0.0,2.5,C_val,2026-09-13 08:38:58,2026-09-13 09:36:21
pretrained,2,0.03,0.03,34,0,2.1704564780851663,1.8604633136097846,2.484424089618057,0.6239607760082726,1.5501156102163587,2.804754384047442,False,0,1.1004218105626933,0.0,2.5,C_val,2026-09-13 08:38:58,2026-09-13 09:36:21
pretrained,2,0.03,0.03,35,0,2.1618890853766053,1.857929875700347,2.470950855790583,0.613020980090236,1.5555492713809949,2.787012324052292,False,0,1.1943601142265834,0.0,2.5,C_val,2026-09-13 08:38:58,2026-09-13 09:36:21
pretrained,2,0.03,0.03,36,0,2.3310796003377283,2.0317574150592743,2.637178174453065,0.6054207593937906,1.7370413368105382,2.9513767246224347,False,0,0.30784431604115525,1.0,2.5,C_val,2026-09-13 08:38:58,2026-09-13 09:36:21
pretrained,2,0.03,0.03,37,0,2.286847679886219,1.981647201307733,2.5974420924729986,0.6157948911652655,1.6787172084892767,2.9152003669335236,False,0,0.4739347455470124,1.0,2.5,C_val,2026-09-13 08:38:58,2026-09-13 09:36:21
pretrained,2,0.03,0.03,38,0,2.3141832768426376,2.007653821690153,2.626033727849698,0.6183799061595447,1.7034463822685304,2.944932097648899,False,0,0.3577829645437305,1.0,2.5,C_val,2026-09-13 08:38:58,2026-09-13 09:36:21
pretrained,2,0.03,0.03,39,0,2.160819128233486,1.8569231717575094,2.4697623404622453,0.6128391687047359,1.5543586401915757,2.7856669078016254,False,0,1.2028354822468827,0.0,2.5,C_val,2026-09-13 08:38:58,2026-09-13 09:36:21
pretrained,2,0.03,0.03,40,0,2.246118424943311,1.9412601943663599,2.5563830509124803,0.6151228565461204,1.6388007286088528,2.8738101952687387,False,0,0.6719480697538529,1.0,2.5,C_val,2026-09-13 08:38:58,2026-09-13 09:36:21
pretrained,2,0.03,0.03,41,0,2.0987458529693264,1.7909358019816466,2.399336487130222,0.6084006851485753,1.480258624367075,2.670375438279828,False,0,2.3747075695901003,0.0,2.5,C_val,2026-09-13 08:38:58,2026-09-13 09:36:21
pretrained,2,0.03,0.03,42,0,2.247632623722403,1.941888766085091,2.558294869465057,0.6164061033799659,1.6376183914732572,2.875795390879277,False,0,0.6622807406492939,1.0,2.5,C_val,2026-09-13 08:38:58,2026-09-13 09:36:21
pretrained,2,0.03,0.03,43,0,2.0720333820937937,1.7626088469404533,2.384532425513754,0.6219235785733008,1.4509516912374294,2.702862146795197,False,0,1.8633632232922537,0.0,2.5,C_val,2026-09-13 08:38:58,2026-09-13 09:36:21
pretrained,2,0.03,0.03,44,0,2.1406342171310744,1.8351552880607631,2.4514976261690666,0.6163423381083035,1.5323195805136551,2.7694452257734175,False,0,1.3318077325711783,0.0,2.5,C_val,2026-09-13 08:38:58,2026-09-13 09:36:21
pretrained,2,0.03,0.03,45,0,2.085662785271406,1.7767442521459162,2.398037633224544,0.6212933810786276,1.4662779532341825,2.7164108588313365,False,0,1.7490957084773981,0.0,2.5,C_val,2026-09-13 08:38:58,2026-09-13 09:36:21
pretrained,2,0.03,0.03,46,0,2.151148226055461,1.843744220044049,2.4627605542837383,0.6190163342396893,1.5363648379868011,2.7808360964342076,False,0,1.2502307066497451,0.0,2.5,C_val,2026-09-13 08:38:58,2026-09-13 09:36:21
pretrained,2,0.03,0.03,47,0,2.264168074710942,1.9586199767458696,2.574635623848878,0.6160156471030085,1.6545494112315446,2.891992460383963,False,0,0.579557269851648,1.0,2.5,C_val,2026-09-13 08:38:58,2026-09-13 09:36:21
pretrained,0,0.1,0.1,0,0,0.9647563117793616,0.888108792444771,1.0455760671780412,0.1574672747332701,0.8345773087531342,1.2133158636981265,False,0,6.505388582321757,0.0,0.4,C_val,2026-09-12 08:25:59,2026-09-12 11:19:15
pretrained,0,0.1,0.1,1,0,0.9233954691968972,0.9080694159080478,1.0235711435696453,0.1155017276615975,0.9017665751151428,1.2019646440399163,False,0,7.143444635061314,0.0,0.4,C_val,2026-09-12 08:25:59,2026-09-12 11:19:15
pretrained,0,0.1,0.1,2,0,0.8228169427247454,0.7226623335869432,0.9743527382947236,0.2516904047077805,0.5540694009824623,1.1618734826762194,False,0,4.713666011888563,0.0,0.4,C_val,2026-09-12 08:25:59,2026-09-12 11:19:15
pretrained,0,0.1,0.1,3,0,1.0025089670107523,0.9783590153521226,1.1120618176606072,0.1337028023084846,0.9705868996933736,1.294280727420881,False,0,19.0772507837828,0.0,0.4,C_val,2026-09-12 08:25:59,2026-09-12 11:19:15
pretrained,0,0.1,0.1,4,0,0.9837113046369416,0.947329841722265,1.0577012260002991,0.1103713842780341,0.7900746060767577,1.22164114262513,False,0,6.121509845703258,0.0,0.4,C_val,2026-09-12 08:25:59,2026-09-12 11:19:15
pretrained,0,0.1,0.1,5,0,0.8520235271994833,0.8063627497747489,0.9838661785462556,0.1775034287715067,0.7976263819859856,1.1819607736437083,False,0,13.537015019421233,0.0,0.4,C_val,2026-09-12 08:25:59,2026-09-12 11:19:15
pretrained,0,0.1,0.1,6,0,0.9541705835718416,0.878742356118851,1.0324496080628591,0.1537072519440081,0.872793663058981,1.2009700684389677,False,0,5.308715546532767,0.0,0.4,C_val,2026-09-12 08:25:59,2026-09-12 11:19:15
pretrained,0,0.1,0.1,7,0,0.8890306947850618,0.8767354539793973,0.993911515519361,0.1171760615399636,0.7122735396287353,1.181805687179612,False,0,9.24222621111403,0.0,0.4,C_val,2026-09-12 08:25:59,2026-09-12 11:19:15
pretrained,0,0.1,0.1,8,0,0.9976524198519148,0.9635154598590152,1.127280940965334,0.1637654811063187,0.94293273964976,1.3138646461468164,False,0,36.48908586923426,0.0,0.4,C_val,2026-09-12 08:25:59,2026-09-12 11:19:15
pretrained,0,0.1,0.1,9,0,0.9575585998237344,0.9381741722527362,1.0549334255494345,0.1167592532966982,0.9305654718907704,1.2264158338067732,False,0,11.663618738617515,0.0,0.4,C_val,2026-09-12 08:25:59,2026-09-12 11:19:15
pretrained,0,0.1,0.1,10,0,1.017785271790432,0.9794784121480914,1.141198891940952,0.1617204797928607,0.9754243601474356,1.3276612787337043,False,0,25.33246711045649,0.0,0.4,C_val,2026-09-12 08:25:59,2026-09-12 11:19:15
pretrained,0,0.1,0.1,11,0,1.009150983290041,0.9671859033587276,1.1323486569113002,0.1651627535525724,0.9490474449127824,1.3130671817815789,False,0,27.509339420594188,0.0,0.4,C_val,2026-09-12 08:25:59,2026-09-12 11:19:15
pretrained,0,0.1,0.1,12,0,0.9439261148247317,0.9239427345025596,1.0627827875923446,0.1388400530897848,0.9083092692985828,1.257859181708218,False,0,23.799689779898472,0.0,0.4,C_val,2026-09-12 08:25:59,2026-09-12 11:19:15
pretrained,0,0.1,0.1,13,0,1.00668949661912,0.9785810935329166,1.127566710129516,0.1489856165965993,0.972565903505452,1.3169900561674657,False,0,14.654059013173535,0.0,0.4,C_val,2026-09-12 08:25:59,2026-09-12 11:19:15
pretrained,0,0.1,0.1,14,0,0.904804929670576,0.8939682437795873,1.000742471839035,0.1067742280594477,0.7739026804363,1.1843644272798926,False,0,12.68374806240172,0.0,0.4,C_val,2026-09-12 08:25:59,2026-09-12 11:19:15
pretrained,0,0.1,0.1,15,0,0.9792588289446992,0.9584280276816562,1.0825928677165535,0.1241648400348972,0.95228291587518,1.2616261248282743,False,0,13.68595415574964,0.0,0.4,C_val,2026-09-12 08:25:59,2026-09-12 11:19:15
pretrained,0,0.1,0.1,16,0,0.961438980485544,0.8999286526953768,1.111074654088794,0.2111460013934173,0.8971471945063663,1.317321379069667,False,0,23.404681347121368,0.0,0.4,C_val,2026-09-12 08:25:59,2026-09-12 11:19:15
pretrained,0,0.1,0.1,17,0,0.8445079922929047,0.8273255588599348,0.9358102441828348,0.1084846853229,0.0597914540796,1.1094459059855222,False,0,3.0451005369759514,0.0,0.4,C_val,2026-09-12 08:25:59,2026-09-12 11:19:15
pretrained,0,0.1,0.1,18,0,0.9259990961004486,0.904322636328712,1.0435755401695566,0.1392529038408445,0.8836880989228388,1.2357994758265802,False,0,13.295010919209744,0.0,0.4,C_val,2026-09-12 08:25:59,2026-09-12 11:19:15
pretrained,0,0.1,0.1,19,0,0.8426344487706643,0.814361952809633,0.9496206106317864,0.1352586578221535,0.4752122000187231,1.1533857887365628,False,0,15.54777549505161,0.0,0.4,C_val,2026-09-12 08:25:59,2026-09-12 11:19:15
pretrained,0,0.1,0.1,20,0,0.9649400386990594,0.9557119141876028,1.0630291055737628,0.1073171913861601,0.8930690687570566,1.2427507854300757,False,0,14.98127349065544,0.0,0.4,C_val,2026-09-12 08:25:59,2026-09-12 11:19:15
pretrained,0,0.1,0.1,21,0,0.9337660432843669,0.9144403259501844,1.032891255820761,0.1184509298705764,0.7831494095069771,1.222165814978595,False,0,17.684584877970337,0.0,0.4,C_val,2026-09-12 08:25:59,2026-09-12 11:19:15
pretrained,0,0.1,0.1,22,0,0.9974686696913612,0.9787445822650784,1.0935672768986655,0.114822694633587,0.9741551533521102,1.2632568847285324,False,0,8.11998307234171,0.0,0.4,C_val,2026-09-12 08:25:59,2026-09-12 11:19:15
pretrained,0,0.1,0.1,23,0,0.9759547160350904,0.9395479251472068,1.0885512351561253,0.1490033100089185,0.9366344562637196,1.263381310057658,False,0,16.22691486990152,0.0,0.4,C_val,2026-09-12 08:25:59,2026-09-12 11:19:15
pretrained,0,0.1,0.1,24,0,0.9792337554797697,0.9588314787764902,1.0697930994349871,0.1109616206584971,0.9531379344401112,1.2335743277536335,False,0,5.96289822511244,0.0,0.4,C_val,2026-09-12 08:25:59,2026-09-12 11:19:15
pretrained,0,0.1,0.1,25,0,0.8044992455124107,0.7775423170095258,0.9027776967313916,0.1252353797218657,0.6533208174069592,1.0900083747393945,False,0,7.697113710190024,0.0,0.4,C_val,2026-09-12 08:25:59,2026-09-12 11:19:15
pretrained,0,0.1,0.1,26,0,0.916934251690912,0.9025435529345666,1.0158225864465715,0.1132790335120049,0.8458676246481,1.1926111677220177,False,0,15.765261661144905,0.0,0.4,C_val,2026-09-12 08:25:59,2026-09-12 11:19:15
pretrained,0,0.1,0.1,27,0,0.8737804308920986,0.8468385220406555,0.9627543742477884,0.1159158522071328,0.1126704574933498,1.1450557065696605,False,0,3.1790122561469616,0.0,0.4,C_val,2026-09-12 08:25:59,2026-09-12 11:19:15
pretrained,0,0.1,0.1,28,0,0.9548993773784537,0.9366497886752888,1.0618634316150857,0.1252136429397967,0.8658172578875705,1.241044711250783,False,0,11.52162539870551,0.0,0.4,C_val,2026-09-12 08:25:59,2026-09-12 11:19:15
pretrained,0,0.1,0.1,29,0,0.9644089731314416,0.924881087516544,1.0483896902645542,0.1235086027480103,0.8913994088769487,1.2193091400571945,False,0,7.996669799082156,0.0,0.4,C_val,2026-09-12 08:25:59,2026-09-12 11:19:15
pretrained,0,0.1,0.1,30,0,0.8245309265098765,0.7924860433483482,0.9262286092740768,0.1337425659257285,0.6462903537248739,1.121529937762489,False,0,9.4423153083153,0.0,0.4,C_val,2026-09-12 08:25:59,2026-09-12 11:19:15
pretrained,0,0.1,0.1,31,0,0.9547255478876584,0.9419602797823424,1.0431492241819047,0.1011889443995622,0.8205963273763445,1.2178021689710128,False,0,8.325630904422724,0.0,0.4,C_val,2026-09-12 08:25:59,2026-09-12 11:19:15
pretrained,0,0.1,0.1,32,0,0.958099102310388,0.9428709905802825,1.0637732086296416,0.1209022180493591,0.8969099282882398,1.2468352297139798,False,0,11.053323860734965,0.0,0.4,C_val,2026-09-12 08:25:59,2026-09-12 11:19:15
pretrained,0,0.1,0.1,33,0,0.8980285788487736,0.8699178959721782,1.0112934410494394,0.1413755450772612,0.8647369462317348,1.1957179455985825,False,0,10.329867489028402,0.0,0.4,C_val,2026-09-12 08:25:59,2026-09-12 11:19:15
pretrained,0,0.1,0.1,34,0,0.8742202603063143,0.8488565115471328,0.9858429013713508,0.1369863898242179,0.8440316732913936,1.1707337303355043,False,0,8.910962859197753,0.0,0.4,C_val,2026-09-12 08:25:59,2026-09-12 11:19:15
pretrained,0,0.1,0.1,35,0,0.7274207595944476,0.6957931128050723,0.9180601725202352,0.222267059715163,0.5998068946876759,1.1201843303800878,False,0,20.45781367361269,0.0,0.4,C_val,2026-09-12 08:25:59,2026-09-12 11:19:15
pretrained,0,0.1,0.1,36,0,0.934810777739104,0.8430385379843292,1.0375262766751798,0.1944877386908506,0.7927071131627706,1.2285655726533276,False,0,12.797135329874436,0.0,0.4,C_val,2026-09-12 08:25:59,2026-09-12 11:19:15
pretrained,0,0.1,0.1,37,0,0.9648769073366484,0.9556813835292012,1.0540452782308185,0.0983638947016172,0.7251396985445729,1.2315560688314964,False,0,5.810220325569389,0.0,0.4,C_val,2026-09-12 08:25:59,2026-09-12 11:19:15
pretrained,0,0.1,0.1,38,0,0.9948736017821824,0.980002180988922,1.1015130314772894,0.1215108504883674,0.9258061086860188,1.2895448612960427,False,0,24.17161225605741,0.0,0.4,C_val,2026-09-12 08:25:59,2026-09-12 11:19:15
pretrained,0,0.1,0.1,39,0,0.7815582650890041,0.7484766784846908,0.8930247805566344,0.1445481020719435,0.5672216446566318,1.0942420043591523,False,0,5.355929252324131,0.0,0.4,C_val,2026-09-12 08:25:59,2026-09-12 11:19:15
pretrained,0,0.1,0.1,40,0,1.0227610903964883,0.9795712903468003,1.137770158102179,0.1581988677553787,0.9734986748616966,1.314997449572342,False,0,16.315846896508447,0.0,0.4,C_val,2026-09-12 08:25:59,2026-09-12 11:19:15
pretrained,0,0.1,0.1,41,0,0.987540989239056,0.9527893449190212,1.0910778158872307,0.1382884709682094,0.9474621089000158,1.2593860906703491,False,0,10.460683272413007,0.0,0.4,C_val,2026-09-12 08:25:59,2026-09-12 11:19:15
pretrained,0,0.1,0.1,42,0,0.8892141142699385,0.8748675592737482,0.9875090938114328,0.1126415345376847,0.6999241290986725,1.1740465108824751,False,0,8.486088026220386,0.0,0.4,C_val,2026-09-12 08:25:59,2026-09-12 11:19:15
pretrained,0,0.1,0.1,43,0,0.9429521073604804,0.9276914417819536,1.0275844285383935,0.0998929867564399,0.057190513336868,1.1920464811351017,False,0,1.9324047396985409,0.0,0.4,C_val,2026-09-12 08:25:59,2026-09-12 11:19:15
pretrained,0,0.1,0.1,44,0,0.8340680827469323,0.7859159522991679,0.9422975634427008,0.156381611143533,0.2772044046063101,1.1475455674274493,False,0,3.661066149306862,0.0,0.4,C_val,2026-09-12 08:25:59,2026-09-12 11:19:15
pretrained,0,0.1,0.1,45,0,0.8137298928019392,0.7724908995249993,0.8971022117336579,0.1246113122086586,0.0253162439185992,1.0784843304456333,False,0,0.7168144179559022,0.0,0.4,C_val,2026-09-12 08:25:59,2026-09-12 11:19:15
pretrained,0,0.1,0.1,46,0,0.9845965826713364,0.9675076331081712,1.078819057045391,0.1113114239372198,0.9592283426135751,1.2436240332221504,False,0,7.076731011915399,0.0,0.4,C_val,2026-09-12 08:25:59,2026-09-12 11:19:15
pretrained,0,0.1,0.1,47,0,0.8919874025368878,0.8728689969492505,0.9913357305392564,0.118466733590006,0.450237931399585,1.183172691509547,False,0,4.578540425067331,0.0,0.4,C_val,2026-09-12 08:25:59,2026-09-12 11:19:15
pretrained,0,0.1,0.1,0,0,0.0,,0.0008007517448961,,,0.0032030069795844,True,0,10.418013495764171,,2.5,C_val,2026-09-12 08:25:59,2026-09-12 11:19:15
pretrained,0,0.1,0.1,1,0,0.0,,0.0009154762778735,,,0.0036619051114941,True,0,12.408984607249296,,2.5,C_val,2026-09-12 08:25:59,2026-09-12 11:19:15
pretrained,0,0.1,0.1,2,0,0.0,,0.0061162373269138,,,0.0300074821950243,True,0,10.52512372527417,,2.5,C_val,2026-09-12 08:25:59,2026-09-12 11:19:15
pretrained,0,0.1,0.1,3,0,0.0,,0.0005803148370623,,,0.0023212593482493,True,0,6.614203981720493,,2.5,C_val,2026-09-12 08:25:59,2026-09-12 11:19:15
pretrained,0,0.1,0.1,4,0,0.0,,0.001085578400169,,,0.0043423136006762,True,0,12.2925914583102,,2.5,C_val,2026-09-12 08:25:59,2026-09-12 11:19:15
pretrained,0,0.1,0.1,5,0,0.0,,0.0040000093172055,,,0.0106827145753336,True,0,8.92319524829145,,2.5,C_val,2026-09-12 08:25:59,2026-09-12 11:19:15
pretrained,0,0.1,0.1,6,0,0.0,,0.000770208730233,,,0.0030808349209322,True,0,12.843749853782356,,2.5,C_val,2026-09-12 08:25:59,2026-09-12 11:19:15
pretrained,0,0.1,0.1,7,0,0.0,,0.0010688119238105,,,0.0042752476952423,True,0,8.42731769816237,,2.5,C_val,2026-09-12 08:25:59,2026-09-12 11:19:15
pretrained,0,0.1,0.1,8,0,0.0,,0.000302711725507,,,0.0012108469020282,True,0,6.037072895571328,,2.5,C_val,2026-09-12 08:25:59,2026-09-12 11:19:15
pretrained,0,0.1,0.1,9,0,0.0,,0.0009209472550853,,,0.0036837890203413,True,0,11.036025775625603,,2.5,C_val,2026-09-12 08:25:59,2026-09-12 11:19:15
pretrained,0,0.1,0.1,10,0,1.862555227690197,1.5861748017728396,2.1463122731447632,0.5601374713719236,1.3194724812360732,2.437369914191403,False,0,4.892697919600323,0.0,2.5,C_val,2026-09-12 08:25:59,2026-09-12 11:19:15
pretrained,0,0.1,0.1,11,0,1.7527214097147994,1.4776553399979182,2.0374474259487045,0.5597920859507863,1.2198653025312456,2.330313858625492,False,0,6.591266725776222,0.0,2.5,C_val,2026-09-12 08:25:59,2026-09-12 11:19:15
pretrained,0,0.1,0.1,12,0,0.0,,0.0007355178530519,,,0.0029420714122076,True,0,6.2336563501630735,,2.5,C_val,2026-09-12 08:25:59,2026-09-12 11:19:15
pretrained,0,0.1,0.1,13,0,1.8786928093877155,1.5977359248012133,2.1658593571393587,0.5681234323381454,1.3239946174774395,2.459977929121721,False,0,4.554688447329681,0.0,2.5,C_val,2026-09-12 08:25:59,2026-09-12 11:19:15
pretrained,0,0.1,0.1,14,0,0.0,,0.0012951970993025,,,0.0051807883972103,True,0,11.34731088976696,,2.5,C_val,2026-09-12 08:25:59,2026-09-12 11:19:15
pretrained,0,0.1,0.1,15,0,0.0,,0.0006042485387842,,,0.0024169941551371,True,0,9.271451697106386,,2.5,C_val,2026-09-12 08:25:59,2026-09-12 11:19:15
pretrained,0,0.1,0.1,16,0,1.9480649243035748,1.6712388468237651,2.2319784839125245,0.5607396370887592,1.4014103309639296,2.5235691917144765,False,0,3.686844613494032,0.0,2.5,C_val,2026-09-12 08:25:59,2026-09-12 11:19:15
pretrained,0,0.1,0.1,17,0,0.0,,0.0100971580118027,,,0.0139454502595945,True,0,13.362867763913528,,2.5,C_val,2026-09-12 08:25:59,2026-09-12 11:19:15
pretrained,0,0.1,0.1,18,0,0.0,,0.0005443277812893,,,0.0021773111251575,True,0,7.105448332906235,,2.5,C_val,2026-09-12 08:25:59,2026-09-12 11:19:15
pretrained,0,0.1,0.1,19,0,0.0,,0.0056360874352238,,,0.0290686615445664,True,0,9.156940538021445,,2.5,C_val,2026-09-12 08:25:59,2026-09-12 11:19:15
pretrained,0,0.1,0.1,20,0,0.0,,0.0006924890666208,,,0.0027699562664835,True,0,8.642391741337633,,2.5,C_val,2026-09-12 08:25:59,2026-09-12 11:19:15
pretrained,0,0.1,0.1,21,0,0.0,,0.0009973764671757,,,0.0039895058687028,True,0,9.910564022924518,,2.5,C_val,2026-09-12 08:25:59,2026-09-12 11:19:15
pretrained,0,0.1,0.1,22,0,0.0,,0.0007352814738845,,,0.002941125895538,True,0,8.788573401729082,,2.5,C_val,2026-09-12 08:25:59,2026-09-12 11:19:15
pretrained,0,0.1,0.1,23,0,1.6935608758263614,1.4163353979453446,1.978839749627596,0.5625043516822514,1.155513088066363,2.2712698148117827,False,0,7.644074710988207,0.0,2.5,C_val,2026-09-12 08:25:59,2026-09-12 11:19:15
pretrained,0,0.1,0.1,24,0,0.0,,0.0009294296552059,,,0.0037177186208237,True,0,12.335025781554576,,2.5,C_val,2026-09-12 08:25:59,2026-09-12 11:19:15
pretrained,0,0.1,0.1,25,0,0.0,,0.0140621132572892,,,0.0242780811465503,True,0,13.927767656514334,,2.5,C_val,2026-09-12 08:25:59,2026-09-12 11:19:15
pretrained,0,0.1,0.1,26,0,0.0,,0.0013684025577335,,,0.005473610230934,True,0,11.075298448351532,,2.5,C_val,2026-09-12 08:25:59,2026-09-12 11:19:15
pretrained,0,0.1,0.1,27,0,0.0,,0.0076900479958506,,,0.0137806770418035,True,0,10.988125578762263,,2.5,C_val,2026-09-12 08:25:59,2026-09-12 11:19:15
pretrained,0,0.1,0.1,28,0,0.0,,0.0006160429787477,,,0.0024641719149909,True,0,8.59433960995375,,2.5,C_val,2026-09-12 08:25:59,2026-09-12 11:19:15
pretrained,0,0.1,0.1,29,0,0.0,,0.0006432577217048,,,0.0025730308868194,True,0,10.880134344570251,,2.5,C_val,2026-09-12 08:25:59,2026-09-12 11:19:15
pretrained,0,0.1,0.1,30,0,0.0,,0.0078062714549292,,,0.0321239427196101,True,0,11.026079542552909,,2.5,C_val,2026-09-12 08:25:59,2026-09-12 11:19:15
pretrained,0,0.1,0.1,31,0,0.0,,0.0007677686403703,,,0.0030710745614813,True,0,10.318603677987994,,2.5,C_val,2026-09-12 08:25:59,2026-09-12 11:19:15
pretrained,0,0.1,0.1,32,0,0.0,,0.0004143358756332,,,0.001657343502533,True,0,8.074043590666406,,2.5,C_val,2026-09-12 08:25:59,2026-09-12 11:19:15
pretrained,0,0.1,0.1,33,0,0.0,,0.0006277222494827,,,0.0025108889979308,True,0,10.23627396865777,,2.5,C_val,2026-09-12 08:25:59,2026-09-12 11:19:15
pretrained,0,0.1,0.1,34,0,0.0,,0.0056248561429491,,,0.011817466945626,True,0,11.89043355458125,,2.5,C_val,2026-09-12 08:25:59,2026-09-12 11:19:15
pretrained,0,0.1,0.1,35,0,0.0,,0.0069159274331082,,,0.0315998308397023,True,0,12.978202298487304,,2.5,C_val,2026-09-12 08:25:59,2026-09-12 11:19:15
pretrained,0,0.1,0.1,36,0,0.0,,0.0021053879995995,,,0.0084215519983981,True,0,7.546054464655754,,2.5,C_val,2026-09-12 08:25:59,2026-09-12 11:19:15
pretrained,0,0.1,0.1,37,0,0.0,,0.0011272362003582,,,0.0045089448014328,True,0,10.103017101999283,,2.5,C_val,2026-09-12 08:25:59,2026-09-12 11:19:15
pretrained,0,0.1,0.1,38,0,0.0,,0.0004687054765568,,,0.0018748219062272,True,0,5.109260874582105,,2.5,C_val,2026-09-12 08:25:59,2026-09-12 11:19:15
pretrained,0,0.1,0.1,39,0,0.0,,0.0077644068471616,,,0.0365548966621486,True,0,11.648233757758137,,2.5,C_val,2026-09-12 08:25:59,2026-09-12 11:19:15
pretrained,0,0.1,0.1,40,0,1.7804460183700404,1.500806422317147,2.067517928729852,0.5667115064127048,1.2336306301180944,2.361830549374345,False,0,6.05554738396313,0.0,2.5,C_val,2026-09-12 08:25:59,2026-09-12 11:19:15
pretrained,0,0.1,0.1,41,0,1.6688499004386488,1.3874933699727343,1.9563412491178331,0.5688478791450988,1.123068237878727,2.243874418133951,False,0,8.609223975672649,0.0,2.5,C_val,2026-09-12 08:25:59,2026-09-12 11:19:15
pretrained,0,0.1,0.1,42,0,0.0,,0.0014352024628795,,,0.0057408098515181,True,0,9.427068982025958,,2.5,C_val,2026-09-12 08:25:59,2026-09-12 11:19:15
pretrained,0,0.1,0.1,43,0,0.0,,0.0010963933903751,,,0.0043855735615007,True,0,11.829345643021952,,2.5,C_val,2026-09-12 08:25:59,2026-09-12 11:19:15
pretrained,0,0.1,0.1,44,0,0.0,,0.0088640048770374,,,0.0296874555741626,True,0,10.895869480973488,,2.5,C_val,2026-09-12 08:25:59,2026-09-12 11:19:15
pretrained,0,0.1,0.1,45,0,0.0,,0.0217490125792818,,,0.069633576422606,True,0,14.077009010390611,,2.5,C_val,2026-09-12 08:25:59,2026-09-12 11:19:15
pretrained,0,0.1,0.1,46,0,0.0,,0.0005585121094794,,,0.0022340484379176,True,0,9.625079948724306,,2.5,C_val,2026-09-12 08:25:59,2026-09-12 11:19:15
pretrained,0,0.1,0.1,47,0,0.0,,0.0014438909793755,,,0.0057755639175022,True,0,8.24147862258178,,2.5,C_val,2026-09-12 08:25:59,2026-09-12 11:19:15
pretrained,1,0.1,0.1,0,0,0.10576847413393287,0.062118445320729,0.12881676668131525,0.06669832136058626,0.021022259920311898,0.29177112511689596,False,0,4.148384242223983,0.0,0.4,C_val,2026-09-13 11:17:04,2026-09-13 12:03:07
pretrained,1,0.1,0.1,1,0,0.9245042372816343,0.8176426290991669,1.1362964346207032,0.3186538055215363,0.7548160641231254,1.3838033836603134,False,0,40.41309911182907,0.0,0.4,C_val,2026-09-13 11:17:04,2026-09-13 12:03:07
pretrained,1,0.1,0.1,2,0,0.7600065669083427,0.6875322765105454,1.0171696379230586,0.3296373614125132,0.5818098055532382,1.3063589491889613,False,0,12.030205015038518,0.0,0.4,C_val,2026-09-13 11:17:04,2026-09-13 12:03:07
pretrained,1,0.1,0.1,3,0,0.0870045471656491,0.05036839579883658,0.14552642947361405,0.09515803367477747,0.015463624438562733,0.3462632744161604,False,0,4.03855840164033,0.0,0.4,C_val,2026-09-13 11:17:04,2026-09-13 12:03:07
pretrained,1,0.1,0.1,4,0,0.8575751022304249,0.7573270208963586,1.100870964738767,0.3435439438424085,0.6346764217247205,1.368793659092614,False,0,20.418823792810144,0.0,0.4,C_val,2026-09-13 11:17:04,2026-09-13 12:03:07
pretrained,1,0.1,0.1,5,0,0.7956315799525224,0.716830835047808,1.0225030888463147,0.3056722537985067,0.638054601894832,1.2882888965151331,False,0,21.269512821800163,0.0,0.4,C_val,2026-09-13 11:17:04,2026-09-13 12:03:07
pretrained,1,0.1,0.1,6,0,0.8395907832564845,0.8228743721228075,1.0119963308725624,0.1891219587497549,0.5653575492770713,1.2713534969805547,False,0,6.435652980730083,0.0,0.4,C_val,2026-09-13 11:17:04,2026-09-13 12:03:07
pretrained,1,0.1,0.1,7,0,0.9583781233357008,0.7787305256196181,1.1945340835934737,0.4158035579738556,0.7194654681147266,1.4529401638060273,False,0,29.76414726512303,0.0,0.4,C_val,2026-09-13 11:17:04,2026-09-13 12:03:07
pretrained,1,0.1,0.1,8,0,0.8741652007563535,0.8435581997839938,1.0787333713711602,0.2351751715871664,0.47941664239496157,1.3485781883557721,False,0,7.529386932157649,0.0,0.4,C_val,2026-09-13 11:17:04,2026-09-13 12:03:07
pretrained,1,0.1,0.1,9,0,0.13148660629482847,0.053717340619963784,0.16437262403590783,0.11065528341594405,0.01827782770676623,0.18824348466835925,False,0,5.002927376306616,0.0,0.4,C_val,2026-09-13 11:17:04,2026-09-13 12:03:07
pretrained,1,0.1,0.1,10,0,0.09377044689871167,0.048556203108671224,0.10624104103564795,0.05768483792697673,0.01443149300442114,0.23486811923211579,False,0,5.349066226648574,0.0,0.4,C_val,2026-09-13 11:17:04,2026-09-13 12:03:07
pretrained,1,0.1,0.1,11,0,0.8572198944398256,0.7141909453987542,1.0201353603731305,0.3059444149743763,0.527604428489309,1.2798622277936245,False,0,9.1341569547767,0.0,0.4,C_val,2026-09-13 11:17:04,2026-09-13 12:03:07
pretrained,1,0.1,0.1,12,0,0.9248995275560633,0.75015600623813,1.170488479163108,0.4203324729249781,0.734471172667791,1.4369266208697695,False,0,26.367035307357582,0.0,0.4,C_val,2026-09-13 11:17:04,2026-09-13 12:03:07
pretrained,1,0.1,0.1,13,0,0.8285529853843021,0.7492770865317818,1.0598700863195845,0.31059299978780264,0.733822205969888,1.3395478439702408,False,0,10.434579296761513,0.0,0.4,C_val,2026-09-13 11:17:04,2026-09-13 12:03:07
pretrained,1,0.1,0.1,14,0,0.8970423236349956,0.8077173170554173,1.1183512738290882,0.3106339567736709,0.780468572625836,1.3739657464632642,False,0,19.612868173455354,0.0,0.4,C_val,2026-09-13 11:17:04,2026-09-13 12:03:07
pretrained,1,0.1,0.1,15,0,0.092717152446817,0.0437894929800283,0.10696691639870534,0.06317742341867705,0.01147055501183779,0.1663786579640655,False,0,7.826648051734082,0.0,0.4,C_val,2026-09-13 11:17:04,2026-09-13 12:03:07
pretrained,1,0.1,0.1,16,0,0.8315701304880467,0.7394345499092654,1.088911390021832,0.3494768401125665,0.7328019097197465,1.3763067276436223,False,0,6.201307290786644,0.0,0.4,C_val,2026-09-13 11:17:04,2026-09-13 12:03:07
pretrained,1,0.1,0.1,17,0,0.8071039294444615,0.776963948601934,0.9904777002566474,0.21351375165471342,0.5676333115837691,1.2432203421504748,False,0,8.896480143459485,0.0,0.4,C_val,2026-09-13 11:17:04,2026-09-13 12:03:07
pretrained,1,0.1,0.1,18,0,0.12934777566861302,0.042057182535712515,0.1758166430510047,0.1337594605152922,0.00775088538628067,0.4614008331710168,False,0,3.7296034287464863,0.0,0.4,C_val,2026-09-13 11:17:04,2026-09-13 12:03:07
pretrained,1,0.1,0.1,19,0,0.05730380351984085,0.03898609765455919,0.06785134676297429,0.0288652491084151,0.012548666355340028,0.2753539535203933,False,0,4.17514857268543,0.0,0.4,C_val,2026-09-13 11:17:04,2026-09-13 12:03:07
pretrained,1,0.1,0.1,20,0,0.8730663613625735,0.6893333203842968,1.127059098423768,0.4377257780394712,0.6331338698541522,1.3952543113764018,False,0,12.671687574169482,0.0,0.4,C_val,2026-09-13 11:17:04,2026-09-13 12:03:07
pretrained,1,0.1,0.1,21,0,0.06533880758524858,0.034972139227978545,0.07687708905992885,0.041904949831950304,0.009353392374422651,0.13611221929623607,False,0,12.19261435745284,0.0,0.4,C_val,2026-09-13 11:17:04,2026-09-13 12:03:07
pretrained,1,0.1,0.1,22,0,0.7849237210261187,0.6248702705000062,1.009156111502005,0.3842858410019987,0.5646329408035518,1.2868663753936387,False,0,11.792722309975943,0.0,0.4,C_val,2026-09-13 11:17:04,2026-09-13 12:03:07
pretrained,1,0.1,0.1,23,0,0.8290655439815691,0.7877040242478947,1.023563819885813,0.23585979563791837,0.6580244021110548,1.2847506996275642,False,0,9.798354199607274,0.0,0.4,C_val,2026-09-13 11:17:04,2026-09-13 12:03:07
pretrained,1,0.1,0.1,24,0,0.08583146718434184,0.04225338053959891,0.09756528789481396,0.05531190735521505,0.013086029631012751,0.4128509269457322,False,0,3.935632038199401,0.0,0.4,C_val,2026-09-13 11:17:04,2026-09-13 12:03:07
pretrained,1,0.1,0.1,25,0,0.8047454038283158,0.7492244510409285,0.982645371176642,0.23342092013571347,0.7444371572080267,1.2267095135029953,False,0,10.99645636808782,0.0,0.4,C_val,2026-09-13 11:17:04,2026-09-13 12:03:07
pretrained,1,0.1,0.1,26,0,0.7847059176986866,0.7096504558858423,0.9837526597917419,0.27410220390589957,0.7057250512783637,1.2418965524899952,False,0,10.062416576074611,0.0,0.4,C_val,2026-09-13 11:17:04,2026-09-13 12:03:07
pretrained,1,0.1,0.1,27,0,0.8734860332456238,0.8331468053412343,1.0849231544819096,0.25177634914067526,0.5821997083073637,1.3480914891043516,False,0,16.66910968970842,0.0,0.4,C_val,2026-09-13 11:17:04,2026-09-13 12:03:07
pretrained,1,0.1,0.1,28,0,0.12581733785016092,0.07085578162851218,0.15646778752192436,0.08561200589341218,0.024549686038231305,1.119151896198946,False,0,2.027778136951383,0.0,0.4,C_val,2026-09-13 11:17:04,2026-09-13 12:03:07
pretrained,1,0.1,0.1,29,0,0.04741001365024333,0.027534924271844275,0.05723892066059918,0.029703996388754903,0.008864108982943514,0.17337271173355276,False,0,8.375330932434736,0.0,0.4,C_val,2026-09-13 11:17:04,2026-09-13 12:03:07
pretrained,1,0.1,0.1,30,0,0.06867226636130071,0.04503468831453557,0.09151476886561016,0.046480080551074596,0.015403644741154583,1.0936698783699252,False,0,3.405321408979944,0.0,0.4,C_val,2026-09-13 11:17:04,2026-09-13 12:03:07
pretrained,1,0.1,0.1,31,0,0.8490999804257786,0.7978202365326295,1.0677639556746168,0.26994371914198734,0.7300047990836324,1.3384540431843628,False,0,11.953940380364656,0.0,0.4,C_val,2026-09-13 11:17:04,2026-09-13 12:03:07
pretrained,1,0.1,0.1,32,0,0.04660978576421028,0.026206066828879708,0.05831740464633611,0.032111337817456405,0.007632915759337931,0.11034164768809533,False,0,20.550488291049987,0.0,0.4,C_val,2026-09-13 11:17:04,2026-09-13 12:03:07
pretrained,1,0.1,0.1,33,0,0.8594740016157442,0.7667941532838699,1.0738842128922852,0.3070900596084153,0.7551037986977066,1.3307447724599748,False,0,16.600339525062736,0.0,0.4,C_val,2026-09-13 11:17:04,2026-09-13 12:03:07
pretrained,1,0.1,0.1,34,0,0.8365584712015898,0.7713484814764995,1.0591415235838486,0.28779304210734913,0.665465630262525,1.3240337466336862,False,0,19.400917834911525,0.0,0.4,C_val,2026-09-13 11:17:04,2026-09-13 12:03:07
pretrained,1,0.1,0.1,35,0,0.8983942111810953,0.8297109654490111,1.0838291416138903,0.2541181761648792,0.8245400663935686,1.3280482628523118,False,0,14.73542248850572,0.0,0.4,C_val,2026-09-13 11:17:04,2026-09-13 12:03:07
pretrained,1,0.1,0.1,36,0,0.9385269709821354,0.7798321126940564,1.171183035477167,0.3913509227831107,0.7391650867565517,1.4296512591166584,False,0,31.681994721584488,0.0,0.4,C_val,2026-09-13 11:17:04,2026-09-13 12:03:07
pretrained,1,0.1,0.1,37,0,0.07020520240041657,0.0393244960590607,0.11017488436458485,0.07085038830552415,0.011075709103804966,0.14563486252412997,False,0,11.503235547024815,0.0,0.4,C_val,2026-09-13 11:17:04,2026-09-13 12:03:07
pretrained,1,0.1,0.1,38,0,0.863065096451562,0.7202554335193172,1.1225981494464004,0.40234271592708315,0.6566380865608482,1.3984370190525486,False,0,17.2369887662353,0.0,0.4,C_val,2026-09-13 11:17:04,2026-09-13 12:03:07
pretrained,1,0.1,0.1,39,0,0.842813719973635,0.806879292987444,1.0371726072190752,0.23029331423163124,0.6671382976221868,1.29336980658897,False,0,16.07036982531281,0.0,0.4,C_val,2026-09-13 11:17:04,2026-09-13 12:03:07
pretrained,1,0.1,0.1,40,0,0.06711704494574076,0.036708766945491196,0.09007974616873839,0.05337097922324719,0.010744510952380723,0.12254754097204225,False,0,15.076558122378628,0.0,0.4,C_val,2026-09-13 11:17:04,2026-09-13 12:03:07
pretrained,1,0.1,0.1,41,0,0.13459014999844965,0.07362360257084279,0.14616339841461806,0.07253979584377528,0.026339253872585504,1.156778178220943,False,0,3.655632722791779,0.0,0.4,C_val,2026-09-13 11:17:04,2026-09-13 12:03:07
pretrained,1,0.1,0.1,42,0,0.7541883670495927,0.6531685122534748,1.009557201468526,0.35638868921505107,0.6147143781934659,1.2948088166211347,False,0,13.288366664659407,0.0,0.4,C_val,2026-09-13 11:17:04,2026-09-13 12:03:07
pretrained,1,0.1,0.1,43,0,0.10774080635654595,0.05171404856142216,0.1343401659078181,0.08262611734639595,0.019003342445463145,1.2004164466259766,False,0,2.8827175986043585,0.0,0.4,C_val,2026-09-13 11:17:04,2026-09-13 12:03:07
pretrained,1,0.1,0.1,44,0,0.7609635530152056,0.7073522532087841,0.9764637347198453,0.2691114815110611,0.6553399748175393,1.2433432303017813,False,0,10.453539200716477,0.0,0.4,C_val,2026-09-13 11:17:04,2026-09-13 12:03:07
pretrained,1,0.1,0.1,45,0,0.7748702111614755,0.744590952419612,0.9582783845410722,0.21368743212146013,0.5037031110429482,1.2245903625288528,False,0,4.451546982760192,0.0,0.4,C_val,2026-09-13 11:17:04,2026-09-13 12:03:07
pretrained,1,0.1,0.1,46,0,0.10795416195247652,0.043681846338549137,0.22007630887913437,0.17639446254058525,0.01462691093266661,1.152436040059001,False,0,1.7792517514244537,0.0,0.4,C_val,2026-09-13 11:17:04,2026-09-13 12:03:07
pretrained,1,0.1,0.1,47,0,0.9109497310244117,0.8847422312661758,1.0923372502110147,0.2075950189448389,0.5712052359659769,1.3518440302558066,False,0,4.645799982663448,0.0,0.4,C_val,2026-09-13 11:17:04,2026-09-13 12:03:07
pretrained,1,0.1,0.1,0,0,0.0,,0.00421880314717273,,,0.02104972198108142,True,0,5.910583858985774,,2.5,C_val,2026-09-13 11:17:04,2026-09-13 12:03:07
pretrained,1,0.1,0.1,1,0,0.0,,0.002330349290528574,,,0.009321397162114296,True,0,4.041914399524103,,2.5,C_val,2026-09-13 11:17:04,2026-09-13 12:03:07
pretrained,1,0.1,0.1,2,0,0.0,,0.0029177726044770985,,,0.012924378815855208,True,0,3.2207475155337306,,2.5,C_val,2026-09-13 11:17:04,2026-09-13 12:03:07
pretrained,1,0.1,0.1,3,0,0.0,,0.0030446178517365002,,,0.013865973870080149,True,0,5.760201501165284,,2.5,C_val,2026-09-13 11:17:04,2026-09-13 12:03:07
pretrained,1,0.1,0.1,4,0,2.1460821707803253,1.8686098642995985,2.429454868250949,0.5608450039513506,1.5949800950954909,2.719990742798883,False,0,1.5505641533309245,0.0,2.5,C_val,2026-09-13 11:17:04,2026-09-13 12:03:07
pretrained,1,0.1,0.1,5,0,0.0,,0.0037535545998383874,,,0.01799251266332661,True,0,4.694477583820117,,2.5,C_val,2026-09-13 11:17:04,2026-09-13 12:03:07
pretrained,1,0.1,0.1,6,0,0.0,,0.0041279225035851805,,,0.013661731052231816,True,0,5.520729163232318,,2.5,C_val,2026-09-13 11:17:04,2026-09-13 12:03:07
pretrained,1,0.1,0.1,7,0,2.1731934804115296,1.895729077398374,2.4568848501015372,0.5611557727031633,1.622722434834372,2.7479599104567547,False,0,1.3218015062702761,0.0,2.5,C_val,2026-09-13 11:17:04,2026-09-13 12:03:07
pretrained,1,0.1,0.1,8,0,0.0,,0.0029427344610135904,,,0.012959437704627305,True,0,2.201685079933668,,2.5,C_val,2026-09-13 11:17:04,2026-09-13 12:03:07
pretrained,1,0.1,0.1,9,0,0.0,,0.003987414517993572,,,0.0196758568897862,True,0,6.405314843545057,,2.5,C_val,2026-09-13 11:17:04,2026-09-13 12:03:07
pretrained,1,0.1,0.1,10,0,0.0,,0.002899307234183459,,,0.012854614031601659,True,0,1.0447579407373269,,2.5,C_val,2026-09-13 11:17:04,2026-09-13 12:03:07
pretrained,1,0.1,0.1,11,0,0.0,,0.0034675204694212514,,,0.016357122600034028,True,0,4.554905890949158,,2.5,C_val,2026-09-13 11:17:04,2026-09-13 12:03:07
pretrained,1,0.1,0.1,12,0,0.0,,0.001981256854167833,,,0.007925027416671332,True,0,1.112610710930312,,2.5,C_val,2026-09-13 11:17:04,2026-09-13 12:03:07
pretrained,1,0.1,0.1,13,0,0.0,,0.0026325016258484006,,,0.010928696189957737,True,0,3.3811790715699317,,2.5,C_val,2026-09-13 11:17:04,2026-09-13 12:03:07
pretrained,1,0.1,0.1,14,0,0.0,,0.002593369892963681,,,0.010603433806180028,True,0,5.290905143498094,,2.5,C_val,2026-09-13 11:17:04,2026-09-13 12:03:07
pretrained,1,0.1,0.1,15,0,0.0,,0.0026834998215977453,,,0.011329033723986252,True,0,3.0729919086079462,,2.5,C_val,2026-09-13 11:17:04,2026-09-13 12:03:07
pretrained,1,0.1,0.1,16,0,2.253604465187905,1.96977689313061,2.5430260751925338,0.5732491820619237,1.6894914598118986,2.8394210202725683,False,0,0.7269754026237933,1.0,2.5,C_val,2026-09-13 11:17:04,2026-09-13 12:03:07
pretrained,1,0.1,0.1,17,0,0.0,,0.003958807708797386,,,0.01732230659089838,True,0,6.651443775463122,,2.5,C_val,2026-09-13 11:17:04,2026-09-13 12:03:07
pretrained,1,0.1,0.1,18,0,0.0,,0.0029034365719350017,,,0.012787862588028921,True,0,7.635033150385425,,2.5,C_val,2026-09-13 11:17:04,2026-09-13 12:03:07
pretrained,1,0.1,0.1,19,0,0.0,,0.0035431628766622197,,,0.017014345735021513,True,0,5.24843473567671,,2.5,C_val,2026-09-13 11:17:04,2026-09-13 12:03:07
pretrained,1,0.1,0.1,20,0,2.1247668236641037,1.8473676509043335,2.4083900248238654,0.5610223739195319,1.5743504560878196,2.6993894164935166,False,0,1.7362539277492033,0.0,2.5,C_val,2026-09-13 11:17:04,2026-09-13 12:03:07
pretrained,1,0.1,0.1,21,0,0.0,,0.002520144373102132,,,0.01014521988656399,True,0,1.4937552123446949,,2.5,C_val,2026-09-13 11:17:04,2026-09-13 12:03:07
pretrained,1,0.1,0.1,22,0,0.0,,0.00389059461080005,,,0.01898168560606157,True,0,3.0012871719409304,,2.5,C_val,2026-09-13 11:17:04,2026-09-13 12:03:07
pretrained,1,0.1,0.1,23,0,0.0,,0.0035894569075411204,,,0.01678187102117854,True,0,5.748172361927573,,2.5,C_val,2026-09-13 11:17:04,2026-09-13 12:03:07
pretrained,1,0.1,0.1,24,0,0.0,,0.0036531459571051443,,,0.01770145402374056,True,0,11.269585265235946,,2.5,C_val,2026-09-13 11:17:04,2026-09-13 12:03:07
pretrained,1,0.1,0.1,25,0,0.0,,0.004515800289189673,,,0.020110183282937254,True,0,9.386507281942613,,2.5,C_val,2026-09-13 11:17:04,2026-09-13 12:03:07
pretrained,1,0.1,0.1,26,0,0.0,,0.004372148151576966,,,0.02128581259791691,True,0,4.801143420132576,,2.5,C_val,2026-09-13 11:17:04,2026-09-13 12:03:07
pretrained,1,0.1,0.1,27,0,0.0,,0.0029037272936885553,,,0.011445437069977166,True,0,1.910430027921393,,2.5,C_val,2026-09-13 11:17:04,2026-09-13 12:03:07
pretrained,1,0.1,0.1,28,0,0.0,,0.003828802643085008,,,0.018935367777478097,True,0,4.087609943602729,,2.5,C_val,2026-09-13 11:17:04,2026-09-13 12:03:07
pretrained,1,0.1,0.1,29,0,0.0,,0.0038074378272635956,,,0.018471943124944885,True,0,7.8677665888099,,2.5,C_val,2026-09-13 11:17:04,2026-09-13 12:03:07
pretrained,1,0.1,0.1,30,0,0.0,,0.003917929838773086,,,0.01920003712013893,True,0,9.754634740267647,,2.5,C_val,2026-09-13 11:17:04,2026-09-13 12:03:07
pretrained,1,0.1,0.1,31,0,0.0,,0.0029704657226914725,,,0.013121958587143621,True,0,5.012548944501759,,2.5,C_val,2026-09-13 11:17:04,2026-09-13 12:03:07
pretrained,1,0.1,0.1,32,0,0.0,,0.0025405791023565155,,,0.010285971353655454,True,0,2.1520927459641825,,2.5,C_val,2026-09-13 11:17:04,2026-09-13 12:03:07
pretrained,1,0.1,0.1,33,0,2.0563864138402543,1.776194133305724,2.3417339225962785,0.5655397892905545,1.4986204492144553,2.6337658321295145,False,0,2.386947615479585,0.0,2.5,C_val,2026-09-13 11:17:04,2026-09-13 12:03:07
pretrained,1,0.1,0.1,34,0,0.0,,0.003381899081040339,,,0.015736283142158806,True,0,3.0019467734964564,,2.5,C_val,2026-09-13 11:17:04,2026-09-13 12:03:07
pretrained,1,0.1,0.1,35,0,0.0,,0.00311774333284767,,,0.013294823194776118,True,0,4.442480563011486,,2.5,C_val,2026-09-13 11:17:04,2026-09-13 12:03:07
pretrained,1,0.1,0.1,36,0,0.0,,0.002062382617665927,,,0.008249530470663707,True,0,1.3207212600391358,,2.5,C_val,2026-09-13 11:17:04,2026-09-13 12:03:07
pretrained,1,0.1,0.1,37,0,0.0,,0.0029796453563133486,,,0.013361926281962406,True,0,5.715567195453332,,2.5,C_val,2026-09-13 11:17:04,2026-09-13 12:03:07
pretrained,1,0.1,0.1,38,0,2.2355628702341255,1.9580480582860103,2.5194758498452634,0.5614277915592532,1.685289069666385,2.8107700824488706,False,0,0.8689050884167955,1.0,2.5,C_val,2026-09-13 11:17:04,2026-09-13 12:03:07
pretrained,1,0.1,0.1,39,0,0.0,,0.003194250470140382,,,0.01137526163110615,True,0,5.753341883057146,,2.5,C_val,2026-09-13 11:17:04,2026-09-13 12:03:07
pretrained,1,0.1,0.1,40,0,0.0,,0.003297278364821616,,,0.01539867667821095,True,0,4.737890032192809,,2.5,C_val,2026-09-13 11:17:04,2026-09-13 12:03:07
pretrained,1,0.1,0.1,41,0,0.0,,0.004481029678825729,,,0.02301201298044411,True,0,3.5957510876032757,,2.5,C_val,2026-09-13 11:17:04,2026-09-13 12:03:07
pretrained,1,0.1,0.1,42,0,0.0,,0.003101588656825131,,,0.014150507717806224,True,0,3.029455395666446,,2.5,C_val,2026-09-13 11:17:04,2026-09-13 12:03:07
pretrained,1,0.1,0.1,43,0,0.0,,0.004780750726018502,,,0.02444614692363571,True,0,5.479620257781789,,2.5,C_val,2026-09-13 11:17:04,2026-09-13 12:03:07
pretrained,1,0.1,0.1,44,0,0.0,,0.004490542051914513,,,0.022031565741557825,True,0,5.3728247533108515,,2.5,C_val,2026-09-13 11:17:04,2026-09-13 12:03:07
pretrained,1,0.1,0.1,45,0,0.0,,0.005401507170316112,,,0.027378222575423675,True,0,5.489020775577956,,2.5,C_val,2026-09-13 11:17:04,2026-09-13 12:03:07
pretrained,1,0.1,0.1,46,0,0.0,,0.0038075322384066483,,,0.018694746406594548,True,0,7.192091732889821,,2.5,C_val,2026-09-13 11:17:04,2026-09-13 12:03:07
pretrained,1,0.1,0.1,47,0,0.0,,0.001705199189221747,,,0.006820796756886988,True,0,2.290295616421645,,2.5,C_val,2026-09-13 11:17:04,2026-09-13 12:03:07
pretrained,2,0.1,0.1,0,0,0.9728734273530033,0.9293644714577532,1.0467785541207701,0.1174140826630169,0.8911500340126763,1.2040228423055275,False,0,12.881707090797136,0.0,0.4,C_val,2026-09-13 12:56:59,2026-09-13 14:10:05
pretrained,2,0.1,0.1,1,0,0.9528991112158306,0.8875855524927856,1.0408840083274982,0.15329845583471258,0.868165869953134,1.2129623591987186,False,0,21.133616709041235,0.0,0.4,C_val,2026-09-13 12:56:59,2026-09-13 14:10:05
pretrained,2,0.1,0.1,2,0,0.9749695199406692,0.9473968646199719,1.0759655843580058,0.12856871973803397,0.9328155413182287,1.2453477413675098,False,0,15.088259612068214,0.0,0.4,C_val,2026-09-13 12:56:59,2026-09-13 14:10:05
pretrained,2,0.1,0.1,3,0,0.9831891034375255,0.9347254149346742,1.065122642270944,0.1303972273362699,0.9085826894694018,1.235420515106831,False,0,11.0095876919695,0.0,0.4,C_val,2026-09-13 12:56:59,2026-09-13 14:10:05
pretrained,2,0.1,0.1,4,0,0.9710967725467889,0.948877868351657,1.048701479750542,0.09982361139888507,0.9054357684248938,1.205067001957176,False,0,8.799144758428156,0.0,0.4,C_val,2026-09-13 12:56:59,2026-09-13 14:10:05
pretrained,2,0.1,0.1,5,0,0.9749818403018226,0.9587361521348582,1.0797881421676767,0.12105199003281852,0.9305660794767063,1.2524719734086447,False,0,26.13943083693448,0.0,0.4,C_val,2026-09-13 12:56:59,2026-09-13 14:10:05
pretrained,2,0.1,0.1,6,0,0.9486991060344367,0.9334227326593746,1.0305298613706564,0.0971071287112818,0.799416648427637,1.1873405598480211,False,0,10.65007533887183,0.0,0.4,C_val,2026-09-13 12:56:59,2026-09-13 14:10:05
pretrained,2,0.1,0.1,7,0,0.9704490323000864,0.9375977532661601,1.0771484604335684,0.13955070716740825,0.8860806486843357,1.2534586746662926,False,0,24.756412993829144,0.0,0.4,C_val,2026-09-13 12:56:59,2026-09-13 14:10:05
pretrained,2,0.1,0.1,8,0,0.9745770511618705,0.9297582536654636,1.0924528233861932,0.1626945697207296,0.916066049413702,1.2761906117580495,False,0,34.89782443367585,0.0,0.4,C_val,2026-09-13 12:56:59,2026-09-13 14:10:05
pretrained,2,0.1,0.1,9,0,0.9947697655250751,0.9785349169086031,1.0845617670901566,0.10602685018155356,0.9734042468331989,1.2423898022635147,False,0,5.967307984130457,0.0,0.4,C_val,2026-09-13 12:56:59,2026-09-13 14:10:05
pretrained,2,0.1,0.1,10,0,0.957885302951956,0.94462326423768,1.0584317416963718,0.11380847745869183,0.847152176988911,1.2354524408734162,False,0,21.330219541348924,0.0,0.4,C_val,2026-09-13 12:56:59,2026-09-13 14:10:05
pretrained,2,0.1,0.1,11,0,0.8447643668149072,0.8210847619111553,0.9691873616856905,0.14810259977453522,0.7925952029485878,1.1408185848712977,False,0,11.37164910109641,0.0,0.4,C_val,2026-09-13 12:56:59,2026-09-13 14:10:05
pretrained,2,0.1,0.1,12,0,0.9751248546762854,0.9577632933461558,1.079652380066959,0.12188908672080323,0.8676125731992684,1.2552893480140994,False,0,16.998356219355628,0.0,0.4,C_val,2026-09-13 12:56:59,2026-09-13 14:10:05
pretrained,2,0.1,0.1,13,0,0.9838552675966947,0.9380099894731663,1.0618224718995712,0.12381248242640497,0.9007074245788393,1.2286178530653584,False,0,5.423577636800474,0.0,0.4,C_val,2026-09-13 12:56:59,2026-09-13 14:10:05
pretrained,2,0.1,0.1,14,0,0.9849062267699453,0.968256763475482,1.091654175206768,0.12339741173128616,0.8794633499086059,1.265059413084213,False,0,20.409695141348493,0.0,0.4,C_val,2026-09-13 12:56:59,2026-09-13 14:10:05
pretrained,2,0.1,0.1,15,0,0.9547291145011171,0.9355037057247731,1.0524917594109797,0.11698805368620657,0.9262655748313843,1.218588944825908,False,0,6.465507588720357,0.0,0.4,C_val,2026-09-13 12:56:59,2026-09-13 14:10:05
pretrained,2,0.1,0.1,16,0,0.9945311789464557,0.9574326304463319,1.1215849234851707,0.16415229303883883,0.9406922659955768,1.305861522601383,False,0,36.114478192899696,0.0,0.4,C_val,2026-09-13 12:56:59,2026-09-13 14:10:05
pretrained,2,0.1,0.1,17,0,0.9633547468172701,0.9051132228526226,1.0294044004779461,0.12429117762532349,0.8830265638291274,1.177443091394155,False,0,5.502589716685179,0.0,0.4,C_val,2026-09-13 12:56:59,2026-09-13 14:10:05
pretrained,2,0.1,0.1,18,0,0.9741508977351175,0.9067806911341434,1.0674019438086793,0.16062125267453586,0.895779470430242,1.2379135496289708,False,0,24.727774623293953,0.0,0.4,C_val,2026-09-13 12:56:59,2026-09-13 14:10:05
pretrained,2,0.1,0.1,19,0,0.8304103283640494,0.8115806368132104,0.9304258295071843,0.11884519269397398,0.6133291755538013,1.1215360382520125,False,0,8.168644505276461,0.0,0.4,C_val,2026-09-13 12:56:59,2026-09-13 14:10:05
pretrained,2,0.1,0.1,20,0,0.974729881951256,0.9276930676994399,1.0823402204280228,0.15464715272858287,0.9081395725272009,1.2581908216910223,False,0,36.82484492169533,0.0,0.4,C_val,2026-09-13 12:56:59,2026-09-13 14:10:05
pretrained,2,0.1,0.1,21,0,0.9547760166650512,0.9193853416989224,1.0615337667795308,0.14214842508060843,0.9057642149200765,1.2424150150986337,False,0,18.860825718180422,0.0,0.4,C_val,2026-09-13 12:56:59,2026-09-13 14:10:05
pretrained,2,0.1,0.1,22,0,0.9072323622197844,0.8727752945570839,1.0261689203761843,0.15339362581910043,0.8648277965105446,1.2072328050323518,False,0,19.1126382320399,0.0,0.4,C_val,2026-09-13 12:56:59,2026-09-13 14:10:05
pretrained,2,0.1,0.1,23,0,0.9402274884529781,0.9258648594179464,1.0260518164245633,0.10018695700661695,0.716972489439674,1.188792847513195,False,0,9.188180626773828,0.0,0.4,C_val,2026-09-13 12:56:59,2026-09-13 14:10:05
pretrained,2,0.1,0.1,24,0,0.9842611215948761,0.9231050176531981,1.0803090993253723,0.15720408167217426,0.9157468216400974,1.24984407784088,False,0,41.21392343658954,0.0,0.4,C_val,2026-09-13 12:56:59,2026-09-13 14:10:05
pretrained,2,0.1,0.1,25,0,0.9781297788556516,0.9664252591104,1.0503108954781857,0.08388563636778568,0.7967309708589305,1.1955615180675794,False,0,6.882107287023246,0.0,0.4,C_val,2026-09-13 12:56:59,2026-09-13 14:10:05
pretrained,2,0.1,0.1,26,0,0.9643275696492396,0.9288904281160028,1.0351513502060368,0.10626092209003402,0.862644763590183,1.187179764694442,False,0,3.7799743785326427,0.0,0.4,C_val,2026-09-13 12:56:59,2026-09-13 14:10:05
pretrained,2,0.1,0.1,27,0,0.9749506153902517,0.9577863180905208,1.063690326539416,0.10590400844889514,0.900401727103134,1.226083953377522,False,0,17.288554082424525,0.0,0.4,C_val,2026-09-13 12:56:59,2026-09-13 14:10:05
pretrained,2,0.1,0.1,28,0,0.6038625709204873,0.5183459296207193,0.756135905904951,0.2377899762842316,0.042452807860283326,1.0590240698123607,False,0,1.7222568477918685,0.0,0.4,C_val,2026-09-13 12:56:59,2026-09-13 14:10:05
pretrained,2,0.1,0.1,29,0,0.912845155165394,0.8725729850020485,1.0032570779463093,0.13068409294426075,0.8191440081690118,1.1780634803218044,False,0,9.812758443476923,0.0,0.4,C_val,2026-09-13 12:56:59,2026-09-13 14:10:05
pretrained,2,0.1,0.1,30,0,0.9547054306919581,0.9271608792507685,1.042668120923696,0.11550724167292759,0.8597118719156287,1.2054368631109464,False,0,17.623245453170966,0.0,0.4,C_val,2026-09-13 12:56:59,2026-09-13 14:10:05
pretrained,2,0.1,0.1,31,0,0.9971573193535466,0.9799714191880632,1.0928528592147289,0.11288144002666567,0.9700091298321563,1.2534246616759945,False,0,21.156132530191826,0.0,0.4,C_val,2026-09-13 12:56:59,2026-09-13 14:10:05
pretrained,2,0.1,0.1,32,0,0.998744726197255,0.964666489141107,1.1126485390174692,0.1479820498763622,0.9497830650698511,1.2876823379917526,False,0,18.155782130190346,0.0,0.4,C_val,2026-09-13 12:56:59,2026-09-13 14:10:05
pretrained,2,0.1,0.1,33,0,0.9609024521660431,0.9117374450293321,1.0357696602894952,0.12403221526016317,0.7815036512904835,1.1966212755884325,False,0,15.57664210675648,0.0,0.4,C_val,2026-09-13 12:56:59,2026-09-13 14:10:05
pretrained,2,0.1,0.1,34,0,0.9418843653187898,0.8796025224843739,1.021600271785008,0.14199774930063402,0.8751645572451023,1.1822649876231897,False,0,10.725688674465346,0.0,0.4,C_val,2026-09-13 12:56:59,2026-09-13 14:10:05
pretrained,2,0.1,0.1,35,0,0.9870375191469879,0.9620532021220781,1.1093574279489617,0.14730422582688363,0.8987378681322933,1.2839183235406166,False,0,50.77246579867642,0.0,0.4,C_val,2026-09-13 12:56:59,2026-09-13 14:10:05
pretrained,2,0.1,0.1,36,0,0.9848532091690669,0.9727667310497987,1.0739261424319113,0.1011594113821126,0.9352108866775037,1.2365206681971586,False,0,12.311582442005601,0.0,0.4,C_val,2026-09-13 12:56:59,2026-09-13 14:10:05
pretrained,2,0.1,0.1,37,0,0.9603958111074956,0.937845138514686,1.068370521260342,0.13052538274565606,0.9302374324961835,1.2414985425425313,False,0,16.163962786933553,0.0,0.4,C_val,2026-09-13 12:56:59,2026-09-13 14:10:05
pretrained,2,0.1,0.1,38,0,0.990129508335097,0.9711994628816708,1.1141824913085503,0.1429830284268795,0.8964686333886414,1.3026925096068482,False,0,33.503368018802576,0.0,0.4,C_val,2026-09-13 12:56:59,2026-09-13 14:10:05
pretrained,2,0.1,0.1,39,0,1.003300829729517,0.9694328135336108,1.1083437074150702,0.13891089388145939,0.9663707727165217,1.269995043043606,False,0,23.680155827278213,0.0,0.4,C_val,2026-09-13 12:56:59,2026-09-13 14:10:05
pretrained,2,0.1,0.1,40,0,0.9748590431486674,0.9572087299897919,1.0679765259699598,0.11076779598016795,0.9343293023900872,1.2314765140712773,False,0,12.691604123523575,0.0,0.4,C_val,2026-09-13 12:56:59,2026-09-13 14:10:05
pretrained,2,0.1,0.1,41,0,0.9968247032310034,0.97549324403184,1.0939905380011183,0.11849729396927833,0.9663222371846472,1.2539878994705917,False,0,17.230432255353662,0.0,0.4,C_val,2026-09-13 12:56:59,2026-09-13 14:10:05
pretrained,2,0.1,0.1,42,0,0.9636264846850876,0.8963896799084111,1.0497352373297746,0.15334555742136347,0.8840585056314186,1.217584552431633,False,0,16.682352478583198,0.0,0.4,C_val,2026-09-13 12:56:59,2026-09-13 14:10:05
pretrained,2,0.1,0.1,43,0,0.9373189360375815,0.9218040257103594,1.0284856320066682,0.10668160629630885,0.8957918109112653,1.191918277062371,False,0,11.452849692308519,0.0,0.4,C_val,2026-09-13 12:56:59,2026-09-13 14:10:05
pretrained,2,0.1,0.1,44,0,0.9735545494793947,0.9103933278913864,1.0397543408116812,0.12936101292029478,0.6932622868221648,1.1937517393459545,False,0,9.914768135404302,0.0,0.4,C_val,2026-09-13 12:56:59,2026-09-13 14:10:05
pretrained,2,0.1,0.1,45,0,0.984185866433462,0.9582614508667497,1.0602102532845035,0.10194880241775373,0.9336940261872518,1.2134347461556207,False,0,8.680499254816823,0.0,0.4,C_val,2026-09-13 12:56:59,2026-09-13 14:10:05
pretrained,2,0.1,0.1,46,0,0.9696769730947122,0.9570424256355718,1.0637134870147171,0.10667106137914528,0.9320021811705111,1.2278405733313964,False,0,19.925084201611753,0.0,0.4,C_val,2026-09-13 12:56:59,2026-09-13 14:10:05
pretrained,2,0.1,0.1,47,0,0.9221166455791265,0.8620085410732229,1.0318093837085416,0.1698008426353187,0.8570344218585406,1.2094186130862783,False,0,25.90395050693769,0.0,0.4,C_val,2026-09-13 12:56:59,2026-09-13 14:10:05
pretrained,2,0.1,0.1,0,0,0.0,,0.001710692172606124,,,0.006842768690424496,True,0,15.516616379616607,,2.5,C_val,2026-09-13 12:56:59,2026-09-13 14:10:05
pretrained,2,0.1,0.1,1,0,0.0,,0.0012224856568994662,,,0.004889942627597865,True,0,14.62646674863936,,2.5,C_val,2026-09-13 12:56:59,2026-09-13 14:10:05
pretrained,2,0.1,0.1,2,0,0.0,,0.0009888856471306723,,,0.003955542588522689,True,0,12.05092514061107,,2.5,C_val,2026-09-13 12:56:59,2026-09-13 14:10:05
pretrained,2,0.1,0.1,3,0,0.0,,0.000890540563779973,,,0.003562162255119892,True,0,12.723393918855436,,2.5,C_val,2026-09-13 12:56:59,2026-09-13 14:10:05
pretrained,2,0.1,0.1,4,0,0.0,,0.0008856864242212707,,,0.003542745696885083,True,0,17.194003873668407,,2.5,C_val,2026-09-13 12:56:59,2026-09-13 14:10:05
pretrained,2,0.1,0.1,5,0,0.0,,0.0009150624648083396,,,0.0036602498592333585,True,0,10.865535561450088,,2.5,C_val,2026-09-13 12:56:59,2026-09-13 14:10:05
pretrained,2,0.1,0.1,6,0,0.0,,0.0022318930035684814,,,0.008927572014273926,True,0,16.400595453811547,,2.5,C_val,2026-09-13 12:56:59,2026-09-13 14:10:05
pretrained,2,0.1,0.1,7,0,0.0,,0.0005248491916462838,,,0.002099396766585135,True,0,10.332977748643316,,2.5,C_val,2026-09-13 12:56:59,2026-09-13 14:10:05
pretrained,2,0.1,0.1,8,0,0.0,,0.0006271142835771711,,,0.0025084571343086844,True,0,10.662859137348278,,2.5,C_val,2026-09-13 12:56:59,2026-09-13 14:10:05
pretrained,2,0.1,0.1,9,0,0.0,,0.0007697938941819681,,,0.0030791755767278725,True,0,12.615086584286473,,2.5,C_val,2026-09-13 12:56:59,2026-09-13 14:10:05
pretrained,2,0.1,0.1,10,0,0.0,,0.0013559676788315886,,,0.0054238707153263545,True,0,11.037675565981772,,2.5,C_val,2026-09-13 12:56:59,2026-09-13 14:10:05
pretrained,2,0.1,0.1,11,0,0.0,,0.009648102745532593,,,0.016035919037347076,True,0,14.253464195051492,,2.5,C_val,2026-09-13 12:56:59,2026-09-13 14:10:05
pretrained,2,0.1,0.1,12,0,0.0,,0.0012975185855501094,,,0.0051900743422004375,True,0,12.265143767694099,,2.5,C_val,2026-09-13 12:56:59,2026-09-13 14:10:05
pretrained,2,0.1,0.1,13,0,0.0,,0.0013186260264111298,,,0.005274504105644519,True,0,13.417857646127231,,2.5,C_val,2026-09-13 12:56:59,2026-09-13 14:10:05
pretrained,2,0.1,0.1,14,0,0.0,,0.00042463841852444787,,,0.0016985536740977915,True,0,13.349467198095226,,2.5,C_val,2026-09-13 12:56:59,2026-09-13 14:10:05
pretrained,2,0.1,0.1,15,0,0.0,,0.000770644141678383,,,0.003082576566713532,True,0,14.247513379243173,,2.5,C_val,2026-09-13 12:56:59,2026-09-13 14:10:05
pretrained,2,0.1,0.1,16,0,0.0,,0.0005317872977664061,,,0.0021271491910656243,True,0,7.041283487873443,,2.5,C_val,2026-09-13 12:56:59,2026-09-13 14:10:05
pretrained,2,0.1,0.1,17,0,0.0,,0.0012903831137046962,,,0.005161532454818785,True,0,16.661486857075943,,2.5,C_val,2026-09-13 12:56:59,2026-09-13 14:10:05
pretrained,2,0.1,0.1,18,0,0.0,,0.0004769088730199881,,,0.0019076354920799525,True,0,12.238992727605364,,2.5,C_val,2026-09-13 12:56:59,2026-09-13 14:10:05
pretrained,2,0.1,0.1,19,0,0.0,,0.009867087252637905,,,0.023088109923553597,True,0,13.843856659419544,,2.5,C_val,2026-09-13 12:56:59,2026-09-13 14:10:05
pretrained,2,0.1,0.1,20,0,0.0,,0.0006255168836526958,,,0.0025020675346107833,True,0,10.865271467795537,,2.5,C_val,2026-09-13 12:56:59,2026-09-13 14:10:05
pretrained,2,0.1,0.1,21,0,0.0,,0.001114045629955698,,,0.004456182519822792,True,0,11.458652148608962,,2.5,C_val,2026-09-13 12:56:59,2026-09-13 14:10:05
pretrained,2,0.1,0.1,22,0,0.0,,0.004363188214761263,,,0.010979044870666366,True,0,10.96638615943084,,2.5,C_val,2026-09-13 12:56:59,2026-09-13 14:10:05
pretrained,2,0.1,0.1,23,0,0.0,,0.0019102088228027073,,,0.007640835291210829,True,0,14.256870294775581,,2.5,C_val,2026-09-13 12:56:59,2026-09-13 14:10:05
pretrained,2,0.1,0.1,24,0,0.0,,0.0006894696369784738,,,0.0027578785479138953,True,0,14.932309824085678,,2.5,C_val,2026-09-13 12:56:59,2026-09-13 14:10:05
pretrained,2,0.1,0.1,25,0,0.0,,0.0019130485370250664,,,0.007652194148100266,True,0,16.909939517339808,,2.5,C_val,2026-09-13 12:56:59,2026-09-13 14:10:05
pretrained,2,0.1,0.1,26,0,0.0,,0.0014121334912182903,,,0.005648533964873161,True,0,16.04171317046712,,2.5,C_val,2026-09-13 12:56:59,2026-09-13 14:10:05
pretrained,2,0.1,0.1,27,0,0.0,,0.0009666512267636418,,,0.0038666049070545674,True,0,13.510781744003907,,2.5,C_val,2026-09-13 12:56:59,2026-09-13 14:10:05
pretrained,2,0.1,0.1,28,0,0.0,,0.008915387745709033,,,0.03658691090056929,True,0,15.617745889459911,,2.5,C_val,2026-09-13 12:56:59,2026-09-13 14:10:05
pretrained,2,0.1,0.1,29,0,0.0,,0.008180385739010318,,,0.015461557892624683,True,0,14.644273192141554,,2.5,C_val,2026-09-13 12:56:59,2026-09-13 14:10:05
pretrained,2,0.1,0.1,30,0,0.0,,0.0006674486311333265,,,0.002669794524533306,True,0,16.54472959433042,,2.5,C_val,2026-09-13 12:56:59,2026-09-13 14:10:05
pretrained,2,0.1,0.1,31,0,0.0,,0.0005194873338744047,,,0.0020779493354976188,True,0,14.494865454598767,,2.5,C_val,2026-09-13 12:56:59,2026-09-13 14:10:05
pretrained,2,0.1,0.1,32,0,0.0,,0.0003782461300317902,,,0.0015129845201271607,True,0,9.157533304602111,,2.5,C_val,2026-09-13 12:56:59,2026-09-13 14:10:05
pretrained,2,0.1,0.1,33,0,0.0,,0.003813972187880629,,,0.010687905698733593,True,0,13.752768273865513,,2.5,C_val,2026-09-13 12:56:59,2026-09-13 14:10:05
pretrained,2,0.1,0.1,34,0,0.0,,0.003773453758580778,,,0.010738213202628334,True,0,16.79919991848874,,2.5,C_val,2026-09-13 12:56:59,2026-09-13 14:10:05
pretrained,2,0.1,0.1,35,0,0.0,,0.00026707942910259003,,,0.0010683177164103601,True,0,11.851792191213463,,2.5,C_val,2026-09-13 12:56:59,2026-09-13 14:10:05
pretrained,2,0.1,0.1,36,0,0.0,,0.0004493877378014929,,,0.0017975509512059716,True,0,14.743046414117998,,2.5,C_val,2026-09-13 12:56:59,2026-09-13 14:10:05
pretrained,2,0.1,0.1,37,0,0.0,,0.0010127051923586392,,,0.004050820769434557,True,0,12.454924637524527,,2.5,C_val,2026-09-13 12:56:59,2026-09-13 14:10:05
pretrained,2,0.1,0.1,38,0,1.8048678120415116,1.5390320581215298,2.078790935495365,0.5397588773738351,1.2828531202813396,2.3608708532751495,False,0,6.162412376335851,0.0,2.5,C_val,2026-09-13 12:56:59,2026-09-13 14:10:05
pretrained,2,0.1,0.1,39,0,0.0,,0.0004321896906306639,,,0.0017287587625226556,True,0,13.313535479181155,,2.5,C_val,2026-09-13 12:56:59,2026-09-13 14:10:05
pretrained,2,0.1,0.1,40,0,0.0,,0.0006145986674282503,,,0.0024583946697130012,True,0,16.218781550302083,,2.5,C_val,2026-09-13 12:56:59,2026-09-13 14:10:05
pretrained,2,0.1,0.1,41,0,0.0,,0.0006441403374211743,,,0.002576561349684697,True,0,11.721615529510018,,2.5,C_val,2026-09-13 12:56:59,2026-09-13 14:10:05
pretrained,2,0.1,0.1,42,0,0.0,,0.0008507078747233162,,,0.0034028314988932646,True,0,14.248968569067074,,2.5,C_val,2026-09-13 12:56:59,2026-09-13 14:10:05
pretrained,2,0.1,0.1,43,0,0.0,,0.0007966963137602911,,,0.0031867852550411645,True,0,12.93520416741012,,2.5,C_val,2026-09-13 12:56:59,2026-09-13 14:10:05
pretrained,2,0.1,0.1,44,0,0.0,,0.0025846334725233002,,,0.010828517396677909,True,0,15.351915912746335,,2.5,C_val,2026-09-13 12:56:59,2026-09-13 14:10:05
pretrained,2,0.1,0.1,45,0,0.0,,0.0009463921451138492,,,0.003785568580455397,True,0,14.974376617297821,,2.5,C_val,2026-09-13 12:56:59,2026-09-13 14:10:05
pretrained,2,0.1,0.1,46,0,0.0,,0.0008542183861709339,,,0.0034168735446837356,True,0,13.691160467315058,,2.5,C_val,2026-09-13 12:56:59,2026-09-13 14:10:05
pretrained,2,0.1,0.1,47,0,0.0,,0.003884052178193026,,,0.014653472224251968,True,0,13.395839426575549,,2.5,C_val,2026-09-13 12:56:59,2026-09-13 14:10:05
pretrained,0,0.3,0.3,0,0,0.9825913251966912,0.9601280470493222,1.1252409137359607,0.1651128666866385,0.0556712951781199,1.3786682370664207,False,0,1.2918206841059146,0.0,0.4,C_val,2026-09-12 13:14:11,2026-09-12 14:20:43
pretrained,0,0.3,0.3,1,0,0.966156905771698,0.9285322471406752,1.1474458643903462,0.2189136172496709,0.9222806037633944,1.4141628165787823,False,0,7.745219587992324,0.0,0.4,C_val,2026-09-12 13:14:11,2026-09-12 14:20:43
pretrained,0,0.3,0.3,2,0,0.9758276764549084,0.8990032741469552,1.1963926728639291,0.2973893987169739,0.8909214635557163,1.473617916146534,False,0,11.289139399075792,0.0,0.4,C_val,2026-09-12 13:14:11,2026-09-12 14:20:43
pretrained,0,0.3,0.3,3,0,1.0172674483746615,0.9137935789291152,1.2516049378496528,0.3378113589205377,0.8590472404105205,1.5260627649127834,False,0,21.963868445800472,0.0,0.4,C_val,2026-09-12 13:14:11,2026-09-12 14:20:43
pretrained,0,0.3,0.3,4,0,0.9473250590409588,0.8234603109038368,1.1359829746357917,0.3125226637319547,0.7529764656733536,1.4119889028465669,False,0,21.065669788000378,0.0,0.4,C_val,2026-09-12 13:14:11,2026-09-12 14:20:43
pretrained,0,0.3,0.3,5,0,0.9977623905924204,0.911739916091591,1.211363829511949,0.2996239134203581,0.8795004509858881,1.4771806366152127,False,0,16.99485628970433,0.0,0.4,C_val,2026-09-12 13:14:11,2026-09-12 14:20:43
pretrained,0,0.3,0.3,6,0,0.7848943260036205,0.6720662506945615,1.0224271410603192,0.3503608903657577,0.6548357563195111,1.3249429401916748,False,0,6.423849822323973,0.0,0.4,C_val,2026-09-12 13:14:11,2026-09-12 14:20:43
pretrained,0,0.3,0.3,7,0,0.7986448040014612,0.7623221746856667,1.0563514017356423,0.2940292270499757,0.0326708174766555,1.3691046984676192,False,0,3.338395689643221,0.0,0.4,C_val,2026-09-12 13:14:11,2026-09-12 14:20:43
pretrained,0,0.3,0.3,8,0,1.0699708374204202,0.9689845295310304,1.2792377113837818,0.3102531818527515,0.9604509381654408,1.534030891098411,False,0,29.674044164214138,0.0,0.4,C_val,2026-09-12 13:14:11,2026-09-12 14:20:43
pretrained,0,0.3,0.3,9,0,0.9325805466425144,0.8198699983417789,1.1098668298535448,0.2899968315117659,0.8142185462080289,1.382164874781108,False,0,4.843701028097712,0.0,0.4,C_val,2026-09-12 13:14:11,2026-09-12 14:20:43
pretrained,0,0.3,0.3,10,0,1.0290843537550127,0.9329505920930228,1.267811244116909,0.3348606520238861,0.8552594175090639,1.5414723235367196,False,0,27.767092085250624,0.0,0.4,C_val,2026-09-12 13:14:11,2026-09-12 14:20:43
pretrained,0,0.3,0.3,11,0,0.9957775262065246,0.9656994082239122,1.1836472124997823,0.2179478042758701,0.8541445233146038,1.451021140378462,False,0,10.144234019047872,0.0,0.4,C_val,2026-09-12 13:14:11,2026-09-12 14:20:43
pretrained,0,0.3,0.3,12,0,1.0155318556059971,0.9196838761475566,1.235957962813439,0.3162740866658823,0.8898474184207944,1.5086347403957896,False,0,15.886747705721064,0.0,0.4,C_val,2026-09-12 13:14:11,2026-09-12 14:20:43
pretrained,0,0.3,0.3,13,0,1.0112567823798386,0.919275286545667,1.2412130570515876,0.3219377705059205,0.9130173559400404,1.518572059326253,False,0,18.177521212535797,0.0,0.4,C_val,2026-09-12 13:14:11,2026-09-12 14:20:43
pretrained,0,0.3,0.3,14,0,0.9748633974040306,0.9042841570308908,1.151277560471425,0.246993403440534,0.8723947903186821,1.413735309346814,False,0,7.985645117758395,0.0,0.4,C_val,2026-09-12 13:14:11,2026-09-12 14:20:43
pretrained,0,0.3,0.3,15,0,0.9667060284857734,0.880533295668789,1.1849514180917384,0.3044181224229494,0.8724119994964539,1.458836993747665,False,0,14.585706888294226,0.0,0.4,C_val,2026-09-12 13:14:11,2026-09-12 14:20:43
pretrained,0,0.3,0.3,16,0,1.1466291637269186,0.985521302419279,1.3757123733377623,0.3901910709184832,0.9286030851418976,1.6384111401418684,False,0,41.9836809104745,0.0,0.4,C_val,2026-09-12 13:14:11,2026-09-12 14:20:43
pretrained,0,0.3,0.3,17,0,0.9503968895468392,0.9321128924213872,1.1205476458740675,0.1884347534526804,0.7252814739564533,1.3787996450250326,False,0,13.059049433686596,0.0,0.4,C_val,2026-09-12 13:14:11,2026-09-12 14:20:43
pretrained,0,0.3,0.3,18,0,0.99133377743916,0.8945307482366096,1.2256553122575886,0.331124564020979,0.8188964511423917,1.4967716241767453,False,0,31.49112977697223,0.0,0.4,C_val,2026-09-12 13:14:11,2026-09-12 14:20:43
pretrained,0,0.3,0.3,19,0,0.794133121334472,0.7640409510372044,1.010704482103232,0.2466635310660276,0.5816656660737372,1.3170382842453263,False,0,3.727187411423074,0.0,0.4,C_val,2026-09-12 13:14:11,2026-09-12 14:20:43
pretrained,0,0.3,0.3,20,0,0.9719013955392442,0.9468828068117854,1.150847220378753,0.2039644135669676,0.8263443932368609,1.4159631083185982,False,0,5.999613608626532,0.0,0.4,C_val,2026-09-12 13:14:11,2026-09-12 14:20:43
pretrained,0,0.3,0.3,21,0,0.9463174939428028,0.8931577948918878,1.1685627367105127,0.2754049418186248,0.8559415264433659,1.451588161023936,False,0,9.821295558642303,0.0,0.4,C_val,2026-09-12 13:14:11,2026-09-12 14:20:43
pretrained,0,0.3,0.3,22,0,0.936560596476022,0.8133049655728674,1.111674822324627,0.2983698567517597,0.6590288183079341,1.38471164914496,False,0,9.814915707123872,0.0,0.4,C_val,2026-09-12 13:14:11,2026-09-12 14:20:43
pretrained,0,0.3,0.3,23,0,0.904367130262977,0.8277056990313656,1.1437988314362564,0.3160931324048908,0.649470948682703,1.422195186345746,False,0,28.030752657279663,0.0,0.4,C_val,2026-09-12 13:14:11,2026-09-12 14:20:43
pretrained,0,0.3,0.3,24,0,0.8818769882856651,0.859867723216715,1.0574697795732435,0.1976020563565287,0.0260461070843789,1.334017234762518,False,0,1.5792923335975502,0.0,0.4,C_val,2026-09-12 13:14:11,2026-09-12 14:20:43
pretrained,0,0.3,0.3,25,0,0.1864276904563107,0.1251534877176439,0.2046325323745452,0.0794790446569012,0.0406713132151216,1.260726454712073,False,0,1.1752971669229737,0.0,0.4,C_val,2026-09-12 13:14:11,2026-09-12 14:20:43
pretrained,0,0.3,0.3,26,0,0.9936502994474192,0.9397876075409886,1.1603323185593468,0.2205447110183582,0.9358572057188737,1.4033740632820784,False,0,9.19689149635451,0.0,0.4,C_val,2026-09-12 13:14:11,2026-09-12 14:20:43
pretrained,0,0.3,0.3,27,0,0.2463011106747056,0.1192289844016777,0.7809691228915968,0.6617401384899191,0.0450550531062049,1.1860813874101888,False,0,0.4426508446267689,1.0,0.4,C_val,2026-09-12 13:14:11,2026-09-12 14:20:43
pretrained,0,0.3,0.3,28,0,0.9588350048529176,0.9267938751693814,1.1531077111228771,0.2263138359534957,0.6489652473816787,1.4276200382370787,False,0,11.005798751077236,0.0,0.4,C_val,2026-09-12 13:14:11,2026-09-12 14:20:43
pretrained,0,0.3,0.3,29,0,0.8686337484940607,0.8174355506185327,1.0779259189460653,0.2604903683275326,0.7901669173834782,1.3582882353763095,False,0,8.321655585386907,0.0,0.4,C_val,2026-09-12 13:14:11,2026-09-12 14:20:43
pretrained,0,0.3,0.3,30,0,0.925378738615026,0.8913016196417959,1.1321404472461356,0.2408388276043397,0.8019065520908533,1.4034447516410569,False,0,10.360880352611275,0.0,0.4,C_val,2026-09-12 13:14:11,2026-09-12 14:20:43
pretrained,0,0.3,0.3,31,0,0.9737654730004616,0.924591739269802,1.1747024489447104,0.2501107096749084,0.9134339926891416,1.4455184255064937,False,0,9.315344455833838,0.0,0.4,C_val,2026-09-12 13:14:11,2026-09-12 14:20:43
pretrained,0,0.3,0.3,32,0,0.9451318751630552,0.8784039472243182,1.1659487305935752,0.2875447833692569,0.7789361263598303,1.4394616131267843,False,0,20.038331949286658,0.0,0.4,C_val,2026-09-12 13:14:11,2026-09-12 14:20:43
pretrained,0,0.3,0.3,33,0,1.024991674242748,0.9206526392996176,1.2366413685115616,0.315988729211944,0.9145685254783296,1.4928278873269845,False,0,34.079057624436246,0.0,0.4,C_val,2026-09-12 13:14:11,2026-09-12 14:20:43
pretrained,0,0.3,0.3,34,0,1.0594642747928713,0.952480362987061,1.2650412633770869,0.3125609003900259,0.9428013808981608,1.5197366286792455,False,0,27.322743212680507,0.0,0.4,C_val,2026-09-12 13:14:11,2026-09-12 14:20:43
pretrained,0,0.3,0.3,35,0,1.0165773024438325,0.949658418475204,1.214489557162601,0.264831138687397,0.9446184643913956,1.473625651135486,False,0,15.21956638687334,0.0,0.4,C_val,2026-09-12 13:14:11,2026-09-12 14:20:43
pretrained,0,0.3,0.3,36,0,1.032776378751694,0.9656826879815597,1.254985343433648,0.2893026554520883,0.9212604530134906,1.5256890410964363,False,0,22.814349863721876,0.0,0.4,C_val,2026-09-12 13:14:11,2026-09-12 14:20:43
pretrained,0,0.3,0.3,37,0,0.9625828204700562,0.9187850091654948,1.1479593064923137,0.2291742973268189,0.9135478958316432,1.4131161608989744,False,0,7.98222759374039,0.0,0.4,C_val,2026-09-12 13:14:11,2026-09-12 14:20:43
pretrained,0,0.3,0.3,38,0,0.9256667180737388,0.8987308773565313,1.1441055802544071,0.245374702897876,0.4485461623062302,1.4347703300260195,False,0,17.136567806814128,0.0,0.4,C_val,2026-09-12 13:14:11,2026-09-12 14:20:43
pretrained,0,0.3,0.3,39,0,0.949886524841932,0.8988530377814814,1.1341885475869429,0.2353355098054612,0.8929879661190694,1.3888221300559556,False,0,9.718266469943046,0.0,0.4,C_val,2026-09-12 13:14:11,2026-09-12 14:20:43
pretrained,0,0.3,0.3,40,0,0.8872394985917093,0.853119160888445,1.1055967392770734,0.2524775783886284,0.5994395866672875,1.3964790983864457,False,0,13.239611251206952,0.0,0.4,C_val,2026-09-12 13:14:11,2026-09-12 14:20:43
pretrained,0,0.3,0.3,41,0,0.9690506165836822,0.8840034108823654,1.1667859204811015,0.2827825095987363,0.8775071502631084,1.4250456797579918,False,0,11.94895489135888,0.0,0.4,C_val,2026-09-12 13:14:11,2026-09-12 14:20:43
pretrained,0,0.3,0.3,42,0,0.8349725932954492,0.7769881584603815,1.0454311158810543,0.2684429574206728,0.0665930174903341,1.3472191742194235,False,0,2.0121758173627318,0.0,0.4,C_val,2026-09-12 13:14:11,2026-09-12 14:20:43
pretrained,0,0.3,0.3,43,0,0.9347834714440564,0.9139540621973044,1.0938599199586692,0.1799058577613648,0.0733777259924538,1.3579413295483425,False,0,1.9702926531099365,0.0,0.4,C_val,2026-09-12 13:14:11,2026-09-12 14:20:43
pretrained,0,0.3,0.3,44,0,0.9091825521158862,0.8847277087906955,1.0816029716734463,0.196875262882751,0.1835348825788776,1.35286113590438,False,0,3.3127333266056667,0.0,0.4,C_val,2026-09-12 13:14:11,2026-09-12 14:20:43
pretrained,0,0.3,0.3,45,0,0.5346444319886932,0.4773359647012964,0.8199444002834742,0.3426084355821777,0.1612148524797688,1.197082743540558,False,0,2.9884795579746424,0.0,0.4,C_val,2026-09-12 13:14:11,2026-09-12 14:20:43
pretrained,0,0.3,0.3,46,0,0.934899471762293,0.8471600335434368,1.182801534472333,0.3356415009288962,0.7898750115939737,1.4687620089392128,False,0,11.812224474881075,0.0,0.4,C_val,2026-09-12 13:14:11,2026-09-12 14:20:43
pretrained,0,0.3,0.3,47,0,0.5748507003377331,0.1449446484847935,1.0645755180798429,0.9196308695950494,0.0338426961103419,1.381576994674262,False,0,0.7061910400771012,1.0,0.4,C_val,2026-09-12 13:14:11,2026-09-12 14:20:43
pretrained,0,0.3,0.3,0,0,2.0985733324134053,1.8609938791095264,2.1460655805771336,0.2850717014676072,1.5743421419015025,2.7037473482279166,False,0,2.15670848620357,0.0,2.5,C_val,2026-09-12 13:14:11,2026-09-12 14:20:43
pretrained,0,0.3,0.3,1,0,2.2250501994349867,1.951811475590706,2.3694445840696687,0.4176331084789626,1.6598833250245908,2.808267153516074,False,0,1.4729585788336408,0.0,2.5,C_val,2026-09-12 13:14:11,2026-09-12 14:20:43
pretrained,0,0.3,0.3,2,0,2.225765564232083,2.024213895880816,2.527147850520963,0.5029339546401466,1.7455746594106696,2.9115439223516457,False,0,0.9051351244925172,1.0,2.5,C_val,2026-09-12 13:14:11,2026-09-12 14:20:43
pretrained,0,0.3,0.3,3,0,2.2449958186070496,2.048190461318565,2.552373328642083,0.504182867323518,1.7841875748093037,2.820773718241236,False,0,0.7998650493937021,1.0,2.5,C_val,2026-09-12 13:14:11,2026-09-12 14:20:43
pretrained,0,0.3,0.3,4,0,2.2528665648865265,1.967716785372235,2.4193497111923974,0.4516329258201623,1.6786716679874838,2.747605988378232,False,0,2.102223920661345,0.0,2.5,C_val,2026-09-12 13:14:11,2026-09-12 14:20:43
pretrained,0,0.3,0.3,5,0,2.087567318987257,1.9142445439996645,2.4823330024747965,0.568088458475132,1.657253885105353,2.673600707636293,False,0,1.095815451702947,0.0,2.5,C_val,2026-09-12 13:14:11,2026-09-12 14:20:43
pretrained,0,0.3,0.3,6,0,2.1910251390233,1.8928743338773704,2.4932981747645906,0.60042384088722,1.5950893593722957,2.801853055862026,False,0,1.044159156634123,0.0,2.5,C_val,2026-09-12 13:14:11,2026-09-12 14:20:43
pretrained,0,0.3,0.3,7,0,2.2954406971859025,2.0010339703306688,2.595034243056093,0.5940002727254243,1.7089831620412848,2.9015632697723373,False,0,0.4690623149326711,1.0,2.5,C_val,2026-09-12 13:14:11,2026-09-12 14:20:43
pretrained,0,0.3,0.3,8,0,2.0950460746211736,1.9257831578598483,2.117567912791329,0.1917847549314804,1.678657620702501,2.845603144462235,False,0,1.2634534750177409,0.0,2.5,C_val,2026-09-12 13:14:11,2026-09-12 14:20:43
pretrained,0,0.3,0.3,9,0,1.9952408412674236,1.8483555022095732,2.458776475724989,0.6104209735154156,1.6016366568677745,2.7138332674407133,False,0,2.373445348162932,0.0,2.5,C_val,2026-09-12 13:14:11,2026-09-12 14:20:43
pretrained,0,0.3,0.3,10,0,2.382307940300611,2.1076312715626813,2.4953771836094942,0.3877459120468129,1.7306152607375052,2.871487738219212,False,0,1.5987123836021055,0.0,2.5,C_val,2026-09-12 13:14:11,2026-09-12 14:20:43
pretrained,0,0.3,0.3,11,0,2.2648227693234464,1.9679948042558173,2.567136152059882,0.5991413478040646,1.674206236909713,2.876472109408958,False,0,0.6078240989008918,1.0,2.5,C_val,2026-09-12 13:14:11,2026-09-12 14:20:43
pretrained,0,0.3,0.3,12,0,2.205213417638267,2.03439036978535,2.567745505344756,0.5333551355594057,1.7730816427390312,2.958898247727755,False,0,0.2821102803609392,1.0,2.5,C_val,2026-09-12 13:14:11,2026-09-12 14:20:43
pretrained,0,0.3,0.3,13,0,2.3984119156760104,2.103267398115207,2.6999818972308187,0.5967144991156119,1.8126816659447105,3.009108370663053,False,0,0.1152182506375538,1.0,2.5,C_val,2026-09-12 13:14:11,2026-09-12 14:20:43
pretrained,0,0.3,0.3,14,0,0.0,,0.0031273669702768,,,0.0143357660663285,True,0,0.7772814230374934,,2.5,C_val,2026-09-12 13:14:11,2026-09-12 14:20:43
pretrained,0,0.3,0.3,15,0,2.0385625663775397,1.899589259932436,2.0632481543098677,0.1636588943774313,1.6734879202167356,2.851861524730164,False,0,1.3752067911154882,0.0,2.5,C_val,2026-09-12 13:14:11,2026-09-12 14:20:43
pretrained,0,0.3,0.3,16,0,2.494386317993448,2.2060230015561806,2.7888844171804035,0.5828614156242229,1.924129170318472,3.0422792582195823,False,0,0.0001443686705897,1.0,2.5,C_val,2026-09-12 13:14:11,2026-09-12 14:20:43
pretrained,0,0.3,0.3,17,0,2.131858066060149,1.8416335475708303,2.383516404207352,0.5418828566365212,1.547487197056492,2.721658325579857,False,0,1.7640202963557383,0.0,2.5,C_val,2026-09-12 13:14:11,2026-09-12 14:20:43
pretrained,0,0.3,0.3,18,0,1.9757365386367356,1.8647631165020568,2.1043532370197804,0.2395901205177235,1.650138799264545,2.8490689832676583,False,0,1.5253213835603674,0.0,2.5,C_val,2026-09-12 13:14:11,2026-09-12 14:20:43
pretrained,0,0.3,0.3,19,0,2.2495560215237083,1.958631382587304,2.4171271328100685,0.4584957502227644,1.6624474449458846,2.818137924974249,False,0,1.3449882916429488,0.0,2.5,C_val,2026-09-12 13:14:11,2026-09-12 14:20:43
pretrained,0,0.3,0.3,20,0,1.995095273552176,1.832803710938328,2.4909233440744822,0.6581196331361545,1.5748476442335142,2.773229047601826,False,0,1.0540139032418665,0.0,2.5,C_val,2026-09-12 13:14:11,2026-09-12 14:20:43
pretrained,0,0.3,0.3,21,0,2.365539199093203,2.06990959550147,2.6658365154457506,0.5959269199442807,1.7776456005379395,2.9423257465088057,False,0,0.201858735850692,1.0,2.5,C_val,2026-09-12 13:14:11,2026-09-12 14:20:43
pretrained,0,0.3,0.3,22,0,2.237946604394812,1.9384059868858812,2.5421327394463167,0.6037267525604353,1.6402549332844871,2.852862763453356,False,0,0.7440297178909532,1.0,2.5,C_val,2026-09-12 13:14:11,2026-09-12 14:20:43
pretrained,0,0.3,0.3,23,0,2.2067301096401333,1.9226770704615803,2.4884081401425875,0.565731069681007,1.6389671886137314,2.7280827151910088,False,0,1.0856950022935052,0.0,2.5,C_val,2026-09-12 13:14:11,2026-09-12 14:20:43
pretrained,0,0.3,0.3,24,0,0.0,,0.0050334448554954,,,0.0258635382235206,True,0,2.3226504485865007,,2.5,C_val,2026-09-12 13:14:11,2026-09-12 14:20:43
pretrained,0,0.3,0.3,25,0,0.0,,0.0099017205990776,,,0.0455133424976659,True,0,3.772055225377698,,2.5,C_val,2026-09-12 13:14:11,2026-09-12 14:20:43
pretrained,0,0.3,0.3,26,0,2.1643396195325324,1.8718587895053744,2.3952642603605048,0.5234054708551306,1.5799502041185685,2.719933109939228,False,0,1.9178949624765664,0.0,2.5,C_val,2026-09-12 13:14:11,2026-09-12 14:20:43
pretrained,0,0.3,0.3,27,0,0.0,,0.0048671767230377,,,0.0258068034235792,True,0,5.612492633132206,,2.5,C_val,2026-09-12 13:14:11,2026-09-12 14:20:43
pretrained,0,0.3,0.3,28,0,2.312893599965355,2.018155908981776,2.613166434879142,0.5950105258973659,1.7265482377602108,2.9205175370294265,False,0,0.3912890805368079,1.0,2.5,C_val,2026-09-12 13:14:11,2026-09-12 14:20:43
pretrained,0,0.3,0.3,29,0,2.191978781283068,1.898285974118587,2.459453378648268,0.5611674045296811,1.6019405131468123,2.643294155425551,False,0,2.9019908442169253,0.0,2.5,C_val,2026-09-12 13:14:11,2026-09-12 14:20:43
pretrained,0,0.3,0.3,30,0,2.2460074956347458,1.957855401515703,2.525338799137156,0.5674833976214531,1.6711125790838703,2.760999700899183,False,0,0.8016358218883397,1.0,2.5,C_val,2026-09-12 13:14:11,2026-09-12 14:20:43
pretrained,0,0.3,0.3,31,0,2.1687659108177626,1.9558559758335117,2.206098307375969,0.2502423315424571,1.6848660874417465,2.805223159734426,False,0,1.7006034789592377,0.0,2.5,C_val,2026-09-12 13:14:11,2026-09-12 14:20:43
pretrained,0,0.3,0.3,32,0,2.19411028017218,1.94029188346906,2.355947701850744,0.4156558183816841,1.6678372889309965,2.372716347220861,False,0,7.672070553806407,0.0,2.5,C_val,2026-09-12 13:14:11,2026-09-12 14:20:43
pretrained,0,0.3,0.3,33,0,2.109428238783475,1.898747891592494,2.1539558835679165,0.2552079919754224,1.6383359548270329,2.636803397306948,False,0,3.028340976579784,0.0,2.5,C_val,2026-09-12 13:14:11,2026-09-12 14:20:43
pretrained,0,0.3,0.3,34,0,2.259036352227545,1.9736978503124132,2.409306889621662,0.4356090393092486,1.6882271522159464,2.762140207539046,False,0,1.4196006879064953,0.0,2.5,C_val,2026-09-12 13:14:11,2026-09-12 14:20:43
pretrained,0,0.3,0.3,35,0,2.255856746895112,1.9637862000843973,2.55400970954348,0.5902235094590829,1.5972348094584907,2.85952665782318,False,0,0.6730896493936598,1.0,2.5,C_val,2026-09-12 13:14:11,2026-09-12 14:20:43
pretrained,0,0.3,0.3,36,0,2.289018681627169,2.061485938991705,2.6300033337397526,0.5685173947480471,1.7820553552277836,2.9613291230230594,False,0,0.4552954812897951,1.0,2.5,C_val,2026-09-12 13:14:11,2026-09-12 14:20:43
pretrained,0,0.3,0.3,37,0,2.289371169724828,1.992435184235402,2.583666270687546,0.5912310864521442,1.6955102605597454,2.777346527443893,False,0,0.504675353426137,1.0,2.5,C_val,2026-09-12 13:14:11,2026-09-12 14:20:43
pretrained,0,0.3,0.3,38,0,0.0,,0.0011360944807698,,,0.0045443779230793,True,0,0.5523056085621647,,2.5,C_val,2026-09-12 13:14:11,2026-09-12 14:20:43
pretrained,0,0.3,0.3,39,0,0.0,,0.0006654665249759,,,0.0026618660999038,True,0,2.161025319237524,,2.5,C_val,2026-09-12 13:14:11,2026-09-12 14:20:43
pretrained,0,0.3,0.3,40,0,2.3003419396932907,2.001841062106944,2.603742138023199,0.6019010759162557,1.7053664075164137,2.913708416620641,False,0,0.4358599956176476,1.0,2.5,C_val,2026-09-12 13:14:11,2026-09-12 14:20:43
pretrained,0,0.3,0.3,41,0,2.195345401631197,1.9159211895585837,2.381226402256181,0.4653052126975976,1.629659591915081,2.7401097137759383,False,0,1.6126585278216226,0.0,2.5,C_val,2026-09-12 13:14:11,2026-09-12 14:20:43
pretrained,0,0.3,0.3,42,0,2.305508918900237,2.009198407087953,2.606331285229881,0.5971328781419283,1.714723210636885,2.9128493215630784,False,0,0.4204369706640136,1.0,2.5,C_val,2026-09-12 13:14:11,2026-09-12 14:20:43
pretrained,0,0.3,0.3,43,0,2.1878168357376118,1.890799422029288,2.4813856551090008,0.5905862330797131,1.5924513472977757,2.7144236458749504,False,0,1.1423798728137626,0.0,2.5,C_val,2026-09-12 13:14:11,2026-09-12 14:20:43
pretrained,0,0.3,0.3,44,0,1.9635172171628037,1.791694056587835,2.4132625345865817,0.6215684779987467,1.5280744570139322,2.762235068449717,False,0,1.5131078726190026,0.0,2.5,C_val,2026-09-12 13:14:11,2026-09-12 14:20:43
pretrained,0,0.3,0.3,45,0,2.046121775620544,1.7726168259312314,2.210927993998743,0.4383111680675118,1.47422941282792,2.630884689340033,False,0,2.666233951713366,0.0,2.5,C_val,2026-09-12 13:14:11,2026-09-12 14:20:43
pretrained,0,0.3,0.3,46,0,2.0694577919402093,1.9085855217894436,2.0876426725055066,0.1790571507160632,1.6605841827688392,2.834729956210668,False,0,1.4548695358062105,0.0,2.5,C_val,2026-09-12 13:14:11,2026-09-12 14:20:43
pretrained,0,0.3,0.3,47,0,2.202321722766249,2.0011379959075857,2.2670008983307626,0.2658629024231769,1.7332379483850733,2.6866131358252,False,0,1.4784803846378054,0.0,2.5,C_val,2026-09-12 13:14:11,2026-09-12 14:20:43
pretrained,0,1.0,1.0,0,0,0.5606274879410079,0.1723979950909978,0.9158181027184372,0.7434201076274394,0.044315185015856,1.2732735276619154,False,0,0.4104205513031047,1.0,0.4,C_val,2026-09-12 15:17:36,2026-09-12 16:33:42
pretrained,0,1.0,1.0,1,0,0.2788977853721575,0.1090298175111147,0.8768938710897992,0.7678640535786845,0.034585017905862,1.29784174079009,False,0,0.111798233952868,1.0,0.4,C_val,2026-09-12 15:17:36,2026-09-12 16:33:42
pretrained,0,1.0,1.0,2,0,0.6376879850912439,0.5617777785210741,1.0697699173702884,0.5079921388492142,0.0199991114781157,1.4093963769564404,False,0,0.9626468612877944,0.0,0.4,C_val,2026-09-12 15:17:36,2026-09-12 16:33:42
pretrained,0,1.0,1.0,3,0,0.2651976820565237,0.0916670084155279,0.9929975011164828,0.9013304927009548,0.0275578371973377,1.3691876427681178,False,0,0.1253231756199966,1.0,0.4,C_val,2026-09-12 15:17:36,2026-09-12 16:33:42
pretrained,0,1.0,1.0,4,0,0.2848503461157157,0.1080558909588572,0.9696089478443722,0.861553056885515,0.0335792979576772,1.3584050625255455,False,0,0.0816933790374605,1.0,0.4,C_val,2026-09-12 15:17:36,2026-09-12 16:33:42
pretrained,0,1.0,1.0,5,0,0.4646758576852938,0.1286208197122602,0.9450741949045504,0.8164533751922902,0.0400362778766047,1.3124198914522551,False,0,0.0491198205818363,1.0,0.4,C_val,2026-09-12 15:17:36,2026-09-12 16:33:42
pretrained,0,1.0,1.0,6,0,0.6731296642121131,0.6411661422171123,0.962477806082894,0.3213116638657818,0.0589810438941138,1.2969666940260336,False,0,0.7647744594905816,0.0,0.4,C_val,2026-09-12 15:17:36,2026-09-12 16:33:42
pretrained,0,1.0,1.0,7,0,0.3559975975461984,0.1162545924785177,0.9243617853082554,0.8081071928297376,0.0365471004135274,1.2991499901487256,False,0,0.0078312326986633,1.0,0.4,C_val,2026-09-12 15:17:36,2026-09-12 16:33:42
pretrained,0,1.0,1.0,8,0,0.3761967358267217,0.0976983701127934,0.897453230497841,0.7997548603850475,0.0304315844766751,1.3109927792940104,False,0,0.0115041970893798,1.0,0.4,C_val,2026-09-12 15:17:36,2026-09-12 16:33:42
pretrained,0,1.0,1.0,9,0,0.3211730306941546,0.124588203676179,0.8834452304269725,0.7588570267507936,0.0410813371146512,1.282209437759386,False,0,0.0409539326356025,1.0,0.4,C_val,2026-09-12 15:17:36,2026-09-12 16:33:42
pretrained,0,1.0,1.0,10,0,0.2775368122134191,0.1037324294618905,0.9596593987739604,0.8559269693120699,0.0308204272935324,1.3574925292498377,False,0,0.0935672090745356,1.0,0.4,C_val,2026-09-12 15:17:36,2026-09-12 16:33:42
pretrained,0,1.0,1.0,11,0,0.373455958530874,0.1355135036666518,0.9307061394875504,0.7951926358208987,0.0444087243156898,1.301665546699833,False,0,0.0031704835964774,1.0,0.4,C_val,2026-09-12 15:17:36,2026-09-12 16:33:42
pretrained,0,1.0,1.0,12,0,0.7541220420766923,0.6712502831562628,1.1261895077718156,0.4549392246155528,0.0259055634145724,1.4565289761972149,False,0,1.0010486968894838,0.0,0.4,C_val,2026-09-12 15:17:36,2026-09-12 16:33:42
pretrained,0,1.0,1.0,13,0,0.6071818127467887,0.2059362020001703,1.093796571870102,0.8878603698699316,0.0264784113604932,1.4310158531280155,False,0,0.0481217190317693,1.0,0.4,C_val,2026-09-12 15:17:36,2026-09-12 16:33:42
pretrained,0,1.0,1.0,14,0,0.4185542415039935,0.0981080074382932,0.8770278482713214,0.7789198408330282,0.0325182249531438,1.2731420471523065,False,0,0.0276174586142587,1.0,0.4,C_val,2026-09-12 15:17:36,2026-09-12 16:33:42
pretrained,0,1.0,1.0,15,0,0.750933306333553,0.6083693807729178,1.1077616539761446,0.4993922732032267,0.1169927627205154,1.4333249259819665,False,0,3.3946347860364767,0.0,0.4,C_val,2026-09-12 15:17:36,2026-09-12 16:33:42
pretrained,0,1.0,1.0,16,0,0.2744736853905561,0.0907087157063984,1.0602118634023296,0.9695031476959312,0.0255398324704772,1.4170266110784948,False,0,0.0418191403659875,1.0,0.4,C_val,2026-09-12 15:17:36,2026-09-12 16:33:42
pretrained,0,1.0,1.0,17,0,0.3553089605112741,0.1463648724401308,0.8381721430320654,0.6918072705919346,0.0496918037364471,1.2098272290528371,False,0,0.0165157885639928,1.0,0.4,C_val,2026-09-12 15:17:36,2026-09-12 16:33:42
pretrained,0,1.0,1.0,18,0,0.310905700671486,0.1187240052705252,0.918704542368368,0.7999805370978429,0.038214217597767,1.314767720240835,False,0,0.0491286627730005,1.0,0.4,C_val,2026-09-12 15:17:36,2026-09-12 16:33:42
pretrained,0,1.0,1.0,19,0,0.7538066181615872,0.115216012310432,1.0443032054968595,0.9290871931864276,0.0361308479412443,1.3756073477188988,False,0,0.0809133549191756,1.0,0.4,C_val,2026-09-12 15:17:36,2026-09-12 16:33:42
pretrained,0,1.0,1.0,20,0,0.3091476619574768,0.1238359053831334,0.8153735253571375,0.691537619974004,0.0412088099221004,1.235555453022405,False,0,0.0671410120994551,1.0,0.4,C_val,2026-09-12 15:17:36,2026-09-12 16:33:42
pretrained,0,1.0,1.0,21,0,0.2386915121481594,0.093070449056262,0.8388041380192458,0.7457336889629838,0.0273524673319671,1.318860192389104,False,0,0.2463954963168362,1.0,0.4,C_val,2026-09-12 15:17:36,2026-09-12 16:33:42
pretrained,0,1.0,1.0,22,0,0.3322427234499092,0.1214459322941051,0.9226569053734912,0.8012109730793862,0.0383935571671972,1.3075311691818683,False,0,0.0235223493473313,1.0,0.4,C_val,2026-09-12 15:17:36,2026-09-12 16:33:42
pretrained,0,1.0,1.0,23,0,0.3823069365989795,0.1366997391131211,0.9246174655182092,0.787917726405088,0.0450270694771317,1.292699351501126,False,0,0.001386843927321,1.0,0.4,C_val,2026-09-12 15:17:36,2026-09-12 16:33:42
pretrained,0,1.0,1.0,24,0,0.3105791272441847,0.1139608773303848,0.8864900954424504,0.7725292181120655,0.0373662171236767,1.28165866866605,False,0,0.0507399308589811,1.0,0.4,C_val,2026-09-12 15:17:36,2026-09-12 16:33:42
pretrained,0,1.0,1.0,25,0,0.6126303639102807,0.566776182762986,0.8867303600078591,0.3199541772448731,0.1127920558343754,1.2129121221415669,False,0,2.409219643115648,0.0,0.4,C_val,2026-09-12 15:17:36,2026-09-12 16:33:42
pretrained,0,1.0,1.0,26,0,0.4043354427151072,0.1460631837817055,0.9267733673184824,0.7807101835367768,0.049716360312686,1.2860237898848663,False,0,0.0,1.0,0.4,C_val,2026-09-12 15:17:36,2026-09-12 16:33:42
pretrained,0,1.0,1.0,27,0,0.5137153868280205,0.1268341652384627,0.9027734518112044,0.7759392865727415,0.0377738921713674,1.2754186291507572,False,0,0.112084383599722,1.0,0.4,C_val,2026-09-12 15:17:36,2026-09-12 16:33:42
pretrained,0,1.0,1.0,28,0,0.3274060888389754,0.1189461106947437,0.9428041961982968,0.8238580855035532,0.0374547408611136,1.3213730390087333,False,0,0.025376852860063,1.0,0.4,C_val,2026-09-12 15:17:36,2026-09-12 16:33:42
pretrained,0,1.0,1.0,29,0,0.3733883108224536,0.1329712119371575,0.8993486473957883,0.7663774354586308,0.0437391658690585,1.2852241821765245,False,0,0.0042310922726755,1.0,0.4,C_val,2026-09-12 15:17:36,2026-09-12 16:33:42
pretrained,0,1.0,1.0,30,0,0.9042018362762227,0.883778233875958,1.0974097554022693,0.2136315215263112,0.0537495382613844,1.3791004821206685,False,0,0.6306827545340639,0.0,0.4,C_val,2026-09-12 15:17:36,2026-09-12 16:33:42
pretrained,0,1.0,1.0,31,0,0.3010238387660439,0.1044378905989179,1.0180288994368814,0.9135910088379634,0.0305986006772113,1.38016431543299,False,0,0.0355892222432885,1.0,0.4,C_val,2026-09-12 15:17:36,2026-09-12 16:33:42
pretrained,0,1.0,1.0,32,0,0.7733357177138124,0.5663182863998156,1.0951553039608717,0.528837017561056,0.0880684851631835,1.4155063203539742,False,0,1.837073712980782,0.0,0.4,C_val,2026-09-12 15:17:36,2026-09-12 16:33:42
pretrained,0,1.0,1.0,33,0,0.3956684814176551,0.1437670867542583,0.892846530912679,0.7490794441584206,0.0484500883504075,1.2653763056559764,False,0,0.0,1.0,0.4,C_val,2026-09-12 15:17:36,2026-09-12 16:33:42
pretrained,0,1.0,1.0,34,0,0.3556454240274732,0.1267901837915448,0.919531986094314,0.7927418023027691,0.0407661148840787,1.301401934157362,False,0,0.0093798095404054,1.0,0.4,C_val,2026-09-12 15:17:36,2026-09-12 16:33:42
pretrained,0,1.0,1.0,35,0,0.4608341155560752,0.3402464798542762,0.9840103263780864,0.6437638465238102,0.0405218793932916,1.3340389530670087,False,0,0.0197037895122775,1.0,0.4,C_val,2026-09-12 15:17:36,2026-09-12 16:33:42
pretrained,0,1.0,1.0,36,0,0.2361441507253565,0.0920991608849172,0.9102503065287856,0.8181511456438684,0.0272005838523002,1.346637782280253,False,0,0.2403100005540182,1.0,0.4,C_val,2026-09-12 15:17:36,2026-09-12 16:33:42
pretrained,0,1.0,1.0,37,0,0.3028542854493101,0.1135197678313733,0.9239569819772352,0.8104372141458619,0.035561111546761,1.3219752618862364,False,0,0.0559468052961165,1.0,0.4,C_val,2026-09-12 15:17:36,2026-09-12 16:33:42
pretrained,0,1.0,1.0,38,0,0.2803595822370578,0.1017029461957392,1.0548123826678282,0.9531094364720888,0.0298588287880791,1.4119514202362218,False,0,0.0670741020185232,1.0,0.4,C_val,2026-09-12 15:17:36,2026-09-12 16:33:42
pretrained,0,1.0,1.0,39,0,0.2789603419842538,0.1123754130929004,0.8769852924537958,0.7646098793608953,0.0371234061151891,1.289991458177865,False,0,0.1166965516895288,1.0,0.4,C_val,2026-09-12 15:17:36,2026-09-12 16:33:42
pretrained,0,1.0,1.0,40,0,0.3165247113569177,0.1162770822724675,0.9649306271640432,0.8486535448915756,0.0363468507634273,1.3429142018709743,False,0,0.0346117294648138,1.0,0.4,C_val,2026-09-12 15:17:36,2026-09-12 16:33:42
pretrained,0,1.0,1.0,41,0,0.6190809789340209,0.5636250177742317,0.954887707161464,0.3912626893872322,0.0891214993050595,1.2895905817266269,False,0,1.4494693643064238,0.0,0.4,C_val,2026-09-12 15:17:36,2026-09-12 16:33:42
pretrained,0,1.0,1.0,42,0,0.3366303423175509,0.1213941925818944,0.953301529678812,0.8319073370969176,0.0382462925211109,1.3311774296744312,False,0,0.0183391881000716,1.0,0.4,C_val,2026-09-12 15:17:36,2026-09-12 16:33:42
pretrained,0,1.0,1.0,43,0,0.3693812273866589,0.142883701211178,0.8837776578915228,0.7408939566803447,0.0492003087228716,1.257643384059841,False,0,0.0054311200292431,1.0,0.4,C_val,2026-09-12 15:17:36,2026-09-12 16:33:42
pretrained,0,1.0,1.0,44,0,0.3872205646332611,0.1448804308714432,0.8796002791599746,0.7347198482885314,0.0492435426126018,1.25115641330222,False,0,0.0008732020869501,1.0,0.4,C_val,2026-09-12 15:17:36,2026-09-12 16:33:42
pretrained,0,1.0,1.0,45,0,0.3499129826127118,0.1431051335882993,0.7988522559369766,0.6557471223486773,0.0501245892444149,1.1944666436037628,False,0,0.021045462359325,1.0,0.4,C_val,2026-09-12 15:17:36,2026-09-12 16:33:42
pretrained,0,1.0,1.0,46,0,0.3857690198300001,0.1356528417593274,0.9382200946590878,0.8025672528997604,0.0445137586151247,1.3054361132394547,False,0,0.0007526004883402,1.0,0.4,C_val,2026-09-12 15:17:36,2026-09-12 16:33:42
pretrained,0,1.0,1.0,47,0,0.5032015837024257,0.1225037009883362,1.0312414645500736,0.9087377635617372,0.0374037759575793,1.3750990692108835,False,0,0.0103058359818533,1.0,0.4,C_val,2026-09-12 15:17:36,2026-09-12 16:33:42
pretrained,0,1.0,1.0,0,0,2.2129304356430914,1.922977705263615,2.5089336305245307,0.5859559252609157,1.636135525086406,2.812613969835469,False,0,0.9411336697812658,1.0,2.5,C_val,2026-09-12 15:17:36,2026-09-12 16:33:42
pretrained,0,1.0,1.0,1,0,2.285787905649786,1.9972423931662904,2.580940549209952,0.5836981560436616,1.7129288928529645,2.884031955449348,False,0,0.5302510685032757,1.0,2.5,C_val,2026-09-12 15:17:36,2026-09-12 16:33:42
pretrained,0,1.0,1.0,2,0,2.36897189995099,2.0819307824747564,2.6630616920703747,0.5811309095956183,1.799965983836549,2.9654517376800573,False,0,0.2013628287968458,1.0,2.5,C_val,2026-09-12 15:17:36,2026-09-12 16:33:42
pretrained,0,1.0,1.0,3,0,2.372215059933582,2.083831759144876,2.6675673310645323,0.5837355719196564,1.800345308986157,2.971143476394576,False,0,0.1898745965081616,1.0,2.5,C_val,2026-09-12 15:17:36,2026-09-12 16:33:42
pretrained,0,1.0,1.0,4,0,2.328553330018747,2.0427696799629533,2.6211965418619503,0.578426861898997,1.7616321544090152,2.9220011721794097,False,0,0.3468900222360389,1.0,2.5,C_val,2026-09-12 15:17:36,2026-09-12 16:33:42
pretrained,0,1.0,1.0,5,0,2.2640189318816506,1.9766407139883688,2.557878065205105,0.5812373512167364,1.6932891535539318,2.8596490050150827,False,0,0.6478900957663427,1.0,2.5,C_val,2026-09-12 15:17:36,2026-09-12 16:33:42
pretrained,0,1.0,1.0,6,0,2.2105085242204225,1.9208482768323905,2.5059909207151136,0.5851426438827234,1.6341164247869189,2.8090714749365016,False,0,0.9600713838954108,1.0,2.5,C_val,2026-09-12 15:17:36,2026-09-12 16:33:42
pretrained,0,1.0,1.0,7,0,2.2796614048116286,1.9925003344505283,2.573201447482972,0.5807011130324435,1.709258940739288,2.874612795751542,False,0,0.5668034532827733,1.0,2.5,C_val,2026-09-12 15:17:36,2026-09-12 16:33:42
pretrained,0,1.0,1.0,8,0,2.317225555985484,2.0266543064135454,2.614219791621877,0.5875654852083314,1.740039567259259,2.9191245930320457,False,0,0.3821719490260875,1.0,2.5,C_val,2026-09-12 15:17:36,2026-09-12 16:33:42
pretrained,0,1.0,1.0,9,0,2.2733059833795606,1.9863635450323505,2.566770424792772,0.5804068797604216,1.7034948897008435,2.868205151956452,False,0,0.5999644645671651,1.0,2.5,C_val,2026-09-12 15:17:36,2026-09-12 16:33:42
pretrained,0,1.0,1.0,10,0,2.3842310497952357,2.095371117202912,2.680147702772132,0.58477658556922,1.81152996588118,2.9842217949829277,False,0,0.1553117019720957,1.0,2.5,C_val,2026-09-12 15:17:36,2026-09-12 16:33:42
pretrained,0,1.0,1.0,11,0,2.2497724415010927,1.9591922285326484,2.5465390921355797,0.5873468636029309,1.6722291850397004,2.8511025438390982,False,0,0.7134908222687955,1.0,2.5,C_val,2026-09-12 15:17:36,2026-09-12 16:33:42
pretrained,0,1.0,1.0,12,0,2.421786037457801,2.1324955361324656,2.7183664419535165,0.585870905821051,1.8486502605863668,3.023364174303987,False,0,0.0708777017425745,1.0,2.5,C_val,2026-09-12 15:17:36,2026-09-12 16:33:42
pretrained,0,1.0,1.0,13,0,2.3996405586200917,2.1116257664201856,2.694890313882586,0.5832645474624005,1.8290132392793303,2.9985945204068467,False,0,0.1175605281350726,1.0,2.5,C_val,2026-09-12 15:17:36,2026-09-12 16:33:42
pretrained,0,1.0,1.0,14,0,2.2530925435007663,1.9676792495141735,2.5449325137781806,0.5772532642640069,1.6861949033578636,2.8447137564653597,False,0,0.7183432479396288,1.0,2.5,C_val,2026-09-12 15:17:36,2026-09-12 16:33:42
pretrained,0,1.0,1.0,15,0,2.3903227694427938,2.102785107883437,2.6850318148230468,0.5822467069396096,1.820496918766496,2.9881480199749872,False,0,0.1407866349909454,1.0,2.5,C_val,2026-09-12 15:17:36,2026-09-12 16:33:42
pretrained,0,1.0,1.0,16,0,2.4424032196787038,2.153982176637669,2.7380573523910647,0.5840751757533962,1.870970499289776,3.042052468980791,False,0,0.0386948827908781,1.0,2.5,C_val,2026-09-12 15:17:36,2026-09-12 16:33:42
pretrained,0,1.0,1.0,17,0,2.1470027499691104,1.857811449559449,2.4415502486981846,0.5837387991387355,1.5705739912790426,2.74333210155865,False,0,1.4295713674619035,0.0,2.5,C_val,2026-09-12 15:17:36,2026-09-12 16:33:42
pretrained,0,1.0,1.0,18,0,2.3306845667977583,2.0425632653717627,2.625413310381901,0.5828500450101388,1.7588017865105403,2.928161817868689,False,0,0.3334812317334581,1.0,2.5,C_val,2026-09-12 15:17:36,2026-09-12 16:33:42
pretrained,0,1.0,1.0,19,0,2.321300081579554,2.032973182071703,2.616207978459307,0.5832347963876039,1.7489210041984455,2.9191280275114364,False,0,0.3707191715002409,1.0,2.5,C_val,2026-09-12 15:17:36,2026-09-12 16:33:42
pretrained,0,1.0,1.0,20,0,2.2232112040605347,1.9330326089234489,2.5193980317981843,0.5863654228747357,1.645961647268598,2.8231794674225115,False,0,0.8746070953347953,1.0,2.5,C_val,2026-09-12 15:17:36,2026-09-12 16:33:42
pretrained,0,1.0,1.0,21,0,2.37935957452211,2.0915397252644685,2.67420387777597,0.5826641525115015,1.808744982826905,2.977375104745463,False,0,0.1699810250793234,1.0,2.5,C_val,2026-09-12 15:17:36,2026-09-12 16:33:42
pretrained,0,1.0,1.0,22,0,2.276471085681611,1.986637879219589,2.5725800268488217,0.5859421476292328,1.7005165270373437,2.8764544665260754,False,0,0.5730861586271203,1.0,2.5,C_val,2026-09-12 15:17:36,2026-09-12 16:33:42
pretrained,0,1.0,1.0,23,0,2.2397986846537288,1.9521064204231933,2.5337424466175253,0.5816360261943319,1.6680339103251909,2.8355351239489592,False,0,0.7856207007644116,1.0,2.5,C_val,2026-09-12 15:17:36,2026-09-12 16:33:42
pretrained,0,1.0,1.0,24,0,2.2366326284454368,1.9498437416590624,2.529695891288536,0.5798521496294731,1.6667892322775,2.8305238929815464,False,0,0.8095934110860981,1.0,2.5,C_val,2026-09-12 15:17:36,2026-09-12 16:33:42
pretrained,0,1.0,1.0,25,0,2.0935537617903632,1.805081551197248,2.3869611233545363,0.5818795721572885,1.5177150260160708,2.687384613640071,False,0,1.902155904670508,0.0,2.5,C_val,2026-09-12 15:17:36,2026-09-12 16:33:42
pretrained,0,1.0,1.0,26,0,2.2214342050814917,1.9327229870695015,2.516275873215572,0.5835528861460704,1.6473832290978827,2.818894114542555,False,0,0.8936174287155154,1.0,2.5,C_val,2026-09-12 15:17:36,2026-09-12 16:33:42
pretrained,0,1.0,1.0,27,0,2.247961379133062,1.9608151372262024,2.5410205765121834,0.5802054392859812,1.6770469981774436,2.8412082797553304,False,0,0.741970173217851,1.0,2.5,C_val,2026-09-12 15:17:36,2026-09-12 16:33:42
pretrained,0,1.0,1.0,28,0,2.315556548859362,2.0279282596186934,2.6099204263886,0.581992166769906,1.7447925565922344,2.9122686929651267,False,0,0.3962215109640965,1.0,2.5,C_val,2026-09-12 15:17:36,2026-09-12 16:33:42
pretrained,0,1.0,1.0,29,0,2.2520719851521545,1.9607434293173855,2.5493342985568352,0.5885908692394495,1.6725659866718092,2.854143185656697,False,0,0.6982833891488553,1.0,2.5,C_val,2026-09-12 15:17:36,2026-09-12 16:33:42
pretrained,0,1.0,1.0,30,0,2.252442078932072,1.9668174020914224,2.5444837458304126,0.5776663437389902,1.685142904023014,2.8444368731704106,False,0,0.7211070096454932,1.0,2.5,C_val,2026-09-12 15:17:36,2026-09-12 16:33:42
pretrained,0,1.0,1.0,31,0,2.336469055136736,2.047522792910169,2.6321878432232158,0.5846650503130464,1.7631719003657882,2.935984482996691,False,0,0.3091470220933843,1.0,2.5,C_val,2026-09-12 15:17:36,2026-09-12 16:33:42
pretrained,0,1.0,1.0,32,0,2.3294496587592635,2.041410799341467,2.6243771464521224,0.5829663471106552,1.7581608998466698,2.927553932363533,False,0,0.3379985450264939,1.0,2.5,C_val,2026-09-12 15:17:36,2026-09-12 16:33:42
pretrained,0,1.0,1.0,33,0,2.2075081129816576,1.917740791431238,2.5031112771635367,0.5853704857322986,1.6308389013853286,2.8062752552045693,False,0,0.9790748719096882,1.0,2.5,C_val,2026-09-12 15:17:36,2026-09-12 16:33:42
pretrained,0,1.0,1.0,34,0,2.246737808583441,1.9564880898172792,2.543093347909301,0.586605258092022,1.6695647830421658,2.847153763730625,False,0,0.7326847736585478,1.0,2.5,C_val,2026-09-12 15:17:36,2026-09-12 16:33:42
pretrained,0,1.0,1.0,35,0,2.245597730008866,1.957837670061365,2.5398615239815707,0.5820238539202056,1.6740807430106546,2.841995702965703,False,0,0.7499175352568273,1.0,2.5,C_val,2026-09-12 15:17:36,2026-09-12 16:33:42
pretrained,0,1.0,1.0,36,0,2.3737102211871344,2.086972147721877,2.667582463850791,0.5806103161289142,1.8054323339961105,2.969779669589404,False,0,0.1873199273431964,1.0,2.5,C_val,2026-09-12 15:17:36,2026-09-12 16:33:42
pretrained,0,1.0,1.0,37,0,2.3450019975083505,2.0564864683232384,2.6402840595412376,0.5837975912179991,1.772521321848395,2.943536704479201,False,0,0.2786560739841661,1.0,2.5,C_val,2026-09-12 15:17:36,2026-09-12 16:33:42
pretrained,0,1.0,1.0,38,0,2.4002183061768614,2.1142824396981568,2.6934629319968826,0.5791804922987258,1.8337988757308628,2.995183323314275,False,0,0.1178338943936978,1.0,2.5,C_val,2026-09-12 15:17:36,2026-09-12 16:33:42
pretrained,0,1.0,1.0,39,0,2.2666041223021534,1.9802586934701096,2.5596703776753245,0.5794116842052146,1.6983382730901633,2.860814029191019,False,0,0.6375278437590168,1.0,2.5,C_val,2026-09-12 15:17:36,2026-09-12 16:33:42
pretrained,0,1.0,1.0,40,0,2.3236920398005845,2.035549034057245,2.6187081986230654,0.5831591645658203,1.7520584364924685,2.921860254314924,False,0,0.3607360396672447,1.0,2.5,C_val,2026-09-12 15:17:36,2026-09-12 16:33:42
pretrained,0,1.0,1.0,41,0,2.205651749808295,1.9164511160708224,2.5007165229271573,0.5842654068563349,1.6301627806568315,2.8032401899612784,False,0,0.9951330818039424,1.0,2.5,C_val,2026-09-12 15:17:36,2026-09-12 16:33:42
pretrained,0,1.0,1.0,42,0,2.343446830844286,2.055277573725021,2.6384583115196074,0.5831807377945863,1.771747231204067,2.941586232528139,False,0,0.2848816821860964,1.0,2.5,C_val,2026-09-12 15:17:36,2026-09-12 16:33:42
pretrained,0,1.0,1.0,43,0,2.2040539001256665,1.9142682519848908,2.499772036937324,0.5855037849524332,1.6274585718124892,2.8029890790364265,False,0,1.001499947728007,0.0,2.5,C_val,2026-09-12 15:17:36,2026-09-12 16:33:42
pretrained,0,1.0,1.0,44,0,2.1836356890143267,1.894988689117861,2.462427188574309,0.5674384994564483,1.6079280268598874,2.731266213925881,False,0,1.8239363841676093,0.0,2.5,C_val,2026-09-12 15:17:36,2026-09-12 16:33:42
pretrained,0,1.0,1.0,45,0,2.151338874248498,1.8617157085618363,2.446306124746839,0.5845904161850026,1.5740442076157222,2.7485864897743637,False,0,1.3910311977160743,0.0,2.5,C_val,2026-09-12 15:17:36,2026-09-12 16:33:42
pretrained,0,1.0,1.0,46,0,2.269575303939233,1.9806989395598065,2.5648036285440807,0.5841046889842745,1.69574915438674,2.86794002619918,False,0,0.6123299584978668,1.0,2.5,C_val,2026-09-12 15:17:36,2026-09-12 16:33:42
pretrained,0,1.0,1.0,47,0,2.340578360083854,2.0532936334951626,2.634733822636483,0.5814401891413206,1.7707268047032647,2.93710414819126,False,0,0.2971474007390497,1.0,2.5,C_val,2026-09-12 15:17:36,2026-09-12 16:33:42
scratch,0,0.01,0.01,0,0,0.6347628175754626,0.2033456139870174,0.9527801092116436,0.749434495224626,0.0378548214086852,1.239494168720776,False,0,0.3408438102233049,1.0,0.4,C_val,2026-09-12 00:29:21,2026-09-12 01:53:52
scratch,0,0.01,0.01,1,0,0.5693903583075149,0.1056690633096318,0.9347867678239432,0.8291177045143112,0.0216390212381819,1.2367468440246567,False,0,0.096301513378421,1.0,0.4,C_val,2026-09-12 00:29:21,2026-09-12 01:53:52
scratch,0,0.01,0.01,2,0,0.6339917327309579,0.1184429479865176,0.9773213694839664,0.858878421497449,0.021833714601876,1.2736107367973868,False,0,0.2186448657375876,1.0,0.4,C_val,2026-09-12 00:29:21,2026-09-12 01:53:52
scratch,0,0.01,0.01,3,0,0.5448906515389276,0.112903507390548,0.9096384366776418,0.7967349292870938,0.0248977070318811,1.2104694995077947,False,0,0.0759544556312903,1.0,0.4,C_val,2026-09-12 00:29:21,2026-09-12 01:53:52
scratch,0,0.01,0.01,4,0,0.4280255696957845,0.1281262050446451,0.8052553649870271,0.677129159942382,0.0333069738759657,1.1165639644871066,False,0,0.0042965260472556,1.0,0.4,C_val,2026-09-12 00:29:21,2026-09-12 01:53:52
scratch,0,0.01,0.01,5,0,0.6108870524228643,0.1781665206707937,0.9394895063615798,0.761322985690786,0.0353388993497298,1.2314044444346013,False,0,0.2552419878666114,1.0,0.4,C_val,2026-09-12 00:29:21,2026-09-12 01:53:52
scratch,0,0.01,0.01,6,0,0.5904300008903454,0.1958923528477976,0.9219455192236712,0.7260531663758736,0.0430814605883734,1.217734006202733,False,0,0.228524793707038,1.0,0.4,C_val,2026-09-12 00:29:21,2026-09-12 01:53:52
scratch,0,0.01,0.01,7,0,0.6127246638570123,0.2001798355268676,0.927681860371565,0.7275020248446973,0.0417578047923866,1.2118567913710867,False,0,0.2933469754425459,1.0,0.4,C_val,2026-09-12 00:29:21,2026-09-12 01:53:52
scratch,0,0.01,0.01,8,0,0.6946863624781747,0.1882061562308999,1.009495803107678,0.821289646876778,0.027317891544951,1.2945038600783936,False,0,0.473659372793918,1.0,0.4,C_val,2026-09-12 00:29:21,2026-09-12 01:53:52
scratch,0,0.01,0.01,9,0,0.6424580968469713,0.2002930388101419,0.9535838708371304,0.7532908320269884,0.0343208004623626,1.2364190016813017,False,0,0.3731779958070547,1.0,0.4,C_val,2026-09-12 00:29:21,2026-09-12 01:53:52
scratch,0,0.01,0.01,10,0,0.6951536855763609,0.1064405965210531,1.0210289987699497,0.9145884022488964,0.0171646115188096,1.311310572882968,False,0,0.3743538003946014,1.0,0.4,C_val,2026-09-12 00:29:21,2026-09-12 01:53:52
scratch,0,0.01,0.01,11,0,0.6597625975991531,0.2169052123312052,0.9686889749705984,0.7517837626393931,0.034913235959239,1.2515096684113236,False,0,0.4359830024841358,1.0,0.4,C_val,2026-09-12 00:29:21,2026-09-12 01:53:52
scratch,0,0.01,0.01,12,0,0.5443571232774229,0.1221866508931768,0.8991947438760668,0.77700809298289,0.0268126643654813,1.2000918061556611,False,0,0.0907031172246206,1.0,0.4,C_val,2026-09-12 00:29:21,2026-09-12 01:53:52
scratch,0,0.01,0.01,13,0,0.7196528831931858,0.1991960631157456,1.0318924202622126,0.832696357146467,0.0243486932150822,1.3160644021423749,False,0,0.5568465650285361,1.0,0.4,C_val,2026-09-12 00:29:21,2026-09-12 01:53:52
scratch,0,0.01,0.01,14,0,0.4604772529798823,0.1124769321505905,0.8544785151670805,0.74200158301649,0.0270277091762537,1.1658882751479536,False,0,0.0135576871871307,1.0,0.4,C_val,2026-09-12 00:29:21,2026-09-12 01:53:52
scratch,0,0.01,0.01,15,0,0.6534871263334158,0.1736986336969673,0.9830822796540308,0.8093836459570635,0.0296704862105952,1.276549190393082,False,0,0.3347559844696661,1.0,0.4,C_val,2026-09-12 00:29:21,2026-09-12 01:53:52
scratch,0,0.01,0.01,16,0,0.6078665610196325,0.0950040537274166,0.9675016283416004,0.8724975746141836,0.018250919099829,1.268339250591534,False,0,0.1366529647857532,1.0,0.4,C_val,2026-09-12 00:29:21,2026-09-12 01:53:52
scratch,0,0.01,0.01,17,0,0.5599197909483629,0.1787495714762023,0.8914766031979369,0.7127270317217345,0.0421763880323708,1.1851619040399086,False,0,0.1612574725222657,1.0,0.4,C_val,2026-09-12 00:29:21,2026-09-12 01:53:52
scratch,0,0.01,0.01,18,0,0.4172606161777659,0.119733052481693,0.8221080411871252,0.7023749887054321,0.030015730855604,1.1439313867343388,False,0,0.0013507708245015,1.0,0.4,C_val,2026-09-12 00:29:21,2026-09-12 01:53:52
scratch,0,0.01,0.01,19,0,0.744092155004332,0.3594967265599501,1.0411205754452024,0.6816238488852523,0.0383596415173413,1.3194034343271872,False,0,0.8472049144511402,1.0,0.4,C_val,2026-09-12 00:29:21,2026-09-12 01:53:52
scratch,0,0.01,0.01,20,0,0.5281165269545668,0.1443638675600139,0.8795287962578211,0.7351649286978073,0.0335600299355453,1.1805866947691206,False,0,0.0860616548998223,1.0,0.4,C_val,2026-09-12 00:29:21,2026-09-12 01:53:52
scratch,0,0.01,0.01,21,0,0.6417421616053947,0.1326188585423504,0.9653579241526904,0.8327390656103401,0.022923439102234,1.2536526484499029,False,0,0.2997225831422838,1.0,0.4,C_val,2026-09-12 00:29:21,2026-09-12 01:53:52
scratch,0,0.01,0.01,22,0,0.6366484137676024,0.2144379138053143,0.9566930725654536,0.7422551587601393,0.0406531595892503,1.245809297372079,False,0,0.3512329662044067,1.0,0.4,C_val,2026-09-12 00:29:21,2026-09-12 01:53:52
scratch,0,0.01,0.01,23,0,0.6103925005896886,0.1692935793661559,0.9405839596257016,0.7712903802595455,0.0346641548462488,1.2323064206116146,False,0,0.2416280559227743,1.0,0.4,C_val,2026-09-12 00:29:21,2026-09-12 01:53:52
scratch,0,0.01,0.01,24,0,0.5934337283162257,0.1779425844349172,0.926843159157538,0.7489005747226208,0.0372458160669628,1.221887118443811,False,0,0.217519580382941,1.0,0.4,C_val,2026-09-12 00:29:21,2026-09-12 01:53:52
scratch,0,0.01,0.01,25,0,0.49434817325269,0.1740329648819235,0.8310462473317256,0.6570132824498021,0.0475990481532515,1.1292352439170803,False,0,0.0648737659357721,1.0,0.4,C_val,2026-09-12 00:29:21,2026-09-12 01:53:52
scratch,0,0.01,0.01,26,0,0.6103170410158166,0.1935790562017951,0.933989090985337,0.7404100347835418,0.0396024784168542,1.2240313746064178,False,0,0.2731209050834877,1.0,0.4,C_val,2026-09-12 00:29:21,2026-09-12 01:53:52
scratch,0,0.01,0.01,27,0,0.503714080716344,0.1320756489423207,0.8545131313949149,0.7224374824525942,0.0341694593410137,1.1495361960598045,False,0,0.0498322297098638,1.0,0.4,C_val,2026-09-12 00:29:21,2026-09-12 01:53:52
scratch,0,0.01,0.01,28,0,0.6416765744914567,0.1593125957187054,0.9671870126751664,0.8078744169564611,0.0284409279861924,1.2571375923709085,False,0,0.3070071099755296,1.0,0.4,C_val,2026-09-12 00:29:21,2026-09-12 01:53:52
scratch,0,0.01,0.01,29,0,0.578350203786422,0.1381912871138905,0.9208286184305284,0.782637331316638,0.0292971369015556,1.216716824741633,False,0,0.1514011252584168,1.0,0.4,C_val,2026-09-12 00:29:21,2026-09-12 01:53:52
scratch,0,0.01,0.01,30,0,0.6109411911475611,0.1678131541585998,0.943735761124542,0.7759226069659423,0.0353706231600587,1.2357011707398955,False,0,0.2327339296789432,1.0,0.4,C_val,2026-09-12 00:29:21,2026-09-12 01:53:52
scratch,0,0.01,0.01,31,0,0.5349221647310718,0.1340036400404505,0.8922338539494885,0.758230213909038,0.0307888701099179,1.1923727732058251,False,0,0.0827254594150872,1.0,0.4,C_val,2026-09-12 00:29:21,2026-09-12 01:53:52
scratch,0,0.01,0.01,32,0,0.5168652724750111,0.1192873324602542,0.8911711343674088,0.7718838019071546,0.0271871770251393,1.197679730476737,False,0,0.0530212535704777,1.0,0.4,C_val,2026-09-12 00:29:21,2026-09-12 01:53:52
scratch,0,0.01,0.01,33,0,0.5448594098046421,0.1556117948311635,0.889910296589172,0.7342985017580085,0.0360773202242169,1.187812333220519,False,0,0.1149126466552843,1.0,0.4,C_val,2026-09-12 00:29:21,2026-09-12 01:53:52
scratch,0,0.01,0.01,34,0,0.65772116060897,0.2398077510803086,0.96978650319563,0.7299787521153214,0.0439175980799249,1.254938884747296,False,0,0.4366663727378181,1.0,0.4,C_val,2026-09-12 00:29:21,2026-09-12 01:53:52
scratch,0,0.01,0.01,35,0,0.6603749956099229,0.2686179251915869,0.9701576829831488,0.701539757791562,0.0514891110412766,1.2544326698821788,False,0,0.4829104411765001,1.0,0.4,C_val,2026-09-12 00:29:21,2026-09-12 01:53:52
scratch,0,0.01,0.01,36,0,0.3824423632288411,0.0980133719393118,0.8378732514978569,0.739859879558545,0.0234835711801917,1.1600106149629956,False,0,0.0008413427240157,1.0,0.4,C_val,2026-09-12 00:29:21,2026-09-12 01:53:52
scratch,0,0.01,0.01,37,0,0.6498454284858786,0.1594238910603739,0.9761747532733438,0.8167508622129699,0.0284334688936958,1.266046178345425,False,0,0.318056859778153,1.0,0.4,C_val,2026-09-12 00:29:21,2026-09-12 01:53:52
scratch,0,0.01,0.01,38,0,0.7642974608571494,0.2995132607920854,1.063377015601255,0.7638637548091696,0.0197246696836914,1.341652890070369,False,0,0.7856300468229165,1.0,0.4,C_val,2026-09-12 00:29:21,2026-09-12 01:53:52
scratch,0,0.01,0.01,39,0,0.4840970469438616,0.144674665112919,0.8485172618450172,0.7038425967320981,0.0371763700727819,1.154966288584406,False,0,0.0384436128151719,1.0,0.4,C_val,2026-09-12 00:29:21,2026-09-12 01:53:52
scratch,0,0.01,0.01,40,0,0.7513440000154519,0.360395119449145,1.0483291023133612,0.6879339828642161,0.0387403149685766,1.3259226857364044,False,0,0.8560503698645334,1.0,0.4,C_val,2026-09-12 00:29:21,2026-09-12 01:53:52
scratch,0,0.01,0.01,41,0,0.6900632761635526,0.2739272075520382,0.9893810691771188,0.7154538616250806,0.0404776731652446,1.2673289507166796,False,0,0.5833291344388272,1.0,0.4,C_val,2026-09-12 00:29:21,2026-09-12 01:53:52
scratch,0,0.01,0.01,42,0,0.6073075560058908,0.1698846862486155,0.9413453721042028,0.7714606858555871,0.0345356496370668,1.235573871049467,False,0,0.2319148028800555,1.0,0.4,C_val,2026-09-12 00:29:21,2026-09-12 01:53:52
scratch,0,0.01,0.01,43,0,0.5869744017281662,0.2130844332120945,0.9074700904421558,0.6943856572300613,0.0494641994588722,1.1972710512939226,False,0,0.2482801873884454,1.0,0.4,C_val,2026-09-12 00:29:21,2026-09-12 01:53:52
scratch,0,0.01,0.01,44,0,0.6442583508455102,0.243045414663298,0.955823889593222,0.712778474929924,0.0450741683783846,1.241063718960043,False,0,0.4160187719317036,1.0,0.4,C_val,2026-09-12 00:29:21,2026-09-12 01:53:52
scratch,0,0.01,0.01,45,0,0.5750330353268438,0.1897225798786082,0.8963332479389325,0.7066106680603242,0.0440567948896766,1.1841335922654992,False,0,0.2043329251173418,1.0,0.4,C_val,2026-09-12 00:29:21,2026-09-12 01:53:52
scratch,0,0.01,0.01,46,0,0.580984039884483,0.1606317963084744,0.9168920226600203,0.7562602263515459,0.0352579720441267,1.210102432929446,False,0,0.1758949423638114,1.0,0.4,C_val,2026-09-12 00:29:21,2026-09-12 01:53:52
scratch,0,0.01,0.01,47,0,0.5159398761175676,0.147530708296321,0.8721077049846618,0.7245769966883409,0.0361810434520401,1.1751185326130038,False,0,0.0710623368649976,1.0,0.4,C_val,2026-09-12 00:29:21,2026-09-12 01:53:52
scratch,0,0.01,0.01,0,0,1.8236750428911228,1.5553152641758063,2.0931993208734947,0.5378840566976884,1.2831489856047686,2.3665182560334665,False,0,6.1584368752955925,0.0,2.5,C_val,2026-09-12 00:29:21,2026-09-12 01:53:52
scratch,0,0.01,0.01,1,0,0.0,,0.0035132846768285,,,0.01760907272337,True,0,7.614007493113604,,2.5,C_val,2026-09-12 00:29:21,2026-09-12 01:53:52
scratch,0,0.01,0.01,2,0,1.907971787738881,1.6385116020113013,2.1790737860546447,0.5405621840433434,1.36635906511673,2.454159789523888,False,0,4.686266612276086,0.0,2.5,C_val,2026-09-12 00:29:21,2026-09-12 01:53:52
scratch,0,0.01,0.01,3,0,0.0,,0.0034088948797054,,,0.0168813462491113,True,0,6.718460065356339,,2.5,C_val,2026-09-12 00:29:21,2026-09-12 01:53:52
scratch,0,0.01,0.01,4,0,0.0,,0.0043577681563325,,,0.0237769083655733,True,0,11.621919744578918,,2.5,C_val,2026-09-12 00:29:21,2026-09-12 01:53:52
scratch,0,0.01,0.01,5,0,1.827906459505931,1.556653194918857,2.1000597038550035,0.5434065089361468,1.2809826111668656,2.375793673863145,False,0,5.975525639165426,0.0,2.5,C_val,2026-09-12 00:29:21,2026-09-12 01:53:52
scratch,0,0.01,0.01,6,0,1.7933302223635217,1.5181236322036802,2.0682420689265117,0.5501184367228311,1.2362748436892796,2.34606426417759,False,0,6.48741681105821,0.0,2.5,C_val,2026-09-12 00:29:21,2026-09-12 01:53:52
scratch,0,0.01,0.01,7,0,1.803258889816806,1.536197088748492,2.071699211795885,0.5355021230473935,1.2656361096583135,2.3440591791760963,False,0,6.573669618592248,0.0,2.5,C_val,2026-09-12 00:29:21,2026-09-12 01:53:52
scratch,0,0.01,0.01,8,0,1.871400760983924,1.6046569209762938,2.1402731187811943,0.5356161978049006,1.33580473397113,2.413478949305821,False,0,5.34756551350074,0.0,2.5,C_val,2026-09-12 00:29:21,2026-09-12 01:53:52
scratch,0,0.01,0.01,9,0,1.8137797514791092,1.545444422498619,2.083141054505381,0.5376966320067615,1.2732222440506982,2.35611360987187,False,0,6.34991122581414,0.0,2.5,C_val,2026-09-12 00:29:21,2026-09-12 01:53:52
scratch,0,0.01,0.01,10,0,1.964052276682793,1.696829407824052,2.233962791195275,0.5371333833712231,1.42882617798368,2.5085556949779475,False,0,3.8773656643497816,0.0,2.5,C_val,2026-09-12 00:29:21,2026-09-12 01:53:52
scratch,0,0.01,0.01,11,0,1.835010787491593,1.566946521560398,2.1048050123123425,0.5378584907519446,1.296254936300548,2.378718965833775,False,0,5.93723377387505,0.0,2.5,C_val,2026-09-12 00:29:21,2026-09-12 01:53:52
scratch,0,0.01,0.01,12,0,0.0,,0.0034605197309633,,,0.0172609781455745,True,0,6.652521393774805,,2.5,C_val,2026-09-12 00:29:21,2026-09-12 01:53:52
scratch,0,0.01,0.01,13,0,1.9616486209232136,1.6970607871809231,2.2294207089185485,0.5323599217376254,1.4323994636418382,2.5021798458689277,False,0,3.968217972345883,0.0,2.5,C_val,2026-09-12 00:29:21,2026-09-12 01:53:52
scratch,0,0.01,0.01,14,0,0.0,,0.0039369155099824,,,0.020520121382595,True,0,8.670093108550645,,2.5,C_val,2026-09-12 00:29:21,2026-09-12 01:53:52
scratch,0,0.01,0.01,15,0,1.9248915280013283,1.6549078827003456,2.1968601194507995,0.5419522367504539,1.38285300420265,2.473052143079216,False,0,4.3952781648877135,0.0,2.5,C_val,2026-09-12 00:29:21,2026-09-12 01:53:52
scratch,0,0.01,0.01,16,0,1.968637852924312,1.7010840625874704,2.238540901328981,0.5374568387415108,1.4321608573283544,2.5129142303326493,False,0,3.81539197235179,0.0,2.5,C_val,2026-09-12 00:29:21,2026-09-12 01:53:52
scratch,0,0.01,0.01,17,0,1.742440965020352,1.468623284370714,2.0158264618502755,0.5472031774795616,1.1876685900841446,2.292173325334685,False,0,7.513656797629665,0.0,2.5,C_val,2026-09-12 00:29:21,2026-09-12 01:53:52
scratch,0,0.01,0.01,18,0,0.0,,0.0038170631444384,,,0.0197518882984071,True,0,8.282387490482506,,2.5,C_val,2026-09-12 00:29:21,2026-09-12 01:53:52
scratch,0,0.01,0.01,19,0,1.904910440964016,1.638700793060547,2.1736050970692067,0.5349043040086596,1.3713796938100775,2.4468612968941907,False,0,4.805156240101496,0.0,2.5,C_val,2026-09-12 00:29:21,2026-09-12 01:53:52
scratch,0,0.01,0.01,20,0,0.0,,0.0043611363502223,,,0.0238930312463621,True,0,8.20825808997688,,2.5,C_val,2026-09-12 00:29:21,2026-09-12 01:53:52
scratch,0,0.01,0.01,21,0,0.0,,0.0030445564126927,,,0.0142116303951237,True,0,6.097653851036739,,2.5,C_val,2026-09-12 00:29:21,2026-09-12 01:53:52
scratch,0,0.01,0.01,22,0,1.8427000358778136,1.572270430980381,2.1144173465937373,0.5421469156133563,1.2983387127339931,2.390063288492972,False,0,5.729992064923863,0.0,2.5,C_val,2026-09-12 00:29:21,2026-09-12 01:53:52
scratch,0,0.01,0.01,23,0,1.8157647159274009,1.5449682464007544,2.087207429343833,0.5422391829430788,1.2693810690511371,2.3621116758873537,False,0,6.224720687914669,0.0,2.5,C_val,2026-09-12 00:29:21,2026-09-12 01:53:52
scratch,0,0.01,0.01,24,0,1.800080395157157,1.5265937956551014,2.0735818137125133,0.5469880180574118,1.2470457372402597,2.35024483327131,False,0,6.423387691436801,0.0,2.5,C_val,2026-09-12 00:29:21,2026-09-12 01:53:52
scratch,0,0.01,0.01,25,0,1.701571351102786,1.4263843310896596,1.9752682559694876,0.5488839248798278,1.1415547591613913,2.2513835661233403,False,0,8.334797179963061,0.0,2.5,C_val,2026-09-12 00:29:21,2026-09-12 01:53:52
scratch,0,0.01,0.01,26,0,1.8195841008299487,1.5500288220572822,2.090178464304408,0.5401496422471259,1.276515846065568,2.3644553059465223,False,0,6.186961226871063,0.0,2.5,C_val,2026-09-12 00:29:21,2026-09-12 01:53:52
scratch,0,0.01,0.01,27,0,0.0,,0.0043605470509727,,,0.0235519816384953,True,0,9.432419305663643,,2.5,C_val,2026-09-12 00:29:21,2026-09-12 01:53:52
scratch,0,0.01,0.01,28,0,1.866409435602301,1.5973082428207204,2.137119081675124,0.5398108388544034,1.3253763276848092,2.411851918165554,False,0,5.367936242226278,0.0,2.5,C_val,2026-09-12 00:29:21,2026-09-12 01:53:52
scratch,0,0.01,0.01,29,0,0.0,,0.0038836062372919,,,0.0201332998460631,True,0,7.097559086498222,,2.5,C_val,2026-09-12 00:29:21,2026-09-12 01:53:52
scratch,0,0.01,0.01,30,0,1.861431470335106,1.5944095821503264,2.130186265838775,0.5357766836884488,1.324628637298697,2.4029982833428853,False,0,5.526658218208468,0.0,2.5,C_val,2026-09-12 00:29:21,2026-09-12 01:53:52
scratch,0,0.01,0.01,31,0,0.0,,0.0039675573526867,,,0.0208530147176865,True,0,6.847416718595923,,2.5,C_val,2026-09-12 00:29:21,2026-09-12 01:53:52
scratch,0,0.01,0.01,32,0,0.0,,0.0036161310112048,,,0.0183334472797331,True,0,6.810945681998419,,2.5,C_val,2026-09-12 00:29:21,2026-09-12 01:53:52
scratch,0,0.01,0.01,33,0,1.7847363329070252,1.5126004270327178,2.0567714823871404,0.5441710553544226,1.2342313783006902,2.331832092133129,False,0,6.776499131661694,0.0,2.5,C_val,2026-09-12 00:29:21,2026-09-12 01:53:52
scratch,0,0.01,0.01,34,0,1.8265935844326788,1.557165161043672,2.0976306857226845,0.5404655246790127,1.2847612509100448,2.37273277050068,False,0,6.032645789033268,0.0,2.5,C_val,2026-09-12 00:29:21,2026-09-12 01:53:52
scratch,0,0.01,0.01,35,0,1.818760452261411,1.5505642160783075,2.0883650183633664,0.5378008022850589,1.2790133987244636,2.3619646891237407,False,0,6.236415837654931,0.0,2.5,C_val,2026-09-12 00:29:21,2026-09-12 01:53:52
scratch,0,0.01,0.01,36,0,0.0,,0.0034804510032924,,,0.0173496686914269,True,0,8.778272829964408,,2.5,C_val,2026-09-12 00:29:21,2026-09-12 01:53:52
scratch,0,0.01,0.01,37,0,1.8875936358702947,1.619316749276999,2.157554434334441,0.538237685057442,1.3484673415149198,2.431600191585238,False,0,5.047450539965212,0.0,2.5,C_val,2026-09-12 00:29:21,2026-09-12 01:53:52
scratch,0,0.01,0.01,38,0,1.9702829353653144,1.7065466861408578,2.23712097451267,0.5305742883718123,1.4428179361931217,2.5088888730174213,False,0,3.871388304043649,0.0,2.5,C_val,2026-09-12 00:29:21,2026-09-12 01:53:52
scratch,0,0.01,0.01,39,0,0.0,,0.0045910739506096,,,0.0255459374579535,True,0,8.3872200296355,,2.5,C_val,2026-09-12 00:29:21,2026-09-12 01:53:52
scratch,0,0.01,0.01,40,0,1.922055329919088,1.657719931106912,2.189307168394941,0.531587237288029,1.3928549750274677,2.4613919377812628,False,0,4.580305189170758,0.0,2.5,C_val,2026-09-12 00:29:21,2026-09-12 01:53:52
scratch,0,0.01,0.01,41,0,1.8268399191079785,1.560089809535136,2.0952516042301865,0.5351617946950504,1.2907999059543762,2.3677403938578188,False,0,6.143190097795014,0.0,2.5,C_val,2026-09-12 00:29:21,2026-09-12 01:53:52
scratch,0,0.01,0.01,42,0,1.8629194198674115,1.5910766310521025,2.135588227972832,0.5445115969207295,1.315132759966774,2.4117944777976823,False,0,5.362631288317061,0.0,2.5,C_val,2026-09-12 00:29:21,2026-09-12 01:53:52
scratch,0,0.01,0.01,43,0,1.7856718396668734,1.5142070379798709,2.057489715582551,0.54328267760268,1.2373067069264627,2.332617875764106,False,0,6.758968303256552,0.0,2.5,C_val,2026-09-12 00:29:21,2026-09-12 01:53:52
scratch,0,0.01,0.01,44,0,1.7937892775518411,1.5236478952812351,2.0644553407315565,0.5408074454503213,1.248548337718978,2.338522454768376,False,0,6.661849105883448,0.0,2.5,C_val,2026-09-12 00:29:21,2026-09-12 01:53:52
scratch,0,0.01,0.01,45,0,1.7443053742239607,1.4731159982374904,2.01539708968109,0.5422810914435998,1.1955120769944871,2.2896071917164664,False,0,7.593708640943078,0.0,2.5,C_val,2026-09-12 00:29:21,2026-09-12 01:53:52
scratch,0,0.01,0.01,46,0,1.8194373036246476,1.5494573916743868,2.0903973986765765,0.5409400070021897,1.2752628178163277,2.365058026080876,False,0,6.172651883654908,0.0,2.5,C_val,2026-09-12 00:29:21,2026-09-12 01:53:52
scratch,0,0.01,0.01,47,0,0.0,,0.0039594728526894,,,0.0208245881818803,True,0,6.485965513238625,,2.5,C_val,2026-09-12 00:29:21,2026-09-12 01:53:52
scratch,1,0.01,0.01,0,0,0.9347408497756606,0.9033136565189094,1.0790377074802522,0.1757240509613428,0.8550844899175206,1.2715851897487787,False,0,24.447765222623275,0.0,0.4,C_val,2026-09-12 19:22:35,2026-09-12 20:35:43
scratch,1,0.01,0.01,1,0,0.9727288126357286,0.9035748915957295,1.1209022209701045,0.21732732937437504,0.8790393370067879,1.305645084236514,False,0,45.64667148261651,0.0,0.4,C_val,2026-09-12 19:22:35,2026-09-12 20:35:43
scratch,1,0.01,0.01,2,0,0.9788793678645037,0.9284173951960434,1.1271094864957059,0.19869209129966248,0.9211290654687149,1.3159601442161555,False,0,43.75242564767905,0.0,0.4,C_val,2026-09-12 19:22:35,2026-09-12 20:35:43
scratch,1,0.01,0.01,3,0,0.9802319326889263,0.8875657490365652,1.1492824001977,0.26171665116113485,0.8469113731447646,1.3472994068248556,False,0,49.23789105954711,0.0,0.4,C_val,2026-09-12 19:22:35,2026-09-12 20:35:43
scratch,1,0.01,0.01,4,0,0.9497437265279551,0.9060496491103871,1.1134896182894003,0.2074399691790132,0.8044839058263907,1.3150475419985845,False,0,22.06792889071221,0.0,0.4,C_val,2026-09-12 19:22:35,2026-09-12 20:35:43
scratch,1,0.01,0.01,5,0,0.9514778577522616,0.9312663247744964,1.0693354299228242,0.1380691051483277,0.7482938539091989,1.256307143479834,False,0,19.537383867678727,0.0,0.4,C_val,2026-09-12 19:22:35,2026-09-12 20:35:43
scratch,1,0.01,0.01,6,0,0.8979824681598415,0.8757126230319443,1.0223451128456384,0.14663248981369414,0.7713083670715057,1.2077679672883792,False,0,15.796475352159177,0.0,0.4,C_val,2026-09-12 19:22:35,2026-09-12 20:35:43
scratch,1,0.01,0.01,7,0,0.9377538636213213,0.8866407365785354,1.0903941180072916,0.2037533814287562,0.8606092265733598,1.281947945915228,False,0,25.210427361034817,0.0,0.4,C_val,2026-09-12 19:22:35,2026-09-12 20:35:43
scratch,1,0.01,0.01,8,0,0.9807366101782524,0.8958698472529933,1.1488240039078736,0.2529541566548803,0.865813848293179,1.3451195941716885,False,0,44.13932442079022,0.0,0.4,C_val,2026-09-12 19:22:35,2026-09-12 20:35:43
scratch,1,0.01,0.01,9,0,0.9379998215694096,0.8748723073456299,1.0833410248657225,0.20846871752009255,0.8543879267585776,1.2674138641028228,False,0,36.49606369643152,0.0,0.4,C_val,2026-09-12 19:22:35,2026-09-12 20:35:43
scratch,1,0.01,0.01,10,0,0.9732931682945255,0.9170881641008749,1.1401664748816476,0.22307831078077267,0.8837499940763028,1.3409366283631703,False,0,30.33094243578671,0.0,0.4,C_val,2026-09-12 19:22:35,2026-09-12 20:35:43
scratch,1,0.01,0.01,11,0,0.9487736671285235,0.9068279288519102,1.0849327659709587,0.17810483711904845,0.8905535694330704,1.2701131354031308,False,0,23.849706586996035,0.0,0.4,C_val,2026-09-12 19:22:35,2026-09-12 20:35:43
scratch,1,0.01,0.01,12,0,0.952563875304151,0.895202618145259,1.1162858125276283,0.22108319438236923,0.8498537859506217,1.315267485378835,False,0,30.87555474610417,0.0,0.4,C_val,2026-09-12 19:22:35,2026-09-12 20:35:43
scratch,1,0.01,0.01,13,0,0.9855119996907981,0.9248355277471666,1.13999074730999,0.21515521956282335,0.9062164450012786,1.3329007666439396,False,0,34.620297113444394,0.0,0.4,C_val,2026-09-12 19:22:35,2026-09-12 20:35:43
scratch,1,0.01,0.01,14,0,0.9621248470386327,0.908101019378805,1.1067264972202147,0.1986254778414096,0.8970635507383102,1.2926965491491496,False,0,29.23597535557201,0.0,0.4,C_val,2026-09-12 19:22:35,2026-09-12 20:35:43
scratch,1,0.01,0.01,15,0,0.9424601254510926,0.8928949761412778,1.100344948046296,0.20744997190501813,0.8504090373920595,1.2974796760725278,False,0,21.02814441434748,0.0,0.4,C_val,2026-09-12 19:22:35,2026-09-12 20:35:43
scratch,1,0.01,0.01,16,0,1.0204547771871333,0.9008040032623406,1.1913730548424917,0.2905690515801511,0.878821774540749,1.388432319703725,False,0,53.73345693405281,0.0,0.4,C_val,2026-09-12 19:22:35,2026-09-12 20:35:43
scratch,1,0.01,0.01,17,0,0.9212644949920755,0.8871838963967398,1.063038195153958,0.17585429875721825,0.8081189817246689,1.2525462129564189,False,0,26.555049326747394,0.0,0.4,C_val,2026-09-12 19:22:35,2026-09-12 20:35:43
scratch,1,0.01,0.01,18,0,0.975027472602024,0.9172832400987585,1.139935399089013,0.2226521589902546,0.858352254202547,1.3386367810975792,False,0,43.175542044289614,0.0,0.4,C_val,2026-09-12 19:22:35,2026-09-12 20:35:43
scratch,1,0.01,0.01,19,0,0.9543053919833857,0.9337758113861322,1.0921041769579476,0.1583283655718154,0.8479383762862873,1.2809747226874142,False,0,28.160653726274177,0.0,0.4,C_val,2026-09-12 19:22:35,2026-09-12 20:35:43
scratch,1,0.01,0.01,20,0,0.9754512230692185,0.9375585913171263,1.1102755415806693,0.17271695026354306,0.9164873301161492,1.2925036355597046,False,0,29.531872247513093,0.0,0.4,C_val,2026-09-12 19:22:35,2026-09-12 20:35:43
scratch,1,0.01,0.01,21,0,1.0291521620033905,0.9078301172626733,1.2022670696700666,0.2944369524073933,0.8748086815579206,1.3992362039421857,False,0,69.05452394009262,0.0,0.4,C_val,2026-09-12 19:22:35,2026-09-12 20:35:43
scratch,1,0.01,0.01,22,0,0.9344714310153586,0.9034064553389609,1.0769096975200356,0.1735032421810747,0.8562360938581964,1.2663073591060723,False,0,22.035978416253784,0.0,0.4,C_val,2026-09-12 19:22:35,2026-09-12 20:35:43
scratch,1,0.01,0.01,23,0,0.8952976652697661,0.8373039587271832,1.044982265394303,0.20767830666711984,0.8257796384381033,1.233912798389687,False,0,26.108499856945855,0.0,0.4,C_val,2026-09-12 19:22:35,2026-09-12 20:35:43
scratch,1,0.01,0.01,24,0,0.953179999359032,0.9196742761961083,1.079787394987986,0.16011311879187762,0.8278413992044181,1.2654074038529401,False,0,25.966502097009652,0.0,0.4,C_val,2026-09-12 19:22:35,2026-09-12 20:35:43
scratch,1,0.01,0.01,25,0,0.9118237497945487,0.8931675776176192,1.0272751874641242,0.13410760984650494,0.844897793781752,1.199985456824084,False,0,16.163536026349902,0.0,0.4,C_val,2026-09-12 19:22:35,2026-09-12 20:35:43
scratch,1,0.01,0.01,26,0,0.9916164763467512,0.9252415610193813,1.1271797551417249,0.2019381941223436,0.916703308013481,1.3065190720188908,False,0,25.92698513434516,0.0,0.4,C_val,2026-09-12 19:22:35,2026-09-12 20:35:43
scratch,1,0.01,0.01,27,0,0.9608984193986143,0.9444830981086978,1.0759063460406166,0.13142324793191884,0.8039820634668342,1.2552404145478766,False,0,23.575652045696188,0.0,0.4,C_val,2026-09-12 19:22:35,2026-09-12 20:35:43
scratch,1,0.01,0.01,28,0,0.9358074027820444,0.9066591315726455,1.0727881352100275,0.16612900363738192,0.8397157829569033,1.2617577342802837,False,0,22.874127233375475,0.0,0.4,C_val,2026-09-12 19:22:35,2026-09-12 20:35:43
scratch,1,0.01,0.01,29,0,0.9226273655567383,0.8955628388615042,1.0535694105948643,0.15800657173336008,0.8310228781683143,1.2397614006510569,False,0,19.289755554345902,0.0,0.4,C_val,2026-09-12 19:22:35,2026-09-12 20:35:43
scratch,1,0.01,0.01,30,0,0.8826749453551741,0.8263272583536595,1.040180076048972,0.2138528176953124,0.7967340685585977,1.235238796912236,False,0,30.647562371232198,0.0,0.4,C_val,2026-09-12 19:22:35,2026-09-12 20:35:43
scratch,1,0.01,0.01,31,0,0.9528515549971663,0.910594853465528,1.0940018977745674,0.1834070443090393,0.8921698393510333,1.2802268031766622,False,0,30.92246109494954,0.0,0.4,C_val,2026-09-12 19:22:35,2026-09-12 20:35:43
scratch,1,0.01,0.01,32,0,0.9724645105777521,0.9196612021201531,1.123549461815968,0.20388825969581492,0.8960179520959326,1.3145438136706296,False,0,36.47194143186425,0.0,0.4,C_val,2026-09-12 19:22:35,2026-09-12 20:35:43
scratch,1,0.01,0.01,33,0,0.8943882077378968,0.8571471308091737,1.0084702156737186,0.15132308486454493,0.6515029950637055,1.198286341210876,False,0,10.267818918058765,0.0,0.4,C_val,2026-09-12 19:22:35,2026-09-12 20:35:43
scratch,1,0.01,0.01,34,0,0.9849457665419564,0.9286947981895626,1.1295979665154572,0.2009031683258946,0.921860377314726,1.3130073494320282,False,0,40.21522720287976,0.0,0.4,C_val,2026-09-12 19:22:35,2026-09-12 20:35:43
scratch,1,0.01,0.01,35,0,0.9691610281345261,0.9186948594856251,1.1034064866366098,0.18471162715098466,0.9113981365889356,1.281485670815514,False,0,29.707813250930485,0.0,0.4,C_val,2026-09-12 19:22:35,2026-09-12 20:35:43
scratch,1,0.01,0.01,36,0,0.9721380397303564,0.8863094350511311,1.1293447480061092,0.24303531295497804,0.8701903175661011,1.31940868257792,False,0,44.26446554044378,0.0,0.4,C_val,2026-09-12 19:22:35,2026-09-12 20:35:43
scratch,1,0.01,0.01,37,0,0.9805903153606585,0.8948512546139552,1.1450696726307015,0.25021841801674627,0.8702704612375103,1.340043416506456,False,0,48.85530044501502,0.0,0.4,C_val,2026-09-12 19:22:35,2026-09-12 20:35:43
scratch,1,0.01,0.01,38,0,0.9570142446444984,0.9248676085253877,1.1149061917268301,0.1900385832014424,0.8262893309119511,1.3142596434621523,False,0,32.603606790569756,0.0,0.4,C_val,2026-09-12 19:22:35,2026-09-12 20:35:43
scratch,1,0.01,0.01,39,0,1.0015991496803858,0.9058100335226109,1.1513421685912746,0.24553213506866367,0.8911693805815818,1.3342388034247383,False,0,54.73188468321678,0.0,0.4,C_val,2026-09-12 19:22:35,2026-09-12 20:35:43
scratch,1,0.01,0.01,40,0,0.9502218866135721,0.8929211019711057,1.0986399072788666,0.20571880530776088,0.8837947550854394,1.2872798131632148,False,0,30.70046870299484,0.0,0.4,C_val,2026-09-12 19:22:35,2026-09-12 20:35:43
scratch,1,0.01,0.01,41,0,0.9035702623527162,0.8821334861174991,1.0188673522998795,0.13673386618238037,0.7808212448706885,1.2038878978639684,False,0,12.374552294259047,0.0,0.4,C_val,2026-09-12 19:22:35,2026-09-12 20:35:43
scratch,1,0.01,0.01,42,0,0.9427931260726398,0.8981622419367602,1.0904760202599886,0.19231377832322838,0.856971357396885,1.2813942868302965,False,0,28.570716666847147,0.0,0.4,C_val,2026-09-12 19:22:35,2026-09-12 20:35:43
scratch,1,0.01,0.01,43,0,0.9517692032932528,0.9339819965723675,1.0669876460400545,0.133005649467687,0.7887556165254701,1.2478880516401998,False,0,24.367692095056555,0.0,0.4,C_val,2026-09-12 19:22:35,2026-09-12 20:35:43
scratch,1,0.01,0.01,44,0,0.9407895219046952,0.9244915053397881,1.0562926966628006,0.1318011913230125,0.7904943382932524,1.2347716386866607,False,0,17.8932445937171,0.0,0.4,C_val,2026-09-12 19:22:35,2026-09-12 20:35:43
scratch,1,0.01,0.01,45,0,0.9447861827683661,0.9304042235735647,1.0492017284317592,0.11879750485819451,0.7646407474101506,1.2278070657361007,False,0,15.850267310117488,0.0,0.4,C_val,2026-09-12 19:22:35,2026-09-12 20:35:43
scratch,1,0.01,0.01,46,0,0.9522837885587037,0.935990188011106,1.069814823046802,0.13382463503569608,0.8090307514785667,1.2508229034930107,False,0,22.308813199571887,0.0,0.4,C_val,2026-09-12 19:22:35,2026-09-12 20:35:43
scratch,1,0.01,0.01,47,0,0.9169435703960936,0.8458533759962505,1.0830672943117103,0.2372139183154598,0.7922535965419245,1.2810822696472897,False,0,29.5358798234156,0.0,0.4,C_val,2026-09-12 19:22:35,2026-09-12 20:35:43
scratch,1,0.01,0.01,0,0,1.702740640825453,1.4747487057126698,1.939637189015819,0.46488848330314925,1.2560192455394632,2.1854314641881287,False,0,10.426328969471797,0.0,2.5,C_val,2026-09-12 19:22:35,2026-09-12 20:35:43
scratch,1,0.01,0.01,1,0,1.7011540246227363,1.4790100485643478,1.9339400474057744,0.4549299988414266,1.2694603881355062,2.1767884709419847,False,0,10.713526588198874,0.0,2.5,C_val,2026-09-12 19:22:35,2026-09-12 20:35:43
scratch,1,0.01,0.01,2,0,1.7571903223958205,1.5292286790834313,1.9944790308909768,0.4652503518075455,1.3117188401914228,2.2409629486449965,False,0,9.079798420389125,0.0,2.5,C_val,2026-09-12 19:22:35,2026-09-12 20:35:43
scratch,1,0.01,0.01,3,0,1.8359011794448425,1.6090846381832349,2.0721751818700054,0.4630905436867705,1.392332129151796,2.317775566932501,False,0,7.3902571058533795,0.0,2.5,C_val,2026-09-12 19:22:35,2026-09-12 20:35:43
scratch,1,0.01,0.01,4,0,1.7942578505761957,1.5666505673128233,2.0303656303774607,0.4637150630646374,1.347339816138197,2.2751110640057166,False,0,8.34121732550193,0.0,2.5,C_val,2026-09-12 19:22:35,2026-09-12 20:35:43
scratch,1,0.01,0.01,5,0,1.696010284559738,1.4656488323854373,1.9343003475181721,0.46865151513273484,1.2432464842139626,2.180857162872314,False,0,10.536329239090264,0.0,2.5,C_val,2026-09-12 19:22:35,2026-09-12 20:35:43
scratch,1,0.01,0.01,6,0,0.0,,0.0060228800771851615,,,0.025537808140885104,True,0,12.635472643352841,,2.5,C_val,2026-09-12 19:22:35,2026-09-12 20:35:43
scratch,1,0.01,0.01,7,0,1.7289014010159278,1.5043118446992723,1.962734472709184,0.45842262800991174,1.2895507083862316,2.2057661340960686,False,0,10.005149207452632,0.0,2.5,C_val,2026-09-12 19:22:35,2026-09-12 20:35:43
scratch,1,0.01,0.01,8,0,1.7926004554385013,1.569136021283151,2.0259622909799417,0.45682626969679063,1.3563894211289382,2.2690827638403475,False,0,8.498675326431112,0.0,2.5,C_val,2026-09-12 19:22:35,2026-09-12 20:35:43
scratch,1,0.01,0.01,9,0,0.0,,0.0037500731568438097,,,0.01657644416162283,True,0,11.30505567851651,,2.5,C_val,2026-09-12 19:22:35,2026-09-12 20:35:43
scratch,1,0.01,0.01,10,0,1.8424258586799653,1.6150022355279217,2.0790495529907194,0.4640473174627977,1.3969380509009381,2.3248436760630824,False,0,7.2391532823421585,0.0,2.5,C_val,2026-09-12 19:22:35,2026-09-12 20:35:43
scratch,1,0.01,0.01,11,0,1.6848000668569685,1.4572598499181786,1.9215639380242862,0.46430408810610757,1.240257565613064,2.1672500545795415,False,0,10.886343760659656,0.0,2.5,C_val,2026-09-12 19:22:35,2026-09-12 20:35:43
scratch,1,0.01,0.01,12,0,1.7946131775987895,1.564325643745155,2.0341202661869224,0.4697946224417675,1.3437779867052175,2.2827536016853576,False,0,8.094290878514585,0.0,2.5,C_val,2026-09-12 19:22:35,2026-09-12 20:35:43
scratch,1,0.01,0.01,13,0,1.809680402935187,1.5836709304943213,2.0453007598406776,0.4616298293463563,1.3679018809582362,2.2904835760961264,False,0,7.983769199032395,0.0,2.5,C_val,2026-09-12 19:22:35,2026-09-12 20:35:43
scratch,1,0.01,0.01,14,0,0.0,,0.002856156191984522,,,0.011868472563086024,True,0,10.223632975048531,,2.5,C_val,2026-09-12 19:22:35,2026-09-12 20:35:43
scratch,1,0.01,0.01,15,0,1.7909882632573384,1.5608999111465733,2.0300045370582156,0.46910462591164226,1.3401385201148066,2.277915883188377,False,0,8.216146266444412,0.0,2.5,C_val,2026-09-12 19:22:35,2026-09-12 20:35:43
scratch,1,0.01,0.01,16,0,1.9042697849487444,1.6792304294398297,2.1391893176053562,0.45995888816552655,1.464740205167384,2.3837059470059736,False,0,6.062730406614719,0.0,2.5,C_val,2026-09-12 19:22:35,2026-09-12 20:35:43
scratch,1,0.01,0.01,17,0,1.665907451154549,1.4383405307169308,1.9022965559081428,0.46395602519121204,1.2205058527758146,2.1474393150901605,False,0,11.415588779083919,0.0,2.5,C_val,2026-09-12 19:22:35,2026-09-12 20:35:43
scratch,1,0.01,0.01,18,0,1.826150125098556,1.5984489796152783,2.0625783892621183,0.46412940964684,1.3799760431773374,2.3074045222028072,False,0,7.662897921680269,0.0,2.5,C_val,2026-09-12 19:22:35,2026-09-12 20:35:43
scratch,1,0.01,0.01,19,0,1.7131626897514203,1.4844133384503573,1.950924463782233,0.46651112533187566,1.2654669657998092,2.197557205477728,False,0,10.108539734985243,0.0,2.5,C_val,2026-09-12 19:22:35,2026-09-12 20:35:43
scratch,1,0.01,0.01,20,0,1.6919662052075073,1.4676096051988308,1.9265902786055207,0.4589806734066899,1.255457723689208,2.170956658076501,False,0,10.820670160130248,0.0,2.5,C_val,2026-09-12 19:22:35,2026-09-12 20:35:43
scratch,1,0.01,0.01,21,0,1.8851856166125542,1.661564425730032,2.11895476952841,0.45739034379837795,1.4488258433731092,2.3624983573103884,False,0,6.490199275420309,0.0,2.5,C_val,2026-09-12 19:22:35,2026-09-12 20:35:43
scratch,1,0.01,0.01,22,0,1.6978448905194479,1.4676571070886968,1.9368889166838625,0.46923180959516575,1.2473573046052673,2.184702541054419,False,0,10.39379484948222,0.0,2.5,C_val,2026-09-12 19:22:35,2026-09-12 20:35:43
scratch,1,0.01,0.01,23,0,0.0,,0.004587556946192548,,,0.020501210017167166,True,0,11.954583132945118,,2.5,C_val,2026-09-12 19:22:35,2026-09-12 20:35:43
scratch,1,0.01,0.01,24,0,1.683421794485522,1.456398087673955,1.9194048217471809,0.4630067340732258,1.239198957771446,2.1641750424869834,False,0,10.99690625137373,0.0,2.5,C_val,2026-09-12 19:22:35,2026-09-12 20:35:43
scratch,1,0.01,0.01,25,0,1.5411009779389497,1.314409929373115,1.7767645890946222,0.46235465972150713,1.099902462317115,2.0210027537236046,False,0,14.95155184768737,0.0,2.5,C_val,2026-09-12 19:22:35,2026-09-12 20:35:43
scratch,1,0.01,0.01,26,0,1.7105046034047728,1.4868983664800655,1.944447323648858,0.4575489571687925,1.2758443914329196,2.1881292298545545,False,0,10.414055895271304,0.0,2.5,C_val,2026-09-12 19:22:35,2026-09-12 20:35:43
scratch,1,0.01,0.01,27,0,1.6590266500308075,1.4325306432336804,1.8947653291948914,0.462234685961211,1.216607575263892,2.1395944711923978,False,0,11.626276077804505,0.0,2.5,C_val,2026-09-12 19:22:35,2026-09-12 20:35:43
scratch,1,0.01,0.01,28,0,1.7292547596707968,1.4999276704692075,1.9673030705923606,0.46737540012315315,1.279915809822622,2.2141726346400574,False,0,9.705558320762066,0.0,2.5,C_val,2026-09-12 19:22:35,2026-09-12 20:35:43
scratch,1,0.01,0.01,29,0,1.6582386371820086,1.4290339541621702,1.8962831544392007,0.46724920027703054,1.2099069664089257,2.143100755273034,False,0,11.471624839832657,0.0,2.5,C_val,2026-09-12 19:22:35,2026-09-12 20:35:43
scratch,1,0.01,0.01,30,0,1.7016047823121625,1.4753722952133244,1.9363634400387069,0.4609911448253825,1.2578658545388304,2.1798705393480815,False,0,10.645978886484954,0.0,2.5,C_val,2026-09-12 19:22:35,2026-09-12 20:35:43
scratch,1,0.01,0.01,31,0,1.7013267250930626,1.473748732873767,1.9383545949869043,0.46460586211313726,1.2569808486845861,2.1844931463106843,False,0,10.44106601681051,0.0,2.5,C_val,2026-09-12 19:22:35,2026-09-12 20:35:43
scratch,1,0.01,0.01,32,0,1.766016388423917,1.542063806008621,1.9993639157110144,0.45730010970239343,1.3283271230748581,2.2416506032900765,False,0,9.19425207848326,0.0,2.5,C_val,2026-09-12 19:22:35,2026-09-12 20:35:43
scratch,1,0.01,0.01,33,0,1.6137366075613637,1.3809216311862273,1.8536015878211742,0.4726799566349469,1.1547274001443102,2.1012175798926656,False,0,12.566195892104588,0.0,2.5,C_val,2026-09-12 19:22:35,2026-09-12 20:35:43
scratch,1,0.01,0.01,34,0,1.703108473527979,1.4806319981570149,1.9361079958136094,0.4554759976565945,1.2707549743610402,2.179041789394823,False,0,10.657460940637975,0.0,2.5,C_val,2026-09-12 19:22:35,2026-09-12 20:35:43
scratch,1,0.01,0.01,35,0,1.6571316532961955,1.4343505737728612,1.8907289177452506,0.4563783439723894,1.2250045449561486,2.1342035607765757,False,0,11.789714866983559,0.0,2.5,C_val,2026-09-12 19:22:35,2026-09-12 20:35:43
scratch,1,0.01,0.01,36,0,1.7776830996540958,1.5525600130394894,2.012718575713127,0.46015856267363753,1.3385633963346175,2.2572923641584,False,0,8.741140720045223,0.0,2.5,C_val,2026-09-12 19:22:35,2026-09-12 20:35:43
scratch,1,0.01,0.01,37,0,1.8272788754379228,1.6018799156080727,2.062424853557097,0.4605449379490243,1.3870443434214375,2.3070819946750154,False,0,7.63237722537815,0.0,2.5,C_val,2026-09-12 19:22:35,2026-09-12 20:35:43
scratch,1,0.01,0.01,38,0,1.8119069510174997,1.5829367797325984,2.049600912254212,0.46666413252161365,1.3627458450252574,2.296085248694665,False,0,7.845484149929689,0.0,2.5,C_val,2026-09-12 19:22:35,2026-09-12 20:35:43
scratch,1,0.01,0.01,39,0,1.7347523577304227,1.512865369761281,1.967753984270621,0.45488861450934004,1.3042818131540646,2.2109587740289776,False,0,9.854429577750125,0.0,2.5,C_val,2026-09-12 19:22:35,2026-09-12 20:35:43
scratch,1,0.01,0.01,40,0,1.72748468606649,1.5018477269204349,1.9630096257596936,0.46116189883925873,1.2873510954752756,2.2081021633072666,False,0,9.884493918234512,0.0,2.5,C_val,2026-09-12 19:22:35,2026-09-12 20:35:43
scratch,1,0.01,0.01,41,0,1.6141557908686561,1.3808650511418565,1.8550712119449062,0.47420616080304967,1.1557073380940934,2.103970095997135,False,0,12.434949174734356,0.0,2.5,C_val,2026-09-12 19:22:35,2026-09-12 20:35:43
scratch,1,0.01,0.01,42,0,1.7483387850331071,1.51902724284866,1.9865948170695618,0.4675675742209018,1.2994218870642642,2.2337957403671562,False,0,9.232615290882677,0.0,2.5,C_val,2026-09-12 19:22:35,2026-09-12 20:35:43
scratch,1,0.01,0.01,43,0,1.644166696147736,1.4136913198652115,1.882864014155984,0.4691726942907726,1.192326737219959,2.129873065116789,False,0,11.818940266592108,0.0,2.5,C_val,2026-09-12 19:22:35,2026-09-12 20:35:43
scratch,1,0.01,0.01,44,0,1.6101245476626165,1.380925035151532,1.8482013625302673,0.46727632737873526,1.162506693910831,2.0949663526955686,False,0,12.742446501124505,0.0,2.5,C_val,2026-09-12 19:22:35,2026-09-12 20:35:43
scratch,1,0.01,0.01,45,0,1.6066256606431601,1.3771568890776065,1.8442389966843908,0.46708210760678437,1.1564446019328785,2.090227512218148,False,0,12.914000785422104,0.0,2.5,C_val,2026-09-12 19:22:35,2026-09-12 20:35:43
scratch,1,0.01,0.01,46,0,1.6685431341854275,1.4366705059296732,1.9087119872297198,0.47204148130004664,1.2139236344476254,2.157249400864005,False,0,11.060320967870211,0.0,2.5,C_val,2026-09-12 19:22:35,2026-09-12 20:35:43
scratch,1,0.01,0.01,47,0,1.768393592208999,1.5406452289855268,2.004993129062335,0.46434790007680804,1.32211036515981,2.250623885685706,False,0,8.878387967477465,0.0,2.5,C_val,2026-09-12 19:22:35,2026-09-12 20:35:43
scratch,2,0.01,0.01,0,0,0.5365115407496936,0.13397826553951106,0.8419864913424413,0.7080082258029302,0.037939894587798145,1.1270869297834363,False,0,0.16313385336616193,1.0,0.4,C_val,2026-09-12 21:39:31,2026-09-12 22:48:47
scratch,2,0.01,0.01,1,0,0.6140268705575879,0.13113512337787273,0.9302898027316294,0.7991546793537567,0.02880016637522404,1.218129722771746,False,0,0.23726373534373124,1.0,0.4,C_val,2026-09-12 21:39:31,2026-09-12 22:48:47
scratch,2,0.01,0.01,2,0,0.48664152903508723,0.11613865100343304,0.8626336522644994,0.7464950012610664,0.028761583747247334,1.1681924804042312,False,0,0.024441972203931073,1.0,0.4,C_val,2026-09-12 21:39:31,2026-09-12 22:48:47
scratch,2,0.01,0.01,3,0,0.5917356319909377,0.12172693979490744,0.9172303054772124,0.795503365682305,0.025613762945701512,1.209082278191375,False,0,0.1859007371822372,1.0,0.4,C_val,2026-09-12 21:39:31,2026-09-12 22:48:47
scratch,2,0.01,0.01,4,0,0.5602164105210078,0.10716487635048397,0.883623806469236,0.776458930118752,0.026139843575546967,1.1749522597695712,False,0,0.12370923351409147,1.0,0.4,C_val,2026-09-12 21:39:31,2026-09-12 22:48:47
scratch,2,0.01,0.01,5,0,0.5147542379365461,0.14652514551975782,0.8382834497165862,0.6917583041968284,0.03796577275759264,1.1303064421637583,False,0,0.08484610880259424,1.0,0.4,C_val,2026-09-12 21:39:31,2026-09-12 22:48:47
scratch,2,0.01,0.01,6,0,0.5968679050271463,0.39768772616597314,0.8909854283313544,0.49329770216538127,0.03591180326806895,1.1751182422156312,False,0,0.5890019272446807,1.0,0.4,C_val,2026-09-12 21:39:31,2026-09-12 22:48:47
scratch,2,0.01,0.01,7,0,0.5158603682578621,0.1199019179958216,0.778796433476835,0.6588945154810134,0.03628432588000486,1.0711808585819609,False,0,0.6679544063190406,1.0,0.4,C_val,2026-09-12 21:39:31,2026-09-12 22:48:47
scratch,2,0.01,0.01,8,0,0.6899844763206079,0.42588648669516166,0.9742476840036178,0.5483611973084561,0.028438446386503516,1.2508612930105987,False,0,1.4415570224737166,0.0,0.4,C_val,2026-09-12 21:39:31,2026-09-12 22:48:47
scratch,2,0.01,0.01,9,0,0.5964420022369982,0.13407646624020092,0.9033399730579225,0.7692635068177216,0.029828450995027154,1.190064355893003,False,0,0.2649407890457951,1.0,0.4,C_val,2026-09-12 21:39:31,2026-09-12 22:48:47
scratch,2,0.01,0.01,10,0,0.6545603123575634,0.15741932003597706,0.9642708760996014,0.8068515560636244,0.028077661992936275,1.2500197759938652,False,0,0.3728158454905497,1.0,0.4,C_val,2026-09-12 21:39:31,2026-09-12 22:48:47
scratch,2,0.01,0.01,11,0,0.5935383892510403,0.1784500956641006,0.9009160854744891,0.7224659898103885,0.04132436835123188,1.1889951881894554,False,0,0.28122780687044724,1.0,0.4,C_val,2026-09-12 21:39:31,2026-09-12 22:48:47
scratch,2,0.01,0.01,12,0,0.6047083791750759,0.12563410148195542,0.9304530532855059,0.8048189518035505,0.026755841808357845,1.2256752013788272,False,0,0.22260471422123373,1.0,0.4,C_val,2026-09-12 21:39:31,2026-09-12 22:48:47
scratch,2,0.01,0.01,13,0,0.6021500728769887,0.12660321113568007,0.926217456719265,0.799614245583585,0.027561346604873176,1.2180787480449335,False,0,0.19827352499851258,1.0,0.4,C_val,2026-09-12 21:39:31,2026-09-12 22:48:47
scratch,2,0.01,0.01,14,0,0.3478602019556488,0.10923159654501487,0.7859881120266491,0.6767565154816342,0.03035939043473683,1.0934418500425498,False,0,0.009348906416562386,1.0,0.4,C_val,2026-09-12 21:39:31,2026-09-12 22:48:47
scratch,2,0.01,0.01,15,0,0.5515003569712306,0.11248263704520249,0.8895459225021611,0.7770632854569587,0.026336244790055825,1.1835598667860279,False,0,0.0932484750119329,1.0,0.4,C_val,2026-09-12 21:39:31,2026-09-12 22:48:47
scratch,2,0.01,0.01,16,0,0.6612274602181714,0.137614857364051,0.960857724177703,0.823242866813652,0.024788982034953944,1.240388605923379,False,0,0.4163925183675019,1.0,0.4,C_val,2026-09-12 21:39:31,2026-09-12 22:48:47
scratch,2,0.01,0.01,17,0,0.40404329236799774,0.14379395746861975,0.7532971447999036,0.6095031873312838,0.04431133176851849,1.0535125677403328,False,0,0.0,1.0,0.4,C_val,2026-09-12 21:39:31,2026-09-12 22:48:47
scratch,2,0.01,0.01,18,0,0.5423770511734511,0.13515756238775256,0.8878265410707636,0.7526689786830111,0.03055886210042671,1.188119556471147,False,0,0.1005191698204726,1.0,0.4,C_val,2026-09-12 21:39:31,2026-09-12 22:48:47
scratch,2,0.01,0.01,19,0,0.47178135388685183,0.12448652919423255,0.8357033622103518,0.7112168330161193,0.03246613876916998,1.1342060297970966,False,0,0.02075664000949473,1.0,0.4,C_val,2026-09-12 21:39:31,2026-09-12 22:48:47
scratch,2,0.01,0.01,20,0,0.5403143102155187,0.14950709139577917,0.8736213133368942,0.724114221941115,0.03701722405310294,1.1695537762040504,False,0,0.10743696378631284,1.0,0.4,C_val,2026-09-12 21:39:31,2026-09-12 22:48:47
scratch,2,0.01,0.01,21,0,0.6456519993630815,0.1118372925821914,0.955323422325748,0.8434861297435565,0.022136367639130093,1.2400921165679342,False,0,0.31204340793192387,1.0,0.4,C_val,2026-09-12 21:39:31,2026-09-12 22:48:47
scratch,2,0.01,0.01,22,0,0.5711490051930863,0.15836303656969547,0.8976281597547913,0.7392651231850957,0.03584372259833988,1.1909497781610483,False,0,0.16948462558139,1.0,0.4,C_val,2026-09-12 21:39:31,2026-09-12 22:48:47
scratch,2,0.01,0.01,23,0,0.433957309130772,0.1342926918992103,0.7798745776707809,0.6455818857715706,0.03760072272760601,1.0791863375634536,False,0,0.006778518250939669,1.0,0.4,C_val,2026-09-12 21:39:31,2026-09-12 22:48:47
scratch,2,0.01,0.01,24,0,0.3987694314518843,0.1197991316794223,0.7838514197864336,0.6640522881070112,0.035031923980036586,1.0819452291108507,False,0,0.0,1.0,0.4,C_val,2026-09-12 21:39:31,2026-09-12 22:48:47
scratch,2,0.01,0.01,25,0,0.5290619222389831,0.471321195853063,0.79599761305598,0.32467641720291707,0.04586802661638658,1.0777926572980505,False,0,1.1356251354482083,0.0,0.4,C_val,2026-09-12 21:39:31,2026-09-12 22:48:47
scratch,2,0.01,0.01,26,0,0.6167464725004943,0.11771035421833292,0.885093131565484,0.7673827773471511,0.031266733114219035,1.156569570364964,False,0,0.6496991489766515,1.0,0.4,C_val,2026-09-12 21:39:31,2026-09-12 22:48:47
scratch,2,0.01,0.01,27,0,0.5146637914704619,0.12992982626367505,0.8422818263064024,0.7123520000427273,0.0345249241320183,1.133587716731841,False,0,0.07334770318993833,1.0,0.4,C_val,2026-09-12 21:39:31,2026-09-12 22:48:47
scratch,2,0.01,0.01,28,0,0.4988597146324911,0.141948592929309,0.8484617094045571,0.7065131164752481,0.036032719382874195,1.1504244177481873,False,0,0.05087866770918481,1.0,0.4,C_val,2026-09-12 21:39:31,2026-09-12 22:48:47
scratch,2,0.01,0.01,29,0,0.5787150212207274,0.1625681042866009,0.8850694904122729,0.7225013861256719,0.038602473128562506,1.171061282269242,False,0,0.22674924204329727,1.0,0.4,C_val,2026-09-12 21:39:31,2026-09-12 22:48:47
scratch,2,0.01,0.01,30,0,0.5515989249439689,0.12736190716045698,0.8581509814141691,0.7307890742537122,0.033483539619619015,1.146697062776163,False,0,0.1759839771912084,1.0,0.4,C_val,2026-09-12 21:39:31,2026-09-12 22:48:47
scratch,2,0.01,0.01,31,0,0.6432656878583196,0.46406730132855506,0.92983779391899,0.46577049259043496,0.38777357372459553,1.2127749877785,False,0,3.981582646480092,0.0,0.4,C_val,2026-09-12 21:39:31,2026-09-12 22:48:47
scratch,2,0.01,0.01,32,0,0.6315018384160401,0.14322603558240585,0.9281316188675067,0.7849055832851008,0.03066080942878586,1.2088796718308694,False,0,0.3966081483013113,1.0,0.4,C_val,2026-09-12 21:39:31,2026-09-12 22:48:47
scratch,2,0.01,0.01,33,0,0.5464097202961026,0.166236401431223,0.8647364472483056,0.6985000458170826,0.041258913289101834,1.151787907400466,False,0,0.13676211238271208,1.0,0.4,C_val,2026-09-12 21:39:31,2026-09-12 22:48:47
scratch,2,0.01,0.01,34,0,0.48450665230124523,0.14389427125627938,0.8198077648537246,0.6759134935974452,0.03910311545822703,1.1187418307825725,False,0,0.05114641855834634,1.0,0.4,C_val,2026-09-12 21:39:31,2026-09-12 22:48:47
scratch,2,0.01,0.01,35,0,0.6765235921399952,0.26062689093549024,0.9626904887263337,0.7020635977908434,0.030976122356648685,1.2390523699777758,False,0,0.6577043857541867,1.0,0.4,C_val,2026-09-12 21:39:31,2026-09-12 22:48:47
scratch,2,0.01,0.01,36,0,0.6215513247065905,0.10655537923285836,0.9245528614092953,0.8179974821764369,0.0238784339441398,1.207561182962403,False,0,0.845360873187019,1.0,0.4,C_val,2026-09-12 21:39:31,2026-09-12 22:48:47
scratch,2,0.01,0.01,37,0,0.6244705616578528,0.1514130416857386,0.9388794713189804,0.7874664296332419,0.02950004382431704,1.2267701995853433,False,0,0.29086623356852215,1.0,0.4,C_val,2026-09-12 21:39:31,2026-09-12 22:48:47
scratch,2,0.01,0.01,38,0,0.5836644509635707,0.11645358984427805,0.909955527952566,0.793501938108288,0.026038252635213328,1.200770800886635,False,0,0.15360783676442225,1.0,0.4,C_val,2026-09-12 21:39:31,2026-09-12 22:48:47
scratch,2,0.01,0.01,39,0,0.4923507786475721,0.1246242521580263,0.8226451263679151,0.6980208742098888,0.03372315334800339,1.1098060034658235,False,0,0.042473673456697725,1.0,0.4,C_val,2026-09-12 21:39:31,2026-09-12 22:48:47
scratch,2,0.01,0.01,40,0,0.4936443480678008,0.12123102447038392,0.8425808976358934,0.7213498731655095,0.030829059569546007,1.1439032041098514,False,0,0.04072786694086972,1.0,0.4,C_val,2026-09-12 21:39:31,2026-09-12 22:48:47
scratch,2,0.01,0.01,41,0,0.4504037503210717,0.1615765579882977,0.7885399632607506,0.6269634052724529,0.04656579105766362,1.09136238494109,False,0,0.019413178637478268,1.0,0.4,C_val,2026-09-12 21:39:31,2026-09-12 22:48:47
scratch,2,0.01,0.01,42,0,0.4850644860562136,0.1251325927538578,0.8478573847325128,0.722724791978655,0.0313844424616349,1.151758595937058,False,0,0.02939659878029488,1.0,0.4,C_val,2026-09-12 21:39:31,2026-09-12 22:48:47
scratch,2,0.01,0.01,43,0,0.439913763851977,0.14449154103629525,0.7767430450082733,0.632251503971978,0.04355723049196388,1.0698065761746915,False,0,0.009459234152018325,1.0,0.4,C_val,2026-09-12 21:39:31,2026-09-12 22:48:47
scratch,2,0.01,0.01,44,0,0.4675125446732993,0.16398491482016353,0.8023186031425764,0.6383336883224129,0.0466901567059959,1.1008013493869229,False,0,0.03351403392662178,1.0,0.4,C_val,2026-09-12 21:39:31,2026-09-12 22:48:47
scratch,2,0.01,0.01,45,0,0.5102951029922689,0.15889497566152488,0.8231736477788756,0.6642786721173507,0.04492720032621381,1.1088271466899076,False,0,0.0818427205158514,1.0,0.4,C_val,2026-09-12 21:39:31,2026-09-12 22:48:47
scratch,2,0.01,0.01,46,0,0.5534631111014772,0.15476050747631018,0.8683747847328731,0.7136142772565629,0.03755377497351504,1.1572160732300207,False,0,0.15461817165487446,1.0,0.4,C_val,2026-09-12 21:39:31,2026-09-12 22:48:47
scratch,2,0.01,0.01,47,0,0.6471355458293391,0.14321153758192132,0.944046800789183,0.8008352632072617,0.027285877905266178,1.2255195891802961,False,0,0.4290267193428008,1.0,0.4,C_val,2026-09-12 21:39:31,2026-09-12 22:48:47
scratch,2,0.01,0.01,0,0,1.6781495197237737,1.3997700704061005,1.9592220793279165,0.559452008921816,1.1191772828700088,2.245452156269014,False,0,8.240408840920281,0.0,2.5,C_val,2026-09-12 21:39:31,2026-09-12 22:48:47
scratch,2,0.01,0.01,1,0,1.7798265106523659,1.5033470046605883,2.0599333080287963,0.5565863033682079,1.2264235986609542,2.3456821499876352,False,0,6.402779809286585,0.0,2.5,C_val,2026-09-12 21:39:31,2026-09-12 22:48:47
scratch,2,0.01,0.01,2,0,1.7882693174496818,1.5077745242008436,2.071410214684142,0.5636356904832986,1.2251008178861529,2.3596519543766306,False,0,6.146329898161639,0.0,2.5,C_val,2026-09-12 21:39:31,2026-09-12 22:48:47
scratch,2,0.01,0.01,3,0,1.8212526389466392,1.5453642543555166,2.100848665481274,0.5554844111257575,1.269261802722239,2.3861496847649595,False,0,5.724231240877998,0.0,2.5,C_val,2026-09-12 21:39:31,2026-09-12 22:48:47
scratch,2,0.01,0.01,4,0,1.76175451503022,1.484718188345411,2.0416235740524424,0.5569053857070314,1.2058788834893703,2.3266862002741457,False,0,6.74535575128175,0.0,2.5,C_val,2026-09-12 21:39:31,2026-09-12 22:48:47
scratch,2,0.01,0.01,5,0,1.686780413602435,1.4065494819320488,1.9687914921061846,0.5622420101741359,1.122047992311408,2.255433936177445,False,0,8.045673506236199,0.0,2.5,C_val,2026-09-12 21:39:31,2026-09-12 22:48:47
scratch,2,0.01,0.01,6,0,1.7146225445700745,1.4370419813826678,1.9949126127129242,0.5578706313302564,1.1574429557528871,2.2803694439296063,False,0,7.58702924820318,0.0,2.5,C_val,2026-09-12 21:39:31,2026-09-12 22:48:47
scratch,2,0.01,0.01,7,0,1.646060603094892,1.360198920179373,1.9315932307628636,0.5713943105834907,1.065698450178241,2.220591091071366,False,0,8.698172975284251,0.0,2.5,C_val,2026-09-12 21:39:31,2026-09-12 22:48:47
scratch,2,0.01,0.01,8,0,1.8021725941497413,1.5301894256499224,2.07873549742321,0.5485460717732877,1.2597537835384551,2.3615979024148612,False,0,6.151621436179994,0.0,2.5,C_val,2026-09-12 21:39:31,2026-09-12 22:48:47
scratch,2,0.01,0.01,9,0,1.7542539052867663,1.4766801945251118,2.0345146566430894,0.5578344621179776,1.1970806499831186,2.319916701869999,False,0,6.863432688089233,0.0,2.5,C_val,2026-09-12 21:39:31,2026-09-12 22:48:47
scratch,2,0.01,0.01,10,0,1.864389062302875,1.5915658733367923,2.1417747399096,0.5502088665728078,1.3202863999139276,2.4253721091099147,False,0,5.103127907339513,0.0,2.5,C_val,2026-09-12 21:39:31,2026-09-12 22:48:47
scratch,2,0.01,0.01,11,0,1.7469601496526381,1.4692971415517995,2.0275237677073834,0.5582266261555839,1.1899678718915503,2.3133837302929416,False,0,6.973698981688358,0.0,2.5,C_val,2026-09-12 21:39:31,2026-09-12 22:48:47
scratch,2,0.01,0.01,12,0,1.85164762478084,1.5731158018126208,2.133924918765294,0.5608091169526732,1.294527133066934,2.4220221590386606,False,0,5.137913309688884,0.0,2.5,C_val,2026-09-12 21:39:31,2026-09-12 22:48:47
scratch,2,0.01,0.01,13,0,1.8400496276555496,1.5635806348646912,2.1205898312861,0.5570091964214086,1.287638912990477,2.4070418874557813,False,0,5.379690691719588,0.0,2.5,C_val,2026-09-12 21:39:31,2026-09-12 22:48:47
scratch,2,0.01,0.01,14,0,1.6882201756437178,1.4152869112868773,1.9638535576730012,0.5485666463861238,1.1395596493500217,2.2448382120053503,False,0,8.340853316014545,0.0,2.5,C_val,2026-09-12 21:39:31,2026-09-12 22:48:47
scratch,2,0.01,0.01,15,0,1.8048100688830255,1.5286213555548755,2.084524534462136,0.5559031789072604,1.2520397796618383,2.36990106522551,False,0,5.994134587708686,0.0,2.5,C_val,2026-09-12 21:39:31,2026-09-12 22:48:47
scratch,2,0.01,0.01,16,0,1.8662257484019626,1.595346989104376,2.1421705136735794,0.5468235245692035,1.326803447269147,2.4246623498825675,False,0,5.118196690520563,0.0,2.5,C_val,2026-09-12 21:39:31,2026-09-12 22:48:47
scratch,2,0.01,0.01,17,0,1.5713150716309374,1.288370882917161,1.8537002591233418,0.5653293762061808,0.9952833453101332,2.139672162207211,False,0,10.449249480294384,0.0,2.5,C_val,2026-09-12 21:39:31,2026-09-12 22:48:47
scratch,2,0.01,0.01,18,0,1.815780234305993,1.5383350487340668,2.096237644752496,0.5579025960184294,1.2595554730805774,2.3820102846156574,False,0,5.790880294902308,0.0,2.5,C_val,2026-09-12 21:39:31,2026-09-12 22:48:47
scratch,2,0.01,0.01,19,0,1.7078834803470024,1.4307343289129724,1.9873166088332996,0.5565822799203273,1.150445795013016,2.271752607009781,False,0,7.765625169442501,0.0,2.5,C_val,2026-09-12 21:39:31,2026-09-12 22:48:47
scratch,2,0.01,0.01,20,0,1.7294982247884425,1.4490826260066922,2.012194203036263,0.5631115770295707,1.1657103746154183,2.2998491252943465,False,0,7.2001208568617585,0.0,2.5,C_val,2026-09-12 21:39:31,2026-09-12 22:48:47
scratch,2,0.01,0.01,21,0,1.8453875576049648,1.572329933510903,2.122967516879537,0.5506375833686339,1.300706347286475,2.4067659528271848,False,0,5.396951609891403,0.0,2.5,C_val,2026-09-12 21:39:31,2026-09-12 22:48:47
scratch,2,0.01,0.01,22,0,1.7618408728464192,1.4837444553856292,2.0427982098086135,0.5590537544229843,1.2037678765491728,2.3290474165272523,False,0,6.691028315541189,0.0,2.5,C_val,2026-09-12 21:39:31,2026-09-12 22:48:47
scratch,2,0.01,0.01,23,0,1.6259230711651154,1.341155813587048,1.9107031347177583,0.5695473211307103,1.0481489282050664,2.199149969459153,False,0,9.135720918708103,0.0,2.5,C_val,2026-09-12 21:39:31,2026-09-12 22:48:47
scratch,2,0.01,0.01,24,0,1.639384390894321,1.359758779430991,1.9201783289065693,0.5604195494755781,1.0744667572366124,2.2052989194279524,False,0,9.070366368767282,0.0,2.5,C_val,2026-09-12 21:39:31,2026-09-12 22:48:47
scratch,2,0.01,0.01,25,0,1.573558745671218,1.2908983617653413,1.855871670202328,0.5649733084369866,0.9991356932193028,2.1417754091582526,False,0,10.405261723568401,0.0,2.5,C_val,2026-09-12 21:39:31,2026-09-12 22:48:47
scratch,2,0.01,0.01,26,0,1.6747781153638965,1.399331183554794,1.9535564444174138,0.5542252608626199,1.123183882187855,2.2378707039813683,False,0,8.418637072049023,0.0,2.5,C_val,2026-09-12 21:39:31,2026-09-12 22:48:47
scratch,2,0.01,0.01,27,0,1.6923309267417326,1.4150311921973933,1.9717335675666015,0.5567023753692082,1.1341560866110543,2.2559749576037933,False,0,8.072557634939585,0.0,2.5,C_val,2026-09-12 21:39:31,2026-09-12 22:48:47
scratch,2,0.01,0.01,28,0,1.7729522155290696,1.4933973427161749,2.0549367128153695,0.5615393700991946,1.2111996563398795,2.3419442212684887,False,0,6.459609223453299,0.0,2.5,C_val,2026-09-12 21:39:31,2026-09-12 22:48:47
scratch,2,0.01,0.01,29,0,1.7151908362744328,1.43771822257661,1.9954996681767725,0.5577814456001624,1.1583898845936031,2.2810605907055828,False,0,7.571555071659532,0.0,2.5,C_val,2026-09-12 21:39:31,2026-09-12 22:48:47
scratch,2,0.01,0.01,30,0,1.726178083725696,1.446784243265838,2.0081026987719857,0.5613184555061477,1.1648906233667518,2.2950750311853767,False,0,7.293701159524062,0.0,2.5,C_val,2026-09-12 21:39:31,2026-09-12 22:48:47
scratch,2,0.01,0.01,31,0,1.7738022961608224,1.495419748223034,2.0553170267474874,0.5598972785244534,1.215959405944042,2.342210521682225,False,0,6.4542901562053885,0.0,2.5,C_val,2026-09-12 21:39:31,2026-09-12 22:48:47
scratch,2,0.01,0.01,32,0,1.787411137416981,1.5137955952636095,2.065376816771446,0.5515812215078366,1.2412025070260584,2.349532437104208,False,0,6.349170991612482,0.0,2.5,C_val,2026-09-12 21:39:31,2026-09-12 22:48:47
scratch,2,0.01,0.01,33,0,1.680920814484455,1.4046220379775485,1.959678689208714,0.5550566512311654,1.1252906904922972,2.243481662109598,False,0,8.321087424708821,0.0,2.5,C_val,2026-09-12 21:39:31,2026-09-12 22:48:47
scratch,2,0.01,0.01,34,0,1.6700454749240594,1.3882465716081933,1.9531452825487852,0.5648987109405919,1.1010495807504264,2.240737222251014,False,0,8.317065445047774,0.0,2.5,C_val,2026-09-12 21:39:31,2026-09-12 22:48:47
scratch,2,0.01,0.01,35,0,1.76706648801345,1.4947448721795642,2.0437556775764665,0.5490108053969023,1.2234342431583285,2.3266398617860444,False,0,6.763594845524494,0.0,2.5,C_val,2026-09-12 21:39:31,2026-09-12 22:48:47
scratch,2,0.01,0.01,36,0,1.8183419730017214,1.5472585359859863,2.094073883695097,0.5468153477091107,1.2777203018068457,2.376195488749082,False,0,5.909413643144944,0.0,2.5,C_val,2026-09-12 21:39:31,2026-09-12 22:48:47
scratch,2,0.01,0.01,37,0,1.8290108415045723,1.5549250159977637,2.1070135757552237,0.5520885597574601,1.281127239704877,2.3909101481731545,False,0,5.6550278332106245,0.0,2.5,C_val,2026-09-12 21:39:31,2026-09-12 22:48:47
scratch,2,0.01,0.01,38,0,1.8350591601427784,1.5606101389792637,2.1133890732837024,0.5527789343044387,1.2866239372652564,2.397527396539649,False,0,5.545401422161376,0.0,2.5,C_val,2026-09-12 21:39:31,2026-09-12 22:48:47
scratch,2,0.01,0.01,39,0,1.6538964828449665,1.3776942334741875,1.9322713416567494,0.5545771081825619,1.0978590362900675,2.215578841555575,False,0,8.89015751023544,0.0,2.5,C_val,2026-09-12 21:39:31,2026-09-12 22:48:47
scratch,2,0.01,0.01,40,0,1.747085449944786,1.466376347006012,2.0299340889888,0.5635577419827877,1.1822993188995357,2.3175423534088426,False,0,6.882198716077255,0.0,2.5,C_val,2026-09-12 21:39:31,2026-09-12 22:48:47
scratch,2,0.01,0.01,41,0,1.6575572538811234,1.3720685844061289,1.943172442405053,0.571103857998924,1.0788334289302128,2.2325392275953133,False,0,8.453515255776438,0.0,2.5,C_val,2026-09-12 21:39:31,2026-09-12 22:48:47
scratch,2,0.01,0.01,42,0,1.7740500229812546,1.4929776516014004,2.057191711665294,0.5642140600638934,1.208625058447968,2.345068256651406,False,0,6.3986816815595375,0.0,2.5,C_val,2026-09-12 21:39:31,2026-09-12 22:48:47
scratch,2,0.01,0.01,43,0,1.604861257322698,1.3222515829460926,1.8877590303671374,0.5655074474210449,1.0319511376230879,2.1745169760927245,False,0,9.677785220785154,0.0,2.5,C_val,2026-09-12 21:39:31,2026-09-12 22:48:47
scratch,2,0.01,0.01,44,0,1.6387054199772213,1.3558793065303703,1.9223192760273902,0.5664399694970199,1.0662405631422962,2.2101633736630695,False,0,8.919501408265205,0.0,2.5,C_val,2026-09-12 21:39:31,2026-09-12 22:48:47
scratch,2,0.01,0.01,45,0,1.6220598827071693,1.3425203323574648,1.9030453781594836,0.5605250458020188,1.057992195466336,2.188558738061979,False,0,9.406188626155199,0.0,2.5,C_val,2026-09-12 21:39:31,2026-09-12 22:48:47
scratch,2,0.01,0.01,46,0,1.7229045449700773,1.4444692549120965,2.0036938439105363,0.5592245889984397,1.1632106098619721,2.2894564559310675,False,0,7.415278574928379,0.0,2.5,C_val,2026-09-12 21:39:31,2026-09-12 22:48:47
scratch,2,0.01,0.01,47,0,1.8124398474765488,1.5378254434095855,2.0912448317131003,0.5534193883035148,1.264008522328904,2.3760575718637664,False,0,5.893474849086488,0.0,2.5,C_val,2026-09-12 21:39:31,2026-09-12 22:48:47
scratch,0,0.03,0.03,0,0,0.3831456592746795,0.1587487514173472,0.6916447689561181,0.5328960175387709,0.0467122215866067,1.010527951378616,False,0,0.0034043594459944,1.0,0.4,C_val,2026-09-12 02:52:58,2026-09-12 04:18:24
scratch,0,0.03,0.03,1,0,0.3660976624878513,0.144556355546649,0.6850232388022458,0.5404668832555968,0.0396973727626364,1.0130214177594778,False,0,0.0132008485634287,1.0,0.4,C_val,2026-09-12 02:52:58,2026-09-12 04:18:24
scratch,0,0.03,0.03,2,0,0.355726778296288,0.1306117415725511,0.6954730031637101,0.564861261591159,0.032926864330703,1.0356762043447938,False,0,0.0198102380600175,1.0,0.4,C_val,2026-09-12 02:52:58,2026-09-12 04:18:24
scratch,0,0.03,0.03,3,0,0.35448305929173,0.129628249702789,0.6947809122596832,0.5651526625568941,0.0325227324059498,1.0348494750668316,False,0,0.0208291776652913,1.0,0.4,C_val,2026-09-12 02:52:58,2026-09-12 04:18:24
scratch,0,0.03,0.03,4,0,0.3268464785059751,0.126828157067359,0.6399341629100949,0.5131060058427359,0.0341613133573079,0.9740325439897468,False,0,0.0662915827597316,1.0,0.4,C_val,2026-09-12 02:52:58,2026-09-12 04:18:24
scratch,0,0.03,0.03,5,0,0.3830784596264608,0.1555285296776177,0.6961418106594797,0.5406132809818619,0.0443921252279711,1.0165883978173131,False,0,0.0033083399721363,1.0,0.4,C_val,2026-09-12 02:52:58,2026-09-12 04:18:24
scratch,0,0.03,0.03,6,0,0.3607613371720658,0.1481551049004727,0.6652179313754395,0.5170628264749667,0.0430643480292381,0.9862961094426032,False,0,0.0198876946451491,1.0,0.4,C_val,2026-09-12 02:52:58,2026-09-12 04:18:24
scratch,0,0.03,0.03,7,0,0.3538625653023022,0.1430118637386406,0.6617986268897793,0.5187867631511387,0.040580953212665,0.9860886875707936,False,0,0.0267337286786641,1.0,0.4,C_val,2026-09-12 02:52:58,2026-09-12 04:18:24
scratch,0,0.03,0.03,8,0,0.3574292992999164,0.1396370972162466,0.6770318459021644,0.5373947486859177,0.0378816244095766,1.0082732506216288,False,0,0.0211064393079141,1.0,0.4,C_val,2026-09-12 02:52:58,2026-09-12 04:18:24
scratch,0,0.03,0.03,9,0,0.3610805402956044,0.1451673307799789,0.6729004071947156,0.5277330764147365,0.0408844786452814,0.9980495702125972,False,0,0.0185961184470215,1.0,0.4,C_val,2026-09-12 02:52:58,2026-09-12 04:18:24
scratch,0,0.03,0.03,10,0,0.4006821951566791,0.1419311330257903,0.7533929929029425,0.6114618598771521,0.0343434696538285,1.088259054403973,False,0,0.0,1.0,0.4,C_val,2026-09-12 02:52:58,2026-09-12 04:18:24
scratch,0,0.03,0.03,11,0,0.3858328697186224,0.1504564892942901,0.7125597240363077,0.5621032347420176,0.0406412181469166,1.040709067199006,False,0,0.0019874263671226,1.0,0.4,C_val,2026-09-12 02:52:58,2026-09-12 04:18:24
scratch,0,0.03,0.03,12,0,0.3646723817699098,0.1323325109968629,0.7088216415388732,0.5764891305420102,0.0326021557776564,1.049613906758901,False,0,0.0120236450566153,1.0,0.4,C_val,2026-09-12 02:52:58,2026-09-12 04:18:24
scratch,0,0.03,0.03,13,0,0.3892911668748746,0.1351584971892805,0.7472731203950853,0.6121146232058048,0.0315746889330616,1.087271430500032,False,0,0.0009840693164733,1.0,0.4,C_val,2026-09-12 02:52:58,2026-09-12 04:18:24
scratch,0,0.03,0.03,14,0,0.3493036402278253,0.1408515010579121,0.6557287300207397,0.5148772289628276,0.0399548838602897,0.9790873131371884,False,0,0.0328363072585489,1.0,0.4,C_val,2026-09-12 02:52:58,2026-09-12 04:18:24
scratch,0,0.03,0.03,15,0,0.3865585627791125,0.1392665477453044,0.7351885403164242,0.5959219925711198,0.0344026743194852,1.0719752653694277,False,0,0.0015588397000101,1.0,0.4,C_val,2026-09-12 02:52:58,2026-09-12 04:18:24
scratch,0,0.03,0.03,16,0,0.3991217396423983,0.1303133664842069,0.7726661640779005,0.6423527975936935,0.0288002968773191,1.1144150655803515,False,0,0.0,1.0,0.4,C_val,2026-09-12 02:52:58,2026-09-12 04:18:24
scratch,0,0.03,0.03,17,0,0.3614340920554548,0.1563650755938314,0.6493356276687692,0.4929705520749377,0.0486592157690059,0.9596123172673175,False,0,0.0215449449060542,1.0,0.4,C_val,2026-09-12 02:52:58,2026-09-12 04:18:24
scratch,0,0.03,0.03,18,0,0.3711782134293286,0.1402784846126256,0.7033529797838635,0.5630744951712379,0.0367650526105172,1.0357404429684398,False,0,0.0087497082677145,1.0,0.4,C_val,2026-09-12 02:52:58,2026-09-12 04:18:24
scratch,0,0.03,0.03,19,0,0.3651403944526415,0.1401878754925117,0.6918542944058168,0.5516664189133051,0.0375379970252649,1.022596657474869,False,0,0.0130937367612204,1.0,0.4,C_val,2026-09-12 02:52:58,2026-09-12 04:18:24
scratch,0,0.03,0.03,20,0,0.3746697762218852,0.150918004205814,0.68963935394619,0.538721349740376,0.0425954851375151,1.0146735230070456,False,0,0.0073851917113643,1.0,0.4,C_val,2026-09-12 02:52:58,2026-09-12 04:18:24
scratch,0,0.03,0.03,21,0,0.3606684036148,0.1291536357106935,0.70881385028157,0.5796602145708765,0.0314429687677672,1.0511491048545878,False,0,0.0148486008802137,1.0,0.4,C_val,2026-09-12 02:52:58,2026-09-12 04:18:24
scratch,0,0.03,0.03,22,0,0.3642305232234455,0.1448785287252131,0.6795130988709913,0.5346345701457782,0.0400804644976546,1.00534054824982,False,0,0.0150378247271873,1.0,0.4,C_val,2026-09-12 02:52:58,2026-09-12 04:18:24
scratch,0,0.03,0.03,23,0,0.3463331172474508,0.1403123091678579,0.6509153436658122,0.5106030344979542,0.0399661847067341,0.9751002173790724,False,0,0.0372484330582665,1.0,0.4,C_val,2026-09-12 02:52:58,2026-09-12 04:18:24
scratch,0,0.03,0.03,24,0,0.3566655694136758,0.1440795751507905,0.6651311658983942,0.5210515907476037,0.0408531365158625,0.9888108463557924,False,0,0.02344989008634,1.0,0.4,C_val,2026-09-12 02:52:58,2026-09-12 04:18:24
scratch,0,0.03,0.03,25,0,0.3497663548823942,0.1536077867489996,0.6278890587099029,0.4742812719609032,0.0489428094694211,0.9328282935019202,False,0,0.0392476425258792,1.0,0.4,C_val,2026-09-12 02:52:58,2026-09-12 04:18:24
scratch,0,0.03,0.03,26,0,0.3676307217997269,0.148839937510681,0.6782764707775302,0.5294365332668491,0.0425513664949289,1.0003431177196374,False,0,0.0128033527726074,1.0,0.4,C_val,2026-09-12 02:52:58,2026-09-12 04:18:24
scratch,0,0.03,0.03,27,0,0.3460348033328553,0.1421731265053995,0.6454242505951474,0.5032511240897479,0.0413168315460305,0.9660872818462156,False,0,0.0389060724883165,1.0,0.4,C_val,2026-09-12 02:52:58,2026-09-12 04:18:24
scratch,0,0.03,0.03,28,0,0.3712841411553185,0.1438962386345729,0.6959294387536872,0.5520332001191143,0.0386023307788924,1.0251622706182624,False,0,0.0091567471863527,1.0,0.4,C_val,2026-09-12 02:52:58,2026-09-12 04:18:24
scratch,0,0.03,0.03,29,0,0.3641942279288467,0.1440290374698742,0.6820970551901148,0.5380680177202406,0.0397000973228531,1.0095746550605098,False,0,0.0148293241945793,1.0,0.4,C_val,2026-09-12 02:52:58,2026-09-12 04:18:24
scratch,0,0.03,0.03,30,0,0.3551500177562223,0.144108447122996,0.6610164997780253,0.5169080526550294,0.0412805699400492,0.9818841188586828,False,0,0.0253051640574994,1.0,0.4,C_val,2026-09-12 02:52:58,2026-09-12 04:18:24
scratch,0,0.03,0.03,31,0,0.3447694819788171,0.128244787772152,0.6768814564376255,0.5486366686654734,0.0327765903362724,1.0150588640449467,False,0,0.0326642304316919,1.0,0.4,C_val,2026-09-12 02:52:58,2026-09-12 04:18:24
scratch,0,0.03,0.03,32,0,0.3638954405543683,0.1467119656215911,0.6744526778385207,0.5277407122169295,0.0415208793330056,0.9973000542205552,False,0,0.0158455930068157,1.0,0.4,C_val,2026-09-12 02:52:58,2026-09-12 04:18:24
scratch,0,0.03,0.03,33,0,0.3841318832948268,0.1629761778169223,0.6854778801956146,0.5225017023786923,0.0492702236194003,0.9995727436231092,False,0,0.0030569215996365,1.0,0.4,C_val,2026-09-12 02:52:58,2026-09-12 04:18:24
scratch,0,0.03,0.03,34,0,0.3735523250456097,0.1515684938770292,0.6854447796452233,0.533876285768194,0.0432761892298481,1.0082246427312762,False,0,0.0083569761736725,1.0,0.4,C_val,2026-09-12 02:52:58,2026-09-12 04:18:24
scratch,0,0.03,0.03,35,0,0.349296664658655,0.1377880814858243,0.6634938918198219,0.5257058103339975,0.0380574536849264,0.9918121298115952,False,0,0.0312163394082745,1.0,0.4,C_val,2026-09-12 02:52:58,2026-09-12 04:18:24
scratch,0,0.03,0.03,36,0,0.3565903380615789,0.1347184305504183,0.6866722560705859,0.5519538255201676,0.0351532292519556,1.0218545191896846,False,0,0.0203234449109004,1.0,0.4,C_val,2026-09-12 02:52:58,2026-09-12 04:18:24
scratch,0,0.03,0.03,37,0,0.3483564662487275,0.1301027168870308,0.679800669508136,0.5496979526211052,0.0335066193908858,1.017347884883976,False,0,0.0288643512176349,1.0,0.4,C_val,2026-09-12 02:52:58,2026-09-12 04:18:24
scratch,0,0.03,0.03,38,0,0.3510066520382149,0.1268439437424796,0.6953414393695219,0.5684974956270422,0.0311929077024842,1.0380461776591698,False,0,0.0238779879946378,1.0,0.4,C_val,2026-09-12 02:52:58,2026-09-12 04:18:24
scratch,0,0.03,0.03,39,0,0.348758384470383,0.1455403095602495,0.6447685297828147,0.4992282202225652,0.0433051666622368,0.9635548753420016,False,0,0.0361813817617076,1.0,0.4,C_val,2026-09-12 02:52:58,2026-09-12 04:18:24
scratch,0,0.03,0.03,40,0,0.3569570671049478,0.137914145943867,0.680702913047323,0.5427887671034559,0.0369668161115324,1.013960361879315,False,0,0.0209711561765288,1.0,0.4,C_val,2026-09-12 02:52:58,2026-09-12 04:18:24
scratch,0,0.03,0.03,41,0,0.3720373834950485,0.1570826953170242,0.6711114204340793,0.5140287251170551,0.0472592634525129,0.9866063978290968,False,0,0.0103804741811472,1.0,0.4,C_val,2026-09-12 02:52:58,2026-09-12 04:18:24
scratch,0,0.03,0.03,42,0,0.3828323234019286,0.1456957034093084,0.7151920010252851,0.5694962976159768,0.0382533654908011,1.0456625453757096,False,0,0.0029903569920861,1.0,0.4,C_val,2026-09-12 02:52:58,2026-09-12 04:18:24
scratch,0,0.03,0.03,43,0,0.3584586919229812,0.1499084939972858,0.6563708705430101,0.5064623765457243,0.0448228860401021,0.9738917382326024,False,0,0.0233262449401081,1.0,0.4,C_val,2026-09-12 02:52:58,2026-09-12 04:18:24
scratch,0,0.03,0.03,44,0,0.3735661680444692,0.15405330920664,0.6805640195511448,0.5265107103445048,0.0449967911566707,1.0002724627513964,False,0,0.0086360450186475,1.0,0.4,C_val,2026-09-12 02:52:58,2026-09-12 04:18:24
scratch,0,0.03,0.03,45,0,0.3592088228023177,0.1547644494036251,0.6478318271734411,0.493067377769816,0.0479797207786221,0.9591135927765504,False,0,0.0240239481645403,1.0,0.4,C_val,2026-09-12 02:52:58,2026-09-12 04:18:24
scratch,0,0.03,0.03,46,0,0.3671521775002359,0.1462951774490362,0.6830489376952646,0.5367537602462285,0.0406689970939247,1.0089401842650008,False,0,0.0127113284834194,1.0,0.4,C_val,2026-09-12 02:52:58,2026-09-12 04:18:24
scratch,0,0.03,0.03,47,0,0.3535840372529401,0.1319557504957061,0.6867787852243554,0.5548230347286492,0.0340415948264397,1.0232550588390503,False,0,0.0227783582558913,1.0,0.4,C_val,2026-09-12 02:52:58,2026-09-12 04:18:24
scratch,0,0.03,0.03,0,0,1.902242383649451,1.606325028793356,2.200512321763429,0.5941872929700731,1.3075616965832588,2.503825434731096,False,0,3.949979641853133,0.0,2.5,C_val,2026-09-12 02:52:58,2026-09-12 04:18:24
scratch,0,0.03,0.03,1,0,1.931813998691613,1.6354064530837795,2.2304870801170087,0.5950806270332292,1.3361589054325411,2.534086998035588,False,0,3.5670335350296227,0.0,2.5,C_val,2026-09-12 02:52:58,2026-09-12 04:18:24
scratch,0,0.03,0.03,2,0,2.0148558940000982,1.719431809966316,2.3133272769765,0.5938954670101837,1.4229739188320714,2.6172038209555635,False,0,2.613681139046093,0.0,2.5,C_val,2026-09-12 02:52:58,2026-09-12 04:18:24
scratch,0,0.03,0.03,3,0,2.0190897837866677,1.7241900668399432,2.3171180237799742,0.592927956940031,1.4282309965463331,2.620645405093529,False,0,2.5758902169181965,0.0,2.5,C_val,2026-09-12 02:52:58,2026-09-12 04:18:24
scratch,0,0.03,0.03,4,0,1.9282043930324788,1.6313951533415283,2.226813753000871,0.5954185996593426,1.3309915180405432,2.5301652523502183,False,0,3.61535706468203,0.0,2.5,C_val,2026-09-12 02:52:58,2026-09-12 04:18:24
scratch,0,0.03,0.03,5,0,1.917022411935636,1.6224708472447062,2.2139927751098605,0.5915219278651542,1.3254672025885563,2.516063127855257,False,0,3.7918694011277694,0.0,2.5,C_val,2026-09-12 02:52:58,2026-09-12 04:18:24
scratch,0,0.03,0.03,6,0,1.8775070506824232,1.580072870989636,2.1764493109769543,0.5963764399873182,1.2784410999605296,2.480011371101367,False,0,4.264957534389396,0.0,2.5,C_val,2026-09-12 02:52:58,2026-09-12 04:18:24
scratch,0,0.03,0.03,7,0,1.9224878450651752,1.6267461726788663,2.220289465709885,0.5935432930310192,1.3278341888289331,2.522863979880438,False,0,3.705901687626465,0.0,2.5,C_val,2026-09-12 02:52:58,2026-09-12 04:18:24
scratch,0,0.03,0.03,8,0,1.943870935146326,1.645624309608354,2.2443383107645265,0.5987140011561725,1.3445485741598329,2.5497724530266166,False,0,3.3795819640436093,0.0,2.5,C_val,2026-09-12 02:52:58,2026-09-12 04:18:24
scratch,0,0.03,0.03,9,0,1.9320144670101016,1.6363222162746691,2.230035370081846,0.5937131538071769,1.337907047198552,2.533001874513338,False,0,3.579645938338217,0.0,2.5,C_val,2026-09-12 02:52:58,2026-09-12 04:18:24
scratch,0,0.03,0.03,10,0,2.062911840559233,1.7704896906958665,2.35924203674375,0.5887523460478836,1.4785243662877268,2.6614930953164007,False,0,2.156221533907228,0.0,2.5,C_val,2026-09-12 02:52:58,2026-09-12 04:18:24
scratch,0,0.03,0.03,11,0,1.9546475767784937,1.6589733919868468,2.2530378841609706,0.5940644921741238,1.3615053202398393,2.556663235176543,False,0,3.293773705190688,0.0,2.5,C_val,2026-09-12 02:52:58,2026-09-12 04:18:24
scratch,0,0.03,0.03,12,0,2.045069921053885,1.7482334984703112,2.3452227218373967,0.5969892233670855,1.450814886743933,2.650949609955924,False,0,2.27647720620007,0.0,2.5,C_val,2026-09-12 02:52:58,2026-09-12 04:18:24
scratch,0,0.03,0.03,13,0,2.075227270954072,1.781248625685873,2.3729964003682404,0.5917477746823674,1.487613604695463,2.6765942797740325,False,0,2.0188935330115783,0.0,2.5,C_val,2026-09-12 02:52:58,2026-09-12 04:18:24
scratch,0,0.03,0.03,14,0,1.8963861156648103,1.6017746199532923,2.1929144831264216,0.5911398631731293,1.3037403934107934,2.494227819544692,False,0,4.0759600792735,0.0,2.5,C_val,2026-09-12 02:52:58,2026-09-12 04:18:24
scratch,0,0.03,0.03,15,0,2.04954802579297,1.7560142551777729,2.3467267706173884,0.5907125154396156,1.4623827623639063,2.649731640848985,False,0,2.2754962059225363,0.0,2.5,C_val,2026-09-12 02:52:58,2026-09-12 04:18:24
scratch,0,0.03,0.03,16,0,2.132579210067808,1.8412342414937903,2.428411441214211,0.5871771997204205,1.5514122811964877,2.7305291182276683,False,0,1.5350029527326114,0.0,2.5,C_val,2026-09-12 02:52:58,2026-09-12 04:18:24
scratch,0,0.03,0.03,17,0,1.81906433544051,1.5214488710320206,2.1176157837524068,0.5961669127203861,1.2182635232257604,2.420467942750815,False,0,5.1052630587691965,0.0,2.5,C_val,2026-09-12 02:52:58,2026-09-12 04:18:24
scratch,0,0.03,0.03,18,0,2.0025630495805378,1.708883235007261,2.299417546720106,0.5905343117128452,1.4142865640439437,2.6017300371207965,False,0,2.774911120101024,0.0,2.5,C_val,2026-09-12 02:52:58,2026-09-12 04:18:24
scratch,0,0.03,0.03,19,0,1.9627497185056315,1.6687292393892357,2.2595462162656736,0.590816976876438,1.3729524865170637,2.5615836290232226,False,0,3.231922731400118,0.0,2.5,C_val,2026-09-12 02:52:58,2026-09-12 04:18:24
scratch,0,0.03,0.03,20,0,1.9115333703391983,1.6133379959388578,2.211747343634899,0.5984093476960413,1.311790090962221,2.5168144721063688,False,0,3.784343521285337,0.0,2.5,C_val,2026-09-12 02:52:58,2026-09-12 04:18:24
scratch,0,0.03,0.03,21,0,2.04202333349196,1.7473422351717482,2.340120340829805,0.5927781056580572,1.4521255276545308,2.643788639242136,False,0,2.3381181187724,0.0,2.5,C_val,2026-09-12 02:52:58,2026-09-12 04:18:24
scratch,0,0.03,0.03,22,0,1.9225526599067992,1.626407064839344,2.2209294186672106,0.5945223538278666,1.3273729979969795,2.524224719931729,False,0,3.689476128838578,0.0,2.5,C_val,2026-09-12 02:52:58,2026-09-12 04:18:24
scratch,0,0.03,0.03,23,0,1.887124271871464,1.5904161223655535,2.185397561319051,0.5949814389534973,1.2896125113386396,2.488311443332404,False,0,4.154122767227818,0.0,2.5,C_val,2026-09-12 02:52:58,2026-09-12 04:18:24
scratch,0,0.03,0.03,24,0,1.8929096886659385,1.5968577394358412,2.190707583769356,0.5938498443335145,1.296994528566165,2.493120031029294,False,0,4.090379782632226,0.0,2.5,C_val,2026-09-12 02:52:58,2026-09-12 04:18:24
scratch,0,0.03,0.03,25,0,1.772952464777969,1.4757353580182997,2.0703511861744768,0.5946158281561773,1.1711975021836467,2.371530507000462,False,0,5.86098379323812,0.0,2.5,C_val,2026-09-12 02:52:58,2026-09-12 04:18:24
scratch,0,0.03,0.03,26,0,1.910492490497031,1.616347079266573,2.206983819131068,0.5906367398644949,1.3194865325949403,2.5085643721622626,False,0,3.888189393957873,0.0,2.5,C_val,2026-09-12 02:52:58,2026-09-12 04:18:24
scratch,0,0.03,0.03,27,0,1.878907135703472,1.582119824454152,2.1772200211620523,0.5951001967079004,1.2810119516483929,2.48015903394219,False,0,4.263490706562152,0.0,2.5,C_val,2026-09-12 02:52:58,2026-09-12 04:18:24
scratch,0,0.03,0.03,28,0,1.973357604902784,1.678386573330968,2.271111850588627,0.592725277257659,1.3817346592437865,2.574094740565237,False,0,3.0880610424901533,0.0,2.5,C_val,2026-09-12 02:52:58,2026-09-12 04:18:24
scratch,0,0.03,0.03,29,0,1.9211759274041904,1.6252817700307087,2.219358971867922,0.5940772018372131,1.32651407608677,2.522525342801372,False,0,3.710806447463256,0.0,2.5,C_val,2026-09-12 02:52:58,2026-09-12 04:18:24
scratch,0,0.03,0.03,30,0,1.9126751281938208,1.6193277746626489,2.2082995278449604,0.5889717531823118,1.3232656957278346,2.5089413455995064,False,0,3.882978698467923,0.0,2.5,C_val,2026-09-12 02:52:58,2026-09-12 04:18:24
scratch,0,0.03,0.03,31,0,1.97160439610655,1.676679666861616,2.26924478174829,0.5925651148866742,1.3798139800485358,2.572092235588137,False,0,3.110870634627645,0.0,2.5,C_val,2026-09-12 02:52:58,2026-09-12 04:18:24
scratch,0,0.03,0.03,32,0,1.9324216898714035,1.6374116399934795,2.2299643608453312,0.5925527208518517,1.340033793483219,2.532597697481004,False,0,3.584304901134601,0.0,2.5,C_val,2026-09-12 02:52:58,2026-09-12 04:18:24
scratch,0,0.03,0.03,33,0,1.871113534851052,1.5760155151457744,2.1681242659526507,0.5921087508068763,1.2773092312385712,2.469960278323389,False,0,4.4034419305717165,0.0,2.5,C_val,2026-09-12 02:52:58,2026-09-12 04:18:24
scratch,0,0.03,0.03,34,0,1.9019452845986315,1.6049848981973938,2.200947498641196,0.5959626004438019,1.3046846890177086,2.5047823421368456,False,0,3.937646245136421,0.0,2.5,C_val,2026-09-12 02:52:58,2026-09-12 04:18:24
scratch,0,0.03,0.03,35,0,1.8974883014295705,1.6010483969353586,2.195762188375545,0.5947137914401865,1.3009873049581753,2.4988408564037017,False,0,4.015057927786984,0.0,2.5,C_val,2026-09-12 02:52:58,2026-09-12 04:18:24
scratch,0,0.03,0.03,36,0,1.9980264953937923,1.7024998045859097,2.2964651946111614,0.5939653900252517,1.405520252164994,2.6002985101622693,False,0,2.7959935635954025,0.0,2.5,C_val,2026-09-12 02:52:58,2026-09-12 04:18:24
scratch,0,0.03,0.03,37,0,2.00265496500026,1.7074853921112745,2.300847362221452,0.5933619701101773,1.4110412437993358,2.6043997687779297,False,0,2.7501322555217484,0.0,2.5,C_val,2026-09-12 02:52:58,2026-09-12 04:18:24
scratch,0,0.03,0.03,38,0,2.040445184184565,1.7461720931590947,2.338024097308826,0.5918520041497315,1.451206457372671,2.6411659733174884,False,0,2.361970689420559,0.0,2.5,C_val,2026-09-12 02:52:58,2026-09-12 04:18:24
scratch,0,0.03,0.03,39,0,1.872365270874247,1.5747969504259227,2.171320900286762,0.5965239498608395,1.2725748413614817,2.474742148975475,False,0,4.336048987464892,0.0,2.5,C_val,2026-09-12 02:52:58,2026-09-12 04:18:24
scratch,0,0.03,0.03,40,0,1.9679523821925504,1.670909972784793,2.2674954932238203,0.5965855204390274,1.3716600054838384,2.5721764450221123,False,0,3.114757028681197,0.0,2.5,C_val,2026-09-12 02:52:58,2026-09-12 04:18:24
scratch,0,0.03,0.03,41,0,1.8842225746767336,1.5877533400807582,2.182547756714312,0.5947944166335539,1.2877125584144942,2.485604586871968,False,0,4.189999508180335,0.0,2.5,C_val,2026-09-12 02:52:58,2026-09-12 04:18:24
scratch,0,0.03,0.03,42,0,2.013085942219593,1.7192104827838366,2.3102769882442016,0.591066505460365,1.424689816597979,2.612994530433167,False,0,2.65421059419532,0.0,2.5,C_val,2026-09-12 02:52:58,2026-09-12 04:18:24
scratch,0,0.03,0.03,43,0,1.8720677879618337,1.5748558283690557,2.170853884112905,0.5959980557438493,1.2733411030107515,2.474204787888692,False,0,4.343377754670655,0.0,2.5,C_val,2026-09-12 02:52:58,2026-09-12 04:18:24
scratch,0,0.03,0.03,44,0,1.887581471678832,1.5909687215030155,2.1860756970719595,0.595106975568944,1.2908321150006594,2.48940776749301,False,0,4.139399994484847,0.0,2.5,C_val,2026-09-12 02:52:58,2026-09-12 04:18:24
scratch,0,0.03,0.03,45,0,1.819561270748578,1.521559878760448,2.118425854610067,0.5968659758496189,1.2177960412994535,2.42152827959709,False,0,5.088655285151617,0.0,2.5,C_val,2026-09-12 02:52:58,2026-09-12 04:18:24
scratch,0,0.03,0.03,46,0,1.941600980181158,1.6462815870528955,2.239463180698351,0.5931815936454556,1.3486613233758282,2.5424253755413924,False,0,3.4638583762971398,0.0,2.5,C_val,2026-09-12 02:52:58,2026-09-12 04:18:24
scratch,0,0.03,0.03,47,0,1.9997547108946283,1.7056329139273123,2.297029426747835,0.5913965128205227,1.4103981878668757,2.599859383982604,False,0,2.7973785282083554,0.0,2.5,C_val,2026-09-12 02:52:58,2026-09-12 04:18:24
scratch,1,0.03,0.03,0,0,0.4887888896695648,0.15203316979871706,0.8345288635464011,0.682495693747684,0.04761853422737808,1.1414403159843016,False,0,0.05343909495786647,1.0,0.4,C_val,2026-09-12 23:47:32,2026-09-13 00:56:43
scratch,1,0.03,0.03,1,0,0.5665953638051907,0.0977986093025976,0.9094669838301083,0.8116683745275106,0.029329031990594008,1.2017555135296976,False,0,0.054110310338728596,1.0,0.4,C_val,2026-09-12 23:47:32,2026-09-13 00:56:43
scratch,1,0.03,0.03,2,0,0.2327306304809115,0.08852770139345097,0.8993990208367381,0.810871319443287,0.025051256142177764,1.2181479075080577,False,0,0.17832071486554923,1.0,0.4,C_val,2026-09-12 23:47:32,2026-09-13 00:56:43
scratch,1,0.03,0.03,3,0,0.6068446542360857,0.11305212769017133,0.9475455150284824,0.834493387338311,0.029070200808318965,1.242753199840647,False,0,0.14779429728878313,1.0,0.4,C_val,2026-09-12 23:47:32,2026-09-13 00:56:43
scratch,1,0.03,0.03,4,0,0.27628363086127,0.11406557657563461,0.7109831017400918,0.5969175251644572,0.036785735248031325,1.066274010851725,False,0,0.4034132693959691,1.0,0.4,C_val,2026-09-12 23:47:32,2026-09-13 00:56:43
scratch,1,0.03,0.03,5,0,0.5589740049103018,0.14558081578689852,0.886041413620367,0.7404605978334685,0.043580466867297996,1.181586881665399,False,0,0.19699401524849236,1.0,0.4,C_val,2026-09-12 23:47:32,2026-09-13 00:56:43
scratch,1,0.03,0.03,6,0,0.35979692786340806,0.13252455032667426,0.7675270490689718,0.6350024987422975,0.042929934824103996,1.0961668153227686,False,0,0.010400006616691826,1.0,0.4,C_val,2026-09-12 23:47:32,2026-09-13 00:56:43
scratch,1,0.03,0.03,7,0,0.3588106824544612,0.12637375404567092,0.779356703894146,0.6529829498484752,0.04019446235072638,1.1007368761976117,False,0,0.00834447487432044,1.0,0.4,C_val,2026-09-12 23:47:32,2026-09-13 00:56:43
scratch,1,0.03,0.03,8,0,0.6941854532163971,0.5124815909119318,0.9795254738986136,0.46704388298668176,0.5040892361195313,1.2612553307293433,False,0,6.0136787232950155,0.0,0.4,C_val,2026-09-12 23:47:32,2026-09-13 00:56:43
scratch,1,0.03,0.03,9,0,0.3720633145078047,0.127070271953486,0.791705878957305,0.6646356070038191,0.039504101756328736,1.1139143528466233,False,0,0.0038324650340655353,1.0,0.4,C_val,2026-09-12 23:47:32,2026-09-13 00:56:43
scratch,1,0.03,0.03,10,0,0.5444482702664146,0.1298470832853536,0.898618127527867,0.7687710442425133,0.0372423702856245,1.2040909596236178,False,0,0.780867561166815,1.0,0.4,C_val,2026-09-12 23:47:32,2026-09-13 00:56:43
scratch,1,0.03,0.03,11,0,0.5386878851805933,0.15826367078118397,0.8919518702328465,0.7336881994516625,0.04710673500113449,1.191799216229631,False,0,0.08374859615651076,1.0,0.4,C_val,2026-09-12 23:47:32,2026-09-13 00:56:43
scratch,1,0.03,0.03,12,0,0.38347213698809945,0.11453196454254717,0.8749712714302763,0.7604393068877291,0.033035479804788714,1.1957658469357273,False,0,0.0004605861904565245,1.0,0.4,C_val,2026-09-12 23:47:32,2026-09-13 00:56:43
scratch,1,0.03,0.03,13,0,0.6277548761037328,0.3647533048298575,0.9396172356430966,0.574863930813239,0.3434761441761254,1.2335424177218213,False,0,0.5993631022247428,1.0,0.4,C_val,2026-09-12 23:47:32,2026-09-13 00:56:43
scratch,1,0.03,0.03,14,0,0.3107038688636751,0.1179173961352658,0.7220784404079498,0.6041610442726839,0.03743845755668631,1.0679030076957932,False,0,0.06207613621518249,1.0,0.4,C_val,2026-09-12 23:47:32,2026-09-13 00:56:43
scratch,1,0.03,0.03,15,0,0.6436407461568278,0.3690464340303556,0.9611494136888831,0.5921029796585275,0.35342707844717824,1.2535753439821689,False,0,0.5858110322078574,1.0,0.4,C_val,2026-09-12 23:47:32,2026-09-13 00:56:43
scratch,1,0.03,0.03,16,0,0.47763151218844846,0.11601357470468383,0.9057152220243001,0.7897016473196162,0.03165626055100422,1.2214031407936117,False,0,0.011978599795838818,1.0,0.4,C_val,2026-09-12 23:47:32,2026-09-13 00:56:43
scratch,1,0.03,0.03,17,0,0.3930496698830402,0.15808312703649396,0.7285029805824023,0.5704198535459083,0.05559183345305217,1.0386255023196111,False,0,0.00036453435677685775,1.0,0.4,C_val,2026-09-12 23:47:32,2026-09-13 00:56:43
scratch,1,0.03,0.03,18,0,0.5907083474017092,0.11047366855504372,0.8980343774388703,0.7875607088838266,0.03155997797164754,1.1968637013938521,False,0,0.5326616287857178,1.0,0.4,C_val,2026-09-12 23:47:32,2026-09-13 00:56:43
scratch,1,0.03,0.03,19,0,0.21630561844883178,0.10487823117856603,0.2466428850138784,0.1417646538353124,0.034477402952387604,1.1336255863954303,False,0,1.3810688387566188,0.0,0.4,C_val,2026-09-12 23:47:32,2026-09-13 00:56:43
scratch,1,0.03,0.03,20,0,0.5822867934888203,0.12034645113008222,0.8572648721150762,0.7369184209849939,0.038955245307632426,1.1504285913063685,False,0,0.7788947393710259,1.0,0.4,C_val,2026-09-12 23:47:32,2026-09-13 00:56:43
scratch,1,0.03,0.03,21,0,0.6405247303203025,0.09396314263777557,0.9753609976615993,0.8813978550238237,0.02460298037691015,1.2693546700162066,False,0,0.2096812789568503,1.0,0.4,C_val,2026-09-12 23:47:32,2026-09-13 00:56:43
scratch,1,0.03,0.03,22,0,0.4013142729220824,0.13409187631085548,0.8147870763783451,0.6806952000674896,0.042614263204843544,1.1311460749243456,False,0,0.0,1.0,0.4,C_val,2026-09-12 23:47:32,2026-09-13 00:56:43
scratch,1,0.03,0.03,23,0,0.38738899832008594,0.13333516766315062,0.8017483943945767,0.668413226731426,0.04455221900153044,1.1106239159862006,False,0,0.0010803877885336988,1.0,0.4,C_val,2026-09-12 23:47:32,2026-09-13 00:56:43
scratch,1,0.03,0.03,24,0,0.30727409033352704,0.11514714960928824,0.7536908487303162,0.638543699121028,0.036082514744449984,1.098191304000478,False,0,0.05781864967138972,1.0,0.4,C_val,2026-09-12 23:47:32,2026-09-13 00:56:43
scratch,1,0.03,0.03,25,0,0.349902582079754,0.15028818551694087,0.6769746469491635,0.5266864614322226,0.05426206478518546,0.9962285985531673,False,0,0.029284565585840028,1.0,0.4,C_val,2026-09-12 23:47:32,2026-09-13 00:56:43
scratch,1,0.03,0.03,26,0,0.27965229998702396,0.13141874779044999,0.7803419204780236,0.6489231726875737,0.04458874217989928,1.0965548535911183,False,0,0.3123393279602169,1.0,0.4,C_val,2026-09-12 23:47:32,2026-09-13 00:56:43
scratch,1,0.03,0.03,27,0,0.3765853845913217,0.13739052776220265,0.7617686257691673,0.6243780980069646,0.044695365731492555,1.0823979700046191,False,0,0.0035540724893508013,1.0,0.4,C_val,2026-09-12 23:47:32,2026-09-13 00:56:43
scratch,1,0.03,0.03,28,0,0.5747416664578217,0.13684620201996633,0.8919642978733607,0.7551180958533944,0.03825348713144358,1.1856009903799087,False,0,0.2780153866006003,1.0,0.4,C_val,2026-09-12 23:47:32,2026-09-13 00:56:43
scratch,1,0.03,0.03,29,0,0.34591189968158587,0.13595316719594755,0.7496229253722475,0.6136697581763,0.04572116122109339,1.0770395079071735,False,0,0.017709166855638614,1.0,0.4,C_val,2026-09-12 23:47:32,2026-09-13 00:56:43
scratch,1,0.03,0.03,30,0,0.5197423470644679,0.12094044221068453,0.8180776531245084,0.6971372109138239,0.040465074795416375,1.1168879490840538,False,0,0.5475790091622912,1.0,0.4,C_val,2026-09-12 23:47:32,2026-09-13 00:56:43
scratch,1,0.03,0.03,31,0,0.405631530369995,0.11522806193656064,0.8466142939245807,0.73138623198802,0.03425919427941239,1.1607597419891307,False,0,2.7577294531511143e-05,1.0,0.4,C_val,2026-09-12 23:47:32,2026-09-13 00:56:43
scratch,1,0.03,0.03,32,0,0.5090500461928119,0.13350173645178642,0.8870934427127214,0.753591706260935,0.03836902659587181,1.191772779185252,False,0,0.038159684347192524,1.0,0.4,C_val,2026-09-12 23:47:32,2026-09-13 00:56:43
scratch,1,0.03,0.03,33,0,0.4926338573477387,0.1675281984235281,0.8426777414274731,0.675149543003945,0.051833458240310076,1.1447384027086989,False,0,0.05038152459383127,1.0,0.4,C_val,2026-09-12 23:47:32,2026-09-13 00:56:43
scratch,1,0.03,0.03,34,0,0.5051763363941569,0.12970235991543472,0.8855527163145259,0.7558503563990913,0.038298123018300316,1.1880612627251677,False,0,0.03160852333166986,1.0,0.4,C_val,2026-09-12 23:47:32,2026-09-13 00:56:43
scratch,1,0.03,0.03,35,0,0.7568124212387147,0.7179189370761252,0.9427886304756081,0.22486969339948293,0.1365541963007619,1.1945646855440117,False,0,3.0033336325141136,0.0,0.4,C_val,2026-09-12 23:47:32,2026-09-13 00:56:43
scratch,1,0.03,0.03,36,0,0.31566532119062973,0.1107946424842386,0.8080095945998647,0.697214952115626,0.03309093156855703,1.1434337604294496,False,0,0.03404999669874087,1.0,0.4,C_val,2026-09-12 23:47:32,2026-09-13 00:56:43
scratch,1,0.03,0.03,37,0,0.5599419492530343,0.11782027533576862,0.8990168166829712,0.7811965413472025,0.0320231331675762,1.1972035816721234,False,0,0.11958266845249454,1.0,0.4,C_val,2026-09-12 23:47:32,2026-09-13 00:56:43
scratch,1,0.03,0.03,38,0,0.6278104349270943,0.34210426322190074,0.9720812407705337,0.629976977548633,0.02622219665683698,1.2692457053449975,False,0,0.2000820849716547,1.0,0.4,C_val,2026-09-12 23:47:32,2026-09-13 00:56:43
scratch,1,0.03,0.03,39,0,0.7920315328405527,0.699543256624521,1.0098305339235338,0.31028727729901284,0.694577279075457,1.2633879670216024,False,0,7.22187712320374,0.0,0.4,C_val,2026-09-12 23:47:32,2026-09-13 00:56:43
scratch,1,0.03,0.03,40,0,0.4175340270866994,0.12444381498563858,0.8562742228432964,0.7318304078576577,0.037622495243691205,1.1726670216848574,False,0,0.0006797195965191349,1.0,0.4,C_val,2026-09-12 23:47:32,2026-09-13 00:56:43
scratch,1,0.03,0.03,41,0,0.4226761228938491,0.16427973459282758,0.7750999081057528,0.6108201735129253,0.05498275493746775,1.0877431198623084,False,0,0.004110887643037131,1.0,0.4,C_val,2026-09-12 23:47:32,2026-09-13 00:56:43
scratch,1,0.03,0.03,42,0,0.4143230963746021,0.13026608252786165,0.8335830860344386,0.703317003506577,0.03929721467450216,1.1541201085266253,False,0,0.000739743987651309,1.0,0.4,C_val,2026-09-12 23:47:32,2026-09-13 00:56:43
scratch,1,0.03,0.03,43,0,0.40118774332835017,0.15594239386452763,0.7670728221676125,0.611130428303085,0.0525244584392037,1.0859805909255698,False,0,0.0,1.0,0.4,C_val,2026-09-12 23:47:32,2026-09-13 00:56:43
scratch,1,0.03,0.03,44,0,0.41489167640664426,0.163536545205759,0.7665635620621737,0.6030270168564147,0.055505587793167145,1.0807586448955817,False,0,0.0016652880949550308,1.0,0.4,C_val,2026-09-12 23:47:32,2026-09-13 00:56:43
scratch,1,0.03,0.03,45,0,0.3975963780093844,0.15348162817616234,0.7621029013421539,0.6086212731659915,0.05182861353300896,1.0783121154639266,False,0,0.0,1.0,0.4,C_val,2026-09-12 23:47:32,2026-09-13 00:56:43
scratch,1,0.03,0.03,46,0,0.5227708330500757,0.4072019409628954,0.8295906285752946,0.4223886876123992,0.04014800008040694,1.1305998046216394,False,0,2.381107051678555,0.0,0.4,C_val,2026-09-12 23:47:32,2026-09-13 00:56:43
scratch,1,0.03,0.03,47,0,0.45005276038354114,0.13170792080539293,0.8401107144153089,0.708402793609916,0.038834834773787616,1.1529160865069858,False,0,0.010042885012808256,1.0,0.4,C_val,2026-09-12 23:47:32,2026-09-13 00:56:43
scratch,1,0.03,0.03,0,0,1.9399353219465385,1.6654353468834941,2.219484843489057,0.5540494966055627,1.3927574339594255,2.505659573157983,False,0,3.9219651288913155,0.0,2.5,C_val,2026-09-12 23:47:32,2026-09-13 00:56:43
scratch,1,0.03,0.03,1,0,2.0029222636793853,1.7327450212211266,2.279609483295767,0.5468644620746406,1.4669750535361277,2.5638935092871766,False,0,3.159992854416487,0.0,2.5,C_val,2026-09-12 23:47:32,2026-09-13 00:56:43
scratch,1,0.03,0.03,2,0,2.0979280248457157,1.8259182264324576,2.3761083573167334,0.5501901308842758,1.5581945720185106,2.661128306780263,False,0,2.0661919028243574,0.0,2.5,C_val,2026-09-12 23:47:32,2026-09-13 00:56:43
scratch,1,0.03,0.03,3,0,2.086854448264781,1.8185272145114482,2.3592242741353675,0.5406970596239193,1.5541288886834401,2.622471039641203,False,0,2.304508381694177,0.0,2.5,C_val,2026-09-12 23:47:32,2026-09-13 00:56:43
scratch,1,0.03,0.03,4,0,1.956706502420325,1.6825795820900966,2.2357700685328976,0.553190486442801,1.4101269053616852,2.521492931126128,False,0,3.7079432505452132,0.0,2.5,C_val,2026-09-12 23:47:32,2026-09-13 00:56:43
scratch,1,0.03,0.03,5,0,1.9924879482379427,1.723855945880584,2.26610804349273,0.5422520976121459,1.4583940126214785,2.543976136389089,False,0,3.3925464983985876,0.0,2.5,C_val,2026-09-12 23:47:32,2026-09-13 00:56:43
scratch,1,0.03,0.03,6,0,1.9412513619156384,1.6672174003700688,2.2206262253582345,0.5534088249881657,1.3953922463609305,2.5069811958172368,False,0,3.904088589199091,0.0,2.5,C_val,2026-09-12 23:47:32,2026-09-13 00:56:43
scratch,1,0.03,0.03,7,0,1.963636766076745,1.6914760073350736,2.241238473368104,0.5497624660330303,1.421963994134234,2.5258015267528036,False,0,3.649450984572468,0.0,2.5,C_val,2026-09-12 23:47:32,2026-09-13 00:56:43
scratch,1,0.03,0.03,8,0,2.0558227227165133,1.786868563853044,2.3303553405177393,0.5434867766646954,1.5226015507540198,2.5553721689077973,False,0,2.68345129741283,0.0,2.5,C_val,2026-09-12 23:47:32,2026-09-13 00:56:43
scratch,1,0.03,0.03,9,0,1.9747738398344938,1.7024735710798446,2.252565736187749,0.5500921651079045,1.4330288592997087,2.5371938740323587,False,0,3.49955202459023,0.0,2.5,C_val,2026-09-12 23:47:32,2026-09-13 00:56:43
scratch,1,0.03,0.03,10,0,2.0698288067095785,1.7977661015991888,2.347881850343264,0.5501157487440751,1.5296422939873666,2.6326741346467384,False,0,2.3619821306856466,0.0,2.5,C_val,2026-09-12 23:47:32,2026-09-13 00:56:43
scratch,1,0.03,0.03,11,0,1.999122001324331,1.7272030463102146,2.275650876389683,0.5484478300794686,1.4584481322932878,2.5147900015002778,False,0,3.338455651068216,0.0,2.5,C_val,2026-09-12 23:47:32,2026-09-13 00:56:43
scratch,1,0.03,0.03,12,0,2.091067961224894,1.8168653528530605,2.3715174784362327,0.5546521255831722,1.5466393890231,2.659535359714004,False,0,2.1009754081314895,0.0,2.5,C_val,2026-09-12 23:47:32,2026-09-13 00:56:43
scratch,1,0.03,0.03,13,0,2.085781638353342,1.8172344141883472,2.344318122787869,0.5270837085995219,1.5510806438773064,2.5504759489233666,False,0,2.861428311694908,0.0,2.5,C_val,2026-09-12 23:47:32,2026-09-13 00:56:43
scratch,1,0.03,0.03,14,0,1.9250409120718233,1.6582953373055471,2.1939180072471722,0.5356226699416251,1.392325564450802,2.456854927225299,False,0,4.7816201171517605,0.0,2.5,C_val,2026-09-12 23:47:32,2026-09-13 00:56:43
scratch,1,0.03,0.03,15,0,2.109210539675839,1.8380023891726731,2.3872254006468396,0.5492230114741665,1.571786879459632,2.6731803535234153,False,0,1.9536721694785228,0.0,2.5,C_val,2026-09-12 23:47:32,2026-09-13 00:56:43
scratch,1,0.03,0.03,16,0,2.1490500265531947,1.8760676466267832,2.4285098155075273,0.5524421688807442,1.6076395130523142,2.7154792926677715,False,0,1.566489580716734,0.0,2.5,C_val,2026-09-12 23:47:32,2026-09-13 00:56:43
scratch,1,0.03,0.03,17,0,1.83815154808742,1.5620406903433857,2.1182196618921436,0.556178971548758,1.2856445697966148,2.404360255613087,False,0,5.4240906975574035,0.0,2.5,C_val,2026-09-12 23:47:32,2026-09-13 00:56:43
scratch,1,0.03,0.03,18,0,2.0484794107307187,1.7777814312395241,2.325191213832336,0.5474097825928119,1.5110309181961616,2.608747920534461,False,0,2.621570946495922,0.0,2.5,C_val,2026-09-12 23:47:32,2026-09-13 00:56:43
scratch,1,0.03,0.03,19,0,1.9960537906195408,1.7208212500512492,2.2765337494962545,0.5557124994450053,1.4480291369443836,2.563856700084652,False,0,3.1679739611427067,0.0,2.5,C_val,2026-09-12 23:47:32,2026-09-13 00:56:43
scratch,1,0.03,0.03,20,0,1.9516297967008163,1.6786175399929715,2.2294768322788667,0.5508592922858953,1.4079596665307375,2.5125413177886657,False,0,3.8255052765016444,0.0,2.5,C_val,2026-09-12 23:47:32,2026-09-13 00:56:43
scratch,1,0.03,0.03,21,0,2.1111672207824284,1.842734152385855,2.385240809356499,0.5425066569706443,1.5788612447385493,2.662814355444986,False,0,1.9972175089278608,0.0,2.5,C_val,2026-09-12 23:47:32,2026-09-13 00:56:43
scratch,1,0.03,0.03,22,0,1.9758316347655174,1.7013590322677723,2.2559092070975297,0.5545501748297574,1.4296654315325437,2.543251485798601,False,0,3.4267845059184765,0.0,2.5,C_val,2026-09-12 23:47:32,2026-09-13 00:56:43
scratch,1,0.03,0.03,23,0,1.9388234199314784,1.664926952681275,2.217812563715548,0.5528856110342728,1.3928798832873048,2.5036049572726315,False,0,3.950079556030687,0.0,2.5,C_val,2026-09-12 23:47:32,2026-09-13 00:56:43
scratch,1,0.03,0.03,24,0,1.9694872976702231,1.696950746749785,2.247609124303683,0.550658377553898,1.4270681920445123,2.5329863044800787,False,0,3.556049136641377,0.0,2.5,C_val,2026-09-12 23:47:32,2026-09-13 00:56:43
scratch,1,0.03,0.03,25,0,1.8024763694992216,1.5279354917673122,2.0807316490318835,0.5527961572645712,1.2523359579921314,2.365074636885992,False,0,6.079546704691893,0.0,2.5,C_val,2026-09-12 23:47:32,2026-09-13 00:56:43
scratch,1,0.03,0.03,26,0,1.9437785644953849,1.67011076940591,2.2226296869564792,0.5525189175505691,1.3985564798399042,2.5084489342038028,False,0,3.8839846290793503,0.0,2.5,C_val,2026-09-12 23:47:32,2026-09-13 00:56:43
scratch,1,0.03,0.03,27,0,1.923690065595462,1.6512690940754535,2.2006645434770595,0.549395449401606,1.3804196840544845,2.483251090790479,False,0,4.237928299633495,0.0,2.5,C_val,2026-09-12 23:47:32,2026-09-13 00:56:43
scratch,1,0.03,0.03,28,0,2.0155030376445797,1.7459172710404,2.2906873579034484,0.5447700868630483,1.47997539012915,2.571823311885993,False,0,3.0497237992822193,0.0,2.5,C_val,2026-09-12 23:47:32,2026-09-13 00:56:43
scratch,1,0.03,0.03,29,0,1.9309727607881517,1.6543195140500762,2.2123625914736644,0.5580430774235883,1.3789014471722731,2.500295869710428,False,0,3.995908503380633,0.0,2.5,C_val,2026-09-12 23:47:32,2026-09-13 00:56:43
scratch,1,0.03,0.03,30,0,1.9552360849341506,1.6852282317342568,2.230909316835988,0.5456810851017313,1.4180556135778342,2.513718574139992,False,0,3.8105427797963785,0.0,2.5,C_val,2026-09-12 23:47:32,2026-09-13 00:56:43
scratch,1,0.03,0.03,31,0,2.006073537700448,1.7332585628724335,2.284833020766826,0.5515744578943924,1.4639022744710715,2.570997418110607,False,0,3.0779920790955657,0.0,2.5,C_val,2026-09-12 23:47:32,2026-09-13 00:56:43
scratch,1,0.03,0.03,32,0,2.0430327341851258,1.772973907511214,2.318728806004555,0.5457548984933411,1.5067687928287214,2.599233835149807,False,0,2.712219605818973,0.0,2.5,C_val,2026-09-12 23:47:32,2026-09-13 00:56:43
scratch,1,0.03,0.03,33,0,1.9429360176314103,1.6715058749070424,2.2193802301309287,0.5478743552238863,1.4026442313666905,2.4798953652393187,False,0,4.272240785550821,0.0,2.5,C_val,2026-09-12 23:47:32,2026-09-13 00:56:43
scratch,1,0.03,0.03,34,0,1.9908079357042403,1.7193228647037238,2.268013730034836,0.5486908653311122,1.4514298874571885,2.5502946520148124,False,0,3.317422377913317,0.0,2.5,C_val,2026-09-12 23:47:32,2026-09-13 00:56:43
scratch,1,0.03,0.03,35,0,1.9170487363740039,1.6460117570600743,2.193431193591329,0.5474194365312548,1.3779093837977117,2.4760879588791136,False,0,4.341314058547141,0.0,2.5,C_val,2026-09-12 23:47:32,2026-09-13 00:56:43
scratch,1,0.03,0.03,36,0,2.0072264393694454,1.7341513166693556,2.285660691460992,0.5515093747916364,1.4640610589254006,2.570110396647172,False,0,3.0807519761619915,0.0,2.5,C_val,2026-09-12 23:47:32,2026-09-13 00:56:43
scratch,1,0.03,0.03,37,0,2.0553574069339002,1.785285215324536,2.331146727719434,0.545861512394898,1.5192068236275162,2.6122639710252487,False,0,2.566892177608679,0.0,2.5,C_val,2026-09-12 23:47:32,2026-09-13 00:56:43
scratch,1,0.03,0.03,38,0,2.1377927918837223,1.8671003914814492,2.4153417115515965,0.5482413200701473,1.60148742007504,2.7008646486396914,False,0,1.6884888769091049,0.0,2.5,C_val,2026-09-12 23:47:32,2026-09-13 00:56:43
scratch,1,0.03,0.03,39,0,2.0043985719182733,1.7357146377340291,2.280105258900909,0.5443906211668799,1.4724211935230411,2.5636310266283817,False,0,3.161352171755425,0.0,2.5,C_val,2026-09-12 23:47:32,2026-09-13 00:56:43
scratch,1,0.03,0.03,40,0,2.0334871581851215,1.7599383416402852,2.3127848515787357,0.5528465099384505,1.4898900828847021,2.59909043093171,False,0,2.7447785732838383,0.0,2.5,C_val,2026-09-12 23:47:32,2026-09-13 00:56:43
scratch,1,0.03,0.03,41,0,1.9144183230546374,1.6409120058362234,2.1926885564252467,0.5517765505890233,1.3689506212923785,2.477443481719648,False,0,4.318499746845191,0.0,2.5,C_val,2026-09-12 23:47:32,2026-09-13 00:56:43
scratch,1,0.03,0.03,42,0,2.0591846726686414,1.7856831124786852,2.338421459154935,0.5527383466762497,1.5157028203201564,2.6236970151842134,False,0,2.459809472933557,0.0,2.5,C_val,2026-09-12 23:47:32,2026-09-13 00:56:43
scratch,1,0.03,0.03,43,0,1.9138547531709913,1.6401944284019698,2.1921191158993394,0.5519246874973696,1.3679743113625662,2.476470495227478,False,0,4.3335000861407025,0.0,2.5,C_val,2026-09-12 23:47:32,2026-09-13 00:56:43
scratch,1,0.03,0.03,44,0,1.8909014525661585,1.6157877180213895,2.1706295433126725,0.554841825291283,1.341635584832391,2.4565636519511576,False,0,4.622187156601285,0.0,2.5,C_val,2026-09-12 23:47:32,2026-09-13 00:56:43
scratch,1,0.03,0.03,45,0,1.8904042530761775,1.6164955628983957,2.1689777785119113,0.5524822156135156,1.3437410978086892,2.4538572979272937,False,0,4.664329489056399,0.0,2.5,C_val,2026-09-12 23:47:32,2026-09-13 00:56:43
scratch,1,0.03,0.03,46,0,1.9762985705583531,1.7013122148725197,2.2565596704974973,0.5552474556249776,1.4288234760424214,2.543686186752966,False,0,3.420424101055687,0.0,2.5,C_val,2026-09-12 23:47:32,2026-09-13 00:56:43
scratch,1,0.03,0.03,47,0,2.0234494726066363,1.751006692248391,2.3020333211769732,0.5510266289285823,1.482347846461088,2.588155936042347,False,0,2.8724456095405912,0.0,2.5,C_val,2026-09-12 23:47:32,2026-09-13 00:56:43
scratch,2,0.03,0.03,0,0,0.7529638442129081,0.7101501479180522,0.9861646114089695,0.2760144634909173,0.04942615303030108,1.2455875067054138,False,0,1.4185072552718339,0.0,0.4,C_val,2026-09-13 01:58:58,2026-09-13 03:43:25
scratch,2,0.03,0.03,1,0,0.15304679926134526,0.06976935576963618,0.9241773582498589,0.8544080024802228,0.02293095678354171,1.232887509354,False,0,0.8325841037403734,1.0,0.4,C_val,2026-09-13 01:58:58,2026-09-13 03:43:25
scratch,2,0.03,0.03,2,0,0.8146375017087499,0.6679845766705234,1.0820604969264815,0.4140759202559582,0.05410196989250009,1.347057378148021,False,0,3.0588724926092254,0.0,0.4,C_val,2026-09-13 01:58:58,2026-09-13 03:43:25
scratch,2,0.03,0.03,3,0,0.13739597207865506,0.06303836438278451,0.17448660261246027,0.11144823822967576,0.018947435759868726,1.2835284627301609,False,0,0.8048055170074804,0.0,0.4,C_val,2026-09-13 01:58:58,2026-09-13 03:43:25
scratch,2,0.03,0.03,4,0,0.7342729551707572,0.4481149644223025,1.0206977163816549,0.5725827519593524,0.01911906277167294,1.2893780493004434,False,0,3.980639204492036,0.0,0.4,C_val,2026-09-13 01:58:58,2026-09-13 03:43:25
scratch,2,0.03,0.03,5,0,0.8947311443626548,0.43517982162303287,1.0352843236860758,0.6001045020630429,0.033969936771463295,1.2688342119793414,False,0,1.2869440486210806,0.0,0.4,C_val,2026-09-13 01:58:58,2026-09-13 03:43:25
scratch,2,0.03,0.03,6,0,0.20591347823912431,0.09421080046531183,0.8664093644270112,0.7721985639616994,0.03410624487829973,1.1795326238041548,False,0,0.4190188141838007,1.0,0.4,C_val,2026-09-13 01:58:58,2026-09-13 03:43:25
scratch,2,0.03,0.03,7,0,0.19236160629996285,0.08880046867609445,0.2841921038136675,0.19539163513757304,0.031157840636758374,1.1417362767670165,False,0,1.3125099944227259,0.0,0.4,C_val,2026-09-13 01:58:58,2026-09-13 03:43:25
scratch,2,0.03,0.03,8,0,0.824490553690395,0.800498409435789,1.039739038554625,0.23924062911883603,0.027771871896208788,1.298513223534617,False,0,1.18399491197124,0.0,0.4,C_val,2026-09-13 01:58:58,2026-09-13 03:43:25
scratch,2,0.03,0.03,9,0,0.7563940435195975,0.7056057992607444,0.9923672053222501,0.2867614060615057,0.05503746326802338,1.252835502990028,False,0,1.992298414450488,0.0,0.4,C_val,2026-09-13 01:58:58,2026-09-13 03:43:25
scratch,2,0.03,0.03,10,0,0.18224492214863522,0.07886799721458955,0.9575725387466408,0.8787045415320512,0.025743710758635012,1.2598801834194073,False,0,0.5344106962147634,1.0,0.4,C_val,2026-09-13 01:58:58,2026-09-13 03:43:25
scratch,2,0.03,0.03,11,0,0.648644861690954,0.1005754961370928,0.9613897868738966,0.8608142907368038,0.035706520542715885,1.2389303934868725,False,0,0.18536943683284335,1.0,0.4,C_val,2026-09-13 01:58:58,2026-09-13 03:43:25
scratch,2,0.03,0.03,12,0,0.6925095461483458,0.5307001546022844,1.0026529865991183,0.4719528319968339,0.014159725540633196,1.281491342796276,False,0,0.9717712879828468,0.0,0.4,C_val,2026-09-13 01:58:58,2026-09-13 03:43:25
scratch,2,0.03,0.03,13,0,0.1603735410541873,0.06861675443289439,0.9476825679422388,0.8790658135093444,0.020550945081426013,1.269662000540278,False,0,0.8370778521748434,1.0,0.4,C_val,2026-09-13 01:58:58,2026-09-13 03:43:25
scratch,2,0.03,0.03,14,0,0.16688202662544713,0.0756141874406699,0.8391493641851134,0.7635351767444435,0.025667265303668425,1.1902995826897258,False,0,0.8695924159692368,1.0,0.4,C_val,2026-09-13 01:58:58,2026-09-13 03:43:25
scratch,2,0.03,0.03,15,0,0.7834711762408085,0.6743790913332003,1.0526630165575945,0.37828392522439425,0.015008801912927243,1.3196705184533848,False,0,2.982044491578563,0.0,0.4,C_val,2026-09-13 01:58:58,2026-09-13 03:43:25
scratch,2,0.03,0.03,16,0,0.16333203755816555,0.06948818332253902,1.0501907644433954,0.9807025811208564,0.020989297789379448,1.3287736727173456,False,0,0.7299252938137215,1.0,0.4,C_val,2026-09-13 01:58:58,2026-09-13 03:43:25
scratch,2,0.03,0.03,17,0,0.23091089407344464,0.1057315921121803,0.8273283828295329,0.7215967907173526,0.03970868586168711,1.2052578302138595,False,0,0.249660426259652,1.0,0.4,C_val,2026-09-13 01:58:58,2026-09-13 03:43:25
scratch,2,0.03,0.03,18,0,0.7782147220719593,0.08064033209537504,1.0203925608785782,0.9397522287832032,0.02628626797680831,1.2902717345188863,False,0,0.5733019471954321,1.0,0.4,C_val,2026-09-13 01:58:58,2026-09-13 03:43:25
scratch,2,0.03,0.03,19,0,0.19153248663515854,0.08631313264659207,0.834670619600289,0.7483574869536969,0.029715315343203624,1.171880963821287,False,0,0.5458877410237619,1.0,0.4,C_val,2026-09-13 01:58:58,2026-09-13 03:43:25
scratch,2,0.03,0.03,20,0,0.7557102529146034,0.7212531644509357,0.9748033151537405,0.25355015070280484,0.04140111335676762,1.2354050950127893,False,0,1.1206081951895612,0.0,0.4,C_val,2026-09-13 01:58:58,2026-09-13 03:43:25
scratch,2,0.03,0.03,21,0,0.7922853633274716,0.567321263633538,1.0691639714912804,0.5018427078577424,0.01588993873171576,1.3352586402837858,False,0,2.2315108375223645,0.0,0.4,C_val,2026-09-13 01:58:58,2026-09-13 03:43:25
scratch,2,0.03,0.03,22,0,0.22066932587408378,0.09626380997857158,0.8862365338053745,0.789972723826803,0.0338986670318628,1.1989763055959899,False,0,0.26859273169975495,1.0,0.4,C_val,2026-09-13 01:58:58,2026-09-13 03:43:25
scratch,2,0.03,0.03,23,0,0.20790456122635184,0.09390615770158466,0.7999086899618797,0.7060025322602951,0.03349029798975961,1.1506850283526018,False,0,0.43401759493281133,1.0,0.4,C_val,2026-09-13 01:58:58,2026-09-13 03:43:25
scratch,2,0.03,0.03,24,0,0.18064087281596394,0.08212603288724503,0.8178566530160667,0.7357306201288216,0.02831990954710621,1.16831790896725,False,0,0.71410363843097,1.0,0.4,C_val,2026-09-13 01:58:58,2026-09-13 03:43:25
scratch,2,0.03,0.03,25,0,0.2415265501397519,0.11473299021136572,0.7440723244864734,0.6293393342751077,0.04542587543622222,1.1554724778939307,False,0,0.258346150010766,1.0,0.4,C_val,2026-09-13 01:58:58,2026-09-13 03:43:25
scratch,2,0.03,0.03,26,0,0.8181102450068747,0.7926039591281072,1.0127406212935715,0.22013666216546424,0.07725599208346723,1.2583458680677129,False,0,3.3367131173254165,0.0,0.4,C_val,2026-09-13 01:58:58,2026-09-13 03:43:25
scratch,2,0.03,0.03,27,0,0.8748125132094867,0.43433624052818337,1.0349462236878286,0.6006099831596452,0.025206779411706945,1.2785754761167958,False,0,1.384614385486202,0.0,0.4,C_val,2026-09-13 01:58:58,2026-09-13 03:43:25
scratch,2,0.03,0.03,28,0,0.20244165385395219,0.08801469994575468,0.8841432444643442,0.7961285445185895,0.02963598358163946,1.2086081709530065,False,0,0.3953115558688296,1.0,0.4,C_val,2026-09-13 01:58:58,2026-09-13 03:43:25
scratch,2,0.03,0.03,29,0,0.6016370245241752,0.5229295651789349,0.9080600955004395,0.3851305303215047,0.026986284493644864,1.1923883444396162,False,0,1.2978490327077452,0.0,0.4,C_val,2026-09-13 01:58:58,2026-09-13 03:43:25
scratch,2,0.03,0.03,30,0,0.701469228260938,0.6244381214908099,0.9702130809469707,0.34577495945616077,0.05444747985736313,1.23627116891777,False,0,1.69064645965409,0.0,0.4,C_val,2026-09-13 01:58:58,2026-09-13 03:43:25
scratch,2,0.03,0.03,31,0,0.7344283998342073,0.6819774399199185,1.0005649428290064,0.3185875029090879,0.02234033407026538,1.2721065507814526,False,0,1.1998798108761548,0.0,0.4,C_val,2026-09-13 01:58:58,2026-09-13 03:43:25
scratch,2,0.03,0.03,32,0,0.9328253489784529,0.8969091115571267,1.1029848895117274,0.20607577795460064,0.8831141939720345,1.333125444993614,False,0,4.313931285054423,0.0,0.4,C_val,2026-09-13 01:58:58,2026-09-13 03:43:25
scratch,2,0.03,0.03,33,0,0.23325758004679442,0.10453611530436484,0.8941147288513815,0.7895786135470167,0.038444597037269344,1.1886846031367984,False,0,0.20549595049305935,1.0,0.4,C_val,2026-09-13 01:58:58,2026-09-13 03:43:25
scratch,2,0.03,0.03,34,0,0.20276560976510255,0.09094609558553923,0.8151275062178296,0.7241814106322904,0.032044242854690715,1.1595948241840184,False,0,0.45172676994116046,1.0,0.4,C_val,2026-09-13 01:58:58,2026-09-13 03:43:25
scratch,2,0.03,0.03,35,0,0.6768355379287614,0.09371425525828522,0.9650540069666064,0.8713397517083211,0.033622592968463275,1.233047595325617,False,0,0.31327110361962696,1.0,0.4,C_val,2026-09-13 01:58:58,2026-09-13 03:43:25
scratch,2,0.03,0.03,36,0,0.882712500327872,0.8385364053299346,1.0923827085297355,0.25384630319980095,0.029906365493325256,1.3436420735308956,False,0,2.9043893671041587,0.0,0.4,C_val,2026-09-13 01:58:58,2026-09-13 03:43:25
scratch,2,0.03,0.03,37,0,0.1781971220393759,0.0771274052743006,0.8221567436378351,0.7450293383635345,0.02494359957745751,1.205310421913402,False,0,0.6683606062688341,1.0,0.4,C_val,2026-09-13 01:58:58,2026-09-13 03:43:25
scratch,2,0.03,0.03,38,0,0.14513831249423811,0.06149601964106122,0.3486932119758472,0.28719719233478597,0.017908344141268018,1.2585739797119713,False,0,1.148467818446079,0.0,0.4,C_val,2026-09-13 01:58:58,2026-09-13 03:43:25
scratch,2,0.03,0.03,39,0,0.18045194689123342,0.08116659727893469,0.8966167728031263,0.8154501755241916,0.027787851344044292,1.2090675133821,False,0,0.6531809682528547,1.0,0.4,C_val,2026-09-13 01:58:58,2026-09-13 03:43:25
scratch,2,0.03,0.03,40,0,0.7199792974057758,0.3697118362047316,1.0136880636460277,0.6439762274412961,0.020961657801323592,1.2858103652720176,False,0,0.5707937071856577,1.0,0.4,C_val,2026-09-13 01:58:58,2026-09-13 03:43:25
scratch,2,0.03,0.03,41,0,0.24652608985152275,0.10846964367009478,0.765355794711425,0.6568861510413302,0.04056946404015974,1.1791683524639813,False,0,0.18669710774702253,1.0,0.4,C_val,2026-09-13 01:58:58,2026-09-13 03:43:25
scratch,2,0.03,0.03,42,0,0.19846615553192234,0.0869042455245318,0.9385957453070592,0.8516914997825275,0.029353204820310043,1.2395208111046812,False,0,0.40352665351019823,1.0,0.4,C_val,2026-09-13 01:58:58,2026-09-13 03:43:25
scratch,2,0.03,0.03,43,0,0.6255533813410836,0.41667847963967586,0.9150230288216857,0.4983445491820099,0.03883740580889891,1.185423826358351,False,0,1.9639963767731388,0.0,0.4,C_val,2026-09-13 01:58:58,2026-09-13 03:43:25
scratch,2,0.03,0.03,44,0,0.2801257812121735,0.11870909959681966,0.8539988577619195,0.7352897581650999,0.04497452936863205,1.1519099499959589,False,0,0.06496465668897144,1.0,0.4,C_val,2026-09-13 01:58:58,2026-09-13 03:43:25
scratch,2,0.03,0.03,45,0,0.22165555278440444,0.11083307178204199,0.8043545676243431,0.693521495842301,0.042917753514808046,1.11221845315283,False,0,0.7300325366668403,1.0,0.4,C_val,2026-09-13 01:58:58,2026-09-13 03:43:25
scratch,2,0.03,0.03,46,0,0.7236255079621458,0.690305965187049,0.9482875310663998,0.25798156587935084,0.03821488311969422,1.2130469796934251,False,0,0.8143129144227714,0.0,0.4,C_val,2026-09-13 01:58:58,2026-09-13 03:43:25
scratch,2,0.03,0.03,47,0,0.7318309433293545,0.6159810737751238,1.013799768022513,0.39781869424738925,0.01944487192335938,1.2835625942421411,False,0,2.0318293778000225,0.0,0.4,C_val,2026-09-13 01:58:58,2026-09-13 03:43:25
scratch,2,0.03,0.03,0,0,1.9763916627102802,1.7165648530437834,2.2439756618894853,0.5274108088457019,1.4629054473311907,2.520292453913873,False,0,3.7158303012765828,0.0,2.5,C_val,2026-09-13 01:58:58,2026-09-13 03:43:25
scratch,2,0.03,0.03,1,0,2.0147371717557947,1.7535113462684857,2.283707528794091,0.5301961825256052,1.4985585888687158,2.5613020396866384,False,0,3.1750839025080495,0.0,2.5,C_val,2026-09-13 01:58:58,2026-09-13 03:43:25
scratch,2,0.03,0.03,2,0,2.1274249306440782,1.8664597484652337,2.3963230263652138,0.5298632778999801,1.6121257302402514,2.673987682233823,False,0,1.8963436643025489,0.0,2.5,C_val,2026-09-13 01:58:58,2026-09-13 03:43:25
scratch,2,0.03,0.03,3,0,2.120508591736028,1.8599160981794856,2.3890101289950287,0.5290940308155432,1.6060154428109858,2.6662476132825326,False,0,1.9717447667171655,0.0,2.5,C_val,2026-09-13 01:58:58,2026-09-13 03:43:25
scratch,2,0.03,0.03,4,0,2.0620894262293,1.8028256623086063,2.329127446741583,0.5263017844329767,1.5498325517570122,2.6047897139432936,False,0,2.6361332011547347,0.0,2.5,C_val,2026-09-13 01:58:58,2026-09-13 03:43:25
scratch,2,0.03,0.03,5,0,1.9769966220755468,1.714681585233721,2.246301184122244,0.5316195988885231,1.4573607144915373,2.523772001356124,False,0,3.6689667203245335,0.0,2.5,C_val,2026-09-13 01:58:58,2026-09-13 03:43:25
scratch,2,0.03,0.03,6,0,1.9601765521943821,1.6981795450958614,2.2293656171441123,0.5311860720482509,1.441425381630071,2.5068426831366795,False,0,3.9031986583468097,0.0,2.5,C_val,2026-09-13 01:58:58,2026-09-13 03:43:25
scratch,2,0.03,0.03,7,0,1.9935553364397947,1.7323422455952975,2.262019327676478,0.5296770820811805,1.4765596846923619,2.538800031318271,False,0,3.4657941326549917,0.0,2.5,C_val,2026-09-13 01:58:58,2026-09-13 03:43:25
scratch,2,0.03,0.03,8,0,2.055723735910571,1.7942960198257318,2.3248573654869658,0.5305613456612339,1.5390828042267306,2.602601302545668,False,0,2.6707381821761373,0.0,2.5,C_val,2026-09-13 01:58:58,2026-09-13 03:43:25
scratch,2,0.03,0.03,9,0,2.007701042020289,1.7477770708584572,2.2752461184791684,0.5274690476207111,1.493885256361446,2.55143430578713,False,0,3.298406885816803,0.0,2.5,C_val,2026-09-13 01:58:58,2026-09-13 03:43:25
scratch,2,0.03,0.03,10,0,2.0983787927119004,1.8369384339395436,2.367673366898529,0.5307349329589852,1.581978424412432,2.6456737559616403,False,0,2.1901860997495533,0.0,2.5,C_val,2026-09-13 01:58:58,2026-09-13 03:43:25
scratch,2,0.03,0.03,11,0,2.0004979139800287,1.738052614627197,2.2703431133308243,0.5322904987036272,1.4812291637777466,2.548585381424454,False,0,3.34017224613126,0.0,2.5,C_val,2026-09-13 01:58:58,2026-09-13 03:43:25
scratch,2,0.03,0.03,12,0,2.105730566722668,1.8415332246547949,2.3776545065069397,0.5361212818521448,1.5836776495133058,2.6581803106369124,False,0,2.0735198984475574,0.0,2.5,C_val,2026-09-13 01:58:58,2026-09-13 03:43:25
scratch,2,0.03,0.03,13,0,2.1151398959694165,1.8530227837048958,2.385249188240417,0.5322264045355212,1.5976595230403128,2.664123782738211,False,0,2.003089821537287,0.0,2.5,C_val,2026-09-13 01:58:58,2026-09-13 03:43:25
scratch,2,0.03,0.03,14,0,1.9860760899418255,1.7298312979680441,2.2502767640646866,0.5204454660966424,1.4801707939564925,2.523230158868124,False,0,3.6715356331515068,0.0,2.5,C_val,2026-09-13 01:58:58,2026-09-13 03:43:25
scratch,2,0.03,0.03,15,0,2.124153130149186,1.8628382040904952,2.393446298898367,0.5306080948078717,1.6082497780621063,2.671513858010017,False,0,1.9236317195718584,0.0,2.5,C_val,2026-09-13 01:58:58,2026-09-13 03:43:25
scratch,2,0.03,0.03,16,0,2.1707410621436005,1.910033523483026,2.4397747250612567,0.5297412015782308,1.6566768842782196,2.7177898978952233,False,0,1.4870203716600372,0.0,2.5,C_val,2026-09-13 01:58:58,2026-09-13 03:43:25
scratch,2,0.03,0.03,17,0,1.8917158145354975,1.6304728294610757,2.159740982475881,0.5292681530148051,1.3737863913585797,2.4358019159321453,False,0,4.964258634441649,0.0,2.5,C_val,2026-09-13 01:58:58,2026-09-13 03:43:25
scratch,2,0.03,0.03,18,0,2.099342629554122,1.8380608621482737,2.368267460677438,0.5302065985291642,1.58293797281113,2.645758187424978,False,0,2.1863405882468214,0.0,2.5,C_val,2026-09-13 01:58:58,2026-09-13 03:43:25
scratch,2,0.03,0.03,19,0,1.9944389799086135,1.7326171519433484,2.2635932613981877,0.5309761094548393,1.4764534290628646,2.541098095561513,False,0,3.436690980419371,0.0,2.5,C_val,2026-09-13 01:58:58,2026-09-13 03:43:25
scratch,2,0.03,0.03,20,0,1.9672831265836337,1.7047045527171534,2.237155107406487,0.5324505546893334,1.4475549446657245,2.515401827045055,False,0,3.7845371418188734,0.0,2.5,C_val,2026-09-13 01:58:58,2026-09-13 03:43:25
scratch,2,0.03,0.03,21,0,2.1349043374807968,1.8752440196651048,2.402818676593534,0.5275746569284292,1.6226924389805002,2.67967452189565,False,0,1.8353237573646766,0.0,2.5,C_val,2026-09-13 01:58:58,2026-09-13 03:43:25
scratch,2,0.03,0.03,22,0,2.0005018555650618,1.738132889725294,2.270077421474164,0.5319445317488702,1.481075096349967,2.5479049382633425,False,0,3.3479797331310692,0.0,2.5,C_val,2026-09-13 01:58:58,2026-09-13 03:43:25
scratch,2,0.03,0.03,23,0,1.9718011177701977,1.7108817727215528,2.239794531672488,0.5289127589509353,1.4550477897502911,2.515987245912814,False,0,3.774852109789208,0.0,2.5,C_val,2026-09-13 01:58:58,2026-09-13 03:43:25
scratch,2,0.03,0.03,24,0,1.968528242746947,1.7081532678097844,2.2361920717011303,0.5280388038913459,1.453322116386454,2.512255805579595,False,0,3.826778931863373,0.0,2.5,C_val,2026-09-13 01:58:58,2026-09-13 03:43:25
scratch,2,0.03,0.03,25,0,1.8315998595438563,1.5694949771708788,2.099822438495805,0.5303274613249263,1.3107449443097303,2.3756534386783628,False,0,5.958548996291938,0.0,2.5,C_val,2026-09-13 01:58:58,2026-09-13 03:43:25
scratch,2,0.03,0.03,26,0,1.964674186499109,1.7059395961990111,2.231110169858162,0.5251705736591508,1.4533163541440595,2.506099156271971,False,0,3.912882740754867,0.0,2.5,C_val,2026-09-13 01:58:58,2026-09-13 03:43:25
scratch,2,0.03,0.03,27,0,2.015186932463779,1.755526114301959,2.2822934917130495,0.5267673774110906,1.5015952067636877,2.5578131225333367,False,0,3.213956821276952,0.0,2.5,C_val,2026-09-13 01:58:58,2026-09-13 03:43:25
scratch,2,0.03,0.03,28,0,2.0435616461446253,1.7821201823328479,2.312614890934104,0.5304947086012564,1.5267326890220365,2.5902474088657153,False,0,2.8170485110858863,0.0,2.5,C_val,2026-09-13 01:58:58,2026-09-13 03:43:25
scratch,2,0.03,0.03,29,0,1.9682386643240526,1.7035581673626194,2.239751018197017,0.5361928508343974,1.4435081924761592,2.519274366056246,False,0,3.7326091297618404,0.0,2.5,C_val,2026-09-13 01:58:58,2026-09-13 03:43:25
scratch,2,0.03,0.03,30,0,1.9998737853431185,1.741706737090276,2.265675282027271,0.5239685449369953,1.4895803449620248,2.5401598783559285,False,0,3.4435743365538656,0.0,2.5,C_val,2026-09-13 01:58:58,2026-09-13 03:43:25
scratch,2,0.03,0.03,31,0,2.0474858375043095,1.7859132787577572,2.316537042861496,0.5306237641037388,1.5301259043786835,2.5940830819093406,False,0,2.7704782926557527,0.0,2.5,C_val,2026-09-13 01:58:58,2026-09-13 03:43:25
scratch,2,0.03,0.03,32,0,2.045135477479652,1.7852429164508945,2.3130055400151472,0.5277626235642527,1.5320379158777588,2.5896404285204317,False,0,2.820721511969168,0.0,2.5,C_val,2026-09-13 01:58:58,2026-09-13 03:43:25
scratch,2,0.03,0.03,33,0,1.9541771787110782,1.6928704431024868,2.2226390433705943,0.5297686002681075,1.4367596244425511,2.4993872852062067,False,0,4.008654427045258,0.0,2.5,C_val,2026-09-13 01:58:58,2026-09-13 03:43:25
scratch,2,0.03,0.03,34,0,1.9618056427041044,1.698458771263605,2.23224456807048,0.5337857968068751,1.4403025647705474,2.510926719224813,False,0,3.846865500734566,0.0,2.5,C_val,2026-09-13 01:58:58,2026-09-13 03:43:25
scratch,2,0.03,0.03,35,0,1.9625155612253493,1.701877593380001,2.2306467567401422,0.5287691633601412,1.4470525023403202,2.5072266596120665,False,0,3.8975305995372764,0.0,2.5,C_val,2026-09-13 01:58:58,2026-09-13 03:43:25
scratch,2,0.03,0.03,36,0,2.121970397558411,1.8627135619052406,2.3896142982752338,0.5269007363699931,1.610701148848494,2.666274295527013,False,0,1.968360977320117,0.0,2.5,C_val,2026-09-13 01:58:58,2026-09-13 03:43:25
scratch,2,0.03,0.03,37,0,2.080806020722559,1.8202244747330676,2.3491542757627535,0.5289298010296859,1.5660056382857552,2.626169279470716,False,0,2.3978396983911807,0.0,2.5,C_val,2026-09-13 01:58:58,2026-09-13 03:43:25
scratch,2,0.03,0.03,38,0,2.153031255489159,1.892629718497721,2.4215428652296733,0.5289131467319523,1.6391147219665545,2.698902126897951,False,0,1.6541824387095403,0.0,2.5,C_val,2026-09-13 01:58:58,2026-09-13 03:43:25
scratch,2,0.03,0.03,39,0,1.9957168762580233,1.7362873550374909,2.262917011078718,0.5266296560412269,1.483065559671289,2.5388038285941326,False,0,3.4643321122748603,0.0,2.5,C_val,2026-09-13 01:58:58,2026-09-13 03:43:25
scratch,2,0.03,0.03,40,0,2.069191731669938,1.8080902939033945,2.3381029122611827,0.5300126183577882,1.5533388479369163,2.615735562661202,False,0,2.5185382103045413,0.0,2.5,C_val,2026-09-13 01:58:58,2026-09-13 03:43:25
scratch,2,0.03,0.03,41,0,1.925155388117842,1.6611492609161278,2.1954519982528566,0.5343027373367288,1.4010068966066052,2.473470330673247,False,0,4.38405848290131,0.0,2.5,C_val,2026-09-13 01:58:58,2026-09-13 03:43:25
scratch,2,0.03,0.03,42,0,2.0698542834179934,1.8087499329703713,2.3386449588031066,0.5298950258327353,1.5538706239838096,2.6160402107480656,False,0,2.5138393675406405,0.0,2.5,C_val,2026-09-13 01:58:58,2026-09-13 03:43:25
scratch,2,0.03,0.03,43,0,1.9194905534137137,1.6580488419618922,2.1879198717602404,0.5298710297983482,1.4015168398738564,2.4645533904010164,False,0,4.519159276500432,0.0,2.5,C_val,2026-09-13 01:58:58,2026-09-13 03:43:25
scratch,2,0.03,0.03,44,0,1.9081769176217214,1.644698314469196,2.1782998393039086,0.5336015248347126,1.385451887511231,2.4563843630325146,False,0,4.639884661995893,0.0,2.5,C_val,2026-09-13 01:58:58,2026-09-13 03:43:25
scratch,2,0.03,0.03,45,0,1.874630594872446,1.6112191768306499,2.1442850439966925,0.5330658671660427,1.3514581914227861,2.421681490621305,False,0,5.184392830844445,0.0,2.5,C_val,2026-09-13 01:58:58,2026-09-13 03:43:25
scratch,2,0.03,0.03,46,0,1.9816433911748823,1.7193315938574651,2.2511081567188764,0.5317765628614113,1.4623343760976686,2.5288482559427865,False,0,3.6006763472178136,0.0,2.5,C_val,2026-09-13 01:58:58,2026-09-13 03:43:25
scratch,2,0.03,0.03,47,0,2.0802754782582653,1.82054244546682,2.347927332885921,0.527384887419101,1.5674077249819685,2.624393122411094,False,0,2.415014735652221,0.0,2.5,C_val,2026-09-13 01:58:58,2026-09-13 03:43:25
scratch,0,0.1,0.1,0,0,0.3185979807995455,0.1297241407124591,0.8051696180500498,0.6754454773375906,0.0439077002820462,1.2348749775584893,False,0,0.0591777676308993,1.0,0.4,C_val,2026-09-12 05:43:02,2026-09-12 07:00:12
scratch,0,0.1,0.1,1,0,0.2634701283217223,0.1089153371240472,0.6724354240470417,0.5635200869229944,0.0351324011865261,1.1946649238935665,False,0,0.2232359708323201,1.0,0.4,C_val,2026-09-12 05:43:02,2026-09-12 07:00:12
scratch,0,0.1,0.1,2,0,0.2684600908892061,0.1055340374825653,0.8668038672200203,0.7612698297374549,0.0324512721682892,1.3249632054614535,False,0,0.1536950473637262,1.0,0.4,C_val,2026-09-12 05:43:02,2026-09-12 07:00:12
scratch,0,0.1,0.1,3,0,0.2495560506163319,0.0973779295500071,0.8245091685842378,0.7271312390342306,0.0287515149062811,1.317805805477744,False,0,0.2184742750250734,1.0,0.4,C_val,2026-09-12 05:43:02,2026-09-12 07:00:12
scratch,0,0.1,0.1,4,0,0.2745660562664904,0.1105539673935236,0.8041075853655083,0.6935536179719847,0.0355967956566745,1.2801125871424246,False,0,0.1511554423559573,1.0,0.4,C_val,2026-09-12 05:43:02,2026-09-12 07:00:12
scratch,0,0.1,0.1,5,0,0.3822244418882826,0.143425382432763,0.9205307727437444,0.7771053903109812,0.0479044706497537,1.291844665294799,False,0,0.0017263850095332,1.0,0.4,C_val,2026-09-12 05:43:02,2026-09-12 07:00:12
scratch,0,0.1,0.1,6,0,0.3155448058637931,0.1285465914042756,0.8021075811338119,0.6735609897295363,0.0434011415660128,1.233989718630535,False,0,0.0637860009665018,1.0,0.4,C_val,2026-09-12 05:43:02,2026-09-12 07:00:12
scratch,0,0.1,0.1,7,0,0.3250939449832594,0.1272362361840529,0.8843328598952326,0.7570966237111796,0.0418751429529499,1.2884419307424944,False,0,0.039852648267697,1.0,0.4,C_val,2026-09-12 05:43:02,2026-09-12 07:00:12
scratch,0,0.1,0.1,8,0,0.2635520388689912,0.109800801343652,0.6585176618815441,0.548716860537892,0.0357989762679391,1.1805971117935674,False,0,0.2303067621251102,1.0,0.4,C_val,2026-09-12 05:43:02,2026-09-12 07:00:12
scratch,0,0.1,0.1,9,0,0.2983730228080816,0.1200750802387337,0.8484177632669385,0.7283426830282047,0.0394084293626318,1.287202739745642,False,0,0.0899170500269974,1.0,0.4,C_val,2026-09-12 05:43:02,2026-09-12 07:00:12
scratch,0,0.1,0.1,10,0,0.2744507732576672,0.1062883614585697,0.8766183789214048,0.770330017462835,0.0322528537900363,1.3214801828667355,False,0,0.1306042927208182,1.0,0.4,C_val,2026-09-12 05:43:02,2026-09-12 07:00:12
scratch,0,0.1,0.1,11,0,0.3767181060422531,0.139229529262611,0.9417381958417268,0.8025086665791158,0.0456750105647969,1.3156717172906276,False,0,0.0027678624137479,1.0,0.4,C_val,2026-09-12 05:43:02,2026-09-12 07:00:12
scratch,0,0.1,0.1,12,0,0.2345025041401343,0.0903449825873998,0.7716612930558577,0.6813163104684579,0.0256318647499482,1.31503657745484,False,0,0.284300120692933,1.0,0.4,C_val,2026-09-12 05:43:02,2026-09-12 07:00:12
scratch,0,0.1,0.1,13,0,0.2640555387919765,0.0986673488015652,0.9246904488766065,0.8260231000750412,0.0281860107415938,1.3561527243982945,False,0,0.1412516884884098,1.0,0.4,C_val,2026-09-12 05:43:02,2026-09-12 07:00:12
scratch,0,0.1,0.1,14,0,0.2316501706891071,0.0997819494256427,0.528675104524939,0.4288931550992963,0.0327983472114851,1.0927585541366045,False,0,0.4645895901521726,1.0,0.4,C_val,2026-09-12 05:43:02,2026-09-12 07:00:12
scratch,0,0.1,0.1,15,0,0.2607649520847648,0.1016552137640488,0.8510775486346068,0.749422334870558,0.0303243671863881,1.3227884687275204,False,0,0.1771728754538344,1.0,0.4,C_val,2026-09-12 05:43:02,2026-09-12 07:00:12
scratch,0,0.1,0.1,16,0,0.231946419547985,0.0904931052599494,0.8079843994158912,0.7174912941559418,0.026168145343034,1.3480944191671709,False,0,0.3014434860560868,1.0,0.4,C_val,2026-09-12 05:43:02,2026-09-12 07:00:12
scratch,0,0.1,0.1,17,0,0.3479991862987701,0.1502465013872081,0.7590207803562595,0.6087742789690513,0.0551304196227675,1.165882493260164,False,0,0.0281244876459823,1.0,0.4,C_val,2026-09-12 05:43:02,2026-09-12 07:00:12
scratch,0,0.1,0.1,18,0,0.2769741289353714,0.1095480198863279,0.8508333059490434,0.7412852860627155,0.034564526566148,1.304750952298214,False,0,0.1337600420483795,1.0,0.4,C_val,2026-09-12 05:43:02,2026-09-12 07:00:12
scratch,0,0.1,0.1,19,0,0.2961519316483522,0.1164919218536935,0.8509657437622687,0.7344738219085751,0.037103002141229,1.286576633097305,False,0,0.0883990598595119,1.0,0.4,C_val,2026-09-12 05:43:02,2026-09-12 07:00:12
scratch,0,0.1,0.1,20,0,0.3307552672023933,0.1334662953110445,0.8278278831669448,0.6943615878559003,0.0451241087364421,1.248508475198889,False,0,0.0400756349554285,1.0,0.4,C_val,2026-09-12 05:43:02,2026-09-12 07:00:12
scratch,0,0.1,0.1,21,0,0.2330313765171775,0.0916047787434866,0.7577839084021881,0.6661791296587015,0.0267309186058441,1.3204268304884903,False,0,0.3059842265647603,1.0,0.4,C_val,2026-09-12 05:43:02,2026-09-12 07:00:12
scratch,0,0.1,0.1,22,0,0.3241363264812799,0.1250935475951475,0.8989023977227998,0.7738088501276523,0.0402678708993309,1.3015120120573689,False,0,0.039063808038918,1.0,0.4,C_val,2026-09-12 05:43:02,2026-09-12 07:00:12
scratch,0,0.1,0.1,23,0,0.2872962034361699,0.1188520462614904,0.7395572773605704,0.6207052310990799,0.0394987300684141,1.2104274255438303,False,0,0.1337509950462845,1.0,0.4,C_val,2026-09-12 05:43:02,2026-09-12 07:00:12
scratch,0,0.1,0.1,24,0,0.3062893344384257,0.1245636372555681,0.7907403213908273,0.6661766841352591,0.041358861261093,1.2323399570584668,False,0,0.0810330865133437,1.0,0.4,C_val,2026-09-12 05:43:02,2026-09-12 07:00:12
scratch,0,0.1,0.1,25,0,0.3673484299417352,0.1627849796671129,0.7530005450862937,0.5902155654191807,0.0615555915522049,1.140101950440482,False,0,0.0116139742240193,1.0,0.4,C_val,2026-09-12 05:43:02,2026-09-12 07:00:12
scratch,0,0.1,0.1,26,0,0.332800647511092,0.1344952069938613,0.8242533665592606,0.6897581595653993,0.0458995379983924,1.237327418186323,False,0,0.0373725301615195,1.0,0.4,C_val,2026-09-12 05:43:02,2026-09-12 07:00:12
scratch,0,0.1,0.1,27,0,0.2895743949438805,0.1209773478233269,0.7232241058635698,0.6022467580402429,0.0408093229099859,1.1912715412969006,False,0,0.1331654975911078,1.0,0.4,C_val,2026-09-12 05:43:02,2026-09-12 07:00:12
scratch,0,0.1,0.1,28,0,0.3172430838344393,0.1251967230738363,0.8598440725676317,0.7346473494937954,0.0407561338530212,1.278519554882163,False,0,0.0532570997347647,1.0,0.4,C_val,2026-09-12 05:43:02,2026-09-12 07:00:12
scratch,0,0.1,0.1,29,0,0.3090416777090028,0.1261918646306805,0.7774126372225882,0.6512207725919077,0.0421556266878882,1.216979795726399,False,0,0.0781536703907477,1.0,0.4,C_val,2026-09-12 05:43:02,2026-09-12 07:00:12
scratch,0,0.1,0.1,30,0,0.3100273583504653,0.1282325637740721,0.7993012436915241,0.671068679917452,0.0441328386454882,1.236332752340199,False,0,0.0760645417467458,1.0,0.4,C_val,2026-09-12 05:43:02,2026-09-12 07:00:12
scratch,0,0.1,0.1,31,0,0.2735595555416112,0.1084976641244135,0.7978390551728541,0.6893413910484406,0.033948541925233,1.2682414249427862,False,0,0.14978210127083,1.0,0.4,C_val,2026-09-12 05:43:02,2026-09-12 07:00:12
scratch,0,0.1,0.1,32,0,0.3037017575758793,0.1210240083399935,0.8157730562971575,0.6947490479571639,0.039220223965627,1.2549735482631723,False,0,0.0800497605850978,1.0,0.4,C_val,2026-09-12 05:43:02,2026-09-12 07:00:12
scratch,0,0.1,0.1,33,0,0.3595658755031986,0.1436073472020616,0.8639141605148579,0.7203068133127962,0.049344978815804,1.2580504625725597,False,0,0.0120402849570382,1.0,0.4,C_val,2026-09-12 05:43:02,2026-09-12 07:00:12
scratch,0,0.1,0.1,34,0,0.3314568214018107,0.1345348540056183,0.8170683922358369,0.6825335382302187,0.0455475566701533,1.2406683748628022,False,0,0.0405873198287736,1.0,0.4,C_val,2026-09-12 05:43:02,2026-09-12 07:00:12
scratch,0,0.1,0.1,35,0,0.2948111547261673,0.1246522133031279,0.7175560749089215,0.5929038616057936,0.0426428954512374,1.1898149034416972,False,0,0.1240824391170463,1.0,0.4,C_val,2026-09-12 05:43:02,2026-09-12 07:00:12
scratch,0,0.1,0.1,36,0,0.2494507465957794,0.0990780515844987,0.7662522672661568,0.667174215681658,0.0297262721732226,1.292888397416952,False,0,0.2392914290940098,1.0,0.4,C_val,2026-09-12 05:43:02,2026-09-12 07:00:12
scratch,0,0.1,0.1,37,0,0.2482512841216769,0.0990264578239147,0.7372941972908844,0.6382677394669697,0.029824291167427,1.2717362755804664,False,0,0.2495028695775545,1.0,0.4,C_val,2026-09-12 05:43:02,2026-09-12 07:00:12
scratch,0,0.1,0.1,38,0,0.2245881574857022,0.0889133434470123,0.6836189405686345,0.5947055971216221,0.0259008262308474,1.2981519858616677,False,0,0.3655519532767357,1.0,0.4,C_val,2026-09-12 05:43:02,2026-09-12 07:00:12
scratch,0,0.1,0.1,39,0,0.2775428504283588,0.119411473200351,0.6405946553851598,0.5211831821848087,0.0408506025586668,1.1253918456801044,False,0,0.1986085793323582,1.0,0.4,C_val,2026-09-12 05:43:02,2026-09-12 07:00:12
scratch,0,0.1,0.1,40,0,0.291236280259849,0.1153683451800729,0.856815153562025,0.7414468083819521,0.0368802356988798,1.2999095657046618,False,0,0.1002248575605335,1.0,0.4,C_val,2026-09-12 05:43:02,2026-09-12 07:00:12
scratch,0,0.1,0.1,41,0,0.3682154399230243,0.1450084725200762,0.8665772529835523,0.7215687804634761,0.0494585356466464,1.2524335815735494,False,0,0.0070203041141212,1.0,0.4,C_val,2026-09-12 05:43:02,2026-09-12 07:00:12
scratch,0,0.1,0.1,42,0,0.2965385182482168,0.1135277992109667,0.9358687125597156,0.8223409133487489,0.0354242298695371,1.3389046676341891,False,0,0.0744670564199623,1.0,0.4,C_val,2026-09-12 05:43:02,2026-09-12 07:00:12
scratch,0,0.1,0.1,43,0,0.3727531384234675,0.150456584651847,0.8504666211987536,0.7000100365469066,0.0530442512513016,1.2395254747191928,False,0,0.0056025227022473,1.0,0.4,C_val,2026-09-12 05:43:02,2026-09-12 07:00:12
scratch,0,0.1,0.1,44,0,0.3692772651293174,0.1502415522524162,0.8270883970835989,0.6768468448311826,0.0526136258498698,1.218428236446771,False,0,0.007664880289667,1.0,0.4,C_val,2026-09-12 05:43:02,2026-09-12 07:00:12
scratch,0,0.1,0.1,45,0,0.3861858940656628,0.158172699149396,0.8299203125805094,0.6717476134311133,0.0563912341858537,1.2087033618049878,False,0,0.0014134271623333,1.0,0.4,C_val,2026-09-12 05:43:02,2026-09-12 07:00:12
scratch,0,0.1,0.1,46,0,0.328550770000142,0.1329322609811462,0.8199351954628896,0.6870029344817433,0.0451047060068867,1.238822967503695,False,0,0.0432281518660602,1.0,0.4,C_val,2026-09-12 05:43:02,2026-09-12 07:00:12
scratch,0,0.1,0.1,47,0,0.2489705747644069,0.1016814611383427,0.688130305954773,0.5864488448164302,0.0317451288250402,1.2428670872961516,False,0,0.2698395832776441,1.0,0.4,C_val,2026-09-12 05:43:02,2026-09-12 07:00:12
scratch,0,0.1,0.1,0,0,2.2499947353260503,1.977442612736561,2.528442693332949,0.5510000805963879,1.7083176474987924,2.8142169009250826,False,0,0.8080315086408518,1.0,2.5,C_val,2026-09-12 05:43:02,2026-09-12 07:00:12
scratch,0,0.1,0.1,1,0,2.2789323129201966,2.006005258430819,2.557661945878149,0.5516566874473305,1.7364231828972136,2.843633876689429,False,0,0.6320421660821012,1.0,2.5,C_val,2026-09-12 05:43:02,2026-09-12 07:00:12
scratch,0,0.1,0.1,2,0,2.3630445900684856,2.092272017342411,2.640332899819119,0.5480608824767081,1.826138435063725,2.9252086759036176,False,0,0.2470440204306214,1.0,2.5,C_val,2026-09-12 05:43:02,2026-09-12 07:00:12
scratch,0,0.1,0.1,3,0,2.3800922625911403,2.1092076105549875,2.657531531201206,0.5483239206462187,1.8431286334420591,2.942696892205617,False,0,0.1895212238232488,1.0,2.5,C_val,2026-09-12 05:43:02,2026-09-12 07:00:12
scratch,0,0.1,0.1,4,0,2.3138700699109758,2.043186142671216,2.5907883421892466,0.5476021995180305,1.7766190552114505,2.875123826704486,False,0,0.4553758426482091,1.0,2.5,C_val,2026-09-12 05:43:02,2026-09-12 07:00:12
scratch,0,0.1,0.1,5,0,2.255024317216197,1.983972122619968,2.532079479483845,0.5481073568638772,1.7166823684299826,2.816414549649844,False,0,0.7838435734374798,1.0,2.5,C_val,2026-09-12 05:43:02,2026-09-12 07:00:12
scratch,0,0.1,0.1,6,0,2.236799681325139,1.964784125459246,2.514580410931333,0.549796285472087,1.6960437779619508,2.79961107873928,False,0,0.8986314976209542,1.0,2.5,C_val,2026-09-12 05:43:02,2026-09-12 07:00:12
scratch,0,0.1,0.1,7,0,2.2954229297435145,2.024941064802514,2.572133846761808,0.5471927819592941,1.7586000862999518,2.8562681463463444,False,0,0.5499533264810452,1.0,2.5,C_val,2026-09-12 05:43:02,2026-09-12 07:00:12
scratch,0,0.1,0.1,8,0,2.278729263778358,2.0049859421463103,2.558244965755334,0.5532590236090238,1.7345148678419378,2.844964914477602,False,0,0.6296733256349398,1.0,2.5,C_val,2026-09-12 05:43:02,2026-09-12 07:00:12
scratch,0,0.1,0.1,9,0,2.306909343425509,2.036908708162481,2.583272548583297,0.546363840420816,1.771245752746775,2.867229106507168,False,0,0.4917523437143245,1.0,2.5,C_val,2026-09-12 05:43:02,2026-09-12 07:00:12
scratch,0,0.1,0.1,10,0,2.373319464389988,2.101821896326819,2.6513722484943147,0.5495503521674956,1.8350621126685616,2.9370865010691385,False,0,0.2103639318411296,1.0,2.5,C_val,2026-09-12 05:43:02,2026-09-12 07:00:12
scratch,0,0.1,0.1,11,0,2.2794709462827614,2.0069697640438826,2.5580456256441946,0.551075861600312,1.7383076374317616,2.844019299697681,False,0,0.6298017113695096,1.0,2.5,C_val,2026-09-12 05:43:02,2026-09-12 07:00:12
scratch,0,0.1,0.1,12,0,2.408923050034237,2.1351020257554576,2.6894069507639733,0.5543049250085157,1.8661128954379107,2.9776019135564016,False,0,0.1072678218733926,1.0,2.5,C_val,2026-09-12 05:43:02,2026-09-12 07:00:12
scratch,0,0.1,0.1,13,0,2.4028500347404367,2.1303725541545084,2.68189840978336,0.5515258556288516,1.862807780205757,2.968630650796383,False,0,0.1231396012881305,1.0,2.5,C_val,2026-09-12 05:43:02,2026-09-12 07:00:12
scratch,0,0.1,0.1,14,0,2.258838446645421,1.9894984297379907,2.533940997007156,0.5444425672691646,1.7235356991216102,2.816333056214163,False,0,0.7705635804813937,1.0,2.5,C_val,2026-09-12 05:43:02,2026-09-12 07:00:12
scratch,0,0.1,0.1,15,0,2.38352583378081,2.1123101029212568,2.661368953738964,0.549058850817707,1.8459390887313336,2.9469086129704163,False,0,0.1782485007715877,1.0,2.5,C_val,2026-09-12 05:43:02,2026-09-12 07:00:12
scratch,0,0.1,0.1,16,0,2.447011387839033,2.176796359949714,2.724165812622936,0.5473694526732218,1.911957025125616,3.0092827014786483,False,0,0.0372308866863022,1.0,2.5,C_val,2026-09-12 05:43:02,2026-09-12 07:00:12
scratch,0,0.1,0.1,17,0,2.1529153494971007,1.8809077800919336,2.430041025930769,0.5491332458388356,1.6109969298425968,2.7139360261277807,False,0,1.5595616214086476,0.0,2.5,C_val,2026-09-12 05:43:02,2026-09-12 07:00:12
scratch,0,0.1,0.1,18,0,2.355414735011741,2.084889614836182,2.632455185298584,0.5475655704624023,1.818998076644352,2.917110046884047,False,0,0.2754848163567658,1.0,2.5,C_val,2026-09-12 05:43:02,2026-09-12 07:00:12
scratch,0,0.1,0.1,19,0,2.308659383741951,2.0374599477174407,2.5860234896655143,0.5485635419480737,1.770305941848616,2.870887313377384,False,0,0.4794547830242663,1.0,2.5,C_val,2026-09-12 05:43:02,2026-09-12 07:00:12
scratch,0,0.1,0.1,20,0,2.2470528900190883,1.9733787863598344,2.526451322130107,0.5530725357702726,1.7029075457760194,2.8130652108984875,False,0,0.8212310107664962,1.0,2.5,C_val,2026-09-12 05:43:02,2026-09-12 07:00:12
scratch,0,0.1,0.1,21,0,2.4025302825139394,2.1319275947864504,2.679862447216886,0.5479348524304357,1.866310536013587,2.964929373374739,False,0,0.1255679508940375,1.0,2.5,C_val,2026-09-12 05:43:02,2026-09-12 07:00:12
scratch,0,0.1,0.1,22,0,2.289754172579459,2.017395317009644,2.568172837051647,0.5507775200420029,1.748877742089865,2.8539733838754757,False,0,0.5735923980937514,1.0,2.5,C_val,2026-09-12 05:43:02,2026-09-12 07:00:12
scratch,0,0.1,0.1,23,0,2.2514074298428146,1.9800406035180205,2.528525066690876,0.5484844631728556,1.7120672632579903,2.812863656604088,False,0,0.8066078759911761,1.0,2.5,C_val,2026-09-12 05:43:02,2026-09-12 07:00:12
scratch,0,0.1,0.1,24,0,2.2454608259394173,1.9745269495632929,2.5221771942870426,0.5476502447237499,1.7069595053811604,2.806043406676789,False,0,0.8475581841121311,1.0,2.5,C_val,2026-09-12 05:43:02,2026-09-12 07:00:12
scratch,0,0.1,0.1,25,0,2.10920140014101,1.8368430640984803,2.386245711593976,0.5494026474954956,1.5657847985624256,2.669915262543148,False,0,1.9711170222253716,0.0,2.5,C_val,2026-09-12 05:43:02,2026-09-12 07:00:12
scratch,0,0.1,0.1,26,0,2.233641295115566,1.9629567816460451,2.5101220184691244,0.547165236823079,1.695583240803915,2.7937427243581343,False,0,0.9289213410265802,1.0,2.5,C_val,2026-09-12 05:43:02,2026-09-12 07:00:12
scratch,0,0.1,0.1,27,0,2.2480737652135394,1.9769275133983328,2.524954777925929,0.5480272645275963,1.7090329642340274,2.809081238067589,False,0,0.8294090909403167,1.0,2.5,C_val,2026-09-12 05:43:02,2026-09-12 07:00:12
scratch,0,0.1,0.1,28,0,2.3070430515534266,2.035589992099073,2.584717378339689,0.5491273862406154,1.7682462494945947,2.869916268842559,False,0,0.4864027965631976,1.0,2.5,C_val,2026-09-12 05:43:02,2026-09-12 07:00:12
scratch,0,0.1,0.1,29,0,2.2359505669584228,1.9630705933823949,2.514453986159456,0.551383392777061,1.6933040514572608,2.800084968802866,False,0,0.899711131121876,1.0,2.5,C_val,2026-09-12 05:43:02,2026-09-12 07:00:12
scratch,0,0.1,0.1,30,0,2.266826297110144,1.9985386120044644,2.541255379652385,0.5427167676479208,1.7342323601712042,2.823110146679691,False,0,0.7245628568452958,1.0,2.5,C_val,2026-09-12 05:43:02,2026-09-12 07:00:12
scratch,0,0.1,0.1,31,0,2.307214331601263,2.0356299628191703,2.5849591676639863,0.549329204844816,1.7680832323650355,2.8701783499453044,False,0,0.4852786260707944,1.0,2.5,C_val,2026-09-12 05:43:02,2026-09-12 07:00:12
scratch,0,0.1,0.1,32,0,2.302902317477577,2.0306097079352448,2.581278003502266,0.5506682955670215,1.7622864359286414,2.8670366464418118,False,0,0.5048183178914769,1.0,2.5,C_val,2026-09-12 05:43:02,2026-09-12 07:00:12
scratch,0,0.1,0.1,33,0,2.2318364417401253,1.9600730838256015,2.5093775462959926,0.5493044624703909,1.691703531140858,2.7941226504768126,False,0,0.934263888419082,1.0,2.5,C_val,2026-09-12 05:43:02,2026-09-12 07:00:12
scratch,0,0.1,0.1,34,0,2.2431179360049835,1.969544538067334,2.522323969242773,0.5527794311754393,1.6991474771516095,2.8086712895225587,False,0,0.8478900253394386,1.0,2.5,C_val,2026-09-12 05:43:02,2026-09-12 07:00:12
scratch,0,0.1,0.1,35,0,2.2335067619492657,1.9610230774527184,2.511496937972026,0.5504738605193078,1.6914231525168664,2.796523451325592,False,0,0.9197365103755146,1.0,2.5,C_val,2026-09-12 05:43:02,2026-09-12 07:00:12
scratch,0,0.1,0.1,36,0,2.371318183114469,2.1009866453157136,2.6482215045028807,0.5472348591871672,1.8354287040137571,2.9328539216229697,False,0,0.2189407021505758,1.0,2.5,C_val,2026-09-12 05:43:02,2026-09-12 07:00:12
scratch,0,0.1,0.1,37,0,2.363969302115428,2.0925236697182013,2.641895484014648,0.5493718142964465,1.8256944669752992,2.9274250015264967,False,0,0.2425106741902709,1.0,2.5,C_val,2026-09-12 05:43:02,2026-09-12 07:00:12
scratch,0,0.1,0.1,38,0,2.4152008727011416,2.144611116883505,2.692474908792478,0.547863791908973,1.8789897848077173,2.977448555553401,False,0,0.0949397583826794,1.0,2.5,C_val,2026-09-12 05:43:02,2026-09-12 07:00:12
scratch,0,0.1,0.1,39,0,2.230276464214305,1.958025229667104,2.5079160458577263,0.5498908161906222,1.6884216415837785,2.7925593342742463,False,0,0.944224443846906,1.0,2.5,C_val,2026-09-12 05:43:02,2026-09-12 07:00:12
scratch,0,0.1,0.1,40,0,2.3285316520996595,2.05714950546945,2.6062707221647883,0.5491212166953376,1.7900679232001868,2.891648110846328,False,0,0.3847613194520818,1.0,2.5,C_val,2026-09-12 05:43:02,2026-09-12 07:00:12
scratch,0,0.1,0.1,41,0,2.2337278556920954,1.96127870071022,2.511907905250236,0.5506292045400158,1.6921902666764648,2.797237245127177,False,0,0.9169747469786672,1.0,2.5,C_val,2026-09-12 05:43:02,2026-09-12 07:00:12
scratch,0,0.1,0.1,42,0,2.363576331642047,2.0932280384572755,2.64062201271468,0.5473939742574041,1.827785544862344,2.9253722953877808,False,0,0.2455894703198282,1.0,2.5,C_val,2026-09-12 05:43:02,2026-09-12 07:00:12
scratch,0,0.1,0.1,43,0,2.2190985590094803,1.9468660679555172,2.4969961495914816,0.5501300816359642,1.6777256464716792,2.78208643879288,False,0,1.0212054640505812,0.0,2.5,C_val,2026-09-12 05:43:02,2026-09-12 07:00:12
scratch,0,0.1,0.1,44,0,2.195570020340156,1.9220251833471849,2.4744913081190774,0.5524661247718927,1.651160725437378,2.7603953577431426,False,0,1.1884229003844666,0.0,2.5,C_val,2026-09-12 05:43:02,2026-09-12 07:00:12
scratch,0,0.1,0.1,45,0,2.162898367998895,1.8907126403454064,2.4403424257595288,0.5496297854141223,1.6209512332549525,2.7246364829846845,False,0,1.4689010046276962,0.0,2.5,C_val,2026-09-12 05:43:02,2026-09-12 07:00:12
scratch,0,0.1,0.1,46,0,2.259524674304317,1.987895382323196,2.5370431086671834,0.5491477263439875,1.7198131616911634,2.821883799973215,False,0,0.7531210131674015,1.0,2.5,C_val,2026-09-12 05:43:02,2026-09-12 07:00:12
scratch,0,0.1,0.1,47,0,2.3459421977681973,2.075528638987824,2.6228533521666493,0.547324713178825,1.80964554232996,2.90742461562148,False,0,0.3128623268203228,1.0,2.5,C_val,2026-09-12 05:43:02,2026-09-12 07:00:12
scratch,1,0.1,0.1,0,0,0.44773902818491035,0.13288822978566364,1.042208813187712,0.9093205834020485,0.045128174340027395,1.372618011531194,False,0,0.0015208237637125421,1.0,0.4,C_val,2026-09-13 04:31:38,2026-09-13 05:40:08
scratch,1,0.1,0.1,1,0,0.27199539983772025,0.10335791340890142,1.0457123170257745,0.9423544036168731,0.03286672196792063,1.3968800624582218,False,0,0.08786798611254198,1.0,0.4,C_val,2026-09-13 04:31:38,2026-09-13 05:40:08
scratch,1,0.1,0.1,2,0,0.8365177671222603,0.10059633747445534,1.195389397791498,1.0947930603170426,0.029226222992575112,1.5040009729888433,False,0,0.25569194004128803,1.0,0.4,C_val,2026-09-13 04:31:38,2026-09-13 05:40:08
scratch,1,0.1,0.1,3,0,0.8537094418197443,0.10491379353649957,1.2060272159501104,1.1011134224136108,0.02940993911265288,1.512995249233514,False,0,0.3368715471951873,1.0,0.4,C_val,2026-09-13 04:31:38,2026-09-13 05:40:08
scratch,1,0.1,0.1,4,0,0.8034900861253232,0.11041131071419749,1.1687488575216745,1.058337546807477,0.034339075564989455,1.476970718040163,False,0,0.19118429835725692,1.0,0.4,C_val,2026-09-13 04:31:38,2026-09-13 05:40:08
scratch,1,0.1,0.1,5,0,0.7220380915253521,0.143216157405588,1.1065523702127946,0.9633362128072066,0.04506096598404211,1.42086800843603,False,0,0.1684507404897886,1.0,0.4,C_val,2026-09-13 04:31:38,2026-09-13 05:40:08
scratch,1,0.1,0.1,6,0,0.3652649731636552,0.12523362344471212,1.056187826150634,0.9309542027059218,0.042337544097531564,1.3842342500608105,False,0,0.0022096752509241924,1.0,0.4,C_val,2026-09-13 04:31:38,2026-09-13 05:40:08
scratch,1,0.1,0.1,7,0,0.706913039170693,0.1279640732935535,1.1060550347606306,0.9780909614670771,0.04126864123221395,1.4229787378780991,False,0,0.09136373002547771,1.0,0.4,C_val,2026-09-13 04:31:38,2026-09-13 05:40:08
scratch,1,0.1,0.1,8,0,0.2617114409902799,0.09951457420460777,1.0898896035277033,0.9903750293230955,0.03106628027568438,1.4320860605239585,False,0,0.10542180117408861,1.0,0.4,C_val,2026-09-13 04:31:38,2026-09-13 05:40:08
scratch,1,0.1,0.1,9,0,0.7022693224681562,0.1227017054371681,1.107090001241709,0.984388295804541,0.04010867828916421,1.4245176232206764,False,0,0.06001920302514918,1.0,0.4,C_val,2026-09-13 04:31:38,2026-09-13 05:40:08
scratch,1,0.1,0.1,10,0,0.8461440320777649,0.11178829427771243,1.199537324758487,1.0877490304807746,0.031482840048089336,1.5069366708678604,False,0,0.34183460188796744,1.0,0.4,C_val,2026-09-13 04:31:38,2026-09-13 05:40:08
scratch,1,0.1,0.1,11,0,0.6870757900645229,0.1334168964185747,1.0958740433631597,0.9624571469445851,0.04220342133444759,1.4176396924721888,False,0,0.09266859759372892,1.0,0.4,C_val,2026-09-13 04:31:38,2026-09-13 05:40:08
scratch,1,0.1,0.1,12,0,0.2174480798886373,0.08178310427671011,1.1660305466693472,1.0842474423926372,0.023233819851296005,1.4918454153597573,False,0,0.22592743639688706,1.0,0.4,C_val,2026-09-13 04:31:38,2026-09-13 05:40:08
scratch,1,0.1,0.1,13,0,0.8370217333230943,0.09635677773759571,1.1973235557367599,1.100966777999164,0.027029040158363604,1.5078149823196683,False,0,0.26397482888569357,1.0,0.4,C_val,2026-09-13 04:31:38,2026-09-13 05:40:08
scratch,1,0.1,0.1,14,0,0.2476369061196324,0.09914156934597848,0.9717590861233912,0.8726175167774127,0.03233579814965045,1.3572657742840932,False,0,0.1827148185329861,1.0,0.4,C_val,2026-09-13 04:31:38,2026-09-13 05:40:08
scratch,1,0.1,0.1,15,0,0.8557212562506545,0.10330276746682772,1.207264422093205,1.1039616546263773,0.029194120985737627,1.5138545959345193,False,0,0.3318878148056683,1.0,0.4,C_val,2026-09-13 04:31:38,2026-09-13 05:40:08
scratch,1,0.1,0.1,16,0,0.9254978691304689,0.09450898009036275,1.2629831882545581,1.1684742081641954,0.024592564027248978,1.565977837499783,False,0,0.5514500844947179,1.0,0.4,C_val,2026-09-13 04:31:38,2026-09-13 05:40:08
scratch,1,0.1,0.1,17,0,0.5080380693771468,0.1504903397657621,1.0045529968441917,0.8540626570784297,0.052643964269827086,1.3365701649912813,False,0,0.01924482592221466,1.0,0.4,C_val,2026-09-13 04:31:38,2026-09-13 05:40:08
scratch,1,0.1,0.1,18,0,0.8027264894931957,0.11633931590347169,1.167919237143805,1.0515799212403332,0.034962316598651004,1.4777563593420224,False,0,0.2314680523450079,1.0,0.4,C_val,2026-09-13 04:31:38,2026-09-13 05:40:08
scratch,1,0.1,0.1,19,0,0.24192492803332802,0.09330466570018786,1.0780099427495478,0.9847052770493598,0.028587114358111322,1.4283117746618428,False,0,0.16641104467271362,1.0,0.4,C_val,2026-09-13 04:31:38,2026-09-13 05:40:08
scratch,1,0.1,0.1,20,0,0.6215998898079677,0.1273228132941149,1.072087243242198,0.9447644299480831,0.04203655509911147,1.3973935087227733,False,0,0.01763560319886892,1.0,0.4,C_val,2026-09-13 04:31:38,2026-09-13 05:40:08
scratch,1,0.1,0.1,21,0,0.8545651754030478,0.0895069149728219,1.2101396164631892,1.1206327014903674,0.025810338038949728,1.5179073155766263,False,0,0.2589234212246083,1.0,0.4,C_val,2026-09-13 04:31:38,2026-09-13 05:40:08
scratch,1,0.1,0.1,22,0,0.7087003620530752,0.116615414061314,1.1137151595582084,0.9970997454968944,0.036972384664965,1.4328025997205023,False,0,0.06393661476613488,1.0,0.4,C_val,2026-09-13 04:31:38,2026-09-13 05:40:08
scratch,1,0.1,0.1,23,0,0.6495220117829833,0.11846846345511582,1.0841097673406328,0.9656413038855169,0.039019601123597814,1.4051752001230078,False,0,0.010645181941072224,1.0,0.4,C_val,2026-09-13 04:31:38,2026-09-13 05:40:08
scratch,1,0.1,0.1,24,0,0.3022383136282708,0.11145338660508279,1.0774053880391479,0.9659520014340651,0.036644775967358933,1.4064293273234147,False,0,0.03432280387642095,1.0,0.4,C_val,2026-09-13 04:31:38,2026-09-13 05:40:08
scratch,1,0.1,0.1,25,0,0.432821553331924,0.15149621085552037,0.9600580606628228,0.8085618498073025,0.05456178392626825,1.302469501390423,False,0,0.003393497499928344,1.0,0.4,C_val,2026-09-13 04:31:38,2026-09-13 05:40:08
scratch,1,0.1,0.1,26,0,0.3882376342863914,0.12807225220430166,1.0554611338780562,0.9273888816737546,0.04343312253678317,1.38326173541389,False,0,0.0002000254789891187,1.0,0.4,C_val,2026-09-13 04:31:38,2026-09-13 05:40:08
scratch,1,0.1,0.1,27,0,0.6542495957041294,0.11872902409428379,1.0849016555004087,0.966172631406125,0.039092318168966404,1.4052934710589635,False,0,0.015375851653516293,1.0,0.4,C_val,2026-09-13 04:31:38,2026-09-13 05:40:08
scratch,1,0.1,0.1,28,0,0.7524274405399921,0.12912519720044766,1.1304052584622313,1.0012800612617836,0.03949533431233473,1.4436977151134387,False,0,0.17963737595709972,1.0,0.4,C_val,2026-09-13 04:31:38,2026-09-13 05:40:08
scratch,1,0.1,0.1,29,0,0.29761406030777887,0.10952701326366387,1.0774198612338834,0.9678928479702196,0.03556740471242047,1.410281840287612,False,0,0.03919248461534153,1.0,0.4,C_val,2026-09-13 04:31:38,2026-09-13 05:40:08
scratch,1,0.1,0.1,30,0,0.6897390137071023,0.13044792074829897,1.0958669221012727,0.9654190013529738,0.04350374363416509,1.412147538258808,False,0,0.06898938611266203,1.0,0.4,C_val,2026-09-13 04:31:38,2026-09-13 05:40:08
scratch,1,0.1,0.1,31,0,0.24858027794665474,0.09338186026341344,1.1327301743775875,1.0393483141141742,0.028250543578283323,1.4580070600845818,False,0,0.11991994861818966,1.0,0.4,C_val,2026-09-13 04:31:38,2026-09-13 05:40:08
scratch,1,0.1,0.1,32,0,0.7250778313030111,0.12475241054160321,1.1174266678666962,0.992674257325093,0.039329388261613134,1.4335447200450042,False,0,0.11001674991712207,1.0,0.4,C_val,2026-09-13 04:31:38,2026-09-13 05:40:08
scratch,1,0.1,0.1,33,0,0.6618162228577985,0.15641834508166924,1.0685349837845044,0.9121166387028352,0.05183349414650832,1.3877539996270016,False,0,0.1154215248861874,1.0,0.4,C_val,2026-09-13 04:31:38,2026-09-13 05:40:08
scratch,1,0.1,0.1,34,0,0.6438432399893891,0.12162722868427225,1.0856376844743356,0.9640104557900634,0.039697293053837915,1.409790791316194,False,0,0.013235889196948847,1.0,0.4,C_val,2026-09-13 04:31:38,2026-09-13 05:40:08
scratch,1,0.1,0.1,35,0,0.28109945249117324,0.1110552853372811,0.9580432764390654,0.8469879911017844,0.0373209442448272,1.3406488432314327,False,0,0.093960723363125,1.0,0.4,C_val,2026-09-13 04:31:38,2026-09-13 05:40:08
scratch,1,0.1,0.1,36,0,0.7980194796972165,0.09487453054554823,1.168788719929293,1.0739141893837447,0.028601623227040147,1.479503841631321,False,0,0.13715491718176054,1.0,0.4,C_val,2026-09-13 04:31:38,2026-09-13 05:40:08
scratch,1,0.1,0.1,37,0,0.25007261832155997,0.093760079345924,1.1252817433758528,1.031521664029929,0.028432208547289384,1.4504609343997097,False,0,0.11421793364934274,1.0,0.4,C_val,2026-09-13 04:31:38,2026-09-13 05:40:08
scratch,1,0.1,0.1,38,0,0.8063167324408836,0.10271251658271464,1.1749347609071443,1.0722222443244296,0.030501294441437725,1.4861149303183092,False,0,0.1838167234818684,1.0,0.4,C_val,2026-09-13 04:31:38,2026-09-13 05:40:08
scratch,1,0.1,0.1,39,0,0.2960592686513345,0.1146524153838471,0.9923953026669743,0.8777428872831272,0.038583345345381104,1.3538131895560446,False,0,0.05836800250108354,1.0,0.4,C_val,2026-09-13 04:31:38,2026-09-13 05:40:08
scratch,1,0.1,0.1,40,0,0.2888264865242682,0.1050068024869576,1.1211045464436382,1.0160977439566805,0.03307466395806348,1.4421649497126263,False,0,0.0416963185161876,1.0,0.4,C_val,2026-09-13 04:31:38,2026-09-13 05:40:08
scratch,1,0.1,0.1,41,0,0.5022604761660631,0.14280143608857152,1.0136269619493017,0.8708255258607301,0.048925610559890066,1.3450778762355375,False,0,0.012379781259369338,1.0,0.4,C_val,2026-09-13 04:31:38,2026-09-13 05:40:08
scratch,1,0.1,0.1,42,0,0.7772195865297343,0.10314108730874635,1.1554746203284927,1.0523335330197463,0.031539059513435413,1.4685254701499129,False,0,0.12389606834767619,1.0,0.4,C_val,2026-09-13 04:31:38,2026-09-13 05:40:08
scratch,1,0.1,0.1,43,0,0.4834571326565152,0.14219744612143143,1.0196723903347453,0.8774749442133138,0.04903398255562914,1.3526667538287118,False,0,0.008071086223935708,1.0,0.4,C_val,2026-09-13 04:31:38,2026-09-13 05:40:08
scratch,1,0.1,0.1,44,0,0.5521268772100713,0.13849723139314193,1.038794878796806,0.900297647403664,0.04692242173444064,1.3675272821535973,False,0,0.01601209472573828,1.0,0.4,C_val,2026-09-13 04:31:38,2026-09-13 05:40:08
scratch,1,0.1,0.1,45,0,0.41771454089483134,0.14361483733524233,0.9696326250386074,0.826017787703365,0.05020817371325413,1.3125325233097904,False,0,0.0008615938495495357,1.0,0.4,C_val,2026-09-13 04:31:38,2026-09-13 05:40:08
scratch,1,0.1,0.1,46,0,0.3142879949060944,0.1134924786885793,1.0765480747349638,0.9630555960463846,0.037049556650494725,1.4063257087379017,False,0,0.02250819923938252,1.0,0.4,C_val,2026-09-13 04:31:38,2026-09-13 05:40:08
scratch,1,0.1,0.1,47,0,0.7837722238020066,0.10068021067130373,1.1594813422343062,1.0588011315630026,0.030783849757207212,1.471306220431617,False,0,0.12330998159814044,1.0,0.4,C_val,2026-09-13 04:31:38,2026-09-13 05:40:08
scratch,1,0.1,0.1,0,0,2.2804174462423616,2.0054626875050805,2.561682467923381,0.5562197804183007,1.734670474362771,2.8505443005136044,False,0,0.6127611221672851,1.0,2.5,C_val,2026-09-13 04:31:38,2026-09-13 05:40:08
scratch,1,0.1,0.1,1,0,2.332510438774892,2.057896974722618,2.6134785578551627,0.5555815831325446,1.7877247260494962,2.902042720916499,False,0,0.3588311778039497,1.0,2.5,C_val,2026-09-13 04:31:38,2026-09-13 05:40:08
scratch,1,0.1,0.1,2,0,2.427434272790538,2.154208530665736,2.707647386563928,0.5534388558981922,1.8864162298434721,2.995825544135658,False,0,0.06831049287575297,1.0,2.5,C_val,2026-09-13 04:31:38,2026-09-13 05:40:08
scratch,1,0.1,0.1,3,0,2.4434346207126922,2.170119650018832,2.7237435143832593,0.5536238643644276,1.9024464802493315,3.012055923318288,False,0,0.04144487216763082,1.0,2.5,C_val,2026-09-13 04:31:38,2026-09-13 05:40:08
scratch,1,0.1,0.1,4,0,2.3775040369491327,2.1062692664022875,2.6556085303842307,0.5493392639819432,1.8402457590172958,2.941658524875105,False,0,0.19681134093843866,1.0,2.5,C_val,2026-09-13 04:31:38,2026-09-13 05:40:08
scratch,1,0.1,0.1,5,0,2.3172200323434193,2.0445347028654695,2.596370448250638,0.5518357453851683,1.7764269815431881,2.8831725145934683,False,0,0.4323549418440962,1.0,2.5,C_val,2026-09-13 04:31:38,2026-09-13 05:40:08
scratch,1,0.1,0.1,6,0,2.2776621652998386,2.0044210582718542,2.5571765723089848,0.5527555140371305,1.7353562383704733,2.8442408808477784,False,0,0.6358224931573204,1.0,2.5,C_val,2026-09-13 04:31:38,2026-09-13 05:40:08
scratch,1,0.1,0.1,7,0,2.344671281543541,2.071709086322935,2.6241954964696403,0.5524864101467055,1.8035963621648268,2.9114112147023494,False,0,0.3120610872101679,1.0,2.5,C_val,2026-09-13 04:31:38,2026-09-13 05:40:08
scratch,1,0.1,0.1,8,0,2.3688562843324172,2.0937948549566707,2.6505351919051154,0.5567403369484447,1.8235028973039784,2.939920890998033,False,0,0.21972492817076272,1.0,2.5,C_val,2026-09-13 04:31:38,2026-09-13 05:40:08
scratch,1,0.1,0.1,9,0,2.3396247309761247,2.0665065130183438,2.6193842561581424,0.5528777431397986,1.7981813039875374,2.9068608432139893,False,0,0.3322629954745935,1.0,2.5,C_val,2026-09-13 04:31:38,2026-09-13 05:40:08
scratch,1,0.1,0.1,10,0,2.4437851973489217,2.17025983463652,2.724287148654807,0.554027314018287,1.9023518379059998,3.0127717602458515,False,0,0.04084082617191598,1.0,2.5,C_val,2026-09-13 04:31:38,2026-09-13 05:40:08
scratch,1,0.1,0.1,11,0,2.3229120606141627,2.046888695133919,2.605220459330895,0.5583317641969763,1.775194469997776,2.8950598836357697,False,0,0.39696005131554557,1.0,2.5,C_val,2026-09-13 04:31:38,2026-09-13 05:40:08
scratch,1,0.1,0.1,12,0,2.4510942687181507,2.176023156177388,2.733181210815553,0.5571580546381649,1.906429078576047,3.023291141965664,False,0,0.030705552497238386,1.0,2.5,C_val,2026-09-13 04:31:38,2026-09-13 05:40:08
scratch,1,0.1,0.1,13,0,2.4547192299126737,2.179754171119529,2.736645096412299,0.5568909252927696,1.9103922532853157,3.0264967569554133,False,0,0.026089434573805192,1.0,2.5,C_val,2026-09-13 04:31:38,2026-09-13 05:40:08
scratch,1,0.1,0.1,14,0,2.3119571075170815,2.0405345696786457,2.5898982459920417,0.549363676313396,1.773781103503061,2.8754863811154183,False,0,0.46155628484484623,1.0,2.5,C_val,2026-09-13 04:31:38,2026-09-13 05:40:08
scratch,1,0.1,0.1,15,0,2.4482502508311077,2.1750954454473876,2.7285536177590886,0.5534581723117009,1.9075971337646678,3.0169180979428387,False,0,0.03480527366264141,1.0,2.5,C_val,2026-09-13 04:31:38,2026-09-13 05:40:08
scratch,1,0.1,0.1,16,0,2.5272710735588704,2.253806819399176,2.8080440888984954,0.5542372694993194,1.9863574343404597,3.096952803397611,False,0,0.009619581320293946,1.0,2.5,C_val,2026-09-13 04:31:38,2026-09-13 05:40:08
scratch,1,0.1,0.1,17,0,2.2275301927502063,1.9536865838996755,2.507249304325489,0.5535627204258136,1.6833760313837614,2.794250094254344,False,0,0.949202958985552,1.0,2.5,C_val,2026-09-13 04:31:38,2026-09-13 05:40:08
scratch,1,0.1,0.1,18,0,2.410060460718738,2.137404869076275,2.6896259480145734,0.5522210789382984,1.8700386126121924,2.9770592189356058,False,0,0.10537544623002759,1.0,2.5,C_val,2026-09-13 04:31:38,2026-09-13 05:40:08
scratch,1,0.1,0.1,19,0,2.3764224463410026,2.103234845748875,2.6562684794743046,0.5530336337254296,1.8349866769674532,2.9438747478507574,False,0,0.19765677887335187,1.0,2.5,C_val,2026-09-13 04:31:38,2026-09-13 05:40:08
scratch,1,0.1,0.1,20,0,2.2966191626162513,2.021733801545053,2.5777626973052565,0.5560288957602033,1.751084986899826,2.8664170969192306,False,0,0.5267665605933871,1.0,2.5,C_val,2026-09-13 04:31:38,2026-09-13 05:40:08
scratch,1,0.1,0.1,21,0,2.450597409328466,2.177206062080813,2.731107582306102,0.5539015202252893,1.9094361388291923,3.019674179375367,False,0,0.031709991108073154,1.0,2.5,C_val,2026-09-13 04:31:38,2026-09-13 05:40:08
scratch,1,0.1,0.1,22,0,2.339100676549141,2.0647326421202337,2.619953991797278,0.5552213496770442,1.794914653017752,2.908388922373824,False,0,0.33177209275891073,1.0,2.5,C_val,2026-09-13 04:31:38,2026-09-13 05:40:08
scratch,1,0.1,0.1,23,0,2.3050817416045453,2.0324141393202444,2.5841867611156237,0.5517726217953793,1.7643080690674995,2.870921832611784,False,0,0.4911979644311941,1.0,2.5,C_val,2026-09-13 04:31:38,2026-09-13 05:40:08
scratch,1,0.1,0.1,24,0,2.3103851984637815,2.037812554546168,2.5893665078892587,0.5515539533430909,1.7696827477517045,2.8759189976411217,False,0,0.4657004841174057,1.0,2.5,C_val,2026-09-13 04:31:38,2026-09-13 05:40:08
scratch,1,0.1,0.1,25,0,2.193912761636154,1.920600663055924,2.4727599968015443,0.5521593337456203,1.6503693326329045,2.7586722711418536,False,0,1.2018770628419588,0.0,2.5,C_val,2026-09-13 04:31:38,2026-09-13 05:40:08
scratch,1,0.1,0.1,26,0,2.2912287146792054,2.017787442136029,2.570959720249652,0.5531722781136232,1.7485805655987947,2.858212341748302,False,0,0.5605084788257955,1.0,2.5,C_val,2026-09-13 04:31:38,2026-09-13 05:40:08
scratch,1,0.1,0.1,27,0,2.3164365116836954,2.0443497726057243,2.594985407872539,0.5506356352668149,1.776827805635682,2.8811997326385987,False,0,0.437873228402168,1.0,2.5,C_val,2026-09-13 04:31:38,2026-09-13 05:40:08
scratch,1,0.1,0.1,28,0,2.3674963245115763,2.093907822497843,2.647808178055261,0.5539003555574182,1.8253131756734522,2.9359163857102124,False,0,0.2264303628617199,1.0,2.5,C_val,2026-09-13 04:31:38,2026-09-13 05:40:08
scratch,1,0.1,0.1,29,0,2.322605784631431,2.0481846490877165,2.6034215024925493,0.5552368534048329,1.7782503784018562,2.8918723405776827,False,0,0.4026369654056907,1.0,2.5,C_val,2026-09-13 04:31:38,2026-09-13 05:40:08
scratch,1,0.1,0.1,30,0,2.3265668322606663,2.05554680479879,2.6041314501520594,0.5485846453532695,1.78922515969017,2.889409473887276,False,0,0.3940323334718414,1.0,2.5,C_val,2026-09-13 04:31:38,2026-09-13 05:40:08
scratch,1,0.1,0.1,31,0,2.381049873158295,2.1072160963271855,2.661593518779376,0.5543774224521907,1.8383585275559207,2.949941208037217,False,0,0.18244630443587084,1.0,2.5,C_val,2026-09-13 04:31:38,2026-09-13 05:40:08
scratch,1,0.1,0.1,32,0,2.3582766143654736,2.084816634813915,2.638451105294047,0.5536344704801319,1.816282736792925,2.926418422110415,False,0,0.25912555896138656,1.0,2.5,C_val,2026-09-13 04:31:38,2026-09-13 05:40:08
scratch,1,0.1,0.1,33,0,2.271772826242861,1.998382791429946,2.5513700956478176,0.5529873042178717,1.7291222666390658,2.8384503751055865,False,0,0.6692636358638993,1.0,2.5,C_val,2026-09-13 04:31:38,2026-09-13 05:40:08
scratch,1,0.1,0.1,34,0,2.3043259818738213,2.0292980564083614,2.585626655202048,0.5563285987936868,1.7586322654800144,2.8744589928369297,False,0,0.4872999326980789,1.0,2.5,C_val,2026-09-13 04:31:38,2026-09-13 05:40:08
scratch,1,0.1,0.1,35,0,2.284800326224648,2.010155740644691,2.5654978439954945,0.5553421033508035,1.7395288171498327,2.853587264597378,False,0,0.590853614241496,1.0,2.5,C_val,2026-09-13 04:31:38,2026-09-13 05:40:08
scratch,1,0.1,0.1,36,0,2.4146050087459185,2.1419444190238126,2.6942175048543824,0.5522730858305698,1.8747666923026691,2.9817728247193243,False,0,0.09473996800807072,1.0,2.5,C_val,2026-09-13 04:31:38,2026-09-13 05:40:08
scratch,1,0.1,0.1,37,0,2.4036617548019334,2.1302021083604217,2.683932098301443,0.5537299899410213,1.8620652316870767,2.9720911628861266,False,0,0.12002722878241912,1.0,2.5,C_val,2026-09-13 04:31:38,2026-09-13 05:40:08
scratch,1,0.1,0.1,38,0,2.4337704074300643,2.1601737593693366,2.7143000503978594,0.5541262910285227,1.892120130689065,3.0027866594707917,False,0,0.056692194473725976,1.0,2.5,C_val,2026-09-13 04:31:38,2026-09-13 05:40:08
scratch,1,0.1,0.1,39,0,2.2959239245910643,2.0224208965689003,2.5756953979068595,0.5532745013379592,1.7531734404622483,2.863005664602769,False,0,0.5354563705368491,1.0,2.5,C_val,2026-09-13 04:31:38,2026-09-13 05:40:08
scratch,1,0.1,0.1,40,0,2.3711016120491717,2.0963416313421432,2.6525234294887285,0.5561817981465853,1.8264619911694917,2.941735768780543,False,0,0.21268452987715136,1.0,2.5,C_val,2026-09-13 04:31:38,2026-09-13 05:40:08
scratch,1,0.1,0.1,41,0,2.263097702861811,1.9891466084578724,2.5430953802322818,0.5539487717744094,1.7191453087948962,2.8305074298016035,False,0,0.7183655168009864,1.0,2.5,C_val,2026-09-13 04:31:38,2026-09-13 05:40:08
scratch,1,0.1,0.1,42,0,2.4131767955870895,2.1400392984342487,2.693173599350814,0.5531343009165655,1.8723082439250933,2.981095937136985,False,0,0.09778545593144372,1.0,2.5,C_val,2026-09-13 04:31:38,2026-09-13 05:40:08
scratch,1,0.1,0.1,43,0,2.264793767017553,1.990090867846749,2.545505784708812,0.555414916862063,1.719342053867674,2.833580151936942,False,0,0.7045635033064173,1.0,2.5,C_val,2026-09-13 04:31:38,2026-09-13 05:40:08
scratch,1,0.1,0.1,44,0,2.2652041978020128,1.9906656235831328,2.545784876415628,0.5551192528324951,1.720089949511426,2.8337455150224016,False,0,0.7027937639431912,1.0,2.5,C_val,2026-09-13 04:31:38,2026-09-13 05:40:08
scratch,1,0.1,0.1,45,0,2.2137658155924025,1.9391943300497425,2.494067314099614,0.5548729840498716,1.6680087976273532,2.7815934097310264,False,0,1.0419511491018056,0.0,2.5,C_val,2026-09-13 04:31:38,2026-09-13 05:40:08
scratch,1,0.1,0.1,46,0,2.3383795593813215,2.0644726867734153,2.6187883129795266,0.5543156262061113,1.7951638863019013,2.906828814907105,False,0,0.3357486865352257,1.0,2.5,C_val,2026-09-13 04:31:38,2026-09-13 05:40:08
scratch,1,0.1,0.1,47,0,2.40185398939432,2.1292368011258107,2.681394066471787,0.5521572653459761,1.862010888711329,2.9688868063004907,False,0,0.12537136218088563,1.0,2.5,C_val,2026-09-13 04:31:38,2026-09-13 05:40:08
scratch,2,0.1,0.1,0,0,0.47143133990628433,0.1755086077936844,0.8665453134899355,0.6910367056962511,0.0553795757367004,1.2114700769968048,False,0,0.033399120868125465,1.0,0.4,C_val,2026-09-13 06:50:13,2026-09-13 08:22:53
scratch,2,0.1,0.1,1,0,0.4054930145265831,0.13844951303796502,0.8591085919113522,0.7206590788733872,0.04089335488998905,1.2221786389433802,False,0,5.019684977014549e-05,1.0,0.4,C_val,2026-09-13 06:50:13,2026-09-13 08:22:53
scratch,2,0.1,0.1,2,0,0.5251211925439843,0.14349873364958968,0.9708417584555289,0.8273430248059392,0.03868552471585382,1.3163758262032659,False,0,0.04695901030936511,1.0,0.4,C_val,2026-09-13 06:50:13,2026-09-13 08:22:53
scratch,2,0.1,0.1,3,0,0.5724238627306885,0.14227607908339185,1.000509417187407,0.858233338104015,0.03697849344571685,1.3391077169787635,False,0,0.08005433067592094,1.0,0.4,C_val,2026-09-13 06:50:13,2026-09-13 08:22:53
scratch,2,0.1,0.1,4,0,0.43389638630601024,0.13858294125215964,0.9053046052201452,0.7667216639679856,0.040315932641586685,1.2623149036494286,False,0,0.004586329643643694,1.0,0.4,C_val,2026-09-13 06:50:13,2026-09-13 08:22:53
scratch,2,0.1,0.1,5,0,0.4853129921441427,0.16745782574109072,0.8948234595490643,0.7273656338079736,0.050172922988832455,1.2388625888922484,False,0,0.03932955506752478,1.0,0.4,C_val,2026-09-13 06:50:13,2026-09-13 08:22:53
scratch,2,0.1,0.1,6,0,0.46756677603684244,0.16501082962424354,0.878476251073793,0.7134654214495495,0.05039963824647717,1.2261595643103278,False,0,0.026230159237456974,1.0,0.4,C_val,2026-09-13 06:50:13,2026-09-13 08:22:53
scratch,2,0.1,0.1,7,0,0.4609384897685829,0.16035364208339878,0.880035069109249,0.7196814270258503,0.048691841266458626,1.2297365724551346,False,0,0.020495284217759036,1.0,0.4,C_val,2026-09-13 06:50:13,2026-09-13 08:22:53
scratch,2,0.1,0.1,8,0,0.4060444675735549,0.13420307930511732,0.8769128548016526,0.7427097754965353,0.03861992404225758,1.2430842667565516,False,0,9.53988273977302e-05,1.0,0.4,C_val,2026-09-13 06:50:13,2026-09-13 08:22:53
scratch,2,0.1,0.1,9,0,0.48892455161152093,0.17037496574976302,0.8993609311268623,0.7289859653770994,0.052258221439381275,1.2436355335229123,False,0,0.04278533147953567,1.0,0.4,C_val,2026-09-13 06:50:13,2026-09-13 08:22:53
scratch,2,0.1,0.1,10,0,0.5061290192370258,0.14372926108614364,0.9542649933391724,0.8105357322530287,0.039232847426454526,1.3011912067333142,False,0,0.0365206806200149,1.0,0.4,C_val,2026-09-13 06:50:13,2026-09-13 08:22:53
scratch,2,0.1,0.1,11,0,0.5193208547089065,0.1871424404758284,0.9105134880891345,0.7233710476133061,0.056821737780214536,1.2493363833721407,False,0,0.08360608617294929,1.0,0.4,C_val,2026-09-13 06:50:13,2026-09-13 08:22:53
scratch,2,0.1,0.1,12,0,0.4042349227923661,0.11529041751268,0.9349905127274875,0.8197000952148075,0.0297790382995502,1.2961877115139135,False,0,0.0,1.0,0.4,C_val,2026-09-13 06:50:13,2026-09-13 08:22:53
scratch,2,0.1,0.1,13,0,0.5658538124356967,0.13105697353278378,1.0037612153263746,0.8727042417935909,0.0329444989519043,1.3439686538867022,False,0,0.06314066844788613,1.0,0.4,C_val,2026-09-13 06:50:13,2026-09-13 08:22:53
scratch,2,0.1,0.1,14,0,0.3832776865092564,0.13815759630748017,0.8255362197742955,0.6873786234668153,0.04252260739024963,1.1928586808197559,False,0,0.00169726668173098,1.0,0.4,C_val,2026-09-13 06:50:13,2026-09-13 08:22:53
scratch,2,0.1,0.1,15,0,0.5191086904824168,0.13802781897901126,0.9711459494089032,0.8331181304298919,0.03695337736569443,1.3167206141995929,False,0,0.039379434358124854,1.0,0.4,C_val,2026-09-13 06:50:13,2026-09-13 08:22:53
scratch,2,0.1,0.1,16,0,0.5593516227280015,0.13594995395216408,0.9988409221720081,0.862890968219844,0.03495145630444469,1.3402675643457678,False,0,0.06264703482884215,1.0,0.4,C_val,2026-09-13 06:50:13,2026-09-13 08:22:53
scratch,2,0.1,0.1,17,0,0.46373661695307944,0.18407858435964644,0.841833209246873,0.6577546248872266,0.061211679632875625,1.183426107053687,False,0,0.03110652623945498,1.0,0.4,C_val,2026-09-13 06:50:13,2026-09-13 08:22:53
scratch,2,0.1,0.1,18,0,0.5218336489727902,0.1538930312477437,0.9517006878348032,0.7978076565870595,0.04289508648347491,1.2947576543711474,False,0,0.05481157050235197,1.0,0.4,C_val,2026-09-13 06:50:13,2026-09-13 08:22:53
scratch,2,0.1,0.1,19,0,0.43756558206931573,0.1442634929867047,0.886625638380632,0.7423621453939273,0.04213296323559543,1.2432252070422374,False,0,0.006635281955823302,1.0,0.4,C_val,2026-09-13 06:50:13,2026-09-13 08:22:53
scratch,2,0.1,0.1,20,0,0.4793274582065753,0.16807874725468266,0.8908928920300085,0.7228141447753259,0.051174222499680996,1.23800898933292,False,0,0.035055637039477006,1.0,0.4,C_val,2026-09-13 06:50:13,2026-09-13 08:22:53
scratch,2,0.1,0.1,21,0,0.4793288724718611,0.12749922240933065,0.9647160700949517,0.8372168476856211,0.034127217773164784,1.315554252538257,False,0,0.014997712616604986,1.0,0.4,C_val,2026-09-13 06:50:13,2026-09-13 08:22:53
scratch,2,0.1,0.1,22,0,0.607017954311082,0.5252330476156122,0.9376404167940335,0.41240736917842136,0.09512908277739969,1.2655406579204378,False,0,1.7841016995989776,0.0,0.4,C_val,2026-09-13 06:50:13,2026-09-13 08:22:53
scratch,2,0.1,0.1,23,0,0.44648640168770076,0.16009837358555845,0.8608669306913793,0.7007685571058209,0.0495174144062787,1.2118541041468782,False,0,0.01295335926261032,1.0,0.4,C_val,2026-09-13 06:50:13,2026-09-13 08:22:53
scratch,2,0.1,0.1,24,0,0.43570354024024605,0.1547986026270926,0.8590470493355453,0.7042484467084527,0.047682550002406635,1.213112800423435,False,0,0.0073679788984009065,1.0,0.4,C_val,2026-09-13 06:50:13,2026-09-13 08:22:53
scratch,2,0.1,0.1,25,0,0.4500126469168328,0.19139261223124618,0.8044247069498524,0.6130320947186062,0.06750720957955117,1.1408184026353871,False,0,0.023437273033778183,1.0,0.4,C_val,2026-09-13 06:50:13,2026-09-13 08:22:53
scratch,2,0.1,0.1,26,0,0.44442100239838955,0.1649868347194918,0.8479797463908485,0.6829929116713567,0.05218803088832678,1.1980195769904043,False,0,0.01295575874246424,1.0,0.4,C_val,2026-09-13 06:50:13,2026-09-13 08:22:53
scratch,2,0.1,0.1,27,0,0.42209375364283713,0.15174727916350805,0.8444429983907707,0.6926957192272627,0.04722292686435581,1.1998501117977038,False,0,0.0029498701296688523,1.0,0.4,C_val,2026-09-13 06:50:13,2026-09-13 08:22:53
scratch,2,0.1,0.1,28,0,0.4829478672606487,0.16341620343417254,0.9005557058408818,0.7371395024067093,0.048749310839126446,1.246398326508919,False,0,0.035069452478637686,1.0,0.4,C_val,2026-09-13 06:50:13,2026-09-13 08:22:53
scratch,2,0.1,0.1,29,0,0.4250642026785277,0.155456936058783,0.8398488135417479,0.6843918774829649,0.04815913331839719,1.1977324051991924,False,0,0.0039437299783458,1.0,0.4,C_val,2026-09-13 06:50:13,2026-09-13 08:22:53
scratch,2,0.1,0.1,30,0,0.4867604557284933,0.17312942403896925,0.8904346409936081,0.7173052169546389,0.05373283974396736,1.2320858316234817,False,0,0.04298685957110138,1.0,0.4,C_val,2026-09-13 06:50:13,2026-09-13 08:22:53
scratch,2,0.1,0.1,31,0,0.4133400746176471,0.13752224773046431,0.8727596717310452,0.7352374240005809,0.039793114487274024,1.2352402841667725,False,0,0.0008094849254121073,1.0,0.4,C_val,2026-09-13 06:50:13,2026-09-13 08:22:53
scratch,2,0.1,0.1,32,0,0.46005533251196223,0.1547392791310166,0.8868730228887611,0.7321337437577445,0.04588323206992154,1.236885498803438,False,0,0.01836216012816294,1.0,0.4,C_val,2026-09-13 06:50:13,2026-09-13 08:22:53
scratch,2,0.1,0.1,33,0,0.495346323862347,0.18236695629242064,0.8822190227760593,0.6998520664836387,0.056871609070350736,1.2204693031582758,False,0,0.05801530291864765,1.0,0.4,C_val,2026-09-13 06:50:13,2026-09-13 08:22:53
scratch,2,0.1,0.1,34,0,0.4741681271238411,0.16732903932917045,0.8847666735929808,0.7174376342638104,0.050626138217113786,1.2332112024889954,False,0,0.031463040391827235,1.0,0.4,C_val,2026-09-13 06:50:13,2026-09-13 08:22:53
scratch,2,0.1,0.1,35,0,0.43716807326835505,0.162686949728418,0.8421767780577153,0.6794898283292973,0.0514727767774739,1.1944567709150669,False,0,0.00921115769961034,1.0,0.4,C_val,2026-09-13 06:50:13,2026-09-13 08:22:53
scratch,2,0.1,0.1,36,0,0.4151019088624844,0.12589315728725523,0.9161036247679515,0.7902104674806962,0.035157621262636995,1.2744411944935583,False,0,0.0006783879616705235,1.0,0.4,C_val,2026-09-13 06:50:13,2026-09-13 08:22:53
scratch,2,0.1,0.1,37,0,0.45832605924345554,0.13640881615308556,0.9253640273383228,0.7889552111852373,0.03815647801350432,1.277243255011542,False,0,0.011682401713187573,1.0,0.4,C_val,2026-09-13 06:50:13,2026-09-13 08:22:53
scratch,2,0.1,0.1,38,0,0.5444133100905552,0.12431132348761313,1.0011726980726674,0.8768613745850543,0.03179776962346788,1.3430130518025862,False,0,0.03933450282784179,1.0,0.4,C_val,2026-09-13 06:50:13,2026-09-13 08:22:53
scratch,2,0.1,0.1,39,0,0.3762763281760044,0.138867095508513,0.8047422270500789,0.6658751315415659,0.043094641782289674,1.1744502656048812,False,0,0.003819559333351208,1.0,0.4,C_val,2026-09-13 06:50:13,2026-09-13 08:22:53
scratch,2,0.1,0.1,40,0,0.47357565371608334,0.15034953431094294,0.914220911734804,0.763871377423861,0.04342814670117583,1.2649046777875932,False,0,0.02319792595881154,1.0,0.4,C_val,2026-09-13 06:50:13,2026-09-13 08:22:53
scratch,2,0.1,0.1,41,0,0.45437993018250783,0.17135399201318915,0.8464070966082147,0.6750531045950255,0.054623532682444756,1.1921440992453645,False,0,0.02041941946663428,1.0,0.4,C_val,2026-09-13 06:50:13,2026-09-13 08:22:53
scratch,2,0.1,0.1,42,0,0.4451498826420637,0.1461348979076952,0.891732814948086,0.7455979170403908,0.04288081534400054,1.2464701246913075,False,0,0.009370663887239061,1.0,0.4,C_val,2026-09-13 06:50:13,2026-09-13 08:22:53
scratch,2,0.1,0.1,43,0,0.46924194415765724,0.18289853934746084,0.8514652047147329,0.668566665367272,0.05964393703151823,1.193730692409569,False,0,0.03512437078097719,1.0,0.4,C_val,2026-09-13 06:50:13,2026-09-13 08:22:53
scratch,2,0.1,0.1,44,0,0.4629060213697075,0.17748415926717026,0.8491706810227558,0.6716865217555856,0.057072694677558496,1.1930128375639721,False,0,0.0282586647917924,1.0,0.4,C_val,2026-09-13 06:50:13,2026-09-13 08:22:53
scratch,2,0.1,0.1,45,0,0.4412412924421902,0.17811460750567978,0.8133242456611777,0.6352096381554979,0.05961800880527235,1.1571642482133013,False,0,0.014217069878213806,1.0,0.4,C_val,2026-09-13 06:50:13,2026-09-13 08:22:53
scratch,2,0.1,0.1,46,0,0.44639317232785125,0.16073792561998337,0.8591579806592864,0.698420055039303,0.04963897248785333,1.2107447051841207,False,0,0.013098949453706155,1.0,0.4,C_val,2026-09-13 06:50:13,2026-09-13 08:22:53
scratch,2,0.1,0.1,47,0,0.42485393012011896,0.13746612008679077,0.8886739585858572,0.7512078384990664,0.03949062501211048,1.2478988201731618,False,0,0.0026290378882549703,1.0,0.4,C_val,2026-09-13 06:50:13,2026-09-13 08:22:53
scratch,2,0.1,0.1,0,0,2.1591935047422237,1.8695380775978514,2.4535854367306973,0.5840473591328459,1.581431075396387,2.7546645683525957,False,0,1.335434092387004,0.0,2.5,C_val,2026-09-13 06:50:13,2026-09-13 08:22:53
scratch,2,0.1,0.1,1,0,2.205494462476138,1.9168441460554204,2.499171733980022,0.5823275879246017,1.6302360271307716,2.7995451138843914,False,0,1.0055051000745152,0.0,2.5,C_val,2026-09-13 06:50:13,2026-09-13 08:22:53
scratch,2,0.1,0.1,2,0,2.3105366954723925,2.0228861660260367,2.6039117017592335,0.5810255357331968,1.738585664196228,2.9045071164197203,False,0,0.4202915195710375,1.0,2.5,C_val,2026-09-13 06:50:13,2026-09-13 08:22:53
scratch,2,0.1,0.1,3,0,2.3314294765091277,2.0449848750194475,2.6238937083061433,0.5789088332866958,1.7623424474953726,2.923769747448143,False,0,0.3354022647909005,1.0,2.5,C_val,2026-09-13 06:50:13,2026-09-13 08:22:53
scratch,2,0.1,0.1,4,0,2.250744571610096,1.9646021834560814,2.5422541750039174,0.577651991547836,1.6810937733371136,2.840763807379899,False,0,0.7333014391006145,1.0,2.5,C_val,2026-09-13 06:50:13,2026-09-13 08:22:53
scratch,2,0.1,0.1,5,0,2.1973627534310616,1.9098870577295755,2.489907703080204,0.5800206453506285,1.6246409037566891,2.789207719255747,False,0,1.0693889716130798,0.0,2.5,C_val,2026-09-13 06:50:13,2026-09-13 08:22:53
scratch,2,0.1,0.1,6,0,2.171967709980673,1.8834194721741842,2.465326777866867,0.5819073056926829,1.59652423029421,2.765368430239649,False,0,1.2469304918085982,0.0,2.5,C_val,2026-09-13 06:50:13,2026-09-13 08:22:53
scratch,2,0.1,0.1,7,0,2.2183163267773196,1.9306139092896373,2.511099061938146,0.5804851526485086,1.645205519202457,2.810661540519524,False,0,0.9262648907933908,1.0,2.5,C_val,2026-09-13 06:50:13,2026-09-13 08:22:53
scratch,2,0.1,0.1,8,0,2.241403645840175,1.9517150465883757,2.536248282508016,0.5845332359196405,1.664377478582949,2.8379892046926374,False,0,0.7710510394172161,1.0,2.5,C_val,2026-09-13 06:50:13,2026-09-13 08:22:53
scratch,2,0.1,0.1,9,0,2.2124136957772174,1.9247352501092942,2.5052253761469374,0.5804901260376432,1.6392966908007212,2.8048942582592615,False,0,0.9647271591857134,1.0,2.5,C_val,2026-09-13 06:50:13,2026-09-13 08:22:53
scratch,2,0.1,0.1,10,0,2.312112458528518,2.0243662149620096,2.605647862604726,0.5812816476427165,1.7400309194313637,2.9064427077781407,False,0,0.41292077643811353,1.0,2.5,C_val,2026-09-13 06:50:13,2026-09-13 08:22:53
scratch,2,0.1,0.1,11,0,2.1932698801803947,1.9037681147804733,2.4877551295987095,0.5839870148182362,1.6162773509962174,2.7889619487338937,False,0,1.0837423740558734,0.0,2.5,C_val,2026-09-13 06:50:13,2026-09-13 08:22:53
scratch,2,0.1,0.1,12,0,2.328405128922074,2.039468364403594,2.623171002149656,0.5837026377460623,1.754126833194145,2.9252440745176562,False,0,0.3420170957215305,1.0,2.5,C_val,2026-09-13 06:50:13,2026-09-13 08:22:53
scratch,2,0.1,0.1,13,0,2.343172978704219,2.0561784033026043,2.636220554371694,0.5800421510690899,1.7730913927309133,2.936668449698783,False,0,0.2893472658797691,1.0,2.5,C_val,2026-09-13 06:50:13,2026-09-13 08:22:53
scratch,2,0.1,0.1,14,0,2.1821399609467114,1.8956174200075484,2.4735528378944642,0.5779354178869158,1.6108672740633525,2.771688445282552,False,0,1.187162084843294,0.0,2.5,C_val,2026-09-13 06:50:13,2026-09-13 08:22:53
scratch,2,0.1,0.1,15,0,2.3246002748991708,2.0376585760015895,2.6174631609603094,0.5798045849587199,1.7544195385223342,2.917616906759049,False,0,0.36178744055359857,1.0,2.5,C_val,2026-09-13 06:50:13,2026-09-13 08:22:53
scratch,2,0.1,0.1,16,0,2.3750675278290574,2.0882401672070685,2.668071317395935,0.5798311501888667,1.8056276362276495,2.9684812938869456,False,0,0.18399626320024254,1.0,2.5,C_val,2026-09-13 06:50:13,2026-09-13 08:22:53
scratch,2,0.1,0.1,17,0,2.109216695116493,1.8204845852695961,2.4021784245098474,0.5816938392402513,1.532427571102869,2.701475215111739,False,0,1.7671173052403901,0.0,2.5,C_val,2026-09-13 06:50:13,2026-09-13 08:22:53
scratch,2,0.1,0.1,18,0,2.290777731543718,2.0039311301064253,2.5833165947570214,0.579385464650596,1.7203361014925351,2.88304892359515,False,0,0.5146693118076655,1.0,2.5,C_val,2026-09-13 06:50:13,2026-09-13 08:22:53
scratch,2,0.1,0.1,19,0,2.233315492814793,1.9455102369328445,2.5262595952955147,0.5807493583626702,1.6600124706533772,2.8260237521529334,False,0,0.8301051851958618,1.0,2.5,C_val,2026-09-13 06:50:13,2026-09-13 08:22:53
scratch,2,0.1,0.1,20,0,2.183981686402578,1.894248545221021,2.4786212974134436,0.5843727521924227,1.6063056742786173,2.779931881000245,False,0,1.148510451799666,0.0,2.5,C_val,2026-09-13 06:50:13,2026-09-13 08:22:53
scratch,2,0.1,0.1,21,0,2.3243383666586372,2.0370193504115446,2.617517941439606,0.5804985910280616,1.7532908408373202,2.9179426619720026,False,0,0.3620714085918735,1.0,2.5,C_val,2026-09-13 06:50:13,2026-09-13 08:22:53
scratch,2,0.1,0.1,22,0,2.2039259338696793,1.9153858504977157,2.4975035965439223,0.5821177460462066,1.6289557356191597,2.797819751887401,False,0,1.0166872577465256,0.0,2.5,C_val,2026-09-13 06:50:13,2026-09-13 08:22:53
scratch,2,0.1,0.1,23,0,2.171609959589156,1.8837616942064408,2.46425969445212,0.5804980002456792,1.597537137257121,2.7635909215639836,False,0,1.2556093598759617,0.0,2.5,C_val,2026-09-13 06:50:13,2026-09-13 08:22:53
scratch,2,0.1,0.1,24,0,2.1739098978100295,1.8862792534373454,2.466271700499749,0.5799924470624038,1.6002105903964363,2.7652043450458805,False,0,1.2407824345609697,0.0,2.5,C_val,2026-09-13 06:50:13,2026-09-13 08:22:53
scratch,2,0.1,0.1,25,0,2.049491819950835,1.7605483787811402,2.341997703865115,0.581449325083975,1.4710327346565937,2.640432033095845,False,0,2.3476048635639017,0.0,2.5,C_val,2026-09-13 06:50:13,2026-09-13 08:22:53
scratch,2,0.1,0.1,26,0,2.161437402323676,1.873397194145562,2.4541459014062563,0.5807487072606943,1.5867744681566507,2.7534456228268005,False,0,1.3331651137923473,0.0,2.5,C_val,2026-09-13 06:50:13,2026-09-13 08:22:53
scratch,2,0.1,0.1,27,0,2.1786479545406396,1.891751301345514,2.4704643903568204,0.5787130890113064,1.60669205907613,2.7689725575726745,False,0,1.2100074340341962,0.0,2.5,C_val,2026-09-13 06:50:13,2026-09-13 08:22:53
scratch,2,0.1,0.1,28,0,2.233808608101508,1.9460262552876528,2.526943905334588,0.5809176500469351,1.6608810159955358,2.8270394624673925,False,0,0.8260546340279689,1.0,2.5,C_val,2026-09-13 06:50:13,2026-09-13 08:22:53
scratch,2,0.1,0.1,29,0,2.169211927359532,1.8788018428898057,2.4641535511188697,0.585351708229064,1.5896271801401562,2.765613980949665,False,0,1.254424605609529,0.0,2.5,C_val,2026-09-13 06:50:13,2026-09-13 08:22:53
scratch,2,0.1,0.1,30,0,2.2034552901814086,1.917991124938684,2.4941000192660514,0.5761088943273673,1.6349370019772773,2.7916334839332477,False,0,1.0402704029766028,0.0,2.5,C_val,2026-09-13 06:50:13,2026-09-13 08:22:53
scratch,2,0.1,0.1,31,0,2.231192997635501,1.9426375684016073,2.524860555111848,0.5822229867102406,1.6563523730186362,2.825382256562487,False,0,0.8391347828910511,1.0,2.5,C_val,2026-09-13 06:50:13,2026-09-13 08:22:53
scratch,2,0.1,0.1,32,0,2.2284389236445232,1.94057173589238,2.5216110704938175,0.5810393346014375,1.6553193604990286,2.82175568691494,False,0,0.8592595977534074,1.0,2.5,C_val,2026-09-13 06:50:13,2026-09-13 08:22:53
scratch,2,0.1,0.1,33,0,2.1516780859896887,1.864003515346035,2.4440751957157105,0.5800716803696755,1.5778176833152662,2.74309732208481,False,0,1.4130797288344183,0.0,2.5,C_val,2026-09-13 06:50:13,2026-09-13 08:22:53
scratch,2,0.1,0.1,34,0,2.1840881623251316,1.893826704940846,2.4791270496104603,0.5853003446696143,1.60518317363896,2.7807077621104423,False,0,1.1447595793142682,0.0,2.5,C_val,2026-09-13 06:50:13,2026-09-13 08:22:53
scratch,2,0.1,0.1,35,0,2.1451329097466263,1.855591510371353,2.4391746848819484,0.5835831745105955,1.5671193849284906,2.7395889522493455,False,0,1.4504317674436606,0.0,2.5,C_val,2026-09-13 06:50:13,2026-09-13 08:22:53
scratch,2,0.1,0.1,36,0,2.292301506610661,2.0059790372461093,2.5843953636688,0.5784163264226909,1.723022116340469,2.8837502134918878,False,0,0.5087940508019528,1.0,2.5,C_val,2026-09-13 06:50:13,2026-09-13 08:22:53
scratch,2,0.1,0.1,37,0,2.2896784887319344,2.002979056842943,2.58211717588611,0.5791381190431668,1.7195869908700152,2.8817771806238506,False,0,0.5204579654382542,1.0,2.5,C_val,2026-09-13 06:50:13,2026-09-13 08:22:53
scratch,2,0.1,0.1,38,0,2.3510850355279675,2.065564350805144,2.6427161779397452,0.5771518271346014,1.7840127934538481,2.9418010345447443,False,0,0.2636877332988661,1.0,2.5,C_val,2026-09-13 06:50:13,2026-09-13 08:22:53
scratch,2,0.1,0.1,39,0,2.1708459338298747,1.8829695012178025,2.463466935602093,0.5804974343842906,1.5966006407583493,2.7627463115315236,False,0,1.2616689739807043,0.0,2.5,C_val,2026-09-13 06:50:13,2026-09-13 08:22:53
scratch,2,0.1,0.1,40,0,2.252457141891618,1.9638949713354352,2.54641637841476,0.582521407079325,1.6780380841181963,2.8474004141556963,False,0,0.7113882532830758,1.0,2.5,C_val,2026-09-13 06:50:13,2026-09-13 08:22:53
scratch,2,0.1,0.1,41,0,2.1542860031134237,1.8659481351551745,2.4472669931201088,0.5813188579649342,1.5789942420110077,2.746752033121813,False,0,1.386993760290352,0.0,2.5,C_val,2026-09-13 06:50:13,2026-09-13 08:22:53
scratch,2,0.1,0.1,42,0,2.267524864941183,1.979855744526759,2.5606797930039873,0.5808240484772282,1.6951828549215056,2.8608646442495163,False,0,0.6316844986649812,1.0,2.5,C_val,2026-09-13 06:50:13,2026-09-13 08:22:53
scratch,2,0.1,0.1,43,0,2.1394855985927195,1.8499240207549164,2.43346849995555,0.5835444792006335,1.5614586057896689,2.733908800697132,False,0,1.4965974098813604,0.0,2.5,C_val,2026-09-13 06:50:13,2026-09-13 08:22:53
scratch,2,0.1,0.1,44,0,2.1316333914525933,1.8420916709314445,2.4255477954947557,0.5834561245633112,1.553464107619108,2.7258820167144813,False,0,1.5623973873262003,0.0,2.5,C_val,2026-09-13 06:50:13,2026-09-13 08:22:53
scratch,2,0.1,0.1,45,0,2.087103851781448,1.7974167653811368,2.380744312464088,0.5833275470829511,1.5077820894355995,2.6804767807608236,False,0,1.9616369799841777,0.0,2.5,C_val,2026-09-13 06:50:13,2026-09-13 08:22:53
scratch,2,0.1,0.1,46,0,2.197706886425202,1.9089870766352606,2.4913833062696993,0.5823962296344387,1.622269895878017,2.7917788171635243,False,0,1.0587498161512485,0.0,2.5,C_val,2026-09-13 06:50:13,2026-09-13 08:22:53
scratch,2,0.1,0.1,47,0,2.267328027949575,1.9797774742632819,2.5604111083732364,0.5806336341099545,1.695262801672993,2.8605567511517114,False,0,0.6330843266223383,1.0,2.5,C_val,2026-09-13 06:50:13,2026-09-13 08:22:53
scratch,0,0.3,0.3,0,0,0.3507447456146516,0.1449106578444638,0.7292414662597102,0.5843308084152463,0.0478266900343048,1.120690263623756,False,0,0.0254773276938067,1.0,0.4,C_val,2026-09-12 08:48:57,2026-09-12 10:03:14
scratch,0,0.3,0.3,1,0,0.4679827301311131,0.4315852206608128,0.7901835911446543,0.3585983704838415,0.0305116304352515,1.1760529669330486,False,0,1.1071638679750322,0.0,0.4,C_val,2026-09-12 08:48:57,2026-09-12 10:03:14
scratch,0,0.3,0.3,2,0,0.305054227675326,0.10878732465888,0.754005095727967,0.645217771069087,0.0311276897934713,1.1941488592774487,False,0,0.0741346699433052,1.0,0.4,C_val,2026-09-12 08:48:57,2026-09-12 10:03:14
scratch,0,0.3,0.3,3,0,0.3032040714886421,0.1081246197632079,0.7841471011838707,0.6760224814206628,0.0298153433201807,1.2132806565677483,False,0,0.0684216148365521,1.0,0.4,C_val,2026-09-12 08:48:57,2026-09-12 10:03:14
scratch,0,0.3,0.3,4,0,0.3030085561597044,0.1175506883431203,0.7291654738667444,0.611614785523624,0.0354966249972403,1.1639955747200497,False,0,0.0891658050422847,1.0,0.4,C_val,2026-09-12 08:48:57,2026-09-12 10:03:14
scratch,0,0.3,0.3,5,0,0.3386537878441831,0.133719901449423,0.7417422015700357,0.6080223001206126,0.0420713171580042,1.1457709509644258,False,0,0.0357395280079799,1.0,0.4,C_val,2026-09-12 08:48:57,2026-09-12 10:03:14
scratch,0,0.3,0.3,6,0,0.3988929439654041,0.2582167881433577,0.7381003774669581,0.4798835893236003,0.0401055385360416,1.129638466771276,False,0,0.0,1.0,0.4,C_val,2026-09-12 08:48:57,2026-09-12 10:03:14
scratch,0,0.3,0.3,7,0,0.3086037279809909,0.1269161510818747,0.6751691979888905,0.5482530469070157,0.0403786172418189,1.0952663140277723,False,0,0.0972756494411442,1.0,0.4,C_val,2026-09-12 08:48:57,2026-09-12 10:03:14
scratch,0,0.3,0.3,8,0,0.3082829854038397,0.1220225627468696,0.7122365511599001,0.5902139884130305,0.0370736309724817,1.1461915768174826,False,0,0.0863448111740581,1.0,0.4,C_val,2026-09-12 08:48:57,2026-09-12 10:03:14
scratch,0,0.3,0.3,9,0,0.3498559114514843,0.1411077504591347,0.7572782133511983,0.6161704628920636,0.0457145017255892,1.1581919689749454,False,0,0.02393463066619,1.0,0.4,C_val,2026-09-12 08:48:57,2026-09-12 10:03:14
scratch,0,0.3,0.3,10,0,0.3168870854482362,0.1178625566518388,0.7888822449773542,0.6710196883255153,0.0338641178379431,1.2156971929816225,False,0,0.055000460397423,1.0,0.4,C_val,2026-09-12 08:48:57,2026-09-12 10:03:14
scratch,0,0.3,0.3,11,0,0.375285360256244,0.1488521307824319,0.7826306774040532,0.6337785466216214,0.0474309405739432,1.1686579397423469,False,0,0.0051602321000245,1.0,0.4,C_val,2026-09-12 08:48:57,2026-09-12 10:03:14
scratch,0,0.3,0.3,12,0,0.2632136455683045,0.09694028757796,0.7092804266546757,0.6123401390767157,0.0258723521003755,1.1896380785386724,False,0,0.1761098903989477,1.0,0.4,C_val,2026-09-12 08:48:57,2026-09-12 10:03:14
scratch,0,0.3,0.3,13,0,0.4439869119425471,0.0815298452150769,0.8497737058525833,0.7682438606375063,0.0209527766526267,1.2572250153918083,False,0,0.6579541624523699,1.0,0.4,C_val,2026-09-12 08:48:57,2026-09-12 10:03:14
scratch,0,0.3,0.3,14,0,0.2620599418995516,0.108645683413197,0.5864066873571617,0.4777610039439647,0.0338942268834377,1.0457566001005594,False,0,0.2685202384927834,1.0,0.4,C_val,2026-09-12 08:48:57,2026-09-12 10:03:14
scratch,0,0.3,0.3,15,0,0.3632792583824311,0.1001561641096654,0.8223170936525679,0.7221609295429025,0.0277124240508081,1.2442418939347484,False,0,0.0167073141092259,1.0,0.4,C_val,2026-09-12 08:48:57,2026-09-12 10:03:14
scratch,0,0.3,0.3,16,0,0.3835375764068724,0.1274421526417466,0.9181006584186452,0.7906585057768984,0.0352433393878274,1.2986579076306393,False,0,0.0012016216933261,1.0,0.4,C_val,2026-09-12 08:48:57,2026-09-12 10:03:14
scratch,0,0.3,0.3,17,0,0.3439792408291272,0.152487371762834,0.6745545825076613,0.5220672107448273,0.0541696050099023,1.0503947890741616,False,0,0.0413725220496417,1.0,0.4,C_val,2026-09-12 08:48:57,2026-09-12 10:03:14
scratch,0,0.3,0.3,18,0,0.3211854297628689,0.1202695901805264,0.7659088604807046,0.6456392703001782,0.0358288297509234,1.184761748315114,False,0,0.0514217942618415,1.0,0.4,C_val,2026-09-12 08:48:57,2026-09-12 10:03:14
scratch,0,0.3,0.3,19,0,0.3270362830184751,0.1218902811010727,0.7587610919714823,0.6368708108704095,0.0364973293324095,1.17330909032933,False,0,0.0443362275145773,1.0,0.4,C_val,2026-09-12 08:48:57,2026-09-12 10:03:14
scratch,0,0.3,0.3,20,0,0.3524602559884749,0.1342751760528476,0.753137031944945,0.6188618558920973,0.0421084765604955,1.1492519726979096,False,0,0.0203384077831287,1.0,0.4,C_val,2026-09-12 08:48:57,2026-09-12 10:03:14
scratch,0,0.3,0.3,21,0,0.471052238135863,0.4080549947167772,0.8841715284511947,0.4761165337344175,0.0237354668816061,1.2718038853489302,False,0,1.369213111935096,0.0,0.4,C_val,2026-09-12 08:48:57,2026-09-12 10:03:14
scratch,0,0.3,0.3,22,0,0.3860693301181323,0.1467439713182438,0.8035722409202082,0.6568282696019643,0.0457297350573254,1.1841172142768563,False,0,0.0014044486779312,1.0,0.4,C_val,2026-09-12 08:48:57,2026-09-12 10:03:14
scratch,0,0.3,0.3,23,0,0.3398500484543523,0.1396905810589792,0.718038651181416,0.5783480701224367,0.0457947765962004,1.114344765129675,False,0,0.0384711755286844,1.0,0.4,C_val,2026-09-12 08:48:57,2026-09-12 10:03:14
scratch,0,0.3,0.3,24,0,0.369982437787469,0.125056461853416,0.7708659904060566,0.6458095285526406,0.0379224848518985,1.156049997543886,False,0,0.0074755010246008,1.0,0.4,C_val,2026-09-12 08:48:57,2026-09-12 10:03:14
scratch,0,0.3,0.3,25,0,0.4153490670936986,0.2131139855846339,0.7224294300059068,0.5093154444212729,0.0591126818020955,1.0753029289757414,False,0,0.0075403702830953,1.0,0.4,C_val,2026-09-12 08:48:57,2026-09-12 10:03:14
scratch,0,0.3,0.3,26,0,0.3108199745556383,0.1323003364910314,0.6567577021822675,0.524457365691236,0.044088423631187,1.0685672738170278,False,0,0.1019414300353673,1.0,0.4,C_val,2026-09-12 08:48:57,2026-09-12 10:03:14
scratch,0,0.3,0.3,27,0,0.4570844754812803,0.4032697169820839,0.7966892070926006,0.3934194901105166,0.039085746085169,1.1612132171709384,False,0,1.4199246405296435,0.0,0.4,C_val,2026-09-12 08:48:57,2026-09-12 10:03:14
scratch,0,0.3,0.3,28,0,0.3307339241637771,0.1326527870476388,0.7307922037546881,0.5981394167070493,0.0416076767012817,1.144437045389949,False,0,0.0481191553990356,1.0,0.4,C_val,2026-09-12 08:48:57,2026-09-12 10:03:14
scratch,0,0.3,0.3,29,0,0.3463555954613723,0.1401712893991498,0.7348111790925111,0.5946398896933613,0.0452970734771109,1.1312602903382194,False,0,0.0287246644729748,1.0,0.4,C_val,2026-09-12 08:48:57,2026-09-12 10:03:14
scratch,0,0.3,0.3,30,0,0.44458546676492,0.2298424075487424,0.7753775230449598,0.5455351154962174,0.0394710992194548,1.1475707559854351,False,0,0.8348638191746431,1.0,0.4,C_val,2026-09-12 08:48:57,2026-09-12 10:03:14
scratch,0,0.3,0.3,31,0,0.3453217385231364,0.1242667785311518,0.7756222448006027,0.6513554662694508,0.0369581322853495,1.1747511330421752,False,0,0.0226479351513262,1.0,0.4,C_val,2026-09-12 08:48:57,2026-09-12 10:03:14
scratch,0,0.3,0.3,32,0,0.3162231183590169,0.125618496235838,0.7107075974785235,0.5850891012426854,0.038924731055791,1.1284824436047314,False,0,0.0713912423889269,1.0,0.4,C_val,2026-09-12 08:48:57,2026-09-12 10:03:14
scratch,0,0.3,0.3,33,0,0.4127220254787234,0.3130219647921585,0.7733117445655142,0.4602897797733556,0.0435576218119512,1.1467044780387123,False,0,0.0020776207238668,1.0,0.4,C_val,2026-09-12 08:48:57,2026-09-12 10:03:14
scratch,0,0.3,0.3,34,0,0.3566437835615125,0.1350808942682278,0.7366908271711505,0.6016099329029228,0.0430113371334007,1.1309315168783292,False,0,0.0195840772285009,1.0,0.4,C_val,2026-09-12 08:48:57,2026-09-12 10:03:14
scratch,0,0.3,0.3,35,0,0.4033121562287337,0.2416724003183255,0.7559358578116725,0.5142634574933469,0.0469117596396764,1.1355117045609402,False,0,0.0,1.0,0.4,C_val,2026-09-12 08:48:57,2026-09-12 10:03:14
scratch,0,0.3,0.3,36,0,0.2640872518674414,0.1051892584437201,0.6312003370713485,0.5260110786276284,0.030719412774465,1.109819220677201,False,0,0.2245683749606541,1.0,0.4,C_val,2026-09-12 08:48:57,2026-09-12 10:03:14
scratch,0,0.3,0.3,37,0,0.2966116564949185,0.1174306230110702,0.693107622856043,0.5756769998449727,0.0355367732518877,1.1354500399649954,False,0,0.1134878160119114,1.0,0.4,C_val,2026-09-12 08:48:57,2026-09-12 10:03:14
scratch,0,0.3,0.3,38,0,0.2629655999199967,0.1012264398796296,0.6599547302377148,0.5587282903580851,0.0284529217263312,1.1446273349511618,False,0,0.206265557790175,1.0,0.4,C_val,2026-09-12 08:48:57,2026-09-12 10:03:14
scratch,0,0.3,0.3,39,0,0.4234615253779475,0.1610094263294803,0.6965596936776175,0.5355502673481372,0.0370858924892048,1.0808903137895596,False,0,0.6002319383660506,1.0,0.4,C_val,2026-09-12 08:48:57,2026-09-12 10:03:14
scratch,0,0.3,0.3,40,0,0.4182645903835272,0.3450182084348041,0.8077959067578229,0.4627776983230187,0.0320711356076018,1.2018682514173706,False,0,0.0057539542867743,1.0,0.4,C_val,2026-09-12 08:48:57,2026-09-12 10:03:14
scratch,0,0.3,0.3,41,0,0.4105021171668316,0.1624468753868984,0.7814272756680879,0.6189804002811895,0.0529859371712596,1.1431888300365958,False,0,0.0010661400265234,1.0,0.4,C_val,2026-09-12 08:48:57,2026-09-12 10:03:14
scratch,0,0.3,0.3,42,0,0.4339754311090738,0.1553305580079473,0.8008930636427819,0.6455625056348345,0.029472089165134,1.2042742805268865,False,0,0.631064076529583,1.0,0.4,C_val,2026-09-12 08:48:57,2026-09-12 10:03:14
scratch,0,0.3,0.3,43,0,0.3885616202779509,0.1640367965692782,0.7572198145313936,0.5931830179621154,0.0562063677163241,1.12651372716552,False,0,0.001343763222394,1.0,0.4,C_val,2026-09-12 08:48:57,2026-09-12 10:03:14
scratch,0,0.3,0.3,44,0,0.4105693802804775,0.1526613729388732,0.7915419988849489,0.6388806259460758,0.0479435095858956,1.1547618449977344,False,0,0.0009563304629409,1.0,0.4,C_val,2026-09-12 08:48:57,2026-09-12 10:03:14
scratch,0,0.3,0.3,45,0,0.3557635218920716,0.1511466768129797,0.7106768289237789,0.5595301521107992,0.0513419366843199,1.0873941544513328,False,0,0.0221506521920673,1.0,0.4,C_val,2026-09-12 08:48:57,2026-09-12 10:03:14
scratch,0,0.3,0.3,46,0,0.3753027837699529,0.1386026400026191,0.8210720635340921,0.682469423531473,0.0418456543480439,1.209072771494935,False,0,0.0042061288768309,1.0,0.4,C_val,2026-09-12 08:48:57,2026-09-12 10:03:14
scratch,0,0.3,0.3,47,0,0.3278123006110298,0.1258624895100343,0.760611838798594,0.6347493492885596,0.0377461005922196,1.1742321360581025,False,0,0.0455147330576437,1.0,0.4,C_val,2026-09-12 08:48:57,2026-09-12 10:03:14
scratch,0,0.3,0.3,0,0,2.1482263345321786,1.8589503934983636,2.442739339325154,0.5837889458267909,1.5713497440209871,2.7444922700034464,False,0,1.4200403633767564,0.0,2.5,C_val,2026-09-12 08:48:57,2026-09-12 10:03:14
scratch,0,0.3,0.3,1,0,2.2063584786356376,1.9178262630618483,2.5004065994262468,0.5825803363643984,1.6315714582692162,2.8017065105931187,False,0,0.997224797232775,1.0,2.5,C_val,2026-09-12 08:48:57,2026-09-12 10:03:14
scratch,0,0.3,0.3,2,0,2.288480581430105,2.000976032061061,2.582137287343093,0.5811612552820327,1.7170674626154565,2.8834889975709688,False,0,0.5222423622981296,1.0,2.5,C_val,2026-09-12 08:48:57,2026-09-12 10:03:14
scratch,0,0.3,0.3,3,0,2.303290333071317,2.015881516788613,2.596975008728884,0.5810934919402704,1.7322167703409386,2.8984161035554843,False,0,0.4520865404847427,1.0,2.5,C_val,2026-09-12 08:48:57,2026-09-12 10:03:14
scratch,0,0.3,0.3,4,0,2.2302322750249086,1.944220278890964,2.522158081183312,0.5779378022923483,1.6611728735790463,2.8216626736053825,False,0,0.8553521207722952,1.0,2.5,C_val,2026-09-12 08:48:57,2026-09-12 10:03:14
scratch,0,0.3,0.3,5,0,2.186864770020746,1.8991591556519691,2.4800825685575045,0.5809234129055352,1.6138048416438633,2.78055335817538,False,0,1.1386840671984828,0.0,2.5,C_val,2026-09-12 08:48:57,2026-09-12 10:03:14
scratch,0,0.3,0.3,6,0,2.1514044118406264,1.863679750480799,2.4444027472207743,0.5807229967399754,1.5776445378062989,2.7446629454327205,False,0,1.408985036188824,0.0,2.5,C_val,2026-09-12 08:48:57,2026-09-12 10:03:14
scratch,0,0.3,0.3,7,0,2.196167044355218,1.9085156049833976,2.489188058428961,0.5806724534455634,1.6229841204734947,2.7893671566479017,False,0,1.074180462037475,0.0,2.5,C_val,2026-09-12 08:48:57,2026-09-12 10:03:14
scratch,0,0.3,0.3,8,0,2.2245879062414726,1.935014129669511,2.5198341408095493,0.5848200111400383,1.648002454986607,2.822365305434367,False,0,0.871459059726476,1.0,2.5,C_val,2026-09-12 08:48:57,2026-09-12 10:03:14
scratch,0,0.3,0.3,9,0,2.2102072690302745,1.9233788573109436,2.502818188930339,0.5794393316193955,1.6393041094934122,2.802931138021512,False,0,0.9808340631097964,1.0,2.5,C_val,2026-09-12 08:48:57,2026-09-12 10:03:14
scratch,0,0.3,0.3,10,0,2.313124004999118,2.0258705633365013,2.6067661518355894,0.5808955884990881,1.7425685435160267,2.908236706119081,False,0,0.4084959811370936,1.0,2.5,C_val,2026-09-12 08:48:57,2026-09-12 10:03:14
scratch,0,0.3,0.3,11,0,2.180688582848522,1.8905841003738155,2.4761268875714952,0.5855427871976799,1.6026034438468857,2.778815529116855,False,0,1.165706924512051,0.0,2.5,C_val,2026-09-12 08:48:57,2026-09-12 10:03:14
scratch,0,0.3,0.3,12,0,2.32776630067032,2.03884425622763,2.623070849935435,0.5842265937078053,1.753899350628034,2.9262383075577145,False,0,0.34355365952797,1.0,2.5,C_val,2026-09-12 08:48:57,2026-09-12 10:03:14
scratch,0,0.3,0.3,13,0,2.344818061540089,2.056564980239657,2.6395108869247714,0.5829459066851146,1.7723688501066197,2.941940567345637,False,0,0.2803182840252702,1.0,2.5,C_val,2026-09-12 08:48:57,2026-09-12 10:03:14
scratch,0,0.3,0.3,14,0,2.1885076321493,1.9037591779721992,2.478758098048214,0.5749989200760148,1.6210918491291584,2.77634620834094,False,0,1.1496109907893697,0.0,2.5,C_val,2026-09-12 08:48:57,2026-09-12 10:03:14
scratch,0,0.3,0.3,15,0,2.3258265104581373,2.038776678163864,2.619428367690257,0.5806516895263933,1.755985032152506,2.920900810452048,False,0,0.3553736014218884,1.0,2.5,C_val,2026-09-12 08:48:57,2026-09-12 10:03:14
scratch,0,0.3,0.3,16,0,2.372888530590134,2.08632988872402,2.666327816699952,0.5799979279759317,1.8046598412953707,2.967877782628243,False,0,0.1902705359898391,1.0,2.5,C_val,2026-09-12 08:48:57,2026-09-12 10:03:14
scratch,0,0.3,0.3,17,0,2.058760958521674,1.7692828576307635,2.352312950132445,0.5830300925016816,1.4793257024235484,2.6523943597604744,False,0,2.235413572088873,0.0,2.5,C_val,2026-09-12 08:48:57,2026-09-12 10:03:14
scratch,0,0.3,0.3,18,0,2.2655702763079915,1.9792087131304128,2.558018160512979,0.5788094473825658,1.696369201677303,2.8580710917935246,False,0,0.6454797205406066,1.0,2.5,C_val,2026-09-12 08:48:57,2026-09-12 10:03:14
scratch,0,0.3,0.3,19,0,2.231438504056085,1.94431108040148,2.5244307677391262,0.5801196873376462,1.660111679403464,2.824976256287236,False,0,0.8416206533111108,1.0,2.5,C_val,2026-09-12 08:48:57,2026-09-12 10:03:14
scratch,0,0.3,0.3,20,0,2.1651722820011097,1.875617492219368,2.460021590297379,0.5844040980780114,1.5878224664861669,2.761960287574248,False,0,1.285691514800419,0.0,2.5,C_val,2026-09-12 08:48:57,2026-09-12 10:03:14
scratch,0,0.3,0.3,21,0,2.323981485378068,2.037683374969006,2.6168730448590245,0.5791896698900185,1.755707248918151,2.917721232842206,False,0,0.3646167138140299,1.0,2.5,C_val,2026-09-12 08:48:57,2026-09-12 10:03:14
scratch,0,0.3,0.3,22,0,2.1955385114358674,1.906236146050343,2.490297341096785,0.5840611950464425,1.6191762768567766,2.792199116517026,False,0,1.0661033936012243,0.0,2.5,C_val,2026-09-12 08:48:57,2026-09-12 10:03:14
scratch,0,0.3,0.3,23,0,2.1481418849130107,1.8598417687449,2.4415514037928125,0.5817096350479127,1.573163044008774,2.742061616394852,False,0,1.4314717510787889,0.0,2.5,C_val,2026-09-12 08:48:57,2026-09-12 10:03:14
scratch,0,0.3,0.3,24,0,2.1619281880320487,1.875051919200468,2.454118020142087,0.5790661009416187,1.5900483240994123,2.753538223872389,False,0,1.333559915474325,0.0,2.5,C_val,2026-09-12 08:48:57,2026-09-12 10:03:14
scratch,0,0.3,0.3,25,0,2.026285001974021,1.737111657800707,2.319347428827056,0.5822357710263486,1.4469762324383124,2.6187418601100814,False,0,2.580079315350304,0.0,2.5,C_val,2026-09-12 08:48:57,2026-09-12 10:03:14
scratch,0,0.3,0.3,26,0,2.139376101616564,1.8515581045914933,2.4322439583455733,0.5806858537540798,1.5651214604885355,2.732206173883448,False,0,1.508082267278951,0.0,2.5,C_val,2026-09-12 08:48:57,2026-09-12 10:03:14
scratch,0,0.3,0.3,27,0,2.164533571708595,1.877832048175539,2.456562383626745,0.5787303354512059,1.593155775022549,2.755779989880628,False,0,1.3148624006316822,0.0,2.5,C_val,2026-09-12 08:48:57,2026-09-12 10:03:14
scratch,0,0.3,0.3,28,0,2.230880645209495,1.94226454256244,2.525157641030049,0.5828930984676093,1.65629527481006,2.82687207163125,False,0,0.8377598949045932,1.0,2.5,C_val,2026-09-12 08:48:57,2026-09-12 10:03:14
scratch,0,0.3,0.3,29,0,2.15551374566692,1.8663947679614283,2.4499056792842318,0.583510911322803,1.579035938503264,2.751372458125273,False,0,1.364096012646769,0.0,2.5,C_val,2026-09-12 08:48:57,2026-09-12 10:03:14
scratch,0,0.3,0.3,30,0,2.1749903922411584,1.890175323326337,2.465335453724435,0.575160130398098,1.607817198055379,2.763025323084175,False,0,1.249230716653983,0.0,2.5,C_val,2026-09-12 08:48:57,2026-09-12 10:03:14
scratch,0,0.3,0.3,31,0,2.217263134849705,1.928887414810289,2.511331001477704,0.5824435866674149,1.6432409619453334,2.8127853988073266,False,0,0.9251285939608352,1.0,2.5,C_val,2026-09-12 08:48:57,2026-09-12 10:03:14
scratch,0,0.3,0.3,32,0,2.2151195798540706,1.9274824505873345,2.508561895647355,0.581079445060021,1.6426741710163917,2.809446938532375,False,0,0.9430037377969712,1.0,2.5,C_val,2026-09-12 08:48:57,2026-09-12 10:03:14
scratch,0,0.3,0.3,33,0,2.1416298146862625,1.853828674693804,2.43461966985772,0.5807909951639161,1.5676339902353738,2.734788279981522,False,0,1.4881328657465929,0.0,2.5,C_val,2026-09-12 08:48:57,2026-09-12 10:03:14
scratch,0,0.3,0.3,34,0,2.15335130382516,1.863676634823844,2.448200687073584,0.5845240522497399,1.5755851599385893,2.7501625456743564,False,0,1.3766173073236132,0.0,2.5,C_val,2026-09-12 08:48:57,2026-09-12 10:03:14
scratch,0,0.3,0.3,35,0,2.139152627189772,1.850726312376619,2.4327038488676767,0.5819775364910575,1.5638702292770748,2.7334046506617957,False,0,1.5029169765402912,0.0,2.5,C_val,2026-09-12 08:48:57,2026-09-12 10:03:14
scratch,0,0.3,0.3,36,0,2.274000286817996,1.987206199909347,2.5668945418002287,0.5796883418908816,1.7038179378903466,2.8674454592496508,False,0,0.598463813388662,1.0,2.5,C_val,2026-09-12 08:48:57,2026-09-12 10:03:14
scratch,0,0.3,0.3,37,0,2.2633083535802654,1.97571467840718,2.556840851129039,0.5811261727218593,1.691232127683691,2.8579331719791377,False,0,0.65300878906055,1.0,2.5,C_val,2026-09-12 08:48:57,2026-09-12 10:03:14
scratch,0,0.3,0.3,38,0,2.3179249268507616,2.030528731722962,2.611536932107681,0.5810082003847188,1.7469101226785198,2.912847275717158,False,0,0.3880204920824326,1.0,2.5,C_val,2026-09-12 08:48:57,2026-09-12 10:03:14
scratch,0,0.3,0.3,39,0,2.1398513054554287,1.8513363804646892,2.4332991915923183,0.5819628111276289,1.5640131039949725,2.733790924575052,False,0,1.498323305961094,0.0,2.5,C_val,2026-09-12 08:48:57,2026-09-12 10:03:14
scratch,0,0.3,0.3,40,0,2.253463752452728,1.964963020289077,2.547922873931576,0.5829598536424982,1.6795438502046458,2.8499565904619075,False,0,0.7035407639450568,1.0,2.5,C_val,2026-09-12 08:48:57,2026-09-12 10:03:14
scratch,0,0.3,0.3,41,0,2.130022814176568,1.8413462994140777,2.423738522935021,0.5823922235209436,1.554180451362339,2.724524005373577,False,0,1.577124014020228,0.0,2.5,C_val,2026-09-12 08:48:57,2026-09-12 10:03:14
scratch,0,0.3,0.3,42,0,2.285911195786781,1.99902701610548,2.5790480422410917,0.5800210261356114,1.715897851441016,2.8798918433799776,False,0,0.5367850856127916,1.0,2.5,C_val,2026-09-12 08:48:57,2026-09-12 10:03:14
scratch,0,0.3,0.3,43,0,2.1173315769582994,1.8278029573290544,2.4117822904007675,0.5839793330717129,1.5394450702553837,2.7131853025318486,False,0,1.6776267341701896,0.0,2.5,C_val,2026-09-12 08:48:57,2026-09-12 10:03:14
scratch,0,0.3,0.3,44,0,2.124355842463334,1.835070009099647,2.418673426766724,0.5836034176670768,1.5471099872928968,2.719983543572686,False,0,1.6189440469970575,0.0,2.5,C_val,2026-09-12 08:48:57,2026-09-12 10:03:14
scratch,0,0.3,0.3,45,0,2.080553499470754,1.7909120621006716,2.3746296433835754,0.5837175812829039,1.5015355203244152,2.6754615545061493,False,0,2.015401474600367,0.0,2.5,C_val,2026-09-12 08:48:57,2026-09-12 10:03:14
scratch,0,0.3,0.3,46,0,2.2249967077140043,1.937256996544196,2.5186130462338525,0.5813560496896564,1.6525500735836476,2.81967918505328,False,0,0.8784018901460513,1.0,2.5,C_val,2026-09-12 08:48:57,2026-09-12 10:03:14
scratch,0,0.3,0.3,47,0,2.251822178470825,1.9645604348162613,2.545162120908165,0.5806016860919037,1.6806261012216404,2.8461845112575053,False,0,0.7182497455942212,1.0,2.5,C_val,2026-09-12 08:48:57,2026-09-12 10:03:14
scratch,0,1.0,1.0,0,0,0.3509318285460479,0.1359220198520513,0.8945477016136951,0.7586256817616438,0.0465768052315514,1.2830217098297598,False,0,0.0150265101219702,1.0,0.4,C_val,2026-09-12 11:31:48,2026-09-12 12:49:38
scratch,0,1.0,1.0,1,0,0.2531845032925902,0.1035107447925582,0.7277089390412899,0.6241981942487316,0.033363788439044,1.2444668497390607,False,0,0.2337849726063723,1.0,0.4,C_val,2026-09-12 11:31:48,2026-09-12 12:49:38
scratch,0,1.0,1.0,2,0,0.238891505593245,0.0936300864273998,0.8938945406710548,0.8002644542436549,0.0281616094526013,1.3609147762042846,False,0,0.2401946587051497,1.0,0.4,C_val,2026-09-12 11:31:48,2026-09-12 12:49:38
scratch,0,1.0,1.0,3,0,0.2430338858239984,0.0930059316605675,0.9655604578996124,0.8725545262390448,0.0274843962853889,1.384159304681202,False,0,0.1963613885127415,1.0,0.4,C_val,2026-09-12 11:31:48,2026-09-12 12:49:38
scratch,0,1.0,1.0,4,0,0.2569348767777732,0.1032946242371392,0.8518111102425487,0.7485164860054095,0.0331922562326796,1.3161738630030235,False,0,0.1890017069417808,1.0,0.4,C_val,2026-09-12 11:31:48,2026-09-12 12:49:38
scratch,0,1.0,1.0,5,0,0.3615834501179471,0.1319197922564899,0.9591475245481388,0.8272277322916489,0.043834631090207,1.327858954055992,False,0,0.0067019348316534,1.0,0.4,C_val,2026-09-12 11:31:48,2026-09-12 12:49:38
scratch,0,1.0,1.0,6,0,0.3378349898139119,0.1318397133665696,0.8944317394743941,0.7625920261078245,0.0451703992011713,1.289452754462267,False,0,0.0250211491475056,1.0,0.4,C_val,2026-09-12 11:31:48,2026-09-12 12:49:38
scratch,0,1.0,1.0,7,0,0.3209493436715799,0.1235742030045892,0.8982843354379199,0.7747101324333306,0.0408178971035917,1.2951422860005026,False,0,0.0399735165665333,1.0,0.4,C_val,2026-09-12 11:31:48,2026-09-12 12:49:38
scratch,0,1.0,1.0,8,0,0.2315252445994494,0.0961863070348605,0.6087272536257737,0.5125409465909132,0.0302344753986532,1.2091358742849152,False,0,0.3772360439652402,1.0,0.4,C_val,2026-09-12 11:31:48,2026-09-12 12:49:38
scratch,0,1.0,1.0,9,0,0.3439521441219215,0.1294435938595897,0.9373960730581716,0.8079524791985819,0.0434219811149199,1.3177728577806662,False,0,0.0166551026777597,1.0,0.4,C_val,2026-09-12 11:31:48,2026-09-12 12:49:38
scratch,0,1.0,1.0,10,0,0.2560389748597262,0.0981111967912073,0.9599487030159752,0.8618375062247677,0.0294572811685127,1.3726647822274194,False,0,0.1554296812937536,1.0,0.4,C_val,2026-09-12 11:31:48,2026-09-12 12:49:38
scratch,0,1.0,1.0,11,0,0.3742848124326671,0.1337529577436788,0.9680860928986,0.8343331351549211,0.0440654745126078,1.3346838608962026,False,0,0.0026441557129146,1.0,0.4,C_val,2026-09-12 11:31:48,2026-09-12 12:49:38
scratch,0,1.0,1.0,12,0,0.2422027453763008,0.0919755715104493,0.9692733021102716,0.8772977305998223,0.0268017398267558,1.3896988932834855,False,0,0.1978290661900246,1.0,0.4,C_val,2026-09-12 11:31:48,2026-09-12 12:49:38
scratch,0,1.0,1.0,13,0,0.2344862856211511,0.0880695987496094,1.0162348124731393,0.9281652137235298,0.0250512823829184,1.4156189433154929,False,0,0.2097711602218623,1.0,0.4,C_val,2026-09-12 11:31:48,2026-09-12 12:49:38
scratch,0,1.0,1.0,14,0,0.2410346556119655,0.1013185770578713,0.6298059762906448,0.5284873992327734,0.0334851806297506,1.1828149390848128,False,0,0.3265359887445811,1.0,0.4,C_val,2026-09-12 11:31:48,2026-09-12 12:49:38
scratch,0,1.0,1.0,15,0,0.2729841156254902,0.1006177882908213,1.075434896589861,0.9748171082990396,0.0299314208927263,1.4326667149964114,False,0,0.0860032402852084,1.0,0.4,C_val,2026-09-12 11:31:48,2026-09-12 12:49:38
scratch,0,1.0,1.0,16,0,0.2271644562627498,0.0861647790164027,0.9754023803679422,0.8892376013515395,0.0244665585620877,1.401863847949045,False,0,0.2523354373770416,1.0,0.4,C_val,2026-09-12 11:31:48,2026-09-12 12:49:38
scratch,0,1.0,1.0,17,0,0.3378051819823466,0.1410755516643089,0.7865751867745786,0.6454996351102696,0.0507765569823129,1.1953083068299208,False,0,0.0350114416214637,1.0,0.4,C_val,2026-09-12 11:31:48,2026-09-12 12:49:38
scratch,0,1.0,1.0,18,0,0.2653837395484569,0.1040584496185933,0.8996360638086713,0.795577614190078,0.0327547829788994,1.3348509492634102,False,0,0.1458886173604696,1.0,0.4,C_val,2026-09-12 11:31:48,2026-09-12 12:49:38
scratch,0,1.0,1.0,19,0,0.2635682795607386,0.1043408532915933,0.8463867470044951,0.7420458937129017,0.0329128597460242,1.3071619332355888,False,0,0.1638201979476434,1.0,0.4,C_val,2026-09-12 11:31:48,2026-09-12 12:49:38
scratch,0,1.0,1.0,20,0,0.3009344710830363,0.1201308126092049,0.8545535003981557,0.7344226877889508,0.0400465271980913,1.2826014248709297,False,0,0.078393787240202,1.0,0.4,C_val,2026-09-12 11:31:48,2026-09-12 12:49:38
scratch,0,1.0,1.0,21,0,0.2149192711263378,0.0845529119331842,0.7771782095078772,0.6926252975746929,0.0245105665382237,1.3432662656403942,False,0,0.3796003743991605,1.0,0.4,C_val,2026-09-12 11:31:48,2026-09-12 12:49:38
scratch,0,1.0,1.0,22,0,0.2977243922144083,0.1165207104840789,0.8627527636052137,0.7462320531211347,0.0379799244608001,1.2850262186506378,False,0,0.0782842182270542,1.0,0.4,C_val,2026-09-12 11:31:48,2026-09-12 12:49:38
scratch,0,1.0,1.0,23,0,0.3240914623565604,0.1274509521703779,0.8594377228867023,0.7319867707163243,0.0431776566525942,1.264539493979549,False,0,0.0407772492799267,1.0,0.4,C_val,2026-09-12 11:31:48,2026-09-12 12:49:38
scratch,0,1.0,1.0,24,0,0.285985543671741,0.1157565882839052,0.813147316698374,0.6973907284144688,0.038537953884082,1.25981492927251,False,0,0.1152753347996622,1.0,0.4,C_val,2026-09-12 11:31:48,2026-09-12 12:49:38
scratch,0,1.0,1.0,25,0,0.3336050015070295,0.1438711022345896,0.7459118054563006,0.602040703221711,0.0532497551753164,1.157003387041244,False,0,0.0456067446539236,1.0,0.4,C_val,2026-09-12 11:31:48,2026-09-12 12:49:38
scratch,0,1.0,1.0,26,0,0.2937061701415719,0.1211058593937865,0.7851459940391621,0.6640401346453755,0.0415205550959481,1.2351442716220935,False,0,0.1064928745981887,1.0,0.4,C_val,2026-09-12 11:31:48,2026-09-12 12:49:38
scratch,0,1.0,1.0,27,0,0.2910866583865699,0.1174253018868146,0.8137230701485098,0.6962977682616951,0.0392713867024785,1.2535725898406231,False,0,0.1025382503539731,1.0,0.4,C_val,2026-09-12 11:31:48,2026-09-12 12:49:38
scratch,0,1.0,1.0,28,0,0.2843251472403311,0.1111738021920838,0.8714779645177123,0.7603041623256284,0.0358619084053138,1.297070463447519,False,0,0.102014802807389,1.0,0.4,C_val,2026-09-12 11:31:48,2026-09-12 12:49:38
scratch,0,1.0,1.0,29,0,0.3044258446395119,0.1223439811346545,0.8144667814213983,0.6921228002867438,0.0410566101369524,1.2471218344337185,False,0,0.076314742967952,1.0,0.4,C_val,2026-09-12 11:31:48,2026-09-12 12:49:38
scratch,0,1.0,1.0,30,0,0.3125808065365908,0.1248076913709561,0.8745252402428307,0.7497175488718746,0.0427091974169634,1.2828313677573449,False,0,0.0563753350725164,1.0,0.4,C_val,2026-09-12 11:31:48,2026-09-12 12:49:38
scratch,0,1.0,1.0,31,0,0.2472738084785198,0.0987841395587,0.7561042254308774,0.6573200858721773,0.0305557118708947,1.265793567241449,False,0,0.2379682403370679,1.0,0.4,C_val,2026-09-12 11:31:48,2026-09-12 12:49:38
scratch,0,1.0,1.0,32,0,0.2955680085210969,0.1156826357092681,0.8914319844137185,0.7757493487044503,0.0377128580893069,1.3092259763323388,False,0,0.0794270841397519,1.0,0.4,C_val,2026-09-12 11:31:48,2026-09-12 12:49:38
scratch,0,1.0,1.0,33,0,0.4057167371326876,0.1498356238033556,0.9370877439981016,0.7872521201947461,0.0520740249938939,1.3021497210372612,False,0,6.33013405604288e-05,1.0,0.4,C_val,2026-09-12 11:31:48,2026-09-12 12:49:38
scratch,0,1.0,1.0,34,0,0.3015884519572183,0.120003212836195,0.8337179842458052,0.7137147714096101,0.0397098136719623,1.2655059408471232,False,0,0.0786272784462198,1.0,0.4,C_val,2026-09-12 11:31:48,2026-09-12 12:49:38
scratch,0,1.0,1.0,35,0,0.2870062933908991,0.1190293652712698,0.7501344297764055,0.6311050645051357,0.0404340804004848,1.214904568908013,False,0,0.1296005762851564,1.0,0.4,C_val,2026-09-12 11:31:48,2026-09-12 12:49:38
scratch,0,1.0,1.0,36,0,0.256304046344992,0.0989977447125275,0.9481119981008383,0.8491142533883109,0.030039742894634,1.3619244576756526,False,0,0.1588082776142982,1.0,0.4,C_val,2026-09-12 11:31:48,2026-09-12 12:49:38
scratch,0,1.0,1.0,37,0,0.2610849793749744,0.1013974290172212,0.8874908463466443,0.7860934173294231,0.0313196890943587,1.324217956017308,False,0,0.1549365628561645,1.0,0.4,C_val,2026-09-12 11:31:48,2026-09-12 12:49:38
scratch,0,1.0,1.0,38,0,0.2247862978511768,0.087850259485589,0.8670635119068905,0.7792132524213015,0.0258229584051796,1.3629200624308606,False,0,0.3059922174943494,1.0,0.4,C_val,2026-09-12 11:31:48,2026-09-12 12:49:38
scratch,0,1.0,1.0,39,0,0.2618207553157491,0.1098614817275876,0.7120283639898349,0.6021668822622472,0.03716942543482,1.2331368754624463,False,0,0.219257722281327,1.0,0.4,C_val,2026-09-12 11:31:48,2026-09-12 12:49:38
scratch,0,1.0,1.0,40,0,0.3043981787431323,0.1131751192870782,1.0005562995982735,0.8873811803111955,0.0357828004143315,1.374661726346359,False,0,0.0476223544937965,1.0,0.4,C_val,2026-09-12 11:31:48,2026-09-12 12:49:38
scratch,0,1.0,1.0,41,0,0.3632985028894622,0.141980956488129,0.8673900887745832,0.7254091322864542,0.0492146910142565,1.254802859708788,False,0,0.0088205933898279,1.0,0.4,C_val,2026-09-12 11:31:48,2026-09-12 12:49:38
scratch,0,1.0,1.0,42,0,0.288095953818656,0.1095886636015228,0.9401869158449876,0.8305982522434647,0.0346945742209574,1.3417695371767182,False,0,0.0812887172141927,1.0,0.4,C_val,2026-09-12 11:31:48,2026-09-12 12:49:38
scratch,0,1.0,1.0,43,0,0.4045078139796648,0.1546448386851044,0.9119408893224508,0.7572960506373463,0.0548446350318518,1.28098479514759,False,0,0.0,1.0,0.4,C_val,2026-09-12 11:31:48,2026-09-12 12:49:38
scratch,0,1.0,1.0,44,0,0.3347314883026497,0.1340989198623812,0.8313574481983795,0.6972585283359983,0.0463825937926958,1.2376230764618958,False,0,0.0324984467915783,1.0,0.4,C_val,2026-09-12 11:31:48,2026-09-12 12:49:38
scratch,0,1.0,1.0,45,0,0.3547843478562595,0.1440263129575496,0.8236234577074166,0.679597144749867,0.0510494639512896,1.2173505425944318,False,0,0.0157981264019326,1.0,0.4,C_val,2026-09-12 11:31:48,2026-09-12 12:49:38
scratch,0,1.0,1.0,46,0,0.2861451044960808,0.1154688979849841,0.7989646587889161,0.6834957608039319,0.0381756604992967,1.250974169060635,False,0,0.1163474705572298,1.0,0.4,C_val,2026-09-12 11:31:48,2026-09-12 12:49:38
scratch,0,1.0,1.0,47,0,0.2736177186826239,0.1066138685982379,0.8779867398302358,0.7713728712319978,0.0337486572164032,1.3088488375654657,False,0,0.1236401547103014,1.0,0.4,C_val,2026-09-12 11:31:48,2026-09-12 12:49:38
scratch,0,1.0,1.0,0,0,2.264378896024315,1.986193426755728,2.548498999685623,0.5623055729298951,1.71155870670549,2.839914001129599,False,0,0.6903835786979471,1.0,2.5,C_val,2026-09-12 11:31:48,2026-09-12 12:49:38
scratch,0,1.0,1.0,1,0,2.310244116038981,2.0324148960425643,2.594013260866833,0.5615983648242686,1.7582881311169258,2.8851281046387207,False,0,0.4505778454513347,1.0,2.5,C_val,2026-09-12 11:31:48,2026-09-12 12:49:38
scratch,0,1.0,1.0,2,0,2.4115321173695854,2.134622957758811,2.694939563422115,0.5603166056633038,1.862387710092184,2.9860188283789464,False,0,0.099080340245564,1.0,2.5,C_val,2026-09-12 11:31:48,2026-09-12 12:49:38
scratch,0,1.0,1.0,3,0,2.420299503458399,2.143694471488196,2.703528108599726,0.55983363711153,1.8719686683335728,2.994505777777907,False,0,0.0806228854817163,1.0,2.5,C_val,2026-09-12 11:31:48,2026-09-12 12:49:38
scratch,0,1.0,1.0,4,0,2.352035406318971,2.076289189891819,2.634053945953108,0.5577647560612884,1.8048135043559996,2.923609790269688,False,0,0.2784080378114595,1.0,2.5,C_val,2026-09-12 11:31:48,2026-09-12 12:49:38
scratch,0,1.0,1.0,5,0,2.2992691307415734,2.022495613534044,2.582096449392377,0.5596008358583338,1.7496121739437198,2.872302217319752,False,0,0.5071662920672679,1.0,2.5,C_val,2026-09-12 11:31:48,2026-09-12 12:49:38
scratch,0,1.0,1.0,6,0,2.26755514604965,1.989560778890053,2.5513462861277723,0.5617855072377196,1.7150683250853431,2.842356192660549,False,0,0.6736386882912484,1.0,2.5,C_val,2026-09-12 11:31:48,2026-09-12 12:49:38
scratch,0,1.0,1.0,7,0,2.313136051583032,2.036091635070946,2.5962333943310307,0.5601417592600848,1.7629768136926267,2.886692935756296,False,0,0.4390856212448852,1.0,2.5,C_val,2026-09-12 11:31:48,2026-09-12 12:49:38
scratch,0,1.0,1.0,8,0,2.345573813037985,2.066091019235321,2.6309636452207124,0.5648726259853909,1.7902498864638503,2.923525947849202,False,0,0.2957450956382672,1.0,2.5,C_val,2026-09-12 11:31:48,2026-09-12 12:49:38
scratch,0,1.0,1.0,9,0,2.315672796568073,2.038092343137121,2.599358181995388,0.5612658388582665,1.764535274502405,2.890367391534078,False,0,0.4256091073657444,1.0,2.5,C_val,2026-09-12 11:31:48,2026-09-12 12:49:38
scratch,0,1.0,1.0,10,0,2.4160107081343827,2.138986108458229,2.699650202451471,0.5606640939932417,1.8668956391101943,2.9909320664243704,False,0,0.0890699815608968,1.0,2.5,C_val,2026-09-12 11:31:48,2026-09-12 12:49:38
scratch,0,1.0,1.0,11,0,2.302187206330229,2.0232097633571158,2.587106840970509,0.5638970776133938,1.7479602500535465,2.8793342299852824,False,0,0.4853772446331277,1.0,2.5,C_val,2026-09-12 11:31:48,2026-09-12 12:49:38
scratch,0,1.0,1.0,12,0,2.4349366682797595,2.1563720867499447,2.7202432034421435,0.5638711166921988,1.882851022167817,3.0132225877722414,False,0,0.0527420168182288,1.0,2.5,C_val,2026-09-12 11:31:48,2026-09-12 12:49:38
scratch,0,1.0,1.0,13,0,2.4468167656298747,2.1693577063896696,2.7310386187179128,0.5616809123282431,1.897113472920187,3.0230268569359167,False,0,0.0356239944085245,1.0,2.5,C_val,2026-09-12 11:31:48,2026-09-12 12:49:38
scratch,0,1.0,1.0,14,0,2.2816655228392646,2.0061936008598003,2.5630033157069017,0.5568097148471014,1.734234030273552,2.8516377872389627,False,0,0.6053412017827213,1.0,2.5,C_val,2026-09-12 11:31:48,2026-09-12 12:49:38
scratch,0,1.0,1.0,15,0,2.4309590628210502,2.1542950359912694,2.714372524240713,0.5600774882494441,1.8827070243181685,3.0056266990297518,False,0,0.0604827843817474,1.0,2.5,C_val,2026-09-12 11:31:48,2026-09-12 12:49:38
scratch,0,1.0,1.0,16,0,2.479789068629347,2.202646620294048,2.763693674649569,0.5610470543555213,1.930693217822658,3.055414429477721,False,0,0.0051892386036342,1.0,2.5,C_val,2026-09-12 11:31:48,2026-09-12 12:49:38
scratch,0,1.0,1.0,17,0,2.1866752837519394,1.90849888149195,2.469984893584939,0.5614860120929892,1.6325722854367843,2.760036040458268,False,0,1.220257019616838,0.0,2.5,C_val,2026-09-12 11:31:48,2026-09-12 12:49:38
scratch,0,1.0,1.0,18,0,2.3863299553237725,2.1092972339055103,2.669711706896249,0.5604144729907392,1.8368077308035775,2.960556074008436,False,0,0.1631381927654729,1.0,2.5,C_val,2026-09-12 11:31:48,2026-09-12 12:49:38
scratch,0,1.0,1.0,19,0,2.354280440070593,2.076742221469804,2.637978196157765,0.5612359746879614,1.803338448595171,2.929056355807408,False,0,0.2667278751177946,1.0,2.5,C_val,2026-09-12 11:31:48,2026-09-12 12:49:38
scratch,0,1.0,1.0,20,0,2.2857586913076653,2.0071679634892625,2.570302640844758,0.5631346773554955,1.7321934320880903,2.862085816645172,False,0,0.5701362323197827,1.0,2.5,C_val,2026-09-12 11:31:48,2026-09-12 12:49:38
scratch,0,1.0,1.0,21,0,2.428486662500417,2.151972133113369,2.7116875214191447,0.5597153883057757,1.8804281118066375,3.002659009836637,False,0,0.0649596430630481,1.0,2.5,C_val,2026-09-12 11:31:48,2026-09-12 12:49:38
scratch,0,1.0,1.0,22,0,2.305318737080951,2.0264622219685475,2.589993191176041,0.5635309692074939,1.7511281922598323,2.8817315589965538,False,0,0.4709839171700878,1.0,2.5,C_val,2026-09-12 11:31:48,2026-09-12 12:49:38
scratch,0,1.0,1.0,23,0,2.263841587789975,1.986055155070136,2.5473390984158497,0.561283943345714,1.7115543963435134,2.837976856952473,False,0,0.6964158176560886,1.0,2.5,C_val,2026-09-12 11:31:48,2026-09-12 12:49:38
scratch,0,1.0,1.0,24,0,2.2787840371118846,2.002233249534038,2.561154194799636,0.5589209452655979,1.729181707775682,2.8507247141366454,False,0,0.6168274604424369,1.0,2.5,C_val,2026-09-12 11:31:48,2026-09-12 12:49:38
scratch,0,1.0,1.0,25,0,2.1499481073251374,1.8719637500701023,2.4326489360743664,0.5606851860042639,1.59548889146708,2.7219423551306954,False,0,1.5250185271834198,0.0,2.5,C_val,2026-09-12 11:31:48,2026-09-12 12:49:38
scratch,0,1.0,1.0,26,0,2.2642798773350075,1.9876288772276984,2.5466659615728133,0.5590370843451149,1.7143293468837502,2.836225934021574,False,0,0.6992670070503664,1.0,2.5,C_val,2026-09-12 11:31:48,2026-09-12 12:49:38
scratch,0,1.0,1.0,27,0,2.2855525112549904,2.0093818311368303,2.567558245534766,0.5581764143979355,1.736842769787681,2.856787244273324,False,0,0.5813427132598008,1.0,2.5,C_val,2026-09-12 11:31:48,2026-09-12 12:49:38
scratch,0,1.0,1.0,28,0,2.3409781548062845,2.0635197456543013,2.624608172738365,0.5610884270840639,1.7901554958334398,2.9157153309615227,False,0,0.3176256742990517,1.0,2.5,C_val,2026-09-12 11:31:48,2026-09-12 12:49:38
scratch,0,1.0,1.0,29,0,2.270508531200192,1.990729232074169,2.555794911196389,0.5650656791222202,1.7140281591496958,2.848163453097931,False,0,0.6498017020312545,1.0,2.5,C_val,2026-09-12 11:31:48,2026-09-12 12:49:38
scratch,0,1.0,1.0,30,0,2.300868463672701,2.026386808835268,2.5814605486006603,0.5550737397653922,1.7558497568051172,2.8694646852764483,False,0,0.5071716828279023,1.0,2.5,C_val,2026-09-12 11:31:48,2026-09-12 12:49:38
scratch,0,1.0,1.0,31,0,2.335638962538602,2.057477698284916,2.6198557059200605,0.5623780076351448,1.7832376071476863,2.911326545779436,False,0,0.3376430937278201,1.0,2.5,C_val,2026-09-12 11:31:48,2026-09-12 12:49:38
scratch,0,1.0,1.0,32,0,2.340808135566574,2.063168366081212,2.624640100298876,0.561471734217664,1.789638593042378,2.915977604825477,False,0,0.3178639612051483,1.0,2.5,C_val,2026-09-12 11:31:48,2026-09-12 12:49:38
scratch,0,1.0,1.0,33,0,2.25757502542652,1.9798436114764055,2.5410001451168927,0.5611565336404869,1.7054930071659375,2.831558109203276,False,0,0.7339938510995125,1.0,2.5,C_val,2026-09-12 11:31:48,2026-09-12 12:49:38
scratch,0,1.0,1.0,34,0,2.279775288936794,1.9998341894907972,2.5652686371267257,0.5654344476359283,1.72310079221897,2.8578698421233635,False,0,0.5979725775760016,1.0,2.5,C_val,2026-09-12 11:31:48,2026-09-12 12:49:38
scratch,0,1.0,1.0,35,0,2.251797860547069,1.9732025618344629,2.5359000753522296,0.5626975135177668,1.6975201074146975,2.827074254439007,False,0,0.765227662086545,1.0,2.5,C_val,2026-09-12 11:31:48,2026-09-12 12:49:38
scratch,0,1.0,1.0,36,0,2.394903143959709,2.118728884755038,2.6776967321286542,0.5589678473736162,1.847508994897905,2.968176422606388,False,0,0.1400504081175313,1.0,2.5,C_val,2026-09-12 11:31:48,2026-09-12 12:49:38
scratch,0,1.0,1.0,37,0,2.382509955287189,2.105339046149226,2.6660806935131105,0.5607416473638844,1.8326801536970136,2.9572448328359404,False,0,0.1740617644172744,1.0,2.5,C_val,2026-09-12 11:31:48,2026-09-12 12:49:38
scratch,0,1.0,1.0,38,0,2.4453702536691724,2.1688533114192152,2.7285704434137,0.5597171319944847,1.897429502161912,3.019469848183205,False,0,0.0377146049468137,1.0,2.5,C_val,2026-09-12 11:31:48,2026-09-12 12:49:38
scratch,0,1.0,1.0,39,0,2.3044484098099955,2.028078505609898,2.586818633640145,0.5587401280302466,1.755513962608538,2.876536600018112,False,0,0.4829323323501739,1.0,2.5,C_val,2026-09-12 11:31:48,2026-09-12 12:49:38
scratch,0,1.0,1.0,40,0,2.3664304742010382,2.0888759346900687,2.650449733936643,0.5615737992465744,1.815946469857096,2.9420416591695355,False,0,0.2239805386416264,1.0,2.5,C_val,2026-09-12 11:31:48,2026-09-12 12:49:38
scratch,0,1.0,1.0,41,0,2.251083302420602,1.97297426224572,2.534716724042379,0.5617424617966593,1.69788217565708,2.8254172150056185,False,0,0.7721179977052088,1.0,2.5,C_val,2026-09-12 11:31:48,2026-09-12 12:49:38
scratch,0,1.0,1.0,42,0,2.384554224736368,2.107146795234129,2.668386865782851,0.5612400705487222,1.83433152859594,2.9597577016737504,False,0,0.1676414599314739,1.0,2.5,C_val,2026-09-12 11:31:48,2026-09-12 12:49:38
scratch,0,1.0,1.0,43,0,2.245584030467158,1.9674799088244044,2.5293157640537367,0.5618358552293323,1.692546430924689,2.820065845752952,False,0,0.8058483073218667,1.0,2.5,C_val,2026-09-12 11:31:48,2026-09-12 12:49:38
scratch,0,1.0,1.0,44,0,2.2338578623722865,1.954653724259128,2.51848430267409,0.5638305784149624,1.6781984014627276,2.810054584410364,False,0,0.8754645901462936,1.0,2.5,C_val,2026-09-12 11:31:48,2026-09-12 12:49:38
scratch,0,1.0,1.0,45,0,2.1935382665533503,1.9149636400706809,2.4773354313573885,0.5623717912867077,1.63876698639144,2.7679846829011843,False,0,1.1637686279536863,0.0,2.5,C_val,2026-09-12 11:31:48,2026-09-12 12:49:38
scratch,0,1.0,1.0,46,0,2.3066291911976875,2.028577484202713,2.5905453856320397,0.5619679014293264,1.754174101138717,2.881636959813609,False,0,0.467266133724479,1.0,2.5,C_val,2026-09-12 11:31:48,2026-09-12 12:49:38
scratch,0,1.0,1.0,47,0,2.3648108714313283,2.0872398479505985,2.648703817134506,0.5614639691839076,1.8140667460101896,2.940064262186516,False,0,0.2294438763201469,1.0,2.5,C_val,2026-09-12 11:31:48,2026-09-12 12:49:38
