variant,seed,frac_sig,frac_sbi,toy,n_nonfinite,mu_hat,lo,hi,width,lo_2sig,hi_2sig,at_boundary,n_nan_t,t_true,covers_1sig,mu_true,calibration,finished_sig,finished_sbi
frozen,0,0.01,0.01,0,0,0.7137554133165445,0.5564010137941211,0.9301189339170856,0.37371792012296445,0.45650059337293,1.192457366070105,False,0,5.897333993940265,0.0,0.4,C_ref,2026-09-12 19:02:05,2026-09-12 20:51:47
frozen,0,0.01,0.01,1,0,0.876643144091779,0.784706060914853,1.1030095460325955,0.31830348511774254,0.6656834219640909,1.3511825777561561,False,0,22.007465859958756,0.0,0.4,C_ref,2026-09-12 19:02:05,2026-09-12 20:51:47
frozen,0,0.01,0.01,2,0,0.7084907736703262,0.4618141923673298,0.9597970532341369,0.4979828608668071,0.027911422504179214,1.2402684440053806,False,0,1.646735093632742,0.0,0.4,C_ref,2026-09-12 19:02:05,2026-09-12 20:51:47
frozen,0,0.01,0.01,3,0,0.8001764845778025,0.6988844641811958,1.0348678038724866,0.3359833396912908,0.6223145479726997,1.2921261860588262,False,0,11.284265192585735,0.0,0.4,C_ref,2026-09-12 19:02:05,2026-09-12 20:51:47
frozen,0,0.01,0.01,4,0,0.7630987000577708,0.6664128305094889,1.003175802608256,0.33676297209876715,0.5316452843606562,1.2593400070608545,False,0,5.29919257781512,0.0,0.4,C_ref,2026-09-12 19:02:05,2026-09-12 20:51:47
frozen,0,0.01,0.01,5,0,0.7476020300194526,0.626555995384035,1.0055746334532651,0.3790186380692302,0.5218160532519187,1.2722967534924434,False,0,6.686438644250302,0.0,0.4,C_ref,2026-09-12 19:02:05,2026-09-12 20:51:47
frozen,0,0.01,0.01,6,0,0.5869767346545989,0.4173152724843552,0.9174971921977407,0.5001819197133855,0.03724156950844313,1.1906397050211404,False,0,1.3352815771650057,0.0,0.4,C_ref,2026-09-12 19:02:05,2026-09-12 20:51:47
frozen,0,0.01,0.01,7,0,0.8351894596933254,0.802428669337355,1.0404137487154437,0.23798507937808866,0.5987942437600957,1.287349682439102,False,0,20.279856053766707,0.0,0.4,C_ref,2026-09-12 19:02:05,2026-09-12 20:51:47
frozen,0,0.01,0.01,8,0,0.8092483577881564,0.6327089418241274,1.067971820154034,0.4352628783299066,0.5293149110848497,1.3322387662229491,False,0,6.53307742996185,0.0,0.4,C_ref,2026-09-12 19:02:05,2026-09-12 20:51:47
frozen,0,0.01,0.01,9,0,0.8837966500233714,0.8544863402803475,1.067381491687162,0.21289515140681448,0.6070716904047206,1.3110403384058977,False,0,12.292093865282368,0.0,0.4,C_ref,2026-09-12 19:02:05,2026-09-12 20:51:47
frozen,0,0.01,0.01,10,0,0.971168580782846,0.8994638697873921,1.1590483186147422,0.2595844488273501,0.8951450575509128,1.3934037173725704,False,0,22.441439876649383,0.0,0.4,C_ref,2026-09-12 19:02:05,2026-09-12 20:51:47
frozen,0,0.01,0.01,11,0,0.7915991435141282,0.7641936531244236,0.9808937053466942,0.21670005222227062,0.5373734885116431,1.2317916424449067,False,0,8.59741261666204,0.0,0.4,C_ref,2026-09-12 19:02:05,2026-09-12 20:51:47
frozen,0,0.01,0.01,12,0,0.6667062546423194,0.38043204609540326,0.9818110360526334,0.6013789899572302,0.019111591488916765,1.272427430986807,False,0,0.45405421727264184,1.0,0.4,C_ref,2026-09-12 19:02:05,2026-09-12 20:51:47
frozen,0,0.01,0.01,13,0,0.9576711931206646,0.8499556082248015,1.16815590215972,0.31820029393491855,0.8431961046689336,1.4104809599771366,False,0,24.687201374516007,0.0,0.4,C_ref,2026-09-12 19:02:05,2026-09-12 20:51:47
frozen,0,0.01,0.01,14,0,0.794890769958657,0.737067545659095,1.0025569347930405,0.2654893891339455,0.7049992916026995,1.2549253007379453,False,0,8.51535613742817,0.0,0.4,C_ref,2026-09-12 19:02:05,2026-09-12 20:51:47
frozen,0,0.01,0.01,15,0,0.7422217387736874,0.5731289733643613,1.0062187309038804,0.43308975753951906,0.4568398479376884,1.273559198703675,False,0,8.133836809211061,0.0,0.4,C_ref,2026-09-12 19:02:05,2026-09-12 20:51:47
frozen,0,0.01,0.01,16,0,0.8183321846027003,0.6884766295581384,1.0711675364350253,0.3826909068768869,0.6625465277422558,1.337016421456163,False,0,7.509777813032997,0.0,0.4,C_ref,2026-09-12 19:02:05,2026-09-12 20:51:47
frozen,0,0.01,0.01,17,0,0.7777015663039996,0.7449754750796576,0.9680987535789456,0.22312327849928804,0.42962881011475607,1.217432693916741,False,0,7.112281587880716,0.0,0.4,C_ref,2026-09-12 19:02:05,2026-09-12 20:51:47
frozen,0,0.01,0.01,18,0,0.7159709676632933,0.5871423153411724,0.9940626512788319,0.4069203359376594,0.0278706706237975,1.2735652845670025,False,0,2.317480507066648,0.0,0.4,C_ref,2026-09-12 19:02:05,2026-09-12 20:51:47
frozen,0,0.01,0.01,19,0,0.8208842579686702,0.7429067516583675,1.0482859334553196,0.3053791817969521,0.6194689087601212,1.3010176921287437,False,0,14.168883209757041,0.0,0.4,C_ref,2026-09-12 19:02:05,2026-09-12 20:51:47
frozen,0,0.01,0.01,20,0,0.8181088614697534,0.7750378078020903,1.0307970505207413,0.255759242718651,0.6098643381489675,1.2863505565625952,False,0,10.255365632005123,0.0,0.4,C_ref,2026-09-12 19:02:05,2026-09-12 20:51:47
frozen,0,0.01,0.01,21,0,0.8238785446443292,0.6491883383702983,1.0606517769557016,0.41146343858540324,0.577476744985895,1.3137509275278003,False,0,21.567327838751225,0.0,0.4,C_ref,2026-09-12 19:02:05,2026-09-12 20:51:47
frozen,0,0.01,0.01,22,0,0.7735818506251376,0.6007018563494362,1.0111579503216424,0.41045609397220617,0.5817251038278263,1.270058339034975,False,0,10.41935099803959,0.0,0.4,C_ref,2026-09-12 19:02:05,2026-09-12 20:51:47
frozen,0,0.01,0.01,23,0,0.6756627314002254,0.5864662314517936,0.9159446340346847,0.3294784025828912,0.530008085294134,1.178704389840965,False,0,7.518590353822219,0.0,0.4,C_ref,2026-09-12 19:02:05,2026-09-12 20:51:47
frozen,0,0.01,0.01,24,0,0.7847272141665191,0.6050353758614238,0.9552431326992231,0.35020775683779937,0.526637943242025,1.2079486696115376,False,0,4.770208230387652,0.0,0.4,C_ref,2026-09-12 19:02:05,2026-09-12 20:51:47
frozen,0,0.01,0.01,25,0,0.8189260153221667,0.7861811680061878,0.9970660844898928,0.210884916483705,0.42364972482452257,1.2353955817296642,False,0,4.098983586995018,0.0,0.4,C_ref,2026-09-12 19:02:05,2026-09-12 20:51:47
frozen,0,0.01,0.01,26,0,0.6721802044022053,0.6329392844565792,0.8979857628814975,0.26504647842491824,0.1867919781380856,1.1635309194300392,False,0,3.4165119699428033,0.0,0.4,C_ref,2026-09-12 19:02:05,2026-09-12 20:51:47
frozen,0,0.01,0.01,27,0,0.9043498014488764,0.8492255254319023,1.0766064301255074,0.22738090469360506,0.8430747577266481,1.3025354332188575,False,0,13.671265643584775,0.0,0.4,C_ref,2026-09-12 19:02:05,2026-09-12 20:51:47
frozen,0,0.01,0.01,28,0,0.8547865511083211,0.7904173946260855,1.0239476273533665,0.23353023272728102,0.7860222198175633,1.249624995277092,False,0,14.917022075736895,0.0,0.4,C_ref,2026-09-12 19:02:05,2026-09-12 20:51:47
frozen,0,0.01,0.01,29,0,0.8244342691079952,0.7576776004420445,1.0347883169884406,0.2771107165463962,0.7254439437038479,1.282708718241198,False,0,9.32452644325167,0.0,0.4,C_ref,2026-09-12 19:02:05,2026-09-12 20:51:47
frozen,0,0.01,0.01,30,0,0.8169894635170637,0.7856575340185584,0.9963413213801021,0.2106837873615437,0.6122790363674485,1.237457745457122,False,0,6.331532422438613,0.0,0.4,C_ref,2026-09-12 19:02:05,2026-09-12 20:51:47
frozen,0,0.01,0.01,31,0,0.7777735671066268,0.7324297757390285,1.0120073911600407,0.2795776154210122,0.528058503557445,1.27775322418742,False,0,5.655274501434178,0.0,0.4,C_ref,2026-09-12 19:02:05,2026-09-12 20:51:47
frozen,0,0.01,0.01,32,0,0.8981940103394819,0.8679213054168189,1.0589178654153355,0.1909965599985166,0.35265454557423426,1.2945575082280645,False,0,2.7042357931422885,0.0,0.4,C_ref,2026-09-12 19:02:05,2026-09-12 20:51:47
frozen,0,0.01,0.01,33,0,0.8832499888865508,0.8438292816667377,1.086139945998886,0.24231066433214843,0.6172454678735574,1.3295501045983487,False,0,9.400737116149685,0.0,0.4,C_ref,2026-09-12 19:02:05,2026-09-12 20:51:47
frozen,0,0.01,0.01,34,0,0.8863069816970103,0.8556423665130998,1.0694843924976105,0.21384202598451074,0.64830082912086,1.3131515904591475,False,0,8.420900574619736,0.0,0.4,C_ref,2026-09-12 19:02:05,2026-09-12 20:51:47
frozen,0,0.01,0.01,35,0,0.8370041027797402,0.7881922379887603,1.0278804044425118,0.23968816645375157,0.7800055569780309,1.27181605192002,False,0,6.695540745338803,0.0,0.4,C_ref,2026-09-12 19:02:05,2026-09-12 20:51:47
frozen,0,0.01,0.01,36,0,0.9070867481542838,0.8231112220306318,1.0977954605242282,0.27468423849359636,0.8165592851738984,1.3351455217596302,False,0,12.702538683664898,0.0,0.4,C_ref,2026-09-12 19:02:05,2026-09-12 20:51:47
frozen,0,0.01,0.01,37,0,0.9249746402664688,0.877700114468846,1.1091770429412497,0.23147692847240375,0.8436946447689182,1.343626682016549,False,0,12.92328686892506,0.0,0.4,C_ref,2026-09-12 19:02:05,2026-09-12 20:51:47
frozen,0,0.01,0.01,38,0,0.9686024696409499,0.7904356899909459,1.1899135277317003,0.3994778377407544,0.7243444328015065,1.4315494391493446,False,0,38.44106662816557,0.0,0.4,C_ref,2026-09-12 19:02:05,2026-09-12 20:51:47
frozen,0,0.01,0.01,39,0,0.7085355131711758,0.4917513471931463,0.9684563569692373,0.476705009776091,0.4255458398531312,1.235531021571482,False,0,11.470442526006082,0.0,0.4,C_ref,2026-09-12 19:02:05,2026-09-12 20:51:47
frozen,0,0.01,0.01,40,0,0.8553134373308919,0.728990228069523,1.0936668054516323,0.36467657738210935,0.61997774952216,1.3485257793032004,False,0,13.202060483610694,0.0,0.4,C_ref,2026-09-12 19:02:05,2026-09-12 20:51:47
frozen,0,0.01,0.01,41,0,0.7613411202140139,0.6414373783293461,0.9891808248945199,0.34774344656517375,0.61150838493233,1.2394619855561866,False,0,10.781430431430636,0.0,0.4,C_ref,2026-09-12 19:02:05,2026-09-12 20:51:47
frozen,0,0.01,0.01,42,0,0.7486142610909086,0.7106014010999846,0.9741476782043167,0.2635462771043321,0.34114048927302293,1.239659328416761,False,0,3.455135509633692,0.0,0.4,C_ref,2026-09-12 19:02:05,2026-09-12 20:51:47
frozen,0,0.01,0.01,43,0,0.8295695351739774,0.7189369547310762,1.0078453463843795,0.2889083916533033,0.6756986085460073,1.250729251743528,False,0,10.95551495370455,0.0,0.4,C_ref,2026-09-12 19:02:05,2026-09-12 20:51:47
frozen,0,0.01,0.01,44,0,0.804197759941674,0.775506358963843,0.9900253169331427,0.21451895796929965,0.6433225824785942,1.2348136089234423,False,0,7.641910700211156,0.0,0.4,C_ref,2026-09-12 19:02:05,2026-09-12 20:51:47
frozen,0,0.01,0.01,45,0,0.7675733931410201,0.7330214899182499,0.9799883999743496,0.24696691005609972,0.4661732908086287,1.2357807049257186,False,0,11.096716151798319,0.0,0.4,C_ref,2026-09-12 19:02:05,2026-09-12 20:51:47
frozen,0,0.01,0.01,46,0,0.8186729996359347,0.7854533465793976,1.0086040801464398,0.22315073356704218,0.5453505707067919,1.2591380728799504,False,0,5.454877145231876,0.0,0.4,C_ref,2026-09-12 19:02:05,2026-09-12 20:51:47
frozen,0,0.01,0.01,47,0,0.8174402371825144,0.7851948832638441,1.0104153637705044,0.22522048050666033,0.14478681646585764,1.2612241407230527,False,0,3.3311140404293837,0.0,0.4,C_ref,2026-09-12 19:02:05,2026-09-12 20:51:47
frozen,0,0.01,0.01,0,0,1.7825842028657921,1.5092311277016046,2.0582763343550945,0.5490452066534899,1.2356447454954986,2.292684092799224,False,0,8.149626085960335,0.0,2.5,C_ref,2026-09-12 19:02:05,2026-09-12 20:51:47
frozen,0,0.01,0.01,1,0,1.9228693421043122,1.6588296107953493,2.1930301156016268,0.5342005048062775,1.4003627028477468,2.4383648727430116,False,0,4.868739458397613,0.0,2.5,C_ref,2026-09-12 19:02:05,2026-09-12 20:51:47
frozen,0,0.01,0.01,2,0,0.0,,0.0034626104544993423,,,0.01671675174651829,True,0,5.053733278706204,,2.5,C_ref,2026-09-12 19:02:05,2026-09-12 20:51:47
frozen,0,0.01,0.01,3,0,0.0,,0.002994642853668476,,,0.013431848100331666,True,0,12.443878525318723,,2.5,C_ref,2026-09-12 19:02:05,2026-09-12 20:51:47
frozen,0,0.01,0.01,4,0,0.0,,0.003538998341168563,,,0.016858833063616366,True,0,7.954787415324972,,2.5,C_ref,2026-09-12 19:02:05,2026-09-12 20:51:47
frozen,0,0.01,0.01,5,0,1.8649018947551521,1.5928182824851138,2.1406558246517213,0.5478375421666075,1.322663527604955,2.3654868889895173,False,0,6.329073378634348,0.0,2.5,C_ref,2026-09-12 19:02:05,2026-09-12 20:51:47
frozen,0,0.01,0.01,6,0,0.0,,0.004877497315998598,,,0.02133560820066281,True,0,9.867080555446591,,2.5,C_ref,2026-09-12 19:02:05,2026-09-12 20:51:47
frozen,0,0.01,0.01,7,0,1.8611729882813686,1.590278499885013,2.137697938556108,0.5474194386710951,1.3226368845751735,2.4214092730224346,False,0,5.162764285269077,0.0,2.5,C_ref,2026-09-12 19:02:05,2026-09-12 20:51:47
frozen,0,0.01,0.01,8,0,1.9369380282257003,1.6700963378050775,2.2079929914760648,0.5378966536709873,1.4067739893716038,2.4444949274193752,False,0,4.791597151888709,0.0,2.5,C_ref,2026-09-12 19:02:05,2026-09-12 20:51:47
frozen,0,0.01,0.01,9,0,1.9029534161302952,1.633595491123997,2.1783288399047778,0.5447333487807808,1.368154275885923,2.460923227941921,False,0,4.563189371052431,0.0,2.5,C_ref,2026-09-12 19:02:05,2026-09-12 20:51:47
frozen,0,0.01,0.01,10,0,1.9943333920055764,1.7261110552801706,2.2696705250434523,0.5435594697632817,1.4639201540986198,2.552824431989285,False,0,3.2963490023721533,0.0,2.5,C_ref,2026-09-12 19:02:05,2026-09-12 20:51:47
frozen,0,0.01,0.01,11,0,1.8148731684060517,1.5374840796233624,2.096473763694333,0.5589896840709707,1.2608954781518797,2.384143629070308,False,0,5.741183168891439,0.0,2.5,C_ref,2026-09-12 19:02:05,2026-09-12 20:51:47
frozen,0,0.01,0.01,12,0,0.0,,0.0030839079741343312,,,0.014250924216027923,True,0,5.443382031942747,,2.5,C_ref,2026-09-12 19:02:05,2026-09-12 20:51:47
frozen,0,0.01,0.01,13,0,1.9909214501320174,1.736575724184689,2.1788775452405886,0.44230182105589955,1.4817742321404797,2.313927244536025,False,0,6.469598421634146,0.0,2.5,C_ref,2026-09-12 19:02:05,2026-09-12 20:51:47
frozen,0,0.01,0.01,14,0,0.0,,0.004249836765042369,,,0.02101058449677527,True,0,8.833827190264856,,2.5,C_ref,2026-09-12 19:02:05,2026-09-12 20:51:47
frozen,0,0.01,0.01,15,0,0.0,,0.002977758534390025,,,0.013372699387460794,True,0,5.638160848244297,,2.5,C_ref,2026-09-12 19:02:05,2026-09-12 20:51:47
frozen,0,0.01,0.01,16,0,1.999007879836656,1.7402564861271745,2.126351821506384,0.38609533537920937,1.4787155203834077,2.4601163388005864,False,0,5.80903248148752,0.0,2.5,C_ref,2026-09-12 19:02:05,2026-09-12 20:51:47
frozen,0,0.01,0.01,17,0,1.7690886059283615,1.498710300348472,2.0129996085361572,0.5142893081876851,1.2281484855788385,2.293602516848818,False,0,7.194748293426528,0.0,2.5,C_ref,2026-09-12 19:02:05,2026-09-12 20:51:47
frozen,0,0.01,0.01,18,0,1.9509851760741956,1.6798798360295424,2.1893698863639854,0.5094900503344431,1.41072484730037,2.4894187252348154,False,0,4.152613934664259,0.0,2.5,C_ref,2026-09-12 19:02:05,2026-09-12 20:51:47
frozen,0,0.01,0.01,19,0,1.8862494331056976,1.615735984473221,2.1600218562828513,0.5442858718096302,1.347864262423339,2.391835763380869,False,0,6.77422766321979,0.0,2.5,C_ref,2026-09-12 19:02:05,2026-09-12 20:51:47
frozen,0,0.01,0.01,20,0,0.0,,0.003552776995050137,,,0.016367469239984823,True,0,6.46582441280043,,2.5,C_ref,2026-09-12 19:02:05,2026-09-12 20:51:47
frozen,0,0.01,0.01,21,0,0.0,,0.002637784109718401,,,0.010966760012700002,True,0,9.640866534464294,,2.5,C_ref,2026-09-12 19:02:05,2026-09-12 20:51:47
frozen,0,0.01,0.01,22,0,1.8444540622612047,1.57616978538416,2.1147900415576,0.5386202561734401,1.3091746646362492,2.373030802028349,False,0,10.182130703957228,0.0,2.5,C_ref,2026-09-12 19:02:05,2026-09-12 20:51:47
frozen,0,0.01,0.01,23,0,0.0,,0.004779133944204854,,,0.024420396095252546,True,0,11.53722390798066,,2.5,C_ref,2026-09-12 19:02:05,2026-09-12 20:51:47
frozen,0,0.01,0.01,24,0,0.0,,0.004403985805485048,,,0.02057996307968904,True,0,10.31182590016033,,2.5,C_ref,2026-09-12 19:02:05,2026-09-12 20:51:47
frozen,0,0.01,0.01,25,0,0.0,,0.004822261130160748,,,0.013599474025664193,True,0,9.189233259046887,,2.5,C_ref,2026-09-12 19:02:05,2026-09-12 20:51:47
frozen,0,0.01,0.01,26,0,0.0,,0.004850581594702885,,,0.025141157315533163,True,0,6.939162322665652,,2.5,C_ref,2026-09-12 19:02:05,2026-09-12 20:51:47
frozen,0,0.01,0.01,27,0,0.0,,0.0027792102091471083,,,0.010271007901415207,True,0,5.688370707328431,,2.5,C_ref,2026-09-12 19:02:05,2026-09-12 20:51:47
frozen,0,0.01,0.01,28,0,0.0,,0.0028117390173325427,,,0.011436936226313426,True,0,7.65222664162502,,2.5,C_ref,2026-09-12 19:02:05,2026-09-12 20:51:47
frozen,0,0.01,0.01,29,0,0.0,,0.0033492526918070266,,,0.014163952082961617,True,0,5.9637089779935195,,2.5,C_ref,2026-09-12 19:02:05,2026-09-12 20:51:47
frozen,0,0.01,0.01,30,0,0.0,,0.004415551890633991,,,0.020051435902892507,True,0,7.737155722843454,,2.5,C_ref,2026-09-12 19:02:05,2026-09-12 20:51:47
frozen,0,0.01,0.01,31,0,1.9142297646137385,1.6423581603876403,2.19170535884964,0.5493471984619998,1.3735717751769252,2.4761823593412604,False,0,4.336623393897753,0.0,2.5,C_ref,2026-09-12 19:02:05,2026-09-12 20:51:47
frozen,0,0.01,0.01,32,0,0.0,,0.0031187905736964516,,,0.01084677682610292,True,0,5.076215722918278,,2.5,C_ref,2026-09-12 19:02:05,2026-09-12 20:51:47
frozen,0,0.01,0.01,33,0,1.857054816153086,1.5914518729216356,2.129234978576242,0.5377831056546065,1.3307308148887786,2.408906771907143,False,0,5.381667312274658,0.0,2.5,C_ref,2026-09-12 19:02:05,2026-09-12 20:51:47
frozen,0,0.01,0.01,34,0,1.8750777267992111,1.6049704227411192,2.1511720718981557,0.5462016491570365,1.3385429479941702,2.434506907717819,False,0,4.960291417497501,0.0,2.5,C_ref,2026-09-12 19:02:05,2026-09-12 20:51:47
frozen,0,0.01,0.01,35,0,0.0,,0.0036185080667504896,,,0.01639239867957306,True,0,6.318855703862937,,2.5,C_ref,2026-09-12 19:02:05,2026-09-12 20:51:47
frozen,0,0.01,0.01,36,0,0.0,,0.002592729039587101,,,0.010116908301744271,True,0,6.228546065158298,,2.5,C_ref,2026-09-12 19:02:05,2026-09-12 20:51:47
frozen,0,0.01,0.01,37,0,0.0,,0.001119064348970685,,,0.00447625739588274,True,0,5.347037955849373,,2.5,C_ref,2026-09-12 19:02:05,2026-09-12 20:51:47
frozen,0,0.01,0.01,38,0,2.0044994874854987,1.7471500197997003,2.236986530510551,0.48983651071085066,1.493533979855362,2.389147939612099,False,0,5.215093231523497,0.0,2.5,C_ref,2026-09-12 19:02:05,2026-09-12 20:51:47
frozen,0,0.01,0.01,39,0,0.0,,0.004017766147153683,,,0.019979719854917918,True,0,5.461863586690015,,2.5,C_ref,2026-09-12 19:02:05,2026-09-12 20:51:47
frozen,0,0.01,0.01,40,0,1.9466531300114425,1.6801383140737403,2.2187728381064593,0.538634524032719,1.4186760956021158,2.486235912540218,False,0,4.287557849242148,0.0,2.5,C_ref,2026-09-12 19:02:05,2026-09-12 20:51:47
frozen,0,0.01,0.01,41,0,1.7924399701593887,1.523584227455092,2.062368300125784,0.5387840726706921,1.2573938871220742,2.298287461935945,False,0,7.001736830301525,0.0,2.5,C_ref,2026-09-12 19:02:05,2026-09-12 20:51:47
frozen,0,0.01,0.01,42,0,0.0,,0.0035964899457297285,,,0.017466873563454607,True,0,5.4495807673556556,,2.5,C_ref,2026-09-12 19:02:05,2026-09-12 20:51:47
frozen,0,0.01,0.01,43,0,1.8039869135762419,1.5298865593462259,2.0831918826333777,0.5533053232871519,1.2581378920809407,2.3692485377220702,False,0,5.994286764238495,0.0,2.5,C_ref,2026-09-12 19:02:05,2026-09-12 20:51:47
frozen,0,0.01,0.01,44,0,1.784112161185196,1.5101919284322434,2.062068684662251,0.5518767562300075,1.2377056322061517,2.3429012997697414,False,0,7.731480717000522,0.0,2.5,C_ref,2026-09-12 19:02:05,2026-09-12 20:51:47
frozen,0,0.01,0.01,45,0,0.0,,0.005167989952729305,,,0.02210269628284439,True,0,6.615243305906915,,2.5,C_ref,2026-09-12 19:02:05,2026-09-12 20:51:47
frozen,0,0.01,0.01,46,0,1.854951428555247,1.5832427450963182,2.131375282417413,0.5481325373210946,1.313660623147062,2.4051390633303416,False,0,5.496450909777195,0.0,2.5,C_ref,2026-09-12 19:02:05,2026-09-12 20:51:47
frozen,0,0.01,0.01,47,0,0.0,,0.0034861046326802436,,,0.016366603257233762,True,0,5.285740127619647,,2.5,C_ref,2026-09-12 19:02:05,2026-09-12 20:51:47
frozen,0,0.03,0.03,0,0,0.6151200511076734,0.5060857930142756,0.9723454213272849,0.46625962831300927,0.048723993134304866,1.3342509296350555,False,0,2.1467816244912683,0.0,0.4,C_ref,2026-09-13 03:38:44,2026-09-13 04:45:36
frozen,0,0.03,0.03,1,0,0.5826328914288791,0.2355742336185137,0.9809378511595656,0.7453636175410518,0.02919334428408438,1.3723685013071334,False,0,0.8312023212347412,1.0,0.4,C_ref,2026-09-13 03:38:44,2026-09-13 04:45:36
frozen,0,0.03,0.03,2,0,0.6403743248386264,0.16772694356873175,1.006784720174126,0.8390577766053943,0.03783908861297425,1.3854584320532746,False,0,0.23926532676705392,1.0,0.4,C_ref,2026-09-13 03:38:44,2026-09-13 04:45:36
frozen,0,0.03,0.03,3,0,0.673160225598271,0.18330325442166992,1.0861775300310175,0.9028742756093475,0.03219077184820295,1.4504984235640768,False,0,0.4930569802818354,1.0,0.4,C_ref,2026-09-13 03:38:44,2026-09-13 04:45:36
frozen,0,0.03,0.03,4,0,0.7977767017338131,0.7629756140944844,1.0590994044558582,0.2961237903613737,0.5512200758159473,1.3946743568615043,False,0,4.20160740540814,0.0,0.4,C_ref,2026-09-13 03:38:44,2026-09-13 04:45:36
frozen,0,0.03,0.03,5,0,0.649968219466165,0.46518920236663586,1.0405025306096085,0.5753133282429727,0.03780887446468774,1.4053771065247542,False,0,1.8497015698194446,0.0,0.4,C_ref,2026-09-13 03:38:44,2026-09-13 04:45:36
frozen,0,0.03,0.03,6,0,0.6038098925707233,0.447547597621708,0.9750002712828838,0.5274526736611758,0.04845028366347573,1.3385424692535042,False,0,2.2731954769005824,0.0,0.4,C_ref,2026-09-13 03:38:44,2026-09-13 04:45:36
frozen,0,0.03,0.03,7,0,0.621156716751943,0.18750855274540398,1.0275803371855103,0.8400717844401063,0.049229856418285,1.3927521735591537,False,0,0.22595329034083989,1.0,0.4,C_ref,2026-09-13 03:38:44,2026-09-13 04:45:36
frozen,0,0.03,0.03,8,0,0.8733955805941493,0.8402487971900198,1.1360250124331925,0.29577621524317277,0.06526374316441033,1.470111310158682,False,0,2.2970537642213458,0.0,0.4,C_ref,2026-09-13 03:38:44,2026-09-13 04:45:36
frozen,0,0.03,0.03,9,0,0.8407971656180636,0.7786117859266727,1.1060982600620286,0.3274864741353559,0.25701627337629157,1.4348332657534864,False,0,3.63826415522999,0.0,0.4,C_ref,2026-09-13 03:38:44,2026-09-13 04:45:36
frozen,0,0.03,0.03,10,0,0.9248452477788666,0.8366449365040614,1.2277272660292906,0.39108232952522926,0.640642486999157,1.5558546338309422,False,0,5.893164419245295,0.0,0.4,C_ref,2026-09-13 03:38:44,2026-09-13 04:45:36
frozen,0,0.03,0.03,11,0,0.700990858097695,0.4951579780144416,1.0877154917708598,0.5925575137564182,0.048469978535686215,1.4460126000190212,False,0,1.1682648033020087,0.0,0.4,C_ref,2026-09-13 03:38:44,2026-09-13 04:45:36
frozen,0,0.03,0.03,12,0,0.6313023317824229,0.4583835261596757,1.0418816884777304,0.5834981623180547,0.14852415299904048,1.4257782843427644,False,0,3.5610476540496165,0.0,0.4,C_ref,2026-09-13 03:38:44,2026-09-13 04:45:36
frozen,0,0.03,0.03,13,0,0.5351181602644057,0.12066825859857934,1.028497601802215,0.9078293432036356,0.028960169718404004,1.418713962373495,False,0,0.04085867099274765,1.0,0.4,C_ref,2026-09-13 03:38:44,2026-09-13 04:45:36
frozen,0,0.03,0.03,14,0,0.4429915467462691,0.13267430328614302,0.9470176032000898,0.8143432999139467,0.03598152471609702,1.3466270357357109,False,0,0.006704492585413391,1.0,0.4,C_ref,2026-09-13 03:38:44,2026-09-13 04:45:36
frozen,0,0.03,0.03,15,0,0.7387657233856295,0.17691713812878943,1.0376567286750564,0.860739590546267,0.027393642783074223,1.3995240350522897,False,0,0.5328435251067276,1.0,0.4,C_ref,2026-09-13 03:38:44,2026-09-13 04:45:36
frozen,0,0.03,0.03,16,0,0.8704528866026447,0.46657540124786767,1.2253112116365579,0.7587358103886902,0.027550089404945233,1.5640272229001586,False,0,2.3117355542781297,0.0,0.4,C_ref,2026-09-13 03:38:44,2026-09-13 04:45:36
frozen,0,0.03,0.03,17,0,0.539059568178187,0.1786092127208229,0.9442233384040558,0.765614125683233,0.051414273329342175,1.3119523894989948,False,0,0.10349977555961232,1.0,0.4,C_ref,2026-09-13 03:38:44,2026-09-13 04:45:36
frozen,0,0.03,0.03,18,0,0.7316994612771076,0.6161212423705306,1.0966635615795892,0.48054231920905865,0.03673169622898307,1.452689499837316,False,0,1.970455561138806,0.0,0.4,C_ref,2026-09-13 03:38:44,2026-09-13 04:45:36
frozen,0,0.03,0.03,19,0,0.46717347227001454,0.12037795722726974,0.9900636215762644,0.8696856643489946,0.030147344542686742,1.3826864678244921,False,0,0.010233143948426004,1.0,0.4,C_ref,2026-09-13 03:38:44,2026-09-13 04:45:36
frozen,0,0.03,0.03,20,0,0.6065883707979652,0.1704486528064103,1.0255234278945515,0.8550747750881412,0.04322324578755956,1.3967403612314455,False,0,0.1821789464520407,1.0,0.4,C_ref,2026-09-13 03:38:44,2026-09-13 04:45:36
frozen,0,0.03,0.03,21,0,0.7141323140452136,0.6516838643741408,1.0619179102023808,0.41023404582823997,0.020990772650743922,1.4266337915300682,False,0,1.9216520724839938,0.0,0.4,C_ref,2026-09-13 03:38:44,2026-09-13 04:45:36
frozen,0,0.03,0.03,22,0,0.7117716777954212,0.6010134295900142,1.0820219423803203,0.4810085127903061,0.047551237934575205,1.4354905406927323,False,0,1.3489071178701124,0.0,0.4,C_ref,2026-09-13 03:38:44,2026-09-13 04:45:36
frozen,0,0.03,0.03,23,0,0.7947116893904675,0.6219612269709602,1.0453357699809265,0.42337454300996624,0.04390106011374134,1.380147380304357,False,0,1.3643727362796199,0.0,0.4,C_ref,2026-09-13 03:38:44,2026-09-13 04:45:36
frozen,0,0.03,0.03,24,0,0.48943901080630714,0.1554070387856507,0.9379842883930924,0.7825772496074417,0.044929289786497115,1.325155749359324,False,0,0.034843387504224665,1.0,0.4,C_ref,2026-09-13 03:38:44,2026-09-13 04:45:36
frozen,0,0.03,0.03,25,0,0.6408724124869073,0.6017189538474947,0.9214831257929355,0.3197641719454407,0.052068920749871205,1.2705561705121067,False,0,1.0454557583689166,0.0,0.4,C_ref,2026-09-13 03:38:44,2026-09-13 04:45:36
frozen,0,0.03,0.03,26,0,0.7721972981975269,0.6521178367180452,1.0635776148943148,0.41145977817626955,0.6449086501282278,1.3938203685444241,False,0,6.717401604830229,0.0,0.4,C_ref,2026-09-13 03:38:44,2026-09-13 04:45:36
frozen,0,0.03,0.03,27,0,0.39382544268317615,0.14585914122517468,0.8360090609049011,0.6901499196797265,0.044445364198912866,1.2468170131095002,False,0,0.00017002427921397611,1.0,0.4,C_ref,2026-09-13 03:38:44,2026-09-13 04:45:36
frozen,0,0.03,0.03,28,0,0.7923851562905684,0.7291157787906594,1.0621166551801149,0.3330008763894555,0.09266694368126746,1.4033725320593424,False,0,1.900410926755285,0.0,0.4,C_ref,2026-09-13 03:38:44,2026-09-13 04:45:36
frozen,0,0.03,0.03,29,0,0.7989274020205215,0.6973295279833547,1.1188484628573248,0.4215189348739701,0.5408044277433939,1.4584579807000857,False,0,4.340948460412619,0.0,0.4,C_ref,2026-09-13 03:38:44,2026-09-13 04:45:36
frozen,0,0.03,0.03,30,0,0.6677675865111433,0.6218228936300192,0.9818294514194618,0.36000655778944257,0.04238059822184516,1.3293607028064334,False,0,1.2245925388524483,0.0,0.4,C_ref,2026-09-13 03:38:44,2026-09-13 04:45:36
frozen,0,0.03,0.03,31,0,0.7490115176322509,0.644337845314287,1.1033862444888993,0.4590483991746124,0.03367673773973117,1.455930438017768,False,0,1.7806722710374743,0.0,0.4,C_ref,2026-09-13 03:38:44,2026-09-13 04:45:36
frozen,0,0.03,0.03,32,0,0.5652165978030843,0.1320591606838201,1.0326394926438587,0.9005803319600386,0.03274285420775343,1.4149456661170714,False,0,0.07058016318114824,1.0,0.4,C_ref,2026-09-13 03:38:44,2026-09-13 04:45:36
frozen,0,0.03,0.03,33,0,0.6732235183948678,0.36841196767747647,1.0544552079257101,0.6860432402482337,0.05016463184169733,1.4086595422713222,False,0,0.5041938384456444,1.0,0.4,C_ref,2026-09-13 03:38:44,2026-09-13 04:45:36
frozen,0,0.03,0.03,34,0,0.7429015826923873,0.5502914133435207,1.087903043644859,0.5376116303013382,0.5420854982633747,1.4380191441640742,False,0,7.033093731311965,0.0,0.4,C_ref,2026-09-13 03:38:44,2026-09-13 04:45:36
frozen,0,0.03,0.03,35,0,0.7858042409318753,0.5603830322752158,1.107957667992474,0.5475746357172583,0.4596660320926376,1.442055633850757,False,0,17.552297624766652,0.0,0.4,C_ref,2026-09-13 03:38:44,2026-09-13 04:45:36
frozen,0,0.03,0.03,36,0,0.45189108262306,0.1295465307041936,0.9678486608204344,0.8383021301162408,0.033748340956477524,1.368349281318771,False,0,0.008664620778290555,1.0,0.4,C_ref,2026-09-13 03:38:44,2026-09-13 04:45:36
frozen,0,0.03,0.03,37,0,0.8453829920136072,0.7564726913294751,1.1553759059280762,0.398903214598601,0.693070655994661,1.4934419809503896,False,0,5.777708026835171,0.0,0.4,C_ref,2026-09-13 03:38:44,2026-09-13 04:45:36
frozen,0,0.03,0.03,38,0,0.8116261524906399,0.6189119777768425,1.1478618058045644,0.528949828027722,0.6057689859462324,1.4925067309248918,False,0,9.062769790485618,0.0,0.4,C_ref,2026-09-13 03:38:44,2026-09-13 04:45:36
frozen,0,0.03,0.03,39,0,0.673576213114709,0.5694692655247987,0.9922116066596054,0.4227423411348067,0.5610964666949042,1.345922001291106,False,0,4.285107001604047,0.0,0.4,C_ref,2026-09-13 03:38:44,2026-09-13 04:45:36
frozen,0,0.03,0.03,40,0,0.867118486595397,0.7687498424990789,1.1665269513865055,0.3977771088874267,0.5182973588860736,1.4963226220567851,False,0,5.583754121314996,0.0,0.4,C_ref,2026-09-13 03:38:44,2026-09-13 04:45:36
frozen,0,0.03,0.03,41,0,0.6030911194298255,0.5022731223079304,0.9761196271984708,0.47384650489054037,0.047994711045125836,1.3387885704418336,False,0,1.331959647610347,0.0,0.4,C_ref,2026-09-13 03:38:44,2026-09-13 04:45:36
frozen,0,0.03,0.03,42,0,0.48429047146546617,0.15658442147684226,0.9498989334945631,0.7933145120177209,0.04401754720322002,1.3431771444904865,False,0,0.03211907926015556,1.0,0.4,C_ref,2026-09-13 03:38:44,2026-09-13 04:45:36
frozen,0,0.03,0.03,43,0,0.7004554832545555,0.46421149588070354,0.9927345239675758,0.5285230280868722,0.041245774335476985,1.3427163846423023,False,0,2.1746159320500738,0.0,0.4,C_ref,2026-09-13 03:38:44,2026-09-13 04:45:36
frozen,0,0.03,0.03,44,0,0.6770255184826471,0.42015186615421557,1.061095583287313,0.6409437171330974,0.054487578517021185,1.4179795138227573,False,0,1.047857640645816,0.0,0.4,C_ref,2026-09-13 03:38:44,2026-09-13 04:45:36
frozen,0,0.03,0.03,45,0,0.5255567723391985,0.19104183388221402,0.9482133822557015,0.7571715483734875,0.057228226618497,1.328431772380699,False,0,0.09046914701684727,1.0,0.4,C_ref,2026-09-13 03:38:44,2026-09-13 04:45:36
frozen,0,0.03,0.03,46,0,0.7114946995374708,0.5590216246652387,1.0526571985510769,0.4936355738858381,0.5508448886591784,1.4015794593659328,False,0,4.464421987660899,0.0,0.4,C_ref,2026-09-13 03:38:44,2026-09-13 04:45:36
frozen,0,0.03,0.03,47,0,0.44897826312467365,0.13167307010589385,0.9410524455468977,0.8093793754410039,0.03608997987948281,1.330124851434957,False,0,0.007903898600488901,1.0,0.4,C_ref,2026-09-13 03:38:44,2026-09-13 04:45:36
frozen,0,0.03,0.03,0,0,2.22770987464328,1.8976118105271567,2.5595799657694025,0.6619681552422458,1.5637064077682736,2.896170677852143,False,0,0.674528715415363,1.0,2.5,C_ref,2026-09-13 03:38:44,2026-09-13 04:45:36
frozen,0,0.03,0.03,1,0,2.3229204219414945,1.9934239847365294,2.6543668733953685,0.6609428886588391,1.6606766219253692,2.990656614632741,False,0,0.2867978802023572,1.0,2.5,C_ref,2026-09-13 03:38:44,2026-09-13 04:45:36
frozen,0,0.03,0.03,2,0,2.345166216293056,2.0173546977131025,2.675356640580603,0.6580019428675006,1.6872180522852347,3.0105975297860006,False,0,0.2210663426449173,1.0,2.5,C_ref,2026-09-13 03:38:44,2026-09-13 04:45:36
frozen,0,0.03,0.03,3,0,2.3959736953105555,2.0719563535746635,2.7236153851235008,0.6516590315488373,1.7479323785520218,3.057052473272212,False,0,0.10165527404751629,1.0,2.5,C_ref,2026-09-13 03:38:44,2026-09-13 04:45:36
frozen,0,0.03,0.03,4,0,2.278430898586876,1.9511406647015024,2.607419926793415,0.6562792620919127,1.6202197664784341,2.941095728005674,False,0,0.4551213554259448,1.0,2.5,C_ref,2026-09-13 03:38:44,2026-09-13 04:45:36
frozen,0,0.03,0.03,5,0,2.3077268728956497,1.9801862280078422,2.637446209948077,0.6572599819402347,1.6500292336358182,2.972111082017033,False,0,0.34163794566120487,1.0,2.5,C_ref,2026-09-13 03:38:44,2026-09-13 04:45:36
frozen,0,0.03,0.03,6,0,2.2174340498726077,1.8853879995536142,2.5503921165987857,0.6650041170451715,1.5481067580415848,2.887469470136345,False,0,0.7212113521745778,1.0,2.5,C_ref,2026-09-13 03:38:44,2026-09-13 04:45:36
frozen,0,0.03,0.03,7,0,2.297754875344149,1.971495396702051,2.626626099240236,0.655130702538185,1.6432039434743266,2.9607719127019245,False,0,0.3799711628489604,1.0,2.5,C_ref,2026-09-13 03:38:44,2026-09-13 04:45:36
frozen,0,0.03,0.03,8,0,2.3485513736801433,2.0234173619259357,2.676901278785734,0.6534839168597983,1.697437035090095,3.0108565900033533,False,0,0.21428716066657216,1.0,2.5,C_ref,2026-09-13 03:38:44,2026-09-13 04:45:36
frozen,0,0.03,0.03,9,0,2.3083711972250542,1.9811550440326282,2.6379968178599498,0.6568417738273216,1.651746336426602,2.9726922383875234,False,0,0.33964408643441857,1.0,2.5,C_ref,2026-09-13 03:38:44,2026-09-13 04:45:36
frozen,0,0.03,0.03,10,0,2.4459066325452574,2.124526076920318,2.7720110380222795,0.6474849611019615,1.8050443917886374,3.104552040943324,False,0,0.027748828248149948,1.0,2.5,C_ref,2026-09-13 03:38:44,2026-09-13 04:45:36
frozen,0,0.03,0.03,11,0,2.322019631344043,1.9956532359521386,2.6515419176033843,0.6558886816512457,1.6682246996250076,2.9865894719061727,False,0,0.2935317167393805,1.0,2.5,C_ref,2026-09-13 03:38:44,2026-09-13 04:45:36
frozen,0,0.03,0.03,12,0,2.4334469646989225,2.1016780966128166,2.768088857402973,0.6664107607901566,1.7686722188672064,3.107987403051945,False,0,0.039829993391322205,1.0,2.5,C_ref,2026-09-13 03:38:44,2026-09-13 04:45:36
frozen,0,0.03,0.03,13,0,2.419707664773263,2.091872514047202,2.7506850191922596,0.6588125051450575,1.7631515427842264,3.087108348610736,False,0,0.05943048473272938,1.0,2.5,C_ref,2026-09-13 03:38:44,2026-09-13 04:45:36
frozen,0,0.03,0.03,14,0,2.289714030491134,1.9617676076046755,2.619380344787285,0.6576127371826095,1.6300023447733345,2.9537225653799317,False,0,0.40848032063877326,1.0,2.5,C_ref,2026-09-13 03:38:44,2026-09-13 04:45:36
frozen,0,0.03,0.03,15,0,2.370066204886006,2.040469110380445,2.702094352601152,0.661625242220707,1.7087432455886762,3.0392055599288454,False,0,0.1542186929145828,1.0,2.5,C_ref,2026-09-13 03:38:44,2026-09-13 04:45:36
frozen,0,0.03,0.03,16,0,2.5098890597206327,2.1925116441501165,2.832903804289056,0.6403921601389397,1.8783702609195174,3.163084087593255,False,0,0.0009553209529258311,1.0,2.5,C_ref,2026-09-13 03:38:44,2026-09-13 04:45:36
frozen,0,0.03,0.03,17,0,2.1850234051361856,1.855578712487702,2.5154390132821542,0.6598603007944523,1.5210011619764765,2.8500886677646156,False,0,0.9089393777539954,1.0,2.5,C_ref,2026-09-13 03:38:44,2026-09-13 04:45:36
frozen,0,0.03,0.03,18,0,2.385131023907213,2.061952084552142,2.7117796812641473,0.6498275967120053,1.7386997032561993,3.0434973493560014,False,0,0.12457252097374294,1.0,2.5,C_ref,2026-09-13 03:38:44,2026-09-13 04:45:36
frozen,0,0.03,0.03,19,0,2.3397569326157233,2.011430679996854,2.6705073706858777,0.6590766906890235,1.6808546796211508,3.0062743994010406,False,0,0.23616364649569732,1.0,2.5,C_ref,2026-09-13 03:38:44,2026-09-13 04:45:36
frozen,0,0.03,0.03,20,0,2.2945170866721236,1.966877544983079,2.624505263222105,0.657627718239026,1.6367855910993578,2.959546249081025,False,0,0.3893475477962056,1.0,2.5,C_ref,2026-09-13 03:38:44,2026-09-13 04:45:36
frozen,0,0.03,0.03,21,0,2.4051979469886478,2.077467197352771,2.7358941416888225,0.6584269443360515,1.748609463257734,3.0719534778714044,False,0,0.08271946838794975,1.0,2.5,C_ref,2026-09-13 03:38:44,2026-09-13 04:45:36
frozen,0,0.03,0.03,22,0,2.3114040764312995,1.9874667087322049,2.638593404578458,0.6511266958462532,1.6626427425221724,2.9713924747012266,False,0,0.33422190443161526,1.0,2.5,C_ref,2026-09-13 03:38:44,2026-09-13 04:45:36
frozen,0,0.03,0.03,23,0,2.232105634159557,1.9066853270350266,2.559921607788792,0.6532362807537653,1.5786980439526284,2.892792456987596,False,0,0.6693905910724425,1.0,2.5,C_ref,2026-09-13 03:38:44,2026-09-13 04:45:36
frozen,0,0.03,0.03,24,0,2.2636911240276754,1.933964669148879,2.5945463172933194,0.6605816481444404,1.5995129845466562,2.9297284303063558,False,0,0.5113823769061128,1.0,2.5,C_ref,2026-09-13 03:38:44,2026-09-13 04:45:36
frozen,0,0.03,0.03,25,0,2.1143209923215927,1.7818271443745668,2.44608910168954,0.6642619573149733,1.4406187936270987,2.7811750387173815,False,0,1.3495241394994082,0.0,2.5,C_ref,2026-09-13 03:38:44,2026-09-13 04:45:36
frozen,0,0.03,0.03,26,0,2.252011162621668,1.925910452034769,2.5807861090752655,0.6548756570404966,1.5980578989278749,2.914729776081727,False,0,0.5707300567810307,1.0,2.5,C_ref,2026-09-13 03:38:44,2026-09-13 04:45:36
frozen,0,0.03,0.03,27,0,2.2341479540962306,1.9038631920178555,2.5650691717323153,0.6612059797144598,1.567549234756379,2.900121880996786,False,0,0.6463706244321656,1.0,2.5,C_ref,2026-09-13 03:38:44,2026-09-13 04:45:36
frozen,0,0.03,0.03,28,0,2.319270876679025,1.9922483522631995,2.6489563711903563,0.6567080189271568,1.6632976770451322,2.983865576077477,False,0,0.30221937334135873,1.0,2.5,C_ref,2026-09-13 03:38:44,2026-09-13 04:45:36
frozen,0,0.03,0.03,29,0,2.3142947837117003,1.9916577314290365,2.640461082921443,0.6488033514924068,1.6686941184006057,2.97235550390219,False,0,0.32613487454364076,1.0,2.5,C_ref,2026-09-13 03:38:44,2026-09-13 04:45:36
frozen,0,0.03,0.03,30,0,2.2259859064520926,1.9000275004247982,2.553876660344007,0.6538491599192087,1.5709514440198573,2.886590254797894,False,0,0.6995566891491762,1.0,2.5,C_ref,2026-09-13 03:38:44,2026-09-13 04:45:36
frozen,0,0.03,0.03,31,0,2.353592347388419,2.0283808509949,2.6822924453820858,0.6539115943871856,1.7028365815942912,3.0167233882988724,False,0,0.1998686581500806,1.0,2.5,C_ref,2026-09-13 03:38:44,2026-09-13 04:45:36
frozen,0,0.03,0.03,32,0,2.378308853653745,2.052859471616284,2.7070206684042963,0.6541611967880123,1.726496132965948,3.041408022733095,False,0,0.13820955479241093,1.0,2.5,C_ref,2026-09-13 03:38:44,2026-09-13 04:45:36
frozen,0,0.03,0.03,33,0,2.259984331816695,1.9353950772598665,2.5872438868799756,0.6518488096201092,1.6087141232381157,2.91983787101791,False,0,0.5397234562115045,1.0,2.5,C_ref,2026-09-13 03:38:44,2026-09-13 04:45:36
frozen,0,0.03,0.03,34,0,2.3048012918709895,1.9770521684895568,2.635330283721864,0.6582781152323072,1.6477111470289287,2.971164425029631,False,0,0.35042817751309485,1.0,2.5,C_ref,2026-09-13 03:38:44,2026-09-13 04:45:36
frozen,0,0.03,0.03,35,0,2.2728582953978065,1.9487000773933705,2.6000812721822113,0.6513811947888408,1.6234207888326415,2.9327380444732074,False,0,0.48388213021098636,1.0,2.5,C_ref,2026-09-13 03:38:44,2026-09-13 04:45:36
frozen,0,0.03,0.03,36,0,2.366270896971721,2.0377312918133326,2.6972843332284078,0.6595530414150752,1.7070352490698326,3.0333943719398375,False,0,0.16424362926773028,1.0,2.5,C_ref,2026-09-13 03:38:44,2026-09-13 04:45:36
frozen,0,0.03,0.03,37,0,2.4038811624444607,2.081181579796891,2.7305980811866872,0.6494165013897963,1.7591339957382714,3.0633077347195248,False,0,0.08736881440927391,1.0,2.5,C_ref,2026-09-13 03:38:44,2026-09-13 04:45:36
frozen,0,0.03,0.03,38,0,2.425366434934646,2.1012381781749707,2.753250362850119,0.6520121846751481,1.7774012708787315,3.086993720997971,False,0,0.05220116088821669,1.0,2.5,C_ref,2026-09-13 03:38:44,2026-09-13 04:45:36
frozen,0,0.03,0.03,39,0,2.2534453046321907,1.9215685618717457,2.586370503425241,0.6648019415534954,1.5850025351818802,2.9235285477209065,False,0,0.5496417702815961,1.0,2.5,C_ref,2026-09-13 03:38:44,2026-09-13 04:45:36
frozen,0,0.03,0.03,40,0,2.3581363525201984,2.0337735528471645,2.686360162189894,0.6525866093427295,1.709747488114418,3.020570407474373,False,0,0.18837828658797662,1.0,2.5,C_ref,2026-09-13 03:38:44,2026-09-13 04:45:36
frozen,0,0.03,0.03,41,0,2.241895857082247,1.9149968114164049,2.57109293962605,0.6560961282096451,1.5853406009929925,2.9053084147786272,False,0,0.616325611488719,1.0,2.5,C_ref,2026-09-13 03:38:44,2026-09-13 04:45:36
frozen,0,0.03,0.03,42,0,2.3359919565282086,2.0078152540649454,2.666460242262735,0.6586449881977896,1.6770736783636788,3.0019404345512304,False,0,0.24761054051850806,1.0,2.5,C_ref,2026-09-13 03:38:44,2026-09-13 04:45:36
frozen,0,0.03,0.03,43,0,2.224034809989651,1.896184561733926,2.553467019257889,0.6572824575239631,1.5643314606925423,2.887516297088579,False,0,0.702829065037804,1.0,2.5,C_ref,2026-09-13 03:38:44,2026-09-13 04:45:36
frozen,0,0.03,0.03,44,0,2.2830000831866015,1.9568131905310153,2.6119767655549073,0.655163575023892,1.6288625060535342,2.946287988362996,False,0,0.436980169670278,1.0,2.5,C_ref,2026-09-13 03:38:44,2026-09-13 04:45:36
frozen,0,0.03,0.03,45,0,2.205604544644582,1.873606269476859,2.538297231545323,0.664690962068464,1.5357623012646453,2.8750560920145865,False,0,0.7837362327154551,1.0,2.5,C_ref,2026-09-13 03:38:44,2026-09-13 04:45:36
frozen,0,0.03,0.03,46,0,2.2967600900061633,1.9705808988799656,2.625529616532982,0.6549487176530162,1.642534099284639,2.95953039344828,False,0,0.38388682053482626,1.0,2.5,C_ref,2026-09-13 03:38:44,2026-09-13 04:45:36
frozen,0,0.03,0.03,47,0,2.307522893933941,1.9815475595408658,2.6360901721292156,0.6545426125883498,1.6535104797297349,2.9699272090266504,False,0,0.3448910264742153,1.0,2.5,C_ref,2026-09-13 03:38:44,2026-09-13 04:45:36
frozen,0,0.1,0.1,0,0,0.8954027913092868,0.8434861099223483,1.1128315455730076,0.26934543565065927,0.5580776360938196,1.3891798414190983,False,0,4.500376614789275,0.0,0.4,C_ref,2026-09-13 10:08:21,2026-09-13 10:38:24
frozen,0,0.1,0.1,1,0,0.8061307387211968,0.7245196194416061,1.1179007993106485,0.3933811798690423,0.018772819804736877,1.4242899941128204,False,0,1.6795345042883127,0.0,0.4,C_ref,2026-09-13 10:08:21,2026-09-13 10:38:24
frozen,0,0.1,0.1,2,0,0.7904357289622103,0.6291349530981283,1.102677625028268,0.47354267193013966,0.620566955554408,1.4085859331072172,False,0,4.618535451292701,0.0,0.4,C_ref,2026-09-13 10:08:21,2026-09-13 10:38:24
frozen,0,0.1,0.1,3,0,0.9523461064008073,0.7497531144891213,1.2168721846198183,0.467119070130697,0.6978516857276643,1.4982807736954513,False,0,13.930202064329933,0.0,0.4,C_ref,2026-09-13 10:08:21,2026-09-13 10:38:24
frozen,0,0.1,0.1,4,0,0.8748227096053791,0.45902892767400705,1.070381336190808,0.6113524085168011,0.024441183337129094,1.355516813366306,False,0,2.383600029774243,0.0,0.4,C_ref,2026-09-13 10:08:21,2026-09-13 10:38:24
frozen,0,0.1,0.1,5,0,0.9295193468627763,0.8564173890797575,1.178898952393655,0.32248156331389755,0.7722084782105285,1.4579169732986583,False,0,9.609517890556162,0.0,0.4,C_ref,2026-09-13 10:08:21,2026-09-13 10:38:24
frozen,0,0.1,0.1,6,0,0.8500767752938275,0.8155492424793475,1.0707385508214582,0.25518930834211073,0.0707065508767602,1.3556877559156468,False,0,2.959189133027394,0.0,0.4,C_ref,2026-09-13 10:08:21,2026-09-13 10:38:24
frozen,0,0.1,0.1,7,0,0.7655645466999618,0.6875027171502,1.0523925860210208,0.36488986887082087,0.12586503917527844,1.3575048408939474,False,0,3.292711746049463,0.0,0.4,C_ref,2026-09-13 10:08:21,2026-09-13 10:38:24
frozen,0,0.1,0.1,8,0,0.9426689029964965,0.8485397560954826,1.1951289306766841,0.34658917458120153,0.7494039795799464,1.4758412961001413,False,0,15.30298251849672,0.0,0.4,C_ref,2026-09-13 10:08:21,2026-09-13 10:38:24
frozen,0,0.1,0.1,9,0,0.8024633174005804,0.7182408099390022,1.0755064091543196,0.3572655992153174,0.12488824909930037,1.371718756554014,False,0,3.814954696699715,0.0,0.4,C_ref,2026-09-13 10:08:21,2026-09-13 10:38:24
frozen,0,0.1,0.1,10,0,1.0440290620813653,0.776859697154321,1.3253227767704805,0.5484630796161595,0.6499206075565627,1.6081174793029862,False,0,7.8653199523323565,0.0,0.4,C_ref,2026-09-13 10:08:21,2026-09-13 10:38:24
frozen,0,0.1,0.1,11,0,0.9279069866496487,0.8951691568375505,1.1493431921506325,0.254174035313082,0.5806082461605677,1.4285727932358478,False,0,5.991956330486573,0.0,0.4,C_ref,2026-09-13 10:08:21,2026-09-13 10:38:24
frozen,0,0.1,0.1,12,0,0.8485717313659578,0.8101165520418204,1.1225373056473478,0.31242075360552735,0.013767937604275738,1.4323657831194672,False,0,2.3619958649105683,0.0,0.4,C_ref,2026-09-13 10:08:21,2026-09-13 10:38:24
frozen,0,0.1,0.1,13,0,0.906200370530008,0.7799386439641407,1.1822355472895338,0.40229690332539314,0.7726936817521725,1.475518972119452,False,0,7.111862067315087,0.0,0.4,C_ref,2026-09-13 10:08:21,2026-09-13 10:38:24
frozen,0,0.1,0.1,14,0,0.8766409470543222,0.6598205143415014,1.1610760951958012,0.5012555808542999,0.5972073044466101,1.4475917424406977,False,0,5.472904723847023,0.0,0.4,C_ref,2026-09-13 10:08:21,2026-09-13 10:38:24
frozen,0,0.1,0.1,15,0,0.8526166108356643,0.6415753140834515,1.1486313304642704,0.5070560163808189,0.6335227366897228,1.4443552418736518,False,0,11.316942475976248,0.0,0.4,C_ref,2026-09-13 10:08:21,2026-09-13 10:38:24
frozen,0,0.1,0.1,16,0,1.0647872644123701,0.8442761578890043,1.317189104620919,0.47291294673191464,0.7196063427373611,1.5845931163952585,False,0,50.00636306099841,0.0,0.4,C_ref,2026-09-13 10:08:21,2026-09-13 10:38:24
frozen,0,0.1,0.1,17,0,0.637059328822513,0.12751294802960209,0.9507505207204401,0.823237572690838,0.04382187723731752,1.2769272885652725,False,0,0.28900915863050614,1.0,0.4,C_ref,2026-09-13 10:08:21,2026-09-13 10:38:24
frozen,0,0.1,0.1,18,0,0.8718782678876951,0.7556518333647309,1.1630863248225223,0.4074344914577914,0.49838109821748566,1.456375276761362,False,0,6.446936411502975,0.0,0.4,C_ref,2026-09-13 10:08:21,2026-09-13 10:38:24
frozen,0,0.1,0.1,19,0,0.23815867912635216,0.09112400529569015,1.0025497653577358,0.9114257600620457,0.026926293719956914,1.349125123201248,False,0,0.14702977361594094,1.0,0.4,C_ref,2026-09-13 10:08:21,2026-09-13 10:38:24
frozen,0,0.1,0.1,20,0,0.8891053561168127,0.8371234797663111,1.1236615692332055,0.2865380894668944,0.687429384735533,1.4053114626729566,False,0,6.778477498501161,0.0,0.4,C_ref,2026-09-13 10:08:21,2026-09-13 10:38:24
frozen,0,0.1,0.1,21,0,0.8422508817202777,0.4028984105191535,1.1654489755963553,0.7625505650772018,0.015314456375818953,1.4686460665044005,False,0,1.0067816757837136,0.0,0.4,C_ref,2026-09-13 10:08:21,2026-09-13 10:38:24
frozen,0,0.1,0.1,22,0,0.7050596523598216,0.6205169337398972,1.033142455747004,0.41262552200710667,0.03774385349221441,1.3474418589296853,False,0,1.1888530396536225,0.0,0.4,C_ref,2026-09-13 10:08:21,2026-09-13 10:38:24
frozen,0,0.1,0.1,23,0,0.9505739219741913,0.9074282659030826,1.159961060802764,0.2525327948996814,0.7240653166913322,1.4282828216697356,False,0,4.890494136416237,0.0,0.4,C_ref,2026-09-13 10:08:21,2026-09-13 10:38:24
frozen,0,0.1,0.1,24,0,0.7192002926878014,0.5267191625385163,1.0182012100275692,0.491482047489053,0.029010843845691883,1.3312761639798247,False,0,1.555919993948919,0.0,0.4,C_ref,2026-09-13 10:08:21,2026-09-13 10:38:24
frozen,0,0.1,0.1,25,0,0.814668082322589,0.6528234323762244,1.0073004234469443,0.35447699107071984,0.04318205232150966,1.2913790454570482,False,0,1.3298576732231595,0.0,0.4,C_ref,2026-09-13 10:08:21,2026-09-13 10:38:24
frozen,0,0.1,0.1,26,0,0.8249434593729145,0.709800492342463,1.0750910117146488,0.3652905193721858,0.7058247709655452,1.3576662226465774,False,0,8.206407717712864,0.0,0.4,C_ref,2026-09-13 10:08:21,2026-09-13 10:38:24
frozen,0,0.1,0.1,27,0,0.14751993450654755,0.08359589211686087,0.22492877973580916,0.1413328876189483,0.02787926109662783,1.2958151904288788,False,0,2.4018780317273922,0.0,0.4,C_ref,2026-09-13 10:08:21,2026-09-13 10:38:24
frozen,0,0.1,0.1,28,0,0.8798548464808187,0.7832353156528957,1.1424861148566159,0.35925079920372016,0.6296466476220143,1.4253463541203844,False,0,15.134778772640857,0.0,0.4,C_ref,2026-09-13 10:08:21,2026-09-13 10:38:24
frozen,0,0.1,0.1,29,0,0.8128595101321849,0.6022142925233556,1.0529667573608552,0.45075246483749964,0.5644763065892121,1.3453984195003779,False,0,7.927213401551853,0.0,0.4,C_ref,2026-09-13 10:08:21,2026-09-13 10:38:24
frozen,0,0.1,0.1,30,0,0.7022123579078027,0.6562626967696952,0.9715388480666325,0.3152761512969373,0.034473881126527904,1.2810873734057424,False,0,1.5603574392989685,0.0,0.4,C_ref,2026-09-13 10:08:21,2026-09-13 10:38:24
frozen,0,0.1,0.1,31,0,0.9460034302255076,0.8804817267148619,1.160868246684677,0.280386519969815,0.8620237767778431,1.4334460489653322,False,0,8.941349691896903,0.0,0.4,C_ref,2026-09-13 10:08:21,2026-09-13 10:38:24
frozen,0,0.1,0.1,32,0,0.8540201546792766,0.7675451655584988,1.1240338089172444,0.3564886433587455,0.5698640755141867,1.4156269494092046,False,0,7.946775190488552,0.0,0.4,C_ref,2026-09-13 10:08:21,2026-09-13 10:38:24
frozen,0,0.1,0.1,33,0,0.8475079068870954,0.7357950515435099,1.111445605630804,0.3756505540872941,0.6770960529293781,1.3944734115174282,False,0,10.082559099355421,0.0,0.4,C_ref,2026-09-13 10:08:21,2026-09-13 10:38:24
frozen,0,0.1,0.1,34,0,0.9556388318067527,0.871263501668349,1.173605421029385,0.30234191936103594,0.8650534254898545,1.4399712874024855,False,0,13.925094346701371,0.0,0.4,C_ref,2026-09-13 10:08:21,2026-09-13 10:38:24
frozen,0,0.1,0.1,35,0,0.833818302595129,0.6565274407832905,1.1108079888213036,0.4542805480380131,0.6161992615992247,1.3988077426176926,False,0,13.477057606014569,0.0,0.4,C_ref,2026-09-13 10:08:21,2026-09-13 10:38:24
frozen,0,0.1,0.1,36,0,0.7514474230158895,0.08527944243653396,1.1045697692110537,1.0192903267745197,0.02388432546560735,1.4175080031037215,False,0,0.25159490811347496,1.0,0.4,C_ref,2026-09-13 10:08:21,2026-09-13 10:38:24
frozen,0,0.1,0.1,37,0,0.7854846335326156,0.7164466093505621,1.073912674436897,0.3574660650863348,0.01930118832161633,1.3809391083273381,False,0,2.2745577811401745,0.0,0.4,C_ref,2026-09-13 10:08:21,2026-09-13 10:38:24
frozen,0,0.1,0.1,38,0,0.9312586710971464,0.7284443038475844,1.2118084288095599,0.48336412496197545,0.6946019725108412,1.4990398844963095,False,0,11.80768473677017,0.0,0.4,C_ref,2026-09-13 10:08:21,2026-09-13 10:38:24
frozen,0,0.1,0.1,39,0,0.8511200515049695,0.793496194981725,1.1174975516063699,0.3240013566246449,0.026135159674325507,1.4059952125787873,False,0,2.1757023817117442,0.0,0.4,C_ref,2026-09-13 10:08:21,2026-09-13 10:38:24
frozen,0,0.1,0.1,40,0,0.8586840397776301,0.6196415741661243,1.150072074643385,0.5304305004772607,0.5709491668916243,1.4417622837463675,False,0,20.02761717265821,0.0,0.4,C_ref,2026-09-13 10:08:21,2026-09-13 10:38:24
frozen,0,0.1,0.1,41,0,0.7339697379367177,0.5368038064493235,1.0313570934092586,0.49455328695993517,0.5257492455751763,1.3292041439947908,False,0,7.765724235629023,0.0,0.4,C_ref,2026-09-13 10:08:21,2026-09-13 10:38:24
frozen,0,0.1,0.1,42,0,0.8025977374100256,0.7076205621517999,1.0914786900004958,0.3838581278486959,0.5959314615389109,1.3936538685543982,False,0,5.116940626990981,0.0,0.4,C_ref,2026-09-13 10:08:21,2026-09-13 10:38:24
frozen,0,0.1,0.1,43,0,0.8367993071836708,0.6994838262720117,1.04898481653867,0.34950099026665826,0.03047223058265514,1.336547777264117,False,0,2.7323555481852964,0.0,0.4,C_ref,2026-09-13 10:08:21,2026-09-13 10:38:24
frozen,0,0.1,0.1,44,0,0.7458647598220622,0.6188930930160377,1.0551529655182015,0.4362598725021638,0.44685773528920253,1.3609696465467067,False,0,4.053497577155213,0.0,0.4,C_ref,2026-09-13 10:08:21,2026-09-13 10:38:24
frozen,0,0.1,0.1,45,0,0.42976154726042803,0.14425153578567568,0.9067551992674053,0.7625036634817297,0.048195494209269156,1.2517614645940807,False,0,0.002868585135729518,1.0,0.4,C_ref,2026-09-13 10:08:21,2026-09-13 10:38:24
frozen,0,0.1,0.1,46,0,0.9252377743430892,0.8781090562206743,1.1356889491863094,0.2575798929656351,0.870654667442897,1.4047403445736453,False,0,9.437442484682833,0.0,0.4,C_ref,2026-09-13 10:08:21,2026-09-13 10:38:24
frozen,0,0.1,0.1,47,0,0.8067691862164229,0.7264843119238718,1.0892128463535997,0.36272853442972797,0.029114820398506023,1.385336195519149,False,0,2.546747475520533,0.0,0.4,C_ref,2026-09-13 10:08:21,2026-09-13 10:38:24
frozen,0,0.1,0.1,0,0,2.1485185306729555,1.8636798490165893,2.439536078538886,0.5758562295222966,1.5826323488121254,2.73810620149801,False,0,1.4512085668829968,0.0,2.5,C_ref,2026-09-13 10:08:21,2026-09-13 10:38:24
frozen,0,0.1,0.1,1,0,2.2407690012341765,1.9577449033890766,2.5303235978047396,0.572578694415663,1.6790903066371612,2.827653698622234,False,0,0.8036170706982375,1.0,2.5,C_ref,2026-09-13 10:08:21,2026-09-13 10:38:24
frozen,0,0.1,0.1,2,0,2.2550660713250283,1.970482782177619,2.5458065014556586,0.5753237192780396,1.689902151677788,2.844086448023618,False,0,0.7121611015863891,1.0,2.5,C_ref,2026-09-13 10:08:21,2026-09-13 10:38:24
frozen,0,0.1,0.1,3,0,2.309296125059901,2.029110997934627,2.5968753785533685,0.5677643806187413,1.754978854947757,2.8928372361877237,False,0,0.44374707231327193,1.0,2.5,C_ref,2026-09-13 10:08:21,2026-09-13 10:38:24
frozen,0,0.1,0.1,4,0,2.159594976290315,1.8739284912782623,2.4507529322081303,0.576824440929868,1.5908692616402014,2.7490149714322807,False,0,1.3615142629096226,0.0,2.5,C_ref,2026-09-13 10:08:21,2026-09-13 10:38:24
frozen,0,0.1,0.1,5,0,2.2182657143879174,1.9356667337611597,2.5074676920536136,0.5718009582924539,1.6577641738114957,2.804476164244479,False,0,0.9494415951739938,1.0,2.5,C_ref,2026-09-13 10:08:21,2026-09-13 10:38:24
frozen,0,0.1,0.1,6,0,2.1325652941059943,1.8458781754424838,2.4247080038961277,0.578829828453644,1.5618579077297456,2.723972317802652,False,0,1.5722002944494307,0.0,2.5,C_ref,2026-09-13 10:08:21,2026-09-13 10:38:24
frozen,0,0.1,0.1,7,0,2.1889188870476546,1.903808606401531,2.479880046075758,0.576071439674227,1.6218902130026744,2.7781603455147565,False,0,1.1412006211576227,0.0,2.5,C_ref,2026-09-13 10:08:21,2026-09-13 10:38:24
frozen,0,0.1,0.1,8,0,2.254186677179552,1.9718587789573176,2.5435026899557633,0.5716439109984457,1.6949346575684634,2.8408912906868444,False,0,0.7245096500264481,1.0,2.5,C_ref,2026-09-13 10:08:21,2026-09-13 10:38:24
frozen,0,0.1,0.1,9,0,2.1866209372826706,1.9030451954409024,2.476226457966065,0.5731812625251627,1.6231307001217272,2.773306746682501,False,0,1.1683037632064952,0.0,2.5,C_ref,2026-09-13 10:08:21,2026-09-13 10:38:24
frozen,0,0.1,0.1,10,0,2.390292976950009,2.1105166817928915,2.6777883790658357,0.5672716972729441,1.8372624754706952,2.9738851899903698,False,0,0.1481752323306864,1.0,2.5,C_ref,2026-09-13 10:08:21,2026-09-13 10:38:24
frozen,0,0.1,0.1,11,0,2.196878883230183,1.9117597213807545,2.4884008815283543,0.5766411601475998,1.630961586344154,2.787605515111348,False,0,1.0799353202928614,0.0,2.5,C_ref,2026-09-13 10:08:21,2026-09-13 10:38:24
frozen,0,0.1,0.1,12,0,2.315756389181623,2.02869771083637,2.609220361616143,0.5805226507797729,1.7459829171489514,2.910333633395739,False,0,0.39759927265913575,1.0,2.5,C_ref,2026-09-13 10:08:21,2026-09-13 10:38:24
frozen,0,0.1,0.1,13,0,2.3189959857210436,2.0346736102927117,2.6101907822525474,0.5755171719598358,1.7554217448750822,2.909312497798556,False,0,0.3901336478375015,1.0,2.5,C_ref,2026-09-13 10:08:21,2026-09-13 10:38:24
frozen,0,0.1,0.1,14,0,2.2173631612432203,1.938212994411578,2.5033619187465246,0.5651489243349466,1.6640773319191484,2.7974139762492736,False,0,0.9766793714588857,1.0,2.5,C_ref,2026-09-13 10:08:21,2026-09-13 10:38:24
frozen,0,0.1,0.1,15,0,2.2959622916064033,2.0139386015481313,2.584953919873615,0.5710153183254838,1.7371593118763693,2.882014515542086,False,0,0.5021142229124962,1.0,2.5,C_ref,2026-09-13 10:08:21,2026-09-13 10:38:24
frozen,0,0.1,0.1,16,0,2.3849469684254823,2.1072435513967878,2.6710945623733546,0.5638510109765669,1.837161566698508,2.9661926674949464,False,0,0.1643633335334016,1.0,2.5,C_ref,2026-09-13 10:08:21,2026-09-13 10:38:24
frozen,0,0.1,0.1,17,0,2.0944814655887214,1.8076931216412127,2.386029238377554,0.5783361167363412,1.5222828797494181,2.6842624288281156,False,0,1.918118962970766,0.0,2.5,C_ref,2026-09-13 10:08:21,2026-09-13 10:38:24
frozen,0,0.1,0.1,18,0,2.2888446931655855,2.0082715988183355,2.5763571581259272,0.5680855593075917,1.7329484077234805,2.8719624765245677,False,0,0.5430257575717405,1.0,2.5,C_ref,2026-09-13 10:08:21,2026-09-13 10:38:24
frozen,0,0.1,0.1,19,0,2.230162733855407,1.9444700777522517,2.521721579010099,0.5772515012578472,1.6620875529871442,2.8206477535140992,False,0,0.8579094787928625,1.0,2.5,C_ref,2026-09-13 10:08:21,2026-09-13 10:38:24
frozen,0,0.1,0.1,20,0,2.171947975488419,1.8882577627486903,2.461762081978414,0.5735043192297238,1.6084497776129554,2.7590966756539625,False,0,1.2769663394683448,0.0,2.5,C_ref,2026-09-13 10:08:21,2026-09-13 10:38:24
frozen,0,0.1,0.1,21,0,2.3255666216406192,2.043435755781272,2.6148466639944,0.571410908213128,1.7667720225555514,2.91233765283339,False,0,0.36723278454883257,1.0,2.5,C_ref,2026-09-13 10:08:21,2026-09-13 10:38:24
frozen,0,0.1,0.1,22,0,2.1677681539961857,1.880836861936419,2.4602096366272885,0.5793727746908695,1.5966947053218947,2.7597473499791625,False,0,1.286631440063502,0.0,2.5,C_ref,2026-09-13 10:08:21,2026-09-13 10:38:24
frozen,0,0.1,0.1,23,0,2.176929070349861,1.8964062377833824,2.4640396368965365,0.5676333991131541,1.6204485314619708,2.759024274727268,False,0,1.2617703801661264,0.0,2.5,C_ref,2026-09-13 10:08:21,2026-09-13 10:38:24
frozen,0,0.1,0.1,24,0,2.151792175739181,1.8670045124264933,2.442103735918666,0.5750992234921726,1.584899496676858,2.7396026829943527,False,0,1.4317546468992077,0.0,2.5,C_ref,2026-09-13 10:08:21,2026-09-13 10:38:24
frozen,0,0.1,0.1,25,0,2.0546293276665706,1.7682726866774936,2.345296983917657,0.5770242972401634,1.4825367330579355,2.642370949757538,False,0,2.321576763955818,0.0,2.5,C_ref,2026-09-13 10:08:21,2026-09-13 10:38:24
frozen,0,0.1,0.1,26,0,2.1296789386646435,1.8459621456741002,2.4194967941063465,0.5735346484322463,1.5659297541272836,2.716805691372019,False,0,1.621529445907072,0.0,2.5,C_ref,2026-09-13 10:08:21,2026-09-13 10:38:24
frozen,0,0.1,0.1,27,0,2.1342110505729757,1.8493055955974045,2.4243566337047238,0.5750510381073193,1.5667353056987752,2.721517124124364,False,0,1.5797180389745336,0.0,2.5,C_ref,2026-09-13 10:08:21,2026-09-13 10:38:24
frozen,0,0.1,0.1,28,0,2.2227020243737137,1.9397600738395715,2.5122129026215783,0.5724528287820068,1.661557486081081,2.809549887666339,False,0,0.9182102702070551,1.0,2.5,C_ref,2026-09-13 10:08:21,2026-09-13 10:38:24
frozen,0,0.1,0.1,29,0,2.134917519502522,1.8501172956151015,2.425423908929992,0.5753066133148905,1.5685217652914085,2.7232193508608633,False,0,1.5694709397212137,0.0,2.5,C_ref,2026-09-13 10:08:21,2026-09-13 10:38:24
frozen,0,0.1,0.1,30,0,2.1217100204016988,1.8366385780472883,2.4119619225946614,0.5753233445473731,1.5536064658454896,2.709190836082799,False,0,1.686812374038709,0.0,2.5,C_ref,2026-09-13 10:08:21,2026-09-13 10:38:24
frozen,0,0.1,0.1,31,0,2.2061349452785266,1.921029349086123,2.4975441713673336,0.5765148222812106,1.6402319037519106,2.796556569806976,False,0,1.0165070173316053,0.0,2.5,C_ref,2026-09-13 10:08:21,2026-09-13 10:38:24
frozen,0,0.1,0.1,32,0,2.231987064879006,1.949079586003697,2.521589468267625,0.5725098822639283,1.6709439576282925,2.819129306063439,False,0,0.8579753310077649,1.0,2.5,C_ref,2026-09-13 10:08:21,2026-09-13 10:38:24
frozen,0,0.1,0.1,33,0,2.1416278069235792,1.8595425979300721,2.430071700787259,0.570529102857187,1.5816353921553923,2.7261867121116925,False,0,1.534190095600934,0.0,2.5,C_ref,2026-09-13 10:08:21,2026-09-13 10:38:24
frozen,0,0.1,0.1,34,0,2.166880408940396,1.882952273436423,2.4573799965582355,0.5744277231218125,1.6037453152561119,2.755663549074208,False,0,1.309809372502059,0.0,2.5,C_ref,2026-09-13 10:08:21,2026-09-13 10:38:24
frozen,0,0.1,0.1,35,0,2.1662377468744225,1.8842701116562883,2.4547085590575914,0.5704384474013031,1.6067729992307518,2.750966253696576,False,0,1.332990078797593,0.0,2.5,C_ref,2026-09-13 10:08:21,2026-09-13 10:38:24
frozen,0,0.1,0.1,36,0,2.283200173957844,1.999188050896634,2.573719042638728,0.5745309917420942,1.7197272717017826,2.8720329049381776,False,0,0.5602458340363228,1.0,2.5,C_ref,2026-09-13 10:08:21,2026-09-13 10:38:24
frozen,0,0.1,0.1,37,0,2.247965946968701,1.96239199099841,2.5394787542913466,0.5770867632929366,1.6803674453460211,2.8383221970184307,False,0,0.7498142235635896,1.0,2.5,C_ref,2026-09-13 10:08:21,2026-09-13 10:38:24
frozen,0,0.1,0.1,38,0,2.325938349261426,2.0452291173573123,2.6140076271390744,0.5687785097817621,1.7703600842750833,2.910412675993662,False,0,0.36885308358614566,1.0,2.5,C_ref,2026-09-13 10:08:21,2026-09-13 10:38:24
frozen,0,0.1,0.1,39,0,2.1940500011242965,1.9136980773552468,2.481357006068963,0.5676589287137164,1.638425577003351,2.776706710818967,False,0,1.1318985173202236,0.0,2.5,C_ref,2026-09-13 10:08:21,2026-09-13 10:38:24
frozen,0,0.1,0.1,40,0,2.24430486327145,1.9617284086035434,2.533744318789903,0.5720159101863596,1.6842437188899122,2.831208552781843,False,0,0.7825541082129348,1.0,2.5,C_ref,2026-09-13 10:08:21,2026-09-13 10:38:24
frozen,0,0.1,0.1,41,0,2.1283518372786387,1.8449379428385821,2.417779055979831,0.5728411131412487,1.5650264854183664,2.714695367692741,False,0,1.6371619752098923,0.0,2.5,C_ref,2026-09-13 10:08:21,2026-09-13 10:38:24
frozen,0,0.1,0.1,42,0,2.2555609447503016,1.9716619412630132,2.5457361588536305,0.5740742175906173,1.6919448758946083,2.843514877501762,False,0,0.712097804647783,1.0,2.5,C_ref,2026-09-13 10:08:21,2026-09-13 10:38:24
frozen,0,0.1,0.1,43,0,2.1261188222330407,1.8401501656117016,2.4173718179194563,0.5772216523077547,1.5565966921388614,2.715650815426816,False,0,1.6370678513121675,0.0,2.5,C_ref,2026-09-13 10:08:21,2026-09-13 10:38:24
frozen,0,0.1,0.1,44,0,2.1531486057942857,1.867597534840094,2.4445895350823594,0.5769920002422655,1.5853724813658958,2.743474930634902,False,0,1.409612966919667,0.0,2.5,C_ref,2026-09-13 10:08:21,2026-09-13 10:38:24
frozen,0,0.1,0.1,45,0,2.0748316385890946,1.7867685909177782,2.3673611910180283,0.5805926001002502,1.4994207426912258,2.666398130480362,False,0,2.0922684596407635,0.0,2.5,C_ref,2026-09-13 10:08:21,2026-09-13 10:38:24
frozen,0,0.1,0.1,46,0,2.172866521483125,1.888746353589968,2.4631242767196766,0.5743779231297086,1.6085976865140936,2.760934876144757,False,0,1.2660085552779492,0.0,2.5,C_ref,2026-09-13 10:08:21,2026-09-13 10:38:24
frozen,0,0.1,0.1,47,0,2.21946273447457,1.9372798403642904,2.508224182560422,0.5709443421961318,1.6595895842550004,2.8048280825292466,False,0,0.9443804387337877,1.0,2.5,C_ref,2026-09-13 10:08:21,2026-09-13 10:38:24
frozen,0,0.3,0.3,0,0,0.7770624677078333,0.6336596429217645,1.0592159340459515,0.425556291124187,0.5059885761623168,1.3470561398675809,False,0,5.381370049781253,0.0,0.4,C_ref,2026-09-13 14:31:15,2026-09-13 15:09:37
frozen,0,0.3,0.3,1,0,0.8432367767856184,0.6959650660290702,1.1288722179451882,0.43290715191611806,0.4899675372079141,1.417289743944962,False,0,5.381505548619316,0.0,0.4,C_ref,2026-09-13 14:31:15,2026-09-13 15:09:37
frozen,0,0.3,0.3,2,0,0.9137241660187286,0.69889979394615,1.1921442798631985,0.4932444859170485,0.5973614108774182,1.4749083856233431,False,0,10.917293180871638,0.0,0.4,C_ref,2026-09-13 14:31:15,2026-09-13 15:09:37
frozen,0,0.3,0.3,3,0,0.9050921912074231,0.6452944685424599,1.1865563685526623,0.5412619000102025,0.5570998222428963,1.469981195564793,False,0,8.211951419692923,0.0,0.4,C_ref,2026-09-13 14:31:15,2026-09-13 15:09:37
frozen,0,0.3,0.3,4,0,0.9166768654735489,0.6812607615079118,1.1936019452816784,0.5123411837737666,0.5873651395467998,1.4721788312935395,False,0,9.464975657985633,0.0,0.4,C_ref,2026-09-13 14:31:15,2026-09-13 15:09:37
frozen,0,0.3,0.3,5,0,0.8006425059669214,0.6473639888011524,1.087152711260794,0.4397887224596415,0.5962243756334931,1.3779920623271216,False,0,6.170633443874976,0.0,0.4,C_ref,2026-09-13 14:31:15,2026-09-13 15:09:37
frozen,0,0.3,0.3,6,0,0.7697620305255777,0.6400871656321494,1.0611164306934093,0.4210292650612599,0.03091382087021139,1.3542609879005292,False,0,3.3662825593564776,0.0,0.4,C_ref,2026-09-13 14:31:15,2026-09-13 15:09:37
frozen,0,0.3,0.3,7,0,0.8297925254147794,0.6954159142644605,1.102305521258933,0.4068896069944725,0.5674634812045859,1.3860195783901346,False,0,10.788460392202978,0.0,0.4,C_ref,2026-09-13 14:31:15,2026-09-13 15:09:37
frozen,0,0.3,0.3,8,0,0.8219153013671179,0.6820613112335461,1.1051085121500601,0.42304720091651404,0.5991246998609742,1.3972077172432795,False,0,9.343554147526447,0.0,0.4,C_ref,2026-09-13 14:31:15,2026-09-13 15:09:37
frozen,0,0.3,0.3,9,0,0.8836563927281244,0.6607180536503523,1.1465088202523608,0.4857907666020085,0.5954627937803522,1.4204444345243863,False,0,16.47133415668577,0.0,0.4,C_ref,2026-09-13 14:31:15,2026-09-13 15:09:37
frozen,0,0.3,0.3,10,0,0.8481542047297232,0.6439541209184761,1.143170794940679,0.49921667402220293,0.5648530568120119,1.4363325959770163,False,0,7.452055576384737,0.0,0.4,C_ref,2026-09-13 14:31:15,2026-09-13 15:09:37
frozen,0,0.3,0.3,11,0,0.7876758820185804,0.616083494060873,1.076377506698896,0.46029401263802305,0.5381397257630125,1.3679567085734259,False,0,7.009947533591912,0.0,0.4,C_ref,2026-09-13 14:31:15,2026-09-13 15:09:37
frozen,0,0.3,0.3,12,0,0.901467159914072,0.6458630261763714,1.188165200869424,0.5423021746930525,0.5827415046219032,1.4761026347639834,False,0,11.260246297755657,0.0,0.4,C_ref,2026-09-13 14:31:15,2026-09-13 15:09:37
frozen,0,0.3,0.3,13,0,0.8571368983528062,0.653652358684149,1.1441929425701447,0.49054058388599575,0.5930206886663044,1.4348064182561437,False,0,11.911595041277906,0.0,0.4,C_ref,2026-09-13 14:31:15,2026-09-13 15:09:37
frozen,0,0.3,0.3,14,0,0.8886501099760419,0.6374280219102711,1.161752717761881,0.5243246958516098,0.5835281415730844,1.4394717494951743,False,0,8.189047482501337,0.0,0.4,C_ref,2026-09-13 14:31:15,2026-09-13 15:09:37
frozen,0,0.3,0.3,15,0,0.8819531671434613,0.6590024098789071,1.1679581755476056,0.5089557656686985,0.6188851925933835,1.4558575730672503,False,0,9.255139420700289,0.0,0.4,C_ref,2026-09-13 14:31:15,2026-09-13 15:09:37
frozen,0,0.3,0.3,16,0,0.8506082125027281,0.5873128295414395,1.148184692031014,0.5608718624895744,0.5014012522001499,1.4421203943380048,False,0,6.787346642719058,0.0,0.4,C_ref,2026-09-13 14:31:15,2026-09-13 15:09:37
frozen,0,0.3,0.3,17,0,0.7808505381539084,0.5877214041460919,1.0639547269034748,0.47623332275738295,0.47159537612050867,1.3489256224656843,False,0,4.319396469283674,0.0,0.4,C_ref,2026-09-13 14:31:15,2026-09-13 15:09:37
frozen,0,0.3,0.3,18,0,0.8709514586454503,0.546702062722908,1.1681672955457127,0.6214652328228047,0.3419771801737664,1.458913015613194,False,0,3.4481250040626037,0.0,0.4,C_ref,2026-09-13 14:31:15,2026-09-13 15:09:37
frozen,0,0.3,0.3,19,0,0.8505654609643349,0.6665528099541796,1.144593170331731,0.47804036037755127,0.590155124218742,1.4361464618148392,False,0,4.84249555882343,0.0,0.4,C_ref,2026-09-13 14:31:15,2026-09-13 15:09:37
frozen,0,0.3,0.3,20,0,0.7327518116825592,0.5797462676343494,1.0209702107577636,0.4412239431234142,0.027896084477073355,1.3225195737148392,False,0,2.7821527698033606,0.0,0.4,C_ref,2026-09-13 14:31:15,2026-09-13 15:09:37
frozen,0,0.3,0.3,21,0,0.8773427843598719,0.6687757307184581,1.1655188314433422,0.49674310072488415,0.6044411884171972,1.4546635955232146,False,0,9.666573755068384,0.0,0.4,C_ref,2026-09-13 14:31:15,2026-09-13 15:09:37
frozen,0,0.3,0.3,22,0,0.752885288167674,0.6471745943081746,1.0485719470117003,0.4013973527035257,0.03244162393604248,1.3476196268197709,False,0,2.6289874149661046,0.0,0.4,C_ref,2026-09-13 14:31:15,2026-09-13 15:09:37
frozen,0,0.3,0.3,23,0,0.825066098811147,0.669194928829992,1.104114187600225,0.43491925877023296,0.556175243856233,1.3882087196481592,False,0,7.511813215365692,0.0,0.4,C_ref,2026-09-13 14:31:15,2026-09-13 15:09:37
frozen,0,0.3,0.3,24,0,0.8125999828734385,0.6091124230528815,1.0990357909592718,0.48992336790639035,0.5604011732327168,1.386468756374163,False,0,6.829760151802475,0.0,0.4,C_ref,2026-09-13 14:31:15,2026-09-13 15:09:37
frozen,0,0.3,0.3,25,0,0.7440223496725639,0.6175765226357188,1.0163035047158928,0.398726982080174,0.5232620329615429,1.301880446980908,False,0,5.799409014456614,0.0,0.4,C_ref,2026-09-13 14:31:15,2026-09-13 15:09:37
frozen,0,0.3,0.3,26,0,0.7158719840384518,0.6479714743561819,0.9919869501552444,0.34401547579906255,0.0337367677035711,1.2911452019711618,False,0,3.6352663409015804,0.0,0.4,C_ref,2026-09-13 14:31:15,2026-09-13 15:09:37
frozen,0,0.3,0.3,27,0,0.8258738852953159,0.6643894368327545,1.1052165581332183,0.44082712130046375,0.5737007017222713,1.3889308957079145,False,0,6.4810928308506845,0.0,0.4,C_ref,2026-09-13 14:31:15,2026-09-13 15:09:37
frozen,0,0.3,0.3,28,0,0.8014833765959954,0.5662161315373205,1.095200808911318,0.5289846773739976,0.47875347450667866,1.3851757329048953,False,0,5.0948521294376405,0.0,0.4,C_ref,2026-09-13 14:31:15,2026-09-13 15:09:37
frozen,0,0.3,0.3,29,0,0.7392031561619794,0.5840304927227079,1.0408928315720025,0.4568623388492946,0.4748259111778464,1.3380565956248336,False,0,4.920528451602877,0.0,0.4,C_ref,2026-09-13 14:31:15,2026-09-13 15:09:37
frozen,0,0.3,0.3,30,0,0.7380548369250961,0.6118442661159771,1.0230566146767357,0.4112123485607586,0.5308079370618585,1.314157260055956,False,0,5.2614202747099625,0.0,0.4,C_ref,2026-09-13 14:31:15,2026-09-13 15:09:37
frozen,0,0.3,0.3,31,0,0.8641348987417596,0.6176994192432531,1.1488158034807727,0.5311163842375196,0.5436730134048863,1.435046992831921,False,0,10.794074881778215,0.0,0.4,C_ref,2026-09-13 14:31:15,2026-09-13 15:09:37
frozen,0,0.3,0.3,32,0,0.8208845254273222,0.6473476042069929,1.1136416169753314,0.4662940127683385,0.5085653916472372,1.4067953360106136,False,0,8.427280520860222,0.0,0.4,C_ref,2026-09-13 14:31:15,2026-09-13 15:09:37
frozen,0,0.3,0.3,33,0,0.7354160246111177,0.6333086534470601,1.0284918630501556,0.3951832096030955,0.03021877101681001,1.323827060178245,False,0,2.4722279321213136,0.0,0.4,C_ref,2026-09-13 14:31:15,2026-09-13 15:09:37
frozen,0,0.3,0.3,34,0,0.80668311166815,0.6057153990719899,1.0975933489395207,0.49187794986753075,0.5008011877786641,1.3878010205801194,False,0,4.990027747615386,0.0,0.4,C_ref,2026-09-13 14:31:15,2026-09-13 15:09:37
frozen,0,0.3,0.3,35,0,0.777445160426891,0.5984513685133435,1.062246366230839,0.46379499771749555,0.5404245483533131,1.3533931777465822,False,0,9.980592577609059,0.0,0.4,C_ref,2026-09-13 14:31:15,2026-09-13 15:09:37
frozen,0,0.3,0.3,36,0,0.9543263863601016,0.6978942834733338,1.224905289522817,0.5270110060494831,0.5972021542998136,1.5014222041740302,False,0,12.638885244621633,0.0,0.4,C_ref,2026-09-13 14:31:15,2026-09-13 15:09:37
frozen,0,0.3,0.3,37,0,0.12243872990560076,0.05836787705877713,0.1654066034074765,0.10703872634869938,0.017087029883631234,0.22303968871001523,False,0,6.5834838429545925,0.0,0.4,C_ref,2026-09-13 14:31:15,2026-09-13 15:09:37
frozen,0,0.3,0.3,38,0,0.8957257498810491,0.6774629880256934,1.1778487942166667,0.5003858061909733,0.5618367028119977,1.4617246507546902,False,0,7.340644920182967,0.0,0.4,C_ref,2026-09-13 14:31:15,2026-09-13 15:09:37
frozen,0,0.3,0.3,39,0,0.7255122280601479,0.5760950777321019,1.0247698478138125,0.44867477008171064,0.02696030783474632,1.323946802708458,False,0,3.789256806434423,0.0,0.4,C_ref,2026-09-13 14:31:15,2026-09-13 15:09:37
frozen,0,0.3,0.3,40,0,0.8628263525844627,0.6414015195324105,1.1498929593288365,0.508491439796426,0.4814643505000542,1.4372317049252537,False,0,5.932358389680303,0.0,0.4,C_ref,2026-09-13 14:31:15,2026-09-13 15:09:37
frozen,0,0.3,0.3,41,0,0.7863255258240114,0.6473221813797697,1.0557212674665697,0.4083990860868,0.5580603907159251,1.3390378257838929,False,0,7.976385960155312,0.0,0.4,C_ref,2026-09-13 14:31:15,2026-09-13 15:09:37
frozen,0,0.3,0.3,42,0,0.8407387312371776,0.6268155643358376,1.1289061135906944,0.5020905492548567,0.5734204722141849,1.4169586715481146,False,0,6.476099781499215,0.0,0.4,C_ref,2026-09-13 14:31:15,2026-09-13 15:09:37
frozen,0,0.3,0.3,43,0,0.6805100430891174,0.5554909377565727,0.9823437757234438,0.4268528379668711,0.03285925782448652,1.2855404865768707,False,0,2.8202391172599164,0.0,0.4,C_ref,2026-09-13 14:31:15,2026-09-13 15:09:37
frozen,0,0.3,0.3,44,0,0.7154340488998358,0.594373451688071,1.0191908290604654,0.42481737737239444,0.03634174913883923,1.319671615674733,False,0,2.2888694896864763,0.0,0.4,C_ref,2026-09-13 14:31:15,2026-09-13 15:09:37
frozen,0,0.3,0.3,45,0,0.7760478235923096,0.6217114832312904,1.056034663529948,0.4343231802986576,0.5100436988739211,1.3428768904216821,False,0,6.734021590425982,0.0,0.4,C_ref,2026-09-13 14:31:15,2026-09-13 15:09:37
frozen,0,0.3,0.3,46,0,0.7918890554233197,0.6316235809060711,1.0819406472974455,0.4503170663913745,0.4562851158550126,1.3727943257267288,False,0,6.698803795836284,0.0,0.4,C_ref,2026-09-13 14:31:15,2026-09-13 15:09:37
frozen,0,0.3,0.3,47,0,0.8088828089289781,0.6423247507104021,1.0888231358622853,0.4464983851518832,0.5509816078313882,1.3751592832534196,False,0,9.807386397409573,0.0,0.4,C_ref,2026-09-13 14:31:15,2026-09-13 15:09:37
frozen,0,0.3,0.3,0,0,2.0949053755297915,1.8120611909752389,2.3851870023321924,0.5731258113569535,1.534560231830977,2.6841919378982126,False,0,1.9252211460334365,0.0,2.5,C_ref,2026-09-13 14:31:15,2026-09-13 15:09:37
frozen,0,0.3,0.3,1,0,2.193925829791914,1.9131852618101561,2.4827557867462127,0.5695705249360565,1.6388902723856693,2.780697440609625,False,0,1.1207248989085201,0.0,2.5,C_ref,2026-09-13 14:31:15,2026-09-13 15:09:37
frozen,0,0.3,0.3,2,0,2.2600793571917572,1.9799663799834823,2.5486541331460684,0.568687753162586,1.7070732645730966,2.846578412716149,False,0,0.6947620417631697,1.0,2.5,C_ref,2026-09-13 14:31:15,2026-09-13 15:09:37
frozen,0,0.3,0.3,3,0,2.2705169753812178,1.990671807332056,2.5588089700006043,0.5681371626685483,1.7179883411063377,2.856420375351429,False,0,0.6375735564834031,1.0,2.5,C_ref,2026-09-13 14:31:15,2026-09-13 15:09:37
frozen,0,0.3,0.3,4,0,2.2309110998649806,1.9554008100924765,2.515074587474648,0.5596737773821714,1.687177500593836,2.8088060868341573,False,0,0.8979840489337221,1.0,2.5,C_ref,2026-09-13 14:31:15,2026-09-13 15:09:37
frozen,0,0.3,0.3,5,0,2.16186640321822,1.8798746842894434,2.451474526282038,0.5715998419925947,1.6037140453209275,2.7498900209003523,False,0,1.3564162774819124,0.0,2.5,C_ref,2026-09-13 14:31:15,2026-09-13 15:09:37
frozen,0,0.3,0.3,6,0,2.1141879447873633,1.8316255623987152,2.404132675692275,0.57250711329356,1.5543623173679169,2.7027594213394934,False,0,1.7536633529234678,0.0,2.5,C_ref,2026-09-13 14:31:15,2026-09-13 15:09:37
frozen,0,0.3,0.3,7,0,2.1613029260340277,1.879430645391559,2.451182527633845,0.5717518822422858,1.6039502812591309,2.7501367279186093,False,0,1.3581677537040378,0.0,2.5,C_ref,2026-09-13 14:31:15,2026-09-13 15:09:37
frozen,0,0.3,0.3,8,0,2.186243875304817,1.9016325940188157,2.4783434414919676,0.5767108474731519,1.6225995044912482,2.779109415017305,False,0,1.151214125122351,0.0,2.5,C_ref,2026-09-13 14:31:15,2026-09-13 15:09:37
frozen,0,0.3,0.3,9,0,2.17117941620596,1.8937305061749221,2.457255525233174,0.5635250190582517,1.6236082582107962,2.752814335547585,False,0,1.3146150434185984,0.0,2.5,C_ref,2026-09-13 14:31:15,2026-09-13 15:09:37
frozen,0,0.3,0.3,10,0,2.2662850670226686,1.9832045285706221,2.557528932251879,0.5743244036812567,1.7067105704366148,2.857904569511049,False,0,0.6475890077053919,1.0,2.5,C_ref,2026-09-13 14:31:15,2026-09-13 15:09:37
frozen,0,0.3,0.3,11,0,2.125732124212657,1.841088828726755,2.4177924569250924,0.5767036281983373,1.5618567577085434,2.718512556946342,False,0,1.628969976114604,0.0,2.5,C_ref,2026-09-13 14:31:15,2026-09-13 15:09:37
frozen,0,0.3,0.3,12,0,2.2935984393457436,2.01052339340206,2.5851022599819458,0.5745788665798859,1.734627962773497,2.8859504058494037,False,0,0.5056385127863905,1.0,2.5,C_ref,2026-09-13 14:31:15,2026-09-13 15:09:37
frozen,0,0.3,0.3,13,0,2.253042988188789,1.968965868314373,2.545013716461808,0.5760478481474351,1.6911988915554927,2.8459639347979224,False,0,0.7184256741820718,1.0,2.5,C_ref,2026-09-13 14:31:15,2026-09-13 15:09:37
frozen,0,0.3,0.3,14,0,2.189989646898452,1.9141143322461307,2.4744808468306534,0.5603665145845227,1.6455053206387287,2.7685033800159617,False,0,1.1837104355472547,0.0,2.5,C_ref,2026-09-13 14:31:15,2026-09-13 15:09:37
frozen,0,0.3,0.3,15,0,2.2804054185056923,1.9991842958146655,2.5699769723797,0.5707926765650344,1.7248982933897326,2.8687871388957973,False,0,0.5793522247986402,1.0,2.5,C_ref,2026-09-13 14:31:15,2026-09-13 15:09:37
frozen,0,0.3,0.3,16,0,2.3069989455526003,2.0232564853615593,2.598821756852163,0.5755652714906039,1.7460497006540536,2.899663849303976,False,0,0.4416814697360678,1.0,2.5,C_ref,2026-09-13 14:31:15,2026-09-13 15:09:37
frozen,0,0.3,0.3,17,0,2.075167588035038,1.795885078479826,2.3621356697873575,0.5662505913075315,1.5222885951991598,2.6579369447027994,False,0,2.1606651628062536,0.0,2.5,C_ref,2026-09-13 14:31:15,2026-09-13 15:09:37
frozen,0,0.3,0.3,18,0,2.281133019246929,2.0010739252862026,2.569434362579205,0.5683604372930025,1.7278209548962329,2.8668870253647336,False,0,0.5805198701491463,1.0,2.5,C_ref,2026-09-13 14:31:15,2026-09-13 15:09:37
frozen,0,0.3,0.3,19,0,2.2294940863285335,1.9484190528668583,2.518576726435158,0.5701576735682998,1.673706821411561,2.816710479010375,False,0,0.8771677806835214,1.0,2.5,C_ref,2026-09-13 14:31:15,2026-09-13 15:09:37
frozen,0,0.3,0.3,20,0,2.105984524935628,1.8205238744691306,2.3981379129128526,0.577614038443722,1.539238862280911,2.69849277973914,False,0,1.8018777827783197,0.0,2.5,C_ref,2026-09-13 14:31:15,2026-09-13 15:09:37
frozen,0,0.3,0.3,21,0,2.281320865188737,2.00042498534112,2.5705933620994355,0.5701683767583154,1.7265128995305885,2.8691656474308878,False,0,0.5757445010640367,1.0,2.5,C_ref,2026-09-13 14:31:15,2026-09-13 15:09:37
frozen,0,0.3,0.3,22,0,2.133113382546157,1.8480236301996684,2.425176339672648,0.5771527094729794,1.5675782618952585,2.725644648893769,False,0,1.5666694427527545,0.0,2.5,C_ref,2026-09-13 14:31:15,2026-09-13 15:09:37
frozen,0,0.3,0.3,23,0,2.148090288386799,1.869785708328023,2.434375411466458,0.564589703138435,1.597837699619037,2.7298081604938322,False,0,1.5001257585681742,0.0,2.5,C_ref,2026-09-13 14:31:15,2026-09-13 15:09:37
frozen,0,0.3,0.3,24,0,2.146355939399548,1.8662137068577156,2.434268994531752,0.5680552876740363,1.592021792341882,2.7310901267260794,False,0,1.498276545691624,0.0,2.5,C_ref,2026-09-13 14:31:15,2026-09-13 15:09:37
frozen,0,0.3,0.3,25,0,2.0270852875051153,1.7456256820198204,2.3151520402990524,0.569526358279232,1.4681643215177018,2.6113908179714787,False,0,2.648272718262888,0.0,2.5,C_ref,2026-09-13 14:31:15,2026-09-13 15:09:37
frozen,0,0.3,0.3,26,0,2.0785986297665566,1.7933408077530477,2.3703499617403954,0.5770091539873476,1.5116618666765005,2.670193281274268,False,0,2.06188468331311,0.0,2.5,C_ref,2026-09-13 14:31:15,2026-09-13 15:09:37
frozen,0,0.3,0.3,27,0,2.1555898496445542,1.8771153539134655,2.4420689922431316,0.564953638329666,1.6049513155587538,2.737580634164338,False,0,1.436358429305983,0.0,2.5,C_ref,2026-09-13 14:31:15,2026-09-13 15:09:37
frozen,0,0.3,0.3,28,0,2.1863436937392637,1.9052092749872562,2.475448278302222,0.5702390033149656,1.6303023491772952,2.7735948521835105,False,0,1.1737832992912445,0.0,2.5,C_ref,2026-09-13 14:31:15,2026-09-13 15:09:37
frozen,0,0.3,0.3,29,0,2.1121311320124962,1.8290979956554478,2.4023611994535785,0.5732632037981307,1.5510209518261222,2.701184586246749,False,0,1.7688920348846295,0.0,2.5,C_ref,2026-09-13 14:31:15,2026-09-13 15:09:37
frozen,0,0.3,0.3,30,0,2.1007377524660695,1.8195652430514302,2.3889999558712507,0.5694347128198205,1.5432489741476931,2.6857269164227855,False,0,1.8976584497431759,0.0,2.5,C_ref,2026-09-13 14:31:15,2026-09-13 15:09:37
frozen,0,0.3,0.3,31,0,2.208270096480166,1.926690120309045,2.498034280302432,0.5713441599933871,1.6516987237827243,2.7969681883997364,False,0,1.0132272058544913,0.0,2.5,C_ref,2026-09-13 14:31:15,2026-09-13 15:09:37
frozen,0,0.3,0.3,32,0,2.212735845725801,1.929970365007685,2.5032639200405957,0.5732935550329108,1.6532597665772484,2.802743048945681,False,0,0.9777369326693588,1.0,2.5,C_ref,2026-09-13 14:31:15,2026-09-13 15:09:37
frozen,0,0.3,0.3,33,0,2.0854809126461777,1.8024875873224109,2.3755001606833446,0.5730125733609337,1.5241325305693807,2.673966216368456,False,0,2.0183337476846646,0.0,2.5,C_ref,2026-09-13 14:31:15,2026-09-13 15:09:37
frozen,0,0.3,0.3,34,0,2.135273608086228,1.8523810876539055,2.425828076396291,0.5734469887423856,1.5752341618612367,2.7252237837910425,False,0,1.5637998413003515,0.0,2.5,C_ref,2026-09-13 14:31:15,2026-09-13 15:09:37
frozen,0,0.3,0.3,35,0,2.1151138334899136,1.8320243786270827,2.405451280463397,0.5734269018363145,1.554105799687848,2.7043273020829535,False,0,1.7410958659966127,0.0,2.5,C_ref,2026-09-13 14:31:15,2026-09-13 15:09:37
frozen,0,0.3,0.3,36,0,2.2934061432453463,2.0160708840846464,2.5799180789269767,0.5638471948423303,1.7468784991139148,2.876162162182777,False,0,0.5246761897215038,1.0,2.5,C_ref,2026-09-13 14:31:15,2026-09-13 15:09:37
frozen,0,0.3,0.3,37,0,2.2208716016396792,1.9387291351647058,2.510770498134477,0.5720413629697714,1.6625488221541556,2.8095409598313617,False,0,0.9280040691628528,1.0,2.5,C_ref,2026-09-13 14:31:15,2026-09-13 15:09:37
frozen,0,0.3,0.3,38,0,2.280556114881273,2.001186463823249,2.568480304909411,0.5672938410861623,1.7290920087143435,2.865811264685253,False,0,0.5851450520312937,1.0,2.5,C_ref,2026-09-13 14:31:15,2026-09-13 15:09:37
frozen,0,0.3,0.3,39,0,2.1189413529168144,1.835402309101926,2.409633069387582,0.5742307602856558,1.556574348910865,2.7088251337385643,False,0,1.7035038672511291,0.0,2.5,C_ref,2026-09-13 14:31:15,2026-09-13 15:09:37
frozen,0,0.3,0.3,40,0,2.2264799289343724,1.9450538261811976,2.516176954974042,0.5711231287928442,1.6703614975957692,2.815102367887164,False,0,0.892700554246403,1.0,2.5,C_ref,2026-09-13 14:31:15,2026-09-13 15:09:37
frozen,0,0.3,0.3,41,0,2.0952353863085333,1.8132562588948584,2.3847061888163816,0.5714499299215232,1.5367857786338799,2.6828822185607537,False,0,1.9326784573786426,0.0,2.5,C_ref,2026-09-13 14:31:15,2026-09-13 15:09:37
frozen,0,0.3,0.3,42,0,2.231141072697572,1.950542357699948,2.5199126522335935,0.5693702945336454,1.6766167088529904,2.8177944865584155,False,0,0.8686426548265445,1.0,2.5,C_ref,2026-09-13 14:31:15,2026-09-13 15:09:37
frozen,0,0.3,0.3,43,0,2.0687978596387797,1.7840698749939001,2.3600800270027236,0.5760101520088234,1.5030203713489463,2.6594681877595825,False,0,2.163703861835529,0.0,2.5,C_ref,2026-09-13 14:31:15,2026-09-13 15:09:37
frozen,0,0.3,0.3,44,0,2.0901812788790095,1.804764816643666,2.3824804236281993,0.5777156069845333,1.5236385957784648,2.6831652594728674,False,0,1.9439758285479911,0.0,2.5,C_ref,2026-09-13 14:31:15,2026-09-13 15:09:37
frozen,0,0.3,0.3,45,0,2.0728055022022267,1.790110613341975,2.3627643482244,0.5726537348824248,1.5126317617519955,2.661346027488741,False,0,2.1413159871008247,0.0,2.5,C_ref,2026-09-13 14:31:15,2026-09-13 15:09:37
frozen,0,0.3,0.3,46,0,2.1543551226867343,1.8721503375535902,2.4442028218587555,0.5720524843051653,1.5957504698694125,2.742855588287928,False,0,1.4138700339426578,0.0,2.5,C_ref,2026-09-13 14:31:15,2026-09-13 15:09:37
frozen,0,0.3,0.3,47,0,2.179116122347322,1.8985966492897808,2.4675277532021638,0.568931103912383,1.6242461094199767,2.764961897190318,False,0,1.233457064776303,0.0,2.5,C_ref,2026-09-13 14:31:15,2026-09-13 15:09:37
frozen,0,1.0,1.0,0,0,0.7479877648233217,0.7115527643971407,0.978494239968056,0.2669414755709153,0.5129623816437919,1.2529375923412667,False,0,6.57735962798688,0.0,0.4,C_ref,2026-09-13 15:36:52,2026-09-13 16:15:20
frozen,0,1.0,1.0,1,0,0.759746783383571,0.6186669835165916,1.01490584829549,0.39623886477889847,0.42339241521348125,1.303455562658646,False,0,4.176839503521478,0.0,0.4,C_ref,2026-09-13 15:36:52,2026-09-13 16:15:20
frozen,0,1.0,1.0,2,0,0.8059486527497546,0.6955172140563737,1.075333978643872,0.37981676458749836,0.533951344368511,1.357100747796021,False,0,7.419685024098726,0.0,0.4,C_ref,2026-09-13 15:36:52,2026-09-13 16:15:20
frozen,0,1.0,1.0,3,0,0.7949188366762772,0.6910345645672351,1.0682611919722491,0.377226627405014,0.5513059572531123,1.3508305910497473,False,0,5.451653812593577,0.0,0.4,C_ref,2026-09-13 15:36:52,2026-09-13 16:15:20
frozen,0,1.0,1.0,4,0,0.7540380282651103,0.6050966759261168,1.0327604850042262,0.4276638090781094,0.5368564601215862,1.3178347395517198,False,0,6.700092912440596,0.0,0.4,C_ref,2026-09-13 15:36:52,2026-09-13 16:15:20
frozen,0,1.0,1.0,5,0,0.7935525274279492,0.6626349704675398,1.0176194696089875,0.3549844991414477,0.5751050007993223,1.2915442038557667,False,0,7.85275249582628,0.0,0.4,C_ref,2026-09-13 15:36:52,2026-09-13 16:15:20
frozen,0,1.0,1.0,6,0,0.769160221477706,0.6796629211923653,1.0016238982169245,0.3219609770245593,0.5898188635750619,1.2747762251297585,False,0,6.443270516010671,0.0,0.4,C_ref,2026-09-13 15:36:52,2026-09-13 16:15:20
frozen,0,1.0,1.0,7,0,0.6894723562923296,0.5871686937780761,0.9617927347978441,0.374624041019768,0.03305812738345993,1.249225866369296,False,0,3.130052102380432,0.0,0.4,C_ref,2026-09-13 15:36:52,2026-09-13 16:15:20
frozen,0,1.0,1.0,8,0,0.7628701020690507,0.6863150014479382,1.0238711197349484,0.33755611828701015,0.5353952718252442,1.3103371048895391,False,0,6.536397681244125,0.0,0.4,C_ref,2026-09-13 15:36:52,2026-09-13 16:15:20
frozen,0,1.0,1.0,9,0,0.8339313395559409,0.698249939267452,1.0808705997433525,0.3826206604759005,0.6374138836911415,1.3475927851703262,False,0,15.785282322005514,0.0,0.4,C_ref,2026-09-13 15:36:52,2026-09-13 16:15:20
frozen,0,1.0,1.0,10,0,0.7837626425987962,0.6545242568307327,1.0585636676603112,0.4040394108295785,0.5660175091324708,1.3453247512301694,False,0,5.821006838745234,0.0,0.4,C_ref,2026-09-13 15:36:52,2026-09-13 16:15:20
frozen,0,1.0,1.0,11,0,0.7237429335125696,0.5645563672085722,0.9858188821591609,0.42126251495058875,0.3929479237706934,1.2751893625953798,False,0,3.6292981863989553,0.0,0.4,C_ref,2026-09-13 15:36:52,2026-09-13 16:15:20
frozen,0,1.0,1.0,12,0,0.8140897486262297,0.6552156831054733,1.0967117840828753,0.441496100977402,0.5284682828592944,1.3840056005937456,False,0,9.2231928197034,0.0,0.4,C_ref,2026-09-13 15:36:52,2026-09-13 16:15:20
frozen,0,1.0,1.0,13,0,0.7830272993394883,0.6472482470111415,1.0566808201429692,0.4094325731318277,0.5856590021247,1.3436036225359196,False,0,9.294528147867823,0.0,0.4,C_ref,2026-09-13 15:36:52,2026-09-13 16:15:20
frozen,0,1.0,1.0,14,0,0.8255408381265925,0.6750095005643462,1.08284596449929,0.4078364639349439,0.6621274128245874,1.355684875917541,False,0,13.021419238277304,0.0,0.4,C_ref,2026-09-13 15:36:52,2026-09-13 16:15:20
frozen,0,1.0,1.0,15,0,0.7737894321714659,0.6833919033140075,1.050128428068011,0.36673652475400353,0.5858624784176016,1.3381521420250775,False,0,7.3421141062135575,0.0,0.4,C_ref,2026-09-13 15:36:52,2026-09-13 16:15:20
frozen,0,1.0,1.0,16,0,0.8400955559938084,0.716867429141393,1.1066790875779666,0.3898116584365736,0.6421085536551026,1.3868928968888565,False,0,10.786237716969481,0.0,0.4,C_ref,2026-09-13 15:36:52,2026-09-13 16:15:20
frozen,0,1.0,1.0,17,0,0.6980375281502178,0.6213262546485817,0.9568130301154989,0.3354867754669172,0.5049573701750447,1.235102114293021,False,0,4.678474609947443,0.0,0.4,C_ref,2026-09-13 15:36:52,2026-09-13 16:15:20
frozen,0,1.0,1.0,18,0,0.7852075477711774,0.5908461256503886,1.0656575272582665,0.4748114016078778,0.5212272042561559,1.3495277409476012,False,0,8.474677431877353,0.0,0.4,C_ref,2026-09-13 15:36:52,2026-09-13 16:15:20
frozen,0,1.0,1.0,19,0,0.8042616338000853,0.7351426746946874,1.0596527211384097,0.3245100464437223,0.58294867658437,1.3397510942303912,False,0,6.662375283667643,0.0,0.4,C_ref,2026-09-13 15:36:52,2026-09-13 16:15:20
frozen,0,1.0,1.0,20,0,0.6893421026835518,0.5784656833624735,0.9657591205049998,0.3872934371425263,0.03038361394549032,1.258270638734269,False,0,3.7748043282808794,0.0,0.4,C_ref,2026-09-13 15:36:52,2026-09-13 16:15:20
frozen,0,1.0,1.0,21,0,0.7702235295545292,0.6811751566678776,1.054468167846115,0.3732930111782373,0.4826771928628889,1.3483367712799699,False,0,4.72534521696798,0.0,0.4,C_ref,2026-09-13 15:36:52,2026-09-13 16:15:20
frozen,0,1.0,1.0,22,0,0.697529522966124,0.5625172245508784,0.9779432568274347,0.4154260322765563,0.03578662699916026,1.2708544086324574,False,0,2.656128770646319,0.0,0.4,C_ref,2026-09-13 15:36:52,2026-09-13 16:15:20
frozen,0,1.0,1.0,23,0,0.7462791965646869,0.62614811366158,1.0080999019467172,0.3819517882851372,0.587590032976641,1.2860940163678147,False,0,6.738948259924655,0.0,0.4,C_ref,2026-09-13 15:36:52,2026-09-13 16:15:20
frozen,0,1.0,1.0,24,0,0.744192878978287,0.5891750139574267,0.9999549631187057,0.410779949161279,0.5096292535006932,1.2820877394076924,False,0,7.300357229207293,0.0,0.4,C_ref,2026-09-13 15:36:52,2026-09-13 16:15:20
frozen,0,1.0,1.0,25,0,0.6621268198871576,0.6101080543647147,0.9037976807174982,0.2936896263527835,0.030969126086004196,1.1848316132236099,False,0,3.559971111619234,0.0,0.4,C_ref,2026-09-13 15:36:52,2026-09-13 16:15:20
frozen,0,1.0,1.0,26,0,0.700058010113424,0.6539935151324108,0.9144102004297548,0.2604166852973441,0.03869259153974748,1.1988910322389987,False,0,1.8140971023531165,0.0,0.4,C_ref,2026-09-13 15:36:52,2026-09-13 16:15:20
frozen,0,1.0,1.0,27,0,0.7839438006591989,0.6728982519841779,1.032988046790109,0.36008979480593106,0.6152413059829777,1.3035627904126526,False,0,12.704472668901872,0.0,0.4,C_ref,2026-09-13 15:36:52,2026-09-13 16:15:20
frozen,0,1.0,1.0,28,0,0.7599742466691404,0.637821266419851,1.0263021318673202,0.3884808654474692,0.5480486297208162,1.3081027711036533,False,0,7.419310835870419,0.0,0.4,C_ref,2026-09-13 15:36:52,2026-09-13 16:15:20
frozen,0,1.0,1.0,29,0,0.7748643198741026,0.7241186811444905,0.9939720113872242,0.2698533302427337,0.02439798975969291,1.2718859278304488,False,0,3.463694916201348,0.0,0.4,C_ref,2026-09-13 15:36:52,2026-09-13 16:15:20
frozen,0,1.0,1.0,30,0,0.7713009876717908,0.6697702870598913,0.9957413172738878,0.32597103021399654,0.5099856892474636,1.2659677900594528,False,0,8.705951644333254,0.0,0.4,C_ref,2026-09-13 15:36:52,2026-09-13 16:15:20
frozen,0,1.0,1.0,31,0,0.7797686501506103,0.6796913666702715,1.049343000848273,0.3696516341780014,0.5655519726842082,1.331245112441093,False,0,7.832680265091767,0.0,0.4,C_ref,2026-09-13 15:36:52,2026-09-13 16:15:20
frozen,0,1.0,1.0,32,0,0.7954178385531345,0.6981172238389952,1.0499703438073877,0.3518531199683925,0.6234530770972642,1.3297261484191745,False,0,9.650147224048851,0.0,0.4,C_ref,2026-09-13 15:36:52,2026-09-13 16:15:20
frozen,0,1.0,1.0,33,0,0.7651271025324696,0.49741290934587273,0.9897987921882161,0.49238588284234336,0.03636635315891692,1.2672295275483165,False,0,2.2055446892663895,0.0,0.4,C_ref,2026-09-13 15:36:52,2026-09-13 16:15:20
frozen,0,1.0,1.0,34,0,0.7308260030284138,0.6604205570754461,1.0017047096416862,0.3412841525662401,0.46569649391926654,1.2906179403086637,False,0,5.293231812916929,0.0,0.4,C_ref,2026-09-13 15:36:52,2026-09-13 16:15:20
frozen,0,1.0,1.0,35,0,0.7539418932546502,0.6374591355522897,1.0100413953580776,0.37258225980578785,0.6061474538550733,1.2877691526882358,False,0,7.135400499260868,0.0,0.4,C_ref,2026-09-13 15:36:52,2026-09-13 16:15:20
frozen,0,1.0,1.0,36,0,0.8751887556410431,0.7408626041533389,1.1253777067889033,0.3845151026355643,0.6872565692246634,1.395823947105445,False,0,12.827531180253573,0.0,0.4,C_ref,2026-09-13 15:36:52,2026-09-13 16:15:20
frozen,0,1.0,1.0,37,0,0.7545026217970094,0.6680363939893627,1.0149954248721955,0.34695903088283286,0.5479157593560291,1.2993686805108922,False,0,6.2961308981030015,0.0,0.4,C_ref,2026-09-13 15:36:52,2026-09-13 16:15:20
frozen,0,1.0,1.0,38,0,0.8089575653283076,0.6849887652388168,1.08622862488036,0.4012398596415433,0.5826707332206656,1.3708319978139252,False,0,7.250113847479952,0.0,0.4,C_ref,2026-09-13 15:36:52,2026-09-13 16:15:20
frozen,0,1.0,1.0,39,0,0.6681517432427585,0.5711660929303898,0.9340285722116015,0.36286247928121174,0.42160580172197176,1.2289347684409913,False,0,4.280243062905356,0.0,0.4,C_ref,2026-09-13 15:36:52,2026-09-13 16:15:20
frozen,0,1.0,1.0,40,0,0.7914870878027035,0.6943246600866837,1.0603678838753468,0.36604322378866305,0.5602878948009542,1.3416756084695383,False,0,6.332343553327519,0.0,0.4,C_ref,2026-09-13 15:36:52,2026-09-13 16:15:20
frozen,0,1.0,1.0,41,0,0.6934572047995866,0.6100251688062021,0.9563791730166262,0.34635400421042417,0.4831619963621436,1.2371749127804843,False,0,5.042622307904821,0.0,0.4,C_ref,2026-09-13 15:36:52,2026-09-13 16:15:20
frozen,0,1.0,1.0,42,0,0.7975280170940301,0.7051127546691652,1.0529123664059785,0.3477996117368133,0.5902999837540296,1.3295304809498554,False,0,9.861289366628625,0.0,0.4,C_ref,2026-09-13 15:36:52,2026-09-13 16:15:20
frozen,0,1.0,1.0,43,0,0.6730940358755155,0.5993033069436269,0.9370279087245351,0.33772460178090824,0.03655079125098165,1.2246145141485074,False,0,3.583971858068253,0.0,0.4,C_ref,2026-09-13 15:36:52,2026-09-13 16:15:20
frozen,0,1.0,1.0,44,0,0.6537143422000143,0.5571255922891725,0.9301370729907215,0.373011480701549,0.044614327737923655,1.223864056342728,False,0,2.5455476199240366,0.0,0.4,C_ref,2026-09-13 15:36:52,2026-09-13 16:15:20
frozen,0,1.0,1.0,45,0,0.7777860504190257,0.7501680710815595,0.9864411761755637,0.23627310509400423,0.46833830380637864,1.25419928118679,False,0,5.8508738503624045,0.0,0.4,C_ref,2026-09-13 15:36:52,2026-09-13 16:15:20
frozen,0,1.0,1.0,46,0,0.7623194372973086,0.702110605684277,1.0075855968341851,0.30547499114990817,0.543830612842048,1.2846787187062227,False,0,6.424485929801449,0.0,0.4,C_ref,2026-09-13 15:36:52,2026-09-13 16:15:20
frozen,0,1.0,1.0,47,0,0.7080892905108198,0.604225186326115,0.9815572975415296,0.37733211121541466,0.4810729956636245,1.2670499885972786,False,0,6.330805837184016,0.0,0.4,C_ref,2026-09-13 15:36:52,2026-09-13 16:15:20
frozen,0,1.0,1.0,0,0,1.9970309133635167,1.7171119492885538,2.2831736625471093,0.5660617132585555,1.4409530559229193,2.5770245499670557,False,0,3.02938800526681,0.0,2.5,C_ref,2026-09-13 15:36:52,2026-09-13 16:15:20
frozen,0,1.0,1.0,1,0,2.0904259782505816,1.8116676525556499,2.3757615883365952,0.5640939357809454,1.5373431569161877,2.6690650921829184,False,0,2.036257245352317,0.0,2.5,C_ref,2026-09-13 15:36:52,2026-09-13 16:15:20
frozen,0,1.0,1.0,2,0,2.1508896537900246,1.8731366468853956,2.4357588700062616,0.562622223120866,1.6007489928314151,2.7288962431849435,False,0,1.4921720686652407,0.0,2.5,C_ref,2026-09-13 15:36:52,2026-09-13 16:15:20
frozen,0,1.0,1.0,3,0,2.159263070378957,1.882032106472925,2.443606696295062,0.5615745898221369,1.610191899177607,2.736203549666513,False,0,1.4277857276210852,0.0,2.5,C_ref,2026-09-13 15:36:52,2026-09-13 16:15:20
frozen,0,1.0,1.0,4,0,2.1099941846784334,1.8354109787263257,2.391410287107875,0.5559993083815491,1.5656040830146047,2.6808958991328486,False,0,1.900248238860513,0.0,2.5,C_ref,2026-09-13 15:36:52,2026-09-13 16:15:20
frozen,0,1.0,1.0,5,0,2.0521527212975577,1.773433958658299,2.337251622835032,0.5638176641767332,1.498919869806266,2.6301000060607085,False,0,2.4309345718938857,0.0,2.5,C_ref,2026-09-13 15:36:52,2026-09-13 16:15:20
frozen,0,1.0,1.0,6,0,2.0082511772503495,1.728932750698911,2.2938558261805047,0.5649230754815937,1.4536909079356062,2.587196346177163,False,0,2.9090303689845314,0.0,2.5,C_ref,2026-09-13 15:36:52,2026-09-13 16:15:20
frozen,0,1.0,1.0,7,0,2.04591982130423,1.765932375364697,2.332103250645914,0.5661708752812169,1.4897032389546652,2.6258820017926108,False,0,2.4800782241291017,0.0,2.5,C_ref,2026-09-13 15:36:52,2026-09-13 16:15:20
frozen,0,1.0,1.0,8,0,2.099994116271319,1.8190018990895025,2.3873496618859567,0.5683477627964542,1.5421902699357857,2.682477455799791,False,0,1.9179323525713698,0.0,2.5,C_ref,2026-09-13 15:36:52,2026-09-13 16:15:20
frozen,0,1.0,1.0,9,0,2.0894448160358094,1.8151278198025214,2.371386307983946,0.5562584881814248,1.546971712274188,2.66187176152669,False,0,2.092252906757494,0.0,2.5,C_ref,2026-09-13 15:36:52,2026-09-13 16:15:20
frozen,0,1.0,1.0,10,0,2.1727911914516747,1.8932197705868508,2.4593494790887243,0.5661297085018735,1.6187783144025094,2.753964223660015,False,0,1.2988152129109949,0.0,2.5,C_ref,2026-09-13 15:36:52,2026-09-13 16:15:20
frozen,0,1.0,1.0,11,0,2.044937536946578,1.7629006991092329,2.333025884058831,0.5701251849495983,1.4844499771671653,2.628627338851129,False,0,2.4591142521530855,0.0,2.5,C_ref,2026-09-13 15:36:52,2026-09-13 16:15:20
frozen,0,1.0,1.0,12,0,2.2107499270042803,1.9309404891099056,2.497857290792685,0.5669168016827792,1.6568565234391328,2.7933317937593536,False,0,1.0145763129439729,0.0,2.5,C_ref,2026-09-13 15:36:52,2026-09-13 16:15:20
frozen,0,1.0,1.0,13,0,2.1652492464137425,1.8844221952976172,2.4528459452781717,0.5684237499805544,1.6084514659932012,2.7483762939483425,False,0,1.3487604624097003,0.0,2.5,C_ref,2026-09-13 15:36:52,2026-09-13 16:15:20
frozen,0,1.0,1.0,14,0,2.1088112991685657,1.8356664302607328,2.3894265414286244,0.5537601111678916,1.568346083520567,2.6784812598300234,False,0,1.9212827325754915,0.0,2.5,C_ref,2026-09-13 15:36:52,2026-09-13 16:15:20
frozen,0,1.0,1.0,15,0,2.1704410853262393,1.8923495441037388,2.4555465078974277,0.5631969637936889,1.619429130187827,2.7488762885955453,False,0,1.3301008440321311,0.0,2.5,C_ref,2026-09-13 15:36:52,2026-09-13 16:15:20
frozen,0,1.0,1.0,16,0,2.2290647175728,1.951281601048466,2.514361360405611,0.5630797593571453,1.6796112982248574,2.808177139163749,False,0,0.9028870474066935,1.0,2.5,C_ref,2026-09-13 15:36:52,2026-09-13 16:15:20
frozen,0,1.0,1.0,17,0,1.96036743313424,1.6828477629263412,2.2439813444731467,0.5611335815468055,1.4088943299598757,2.535234331199745,False,0,3.53603577055037,0.0,2.5,C_ref,2026-09-13 15:36:52,2026-09-13 16:15:20
frozen,0,1.0,1.0,18,0,2.1608693571490796,1.8849872391572693,2.4439113560116352,0.5589241168543659,1.6145458151562473,2.735229341764221,False,0,1.4273283287329832,0.0,2.5,C_ref,2026-09-13 15:36:52,2026-09-13 16:15:20
frozen,0,1.0,1.0,19,0,2.1212944802898677,1.843970801305782,2.4055165687584923,0.5615457674527102,1.5716552487228799,2.6978549057263717,False,0,1.7589657893040567,0.0,2.5,C_ref,2026-09-13 15:36:52,2026-09-13 16:15:20
frozen,0,1.0,1.0,20,0,2.0347254309407563,1.7532541507513117,2.3218570702324923,0.5686029194811806,1.4746692144319544,2.616231339271414,False,0,2.5866059548170597,0.0,2.5,C_ref,2026-09-13 15:36:52,2026-09-13 16:15:20
frozen,0,1.0,1.0,21,0,2.195756771432006,1.9168712971566217,2.4817076221757244,0.5648363250191026,1.6432181170932365,2.775809141116149,False,0,1.1299085464597738,0.0,2.5,C_ref,2026-09-13 15:36:52,2026-09-13 16:15:20
frozen,0,1.0,1.0,22,0,2.053210094492138,1.7720022555614443,2.3403487650903534,0.5683465095289091,1.494159194981787,2.634868233699811,False,0,2.388240428590507,0.0,2.5,C_ref,2026-09-13 15:36:52,2026-09-13 16:15:20
frozen,0,1.0,1.0,23,0,2.0414077032478692,1.7658863522710821,2.323682425563886,0.557796073292804,1.4950606294024487,2.614005870411311,False,0,2.5943386601284146,0.0,2.5,C_ref,2026-09-13 15:36:52,2026-09-13 16:15:20
frozen,0,1.0,1.0,24,0,2.0479294440945264,1.770286163204648,2.3319242126659683,0.5616380494613202,1.496821956397646,2.623674681449354,False,0,2.4947234804458276,0.0,2.5,C_ref,2026-09-13 15:36:52,2026-09-13 16:15:20
frozen,0,1.0,1.0,25,0,1.9140628166918772,1.6349780554705886,2.198136923294562,0.5631588678239734,1.3574366978770236,2.489096094662361,False,0,4.149139163473592,0.0,2.5,C_ref,2026-09-13 15:36:52,2026-09-13 16:15:20
frozen,0,1.0,1.0,26,0,1.975802051789211,1.692785034062545,2.263796648859913,0.5710116147973681,1.4112749613760829,2.558723918519637,False,0,3.2504791562460014,0.0,2.5,C_ref,2026-09-13 15:36:52,2026-09-13 16:15:20
frozen,0,1.0,1.0,27,0,2.054205939449034,1.779097260346199,2.3361962513481327,0.5570989910019337,1.509106482242657,2.6262662375615085,False,0,2.459315801748744,0.0,2.5,C_ref,2026-09-13 15:36:52,2026-09-13 16:15:20
frozen,0,1.0,1.0,28,0,2.101277020709941,1.8222220451159346,2.3870102628849246,0.56478821776899,1.5478694154899093,2.6807075529212163,False,0,1.9265483756935282,0.0,2.5,C_ref,2026-09-13 15:36:52,2026-09-13 16:15:20
frozen,0,1.0,1.0,29,0,2.031906394324812,1.7523958012981637,2.3175091025013086,0.5651133012031448,1.4764577424234004,2.6107346527374435,False,0,2.6424540183579666,0.0,2.5,C_ref,2026-09-13 15:36:52,2026-09-13 16:15:20
frozen,0,1.0,1.0,30,0,2.0255337117038286,1.74779838573828,2.309475425938229,0.5616770401999491,1.473916109579568,2.600978775190484,False,0,2.744781373479782,0.0,2.5,C_ref,2026-09-13 15:36:52,2026-09-13 16:15:20
frozen,0,1.0,1.0,31,0,2.101621717852297,1.8227410727718605,2.3873724765978626,0.5646314038260021,1.5488071630137128,2.681215235813473,False,0,1.9227256506455888,0.0,2.5,C_ref,2026-09-13 15:36:52,2026-09-13 16:15:20
frozen,0,1.0,1.0,32,0,2.1230683273883093,1.844887656085843,2.4081591495247228,0.5632714934388798,1.571667734692429,2.701336056233633,False,0,1.732692611451057,0.0,2.5,C_ref,2026-09-13 15:36:52,2026-09-13 16:15:20
frozen,0,1.0,1.0,33,0,2.002093440458201,1.72276682092401,2.2874890776410814,0.5647222567170715,1.446929795803487,2.58049696854131,False,0,2.985980692512385,0.0,2.5,C_ref,2026-09-13 15:36:52,2026-09-13 16:15:20
frozen,0,1.0,1.0,34,0,2.049293064259442,1.767942147949886,2.3367984207724417,0.5688562728225557,1.4902926994051509,2.631966960509264,False,0,2.421874275762093,0.0,2.5,C_ref,2026-09-13 15:36:52,2026-09-13 16:15:20
frozen,0,1.0,1.0,35,0,2.0343736237453998,1.7557406050127602,2.3194632618565376,0.5637226568437774,1.4814026814949903,2.612233116466119,False,0,2.6242029108761926,0.0,2.5,C_ref,2026-09-13 15:36:52,2026-09-13 16:15:20
frozen,0,1.0,1.0,36,0,2.1856155666146484,1.9108472501959979,2.4681813208479593,0.5573340706519614,1.6426433666622318,2.7593989602501385,False,0,1.2336393337827758,0.0,2.5,C_ref,2026-09-13 15:36:52,2026-09-13 16:15:20
frozen,0,1.0,1.0,37,0,2.1188412042551104,1.8389864809042267,2.4051209693137223,0.5661344884094957,1.563482688328595,2.699226995254867,False,0,1.7570940964615147,0.0,2.5,C_ref,2026-09-13 15:36:52,2026-09-13 16:15:20
frozen,0,1.0,1.0,38,0,2.1997198240575946,1.9226816479003925,2.48408892933804,0.5614072814376476,1.651364699809384,2.7768629966081813,False,0,1.1129737506926176,0.0,2.5,C_ref,2026-09-13 15:36:52,2026-09-13 16:15:20
frozen,0,1.0,1.0,39,0,2.024056734940828,1.742634586332003,2.311069075859875,0.5684344895278721,1.4638402508069521,2.6053163944773075,False,0,2.7063880662462907,0.0,2.5,C_ref,2026-09-13 15:36:52,2026-09-13 16:15:20
frozen,0,1.0,1.0,40,0,2.123479403375193,1.845816288591962,2.4083767137582677,0.5625604251663057,1.5736472817039935,2.7015517151371777,False,0,1.7309123194754648,0.0,2.5,C_ref,2026-09-13 15:36:52,2026-09-13 16:15:20
frozen,0,1.0,1.0,41,0,1.9957990009027595,1.7153855139957979,2.2821937864954687,0.5668082724996708,1.4384093044516608,2.5760361544953527,False,0,3.040793711810693,0.0,2.5,C_ref,2026-09-13 15:36:52,2026-09-13 16:15:20
frozen,0,1.0,1.0,42,0,2.1322353382129853,1.854696671560326,2.4167882201455018,0.5620915485851758,1.5824091857509517,2.7094998170105566,False,0,1.6567483156140952,0.0,2.5,C_ref,2026-09-13 15:36:52,2026-09-13 16:15:20
frozen,0,1.0,1.0,43,0,1.9902929308416002,1.7097860137820398,2.2763323673707867,0.5665463535887469,1.4319968670363925,2.5696908164753247,False,0,3.1146347570465878,0.0,2.5,C_ref,2026-09-13 15:36:52,2026-09-13 16:15:20
frozen,0,1.0,1.0,44,0,1.9924407760764005,1.7086766566709237,2.2814498395569203,0.5727731828859965,1.4270440902615569,2.5775011020178202,False,0,3.0299678918345307,0.0,2.5,C_ref,2026-09-13 15:36:52,2026-09-13 16:15:20
frozen,0,1.0,1.0,45,0,1.963877835883916,1.6840387001051647,2.2496729804262263,0.5656342803210617,1.4075906413239891,2.5428509602843423,False,0,3.4428773451800225,0.0,2.5,C_ref,2026-09-13 15:36:52,2026-09-13 16:15:20
frozen,0,1.0,1.0,46,0,2.0482646042455186,1.768995462975467,2.3339497931687956,0.5649543301933286,1.4940764558294275,2.6274325607023084,False,0,2.462224166851229,0.0,2.5,C_ref,2026-09-13 15:36:52,2026-09-13 16:15:20
frozen,0,1.0,1.0,47,0,2.0728825123892665,1.7941965108127949,2.358050722888698,0.5638542120759034,1.5197444208909991,2.6510332705030626,False,0,2.2140621300459316,0.0,2.5,C_ref,2026-09-13 15:36:52,2026-09-13 16:15:20
poster,0,1.0,1.0,0,0,0.9672829787164925,0.8486665808701358,1.2028836152075366,0.3542170343374008,0.8369209099793132,1.4730328180811096,False,0,13.932489206166792,0.0,0.4,C_ref,2026-09-12 20:16:46,2026-09-12 20:40:23
poster,0,1.0,1.0,1,0,1.0181398496184373,0.8799522943718869,1.259256334490594,0.3793040401187071,0.867284173553195,1.5297501741317068,False,0,15.430738666684192,0.0,0.4,C_ref,2026-09-12 20:16:46,2026-09-12 20:40:23
poster,0,1.0,1.0,2,0,0.9320912541035581,0.8301795593886099,1.2110848073235814,0.3809052479349715,0.641778609197773,1.5045888795641913,False,0,5.474266788281966,0.0,0.4,C_ref,2026-09-12 20:16:46,2026-09-12 20:40:23
poster,0,1.0,1.0,3,0,0.8699449257716322,0.5855172102706501,1.1897506420937818,0.6042334318231317,0.024522323982024117,1.492742170819621,False,0,2.489823764655739,0.0,0.4,C_ref,2026-09-12 20:16:46,2026-09-12 20:40:23
poster,0,1.0,1.0,4,0,0.8018732553084149,0.5191114888673486,1.1240116490507428,0.6049001601833942,0.0301260009655366,1.432724901632576,False,0,2.813491875796899,0.0,0.4,C_ref,2026-09-12 20:16:46,2026-09-12 20:40:23
poster,0,1.0,1.0,5,0,0.9558725097200101,0.906568473675522,1.1833431591470245,0.2767746854715025,0.6369886720604232,1.460989818950333,False,0,5.887356867773633,0.0,0.4,C_ref,2026-09-12 20:16:46,2026-09-12 20:40:23
poster,0,1.0,1.0,6,0,0.7520796736929387,0.49435085082624536,1.0687098807663238,0.5743590299400785,0.037299582519375096,1.3779028240873419,False,0,0.7184585581999272,0.0,0.4,C_ref,2026-09-12 20:16:46,2026-09-12 20:40:23
poster,0,1.0,1.0,7,0,0.8833482068251389,0.8049596247019614,1.1565734565369454,0.35161383183498407,0.1217476705317672,1.4489680492012431,False,0,3.369393150696851,0.0,0.4,C_ref,2026-09-12 20:16:46,2026-09-12 20:40:23
poster,0,1.0,1.0,8,0,0.9875212160818659,0.8763429364533912,1.244969040497791,0.36862610404439966,0.8169258646466534,1.5235771811730288,False,0,17.663183696025953,0.0,0.4,C_ref,2026-09-12 20:16:46,2026-09-12 20:40:23
poster,0,1.0,1.0,9,0,0.9024455106182908,0.6467915861656518,1.190864897259518,0.5440733110938661,0.5475408342908337,1.4789487761527427,False,0,12.179679797594872,0.0,0.4,C_ref,2026-09-12 20:16:46,2026-09-12 20:40:23
poster,0,1.0,1.0,10,0,0.973108288996944,0.8770869565278818,1.24189084715841,0.3648038906305282,0.7755227231065668,1.5290787250422468,False,0,8.291245681037253,0.0,0.4,C_ref,2026-09-12 20:16:46,2026-09-12 20:40:23
poster,0,1.0,1.0,11,0,0.7899694672428579,0.543735124133394,1.1123311397466673,0.5685960156132733,0.04217341953325625,1.418227653855215,False,0,1.9249619239781168,0.0,0.4,C_ref,2026-09-12 20:16:46,2026-09-12 20:40:23
poster,0,1.0,1.0,12,0,0.8991518540192839,0.668450941916624,1.2084526351297158,0.5400016932130918,0.6081106652000674,1.5102237547981057,False,0,4.7204355329304235,0.0,0.4,C_ref,2026-09-12 20:16:46,2026-09-12 20:40:23
poster,0,1.0,1.0,13,0,0.9717127163283158,0.8604746763772921,1.255902373640691,0.39542769726339877,0.6633433359784249,1.5463140616651379,False,0,9.927087629668677,0.0,0.4,C_ref,2026-09-12 20:16:46,2026-09-12 20:40:23
poster,0,1.0,1.0,14,0,0.927888597942065,0.797772025184414,1.1813574071672726,0.3835853819828585,0.7740906487584494,1.458694872054947,False,0,13.054704332706024,0.0,0.4,C_ref,2026-09-12 20:16:46,2026-09-12 20:40:23
poster,0,1.0,1.0,15,0,0.8842185320531853,0.6864233725504206,1.1947389926836107,0.5083156201331901,0.566751797576263,1.4964513731924536,False,0,4.712923152485018,0.0,0.4,C_ref,2026-09-12 20:16:46,2026-09-12 20:40:23
poster,0,1.0,1.0,16,0,1.0576176590754032,0.8666578098964358,1.3229809485454385,0.45632313864900265,0.8538913331691456,1.6005374783956197,False,0,10.56394081579856,0.0,0.4,C_ref,2026-09-12 20:16:46,2026-09-12 20:40:23
poster,0,1.0,1.0,17,0,0.9102376730945124,0.8559760948210903,1.137390321422943,0.2814142266018528,0.679328718789848,1.408792235337092,False,0,6.9706951365296845,0.0,0.4,C_ref,2026-09-12 20:16:46,2026-09-12 20:40:23
poster,0,1.0,1.0,18,0,0.8947230011052024,0.7299448388250974,1.167220192417074,0.43727535359197656,0.031349296981025565,1.4633665750192306,False,0,2.993481157191127,0.0,0.4,C_ref,2026-09-12 20:16:46,2026-09-12 20:40:23
poster,0,1.0,1.0,19,0,0.980317689665285,0.9148073749060146,1.2234031114941113,0.3085957365880967,0.7182992415623503,1.499160956086619,False,0,19.557957695011282,0.0,0.4,C_ref,2026-09-12 20:16:46,2026-09-12 20:40:23
poster,0,1.0,1.0,20,0,0.9601841776469477,0.9004834213216465,1.2017106301928575,0.301227208871211,0.7473067824592657,1.4768952091299885,False,0,11.222750104032457,0.0,0.4,C_ref,2026-09-12 20:16:46,2026-09-12 20:40:23
poster,0,1.0,1.0,21,0,0.9831858430508407,0.7061460474048508,1.2711305124938546,0.5649844650890038,0.6043995900502868,1.5586397285078395,False,0,9.539668861769314,0.0,0.4,C_ref,2026-09-12 20:16:46,2026-09-12 20:40:23
poster,0,1.0,1.0,22,0,0.8803829874555236,0.8356154313121882,1.1284419354572712,0.29282650414508304,0.07279610169546247,1.4222347968770535,False,0,2.4329144775001623,0.0,0.4,C_ref,2026-09-12 20:16:46,2026-09-12 20:40:23
poster,0,1.0,1.0,23,0,0.8756938867542395,0.6888197911325062,1.1580155489491402,0.4691957578166339,0.671317172444939,1.4473176758403636,False,0,6.6534106249018805,0.0,0.4,C_ref,2026-09-12 20:16:46,2026-09-12 20:40:23
poster,0,1.0,1.0,24,0,0.8601462244039482,0.5698715726943385,1.1421063580687196,0.5722347853743811,0.03707274062592337,1.4381147790221365,False,0,1.2117413549531193,0.0,0.4,C_ref,2026-09-12 20:16:46,2026-09-12 20:40:23
poster,0,1.0,1.0,25,0,0.9086989433132232,0.881788445074701,1.0972433931590198,0.21545494808431875,0.11367659272896727,1.365859315207784,False,0,2.569967137696949,0.0,0.4,C_ref,2026-09-12 20:16:46,2026-09-12 20:40:23
poster,0,1.0,1.0,26,0,0.8386069029713381,0.650257564271098,1.1002874474695032,0.4500298831984052,0.03477591308321891,1.3955572600574833,False,0,1.6063254635155317,0.0,0.4,C_ref,2026-09-12 20:16:46,2026-09-12 20:40:23
poster,0,1.0,1.0,27,0,0.946270711400554,0.5513214395593291,1.1599857403462654,0.6086643007869363,0.04072339317191077,1.4446981211401722,False,0,1.1015062820551975,0.0,0.4,C_ref,2026-09-12 20:16:46,2026-09-12 20:40:23
poster,0,1.0,1.0,28,0,0.900364170100728,0.7973901402381794,1.1683009220995746,0.37091078186139514,0.738201542199074,1.4588863469608444,False,0,7.541861374906148,0.0,0.4,C_ref,2026-09-12 20:16:46,2026-09-12 20:40:23
poster,0,1.0,1.0,29,0,0.22843346232656936,0.09958295362898299,0.3446086635072541,0.2450257098782711,0.03307568105030761,1.3784442494876512,False,0,1.379121013396798,0.0,0.4,C_ref,2026-09-12 20:16:46,2026-09-12 20:40:23
poster,0,1.0,1.0,30,0,0.8346712608355753,0.6385479008896193,1.1332284859273314,0.49468058503771206,0.5328793920723889,1.425708022661046,False,0,4.398258673321834,0.0,0.4,C_ref,2026-09-12 20:16:46,2026-09-12 20:40:23
poster,0,1.0,1.0,31,0,1.0046990831969405,0.8593277434894974,1.2597546227297785,0.4004268792402811,0.8388769117781694,1.5391611010242678,False,0,14.324157399212709,0.0,0.4,C_ref,2026-09-12 20:16:46,2026-09-12 20:40:23
poster,0,1.0,1.0,32,0,0.9224408502458873,0.8061212753196724,1.207652673358178,0.4015313980385057,0.5776906969071866,1.4983625831634206,False,0,6.490574716128322,0.0,0.4,C_ref,2026-09-12 20:16:46,2026-09-12 20:40:23
poster,0,1.0,1.0,33,0,0.9442974318659731,0.9040502112795036,1.1632441350139482,0.2591939237344446,0.7829640167789199,1.435151576591549,False,0,8.767251319211937,0.0,0.4,C_ref,2026-09-12 20:16:46,2026-09-12 20:40:23
poster,0,1.0,1.0,34,0,0.889152131928054,0.7237851709461807,1.1710212592441207,0.44723608829794004,0.5944478539071691,1.4593062641160708,False,0,12.363265101303114,0.0,0.4,C_ref,2026-09-12 20:16:46,2026-09-12 20:40:23
poster,0,1.0,1.0,35,0,1.0463097980742326,0.9352166988420553,1.2635530841071134,0.32833638526505815,0.9257198248355033,1.5212512557576343,False,0,15.813909051292285,0.0,0.4,C_ref,2026-09-12 20:16:46,2026-09-12 20:40:23
poster,0,1.0,1.0,36,0,0.9563863078051305,0.8746854880644755,1.220478463895518,0.3457929758310424,0.6776765418466809,1.50836357514143,False,0,7.121564378285257,0.0,0.4,C_ref,2026-09-12 20:16:46,2026-09-12 20:40:23
poster,0,1.0,1.0,37,0,0.9090974630939348,0.7577008310363349,1.1988521249491226,0.44115129391278773,0.6844603753602323,1.494047315886711,False,0,8.382324351616262,0.0,0.4,C_ref,2026-09-12 20:16:46,2026-09-12 20:40:23
poster,0,1.0,1.0,38,0,0.9031772392667025,0.7835555093285017,1.2006331048620815,0.4170775955335798,0.5620288672338778,1.498950899166297,False,0,6.003723040528712,0.0,0.4,C_ref,2026-09-12 20:16:46,2026-09-12 20:40:23
poster,0,1.0,1.0,39,0,1.0383164389864197,0.8772938332902246,1.2740297170908015,0.3967358838005769,0.8603171614471763,1.5353469105708217,False,0,23.495051326830435,0.0,0.4,C_ref,2026-09-12 20:16:46,2026-09-12 20:40:23
poster,0,1.0,1.0,40,0,0.9570012259157128,0.903692048508896,1.2023863886264097,0.2986943401175137,0.6190962646769785,1.4880104704003205,False,0,4.3771462465883815,0.0,0.4,C_ref,2026-09-12 20:16:46,2026-09-12 20:40:23
poster,0,1.0,1.0,41,0,0.870134205600304,0.8147210602975214,1.123267464300548,0.3085464040030266,0.5737459318268927,1.4075028341633948,False,0,9.54097285590251,0.0,0.4,C_ref,2026-09-12 20:16:46,2026-09-12 20:40:23
poster,0,1.0,1.0,42,0,0.9886650564385275,0.902951731383621,1.234898799232983,0.331947067849362,0.8907212431738594,1.5142785007377508,False,0,11.060174594495038,0.0,0.4,C_ref,2026-09-12 20:16:46,2026-09-12 20:40:23
poster,0,1.0,1.0,43,0,0.9535285188679198,0.8922493872631561,1.1727794289092186,0.28053004164606254,0.8730799779084092,1.441321273334042,False,0,7.168202715685766,0.0,0.4,C_ref,2026-09-12 20:16:46,2026-09-12 20:40:23
poster,0,1.0,1.0,44,0,0.9362965501684616,0.8857341731071018,1.159182586515543,0.27344841340844117,0.7286204980475326,1.4304804943812708,False,0,9.877723889916524,0.0,0.4,C_ref,2026-09-12 20:16:46,2026-09-12 20:40:23
poster,0,1.0,1.0,45,0,0.8548949369664035,0.6381783785610213,1.0682042451951672,0.4300258666341459,0.04873367502664572,1.3574361777267598,False,0,3.241562268085545,0.0,0.4,C_ref,2026-09-12 20:16:46,2026-09-12 20:40:23
poster,0,1.0,1.0,46,0,0.9229296311857913,0.8486479436392536,1.1689516682035348,0.32030372456428124,0.5898616731778256,1.4504330868605861,False,0,9.50795639010903,0.0,0.4,C_ref,2026-09-12 20:16:46,2026-09-12 20:40:23
poster,0,1.0,1.0,47,0,0.9176996401099421,0.7049387516169727,1.194404606876251,0.4894658552592783,0.6757225392089016,1.4801392099707327,False,0,13.444169257716567,0.0,0.4,C_ref,2026-09-12 20:16:46,2026-09-12 20:40:23
poster,0,1.0,1.0,0,0,2.2880632245813826,2.006147752159335,2.5777879775682093,0.5716402254088742,1.730746784156815,2.8761865373621913,False,0,0.539104611860239,1.0,2.5,C_ref,2026-09-12 20:16:46,2026-09-12 20:40:23
poster,0,1.0,1.0,1,0,2.3515704698730224,2.0706854352779054,2.6403716289240897,0.5696861936461843,1.7966160729994254,2.9378589459630433,False,0,0.2678478433044802,1.0,2.5,C_ref,2026-09-12 20:16:46,2026-09-12 20:40:23
poster,0,1.0,1.0,2,0,2.404552842149572,2.1208220689308934,2.6955734285169926,0.5747513595860991,1.8429241270834964,2.994905429585815,False,0,0.10927842942692223,1.0,2.5,C_ref,2026-09-12 20:16:46,2026-09-12 20:40:23
poster,0,1.0,1.0,3,0,2.422795900348396,2.1397286876940917,2.7133081960953627,0.5735795084012709,1.8627407263954139,3.012270168243881,False,0,0.07195677311392501,1.0,2.5,C_ref,2026-09-12 20:16:46,2026-09-12 20:40:23
poster,0,1.0,1.0,4,0,2.3415435076306435,2.058015754156694,2.6318470360121533,0.5738312818554592,1.7793124614150542,2.9301604651997364,False,0,0.3013614989868074,1.0,2.5,C_ref,2026-09-12 20:16:46,2026-09-12 20:40:23
poster,0,1.0,1.0,5,0,2.3030056360916773,2.0193586844052835,2.5935163606487532,0.5741576762434697,1.7408339536515538,2.8920889532815006,False,0,0.4635105361121532,1.0,2.5,C_ref,2026-09-12 20:16:46,2026-09-12 20:40:23
poster,0,1.0,1.0,6,0,2.252851111227465,1.9680212404245636,2.544157107465837,0.5761358670412733,1.6875211205016143,2.8432988772404415,False,0,0.7223375966459571,1.0,2.5,C_ref,2026-09-12 20:16:46,2026-09-12 20:40:23
poster,0,1.0,1.0,7,0,2.334117919153968,2.0512898763984024,2.6239840318558567,0.5726941554574543,1.7738587139727426,2.922000460977069,False,0,0.3309960965925711,1.0,2.5,C_ref,2026-09-12 20:16:46,2026-09-12 20:40:23
poster,0,1.0,1.0,8,0,2.367082036614105,2.0855595763591506,2.656395189448566,0.5708356130894154,1.810498619775597,2.954373601687482,False,0,0.21421324720358825,1.0,2.5,C_ref,2026-09-12 20:16:46,2026-09-12 20:40:23
poster,0,1.0,1.0,9,0,2.3338889183144835,2.0525886064701466,2.6225543924755703,0.5699657860054237,1.7771025357867667,2.9195858617007184,False,0,0.3348226099551539,1.0,2.5,C_ref,2026-09-12 20:16:46,2026-09-12 20:40:23
poster,0,1.0,1.0,10,0,2.432412234155708,2.1503060844657167,2.721763717566829,0.5714576331011125,1.8743662888333361,3.0186483338417145,False,0,0.05559633237498929,1.0,2.5,C_ref,2026-09-12 20:16:46,2026-09-12 20:40:23
poster,0,1.0,1.0,11,0,2.299351894575788,2.0135264343030705,2.5919409179761184,0.5784144836730478,1.7324775195001476,2.892511526574002,False,0,0.47398402508406434,1.0,2.5,C_ref,2026-09-12 20:16:46,2026-09-12 20:40:23
poster,0,1.0,1.0,12,0,2.44703638062688,2.1614471331101255,2.740155940051785,0.5787088069416595,1.8819438689155639,3.0416865739534775,False,0,0.03328560505178757,1.0,2.5,C_ref,2026-09-12 20:16:46,2026-09-12 20:40:23
poster,0,1.0,1.0,13,0,2.4593309360487012,2.175267572475776,2.7511921914738915,0.5759246189981155,1.8977032405744223,3.051662405549818,False,0,0.01988653655280359,1.0,2.5,C_ref,2026-09-12 20:16:46,2026-09-12 20:40:23
poster,0,1.0,1.0,14,0,2.2933453371936334,2.0130627494866977,2.5808186131552366,0.5677558636685389,1.738238761152429,2.8765101553311028,False,0,0.5206181585308514,1.0,2.5,C_ref,2026-09-12 20:16:46,2026-09-12 20:40:23
poster,0,1.0,1.0,15,0,2.428393013238238,2.1447546431571505,2.71950768667903,0.5747530435218797,1.8670362838638066,3.019017786163611,False,0,0.061731151545245666,1.0,2.5,C_ref,2026-09-12 20:16:46,2026-09-12 20:40:23
poster,0,1.0,1.0,16,0,2.5055323947275805,2.224941387173677,2.7944462860514854,0.5695048988778084,1.9517298654763917,3.092326837174851,False,0,0.0001312449385295622,1.0,2.5,C_ref,2026-09-12 20:16:46,2026-09-12 20:40:23
poster,0,1.0,1.0,17,0,2.196039402445056,1.9135695624898719,2.48525806483761,0.571688502347738,1.6359388082550865,2.7824527059431388,False,0,1.1027822169562569,0.0,2.5,C_ref,2026-09-12 20:16:46,2026-09-12 20:40:23
poster,0,1.0,1.0,18,0,2.3793378857797194,2.0962829779044165,2.669517308206599,0.5732343303021823,1.818616141950329,2.9678450124722455,False,0,0.17558644491873565,1.0,2.5,C_ref,2026-09-12 20:16:46,2026-09-12 20:40:23
poster,0,1.0,1.0,19,0,2.351013358443882,2.069422322096577,2.6402270965790646,0.5708047744824878,1.7941647224075836,2.937929593753509,False,0,0.26899080767543637,1.0,2.5,C_ref,2026-09-12 20:16:46,2026-09-12 20:40:23
poster,0,1.0,1.0,20,0,2.2881782890854234,2.005474043099342,2.5784250600911567,0.5729510169918148,1.7288065077844603,2.8771557834993953,False,0,0.5365263141284231,1.0,2.5,C_ref,2026-09-12 20:16:46,2026-09-12 20:40:23
poster,0,1.0,1.0,21,0,2.453613360827427,2.1725780915550312,2.742696207746991,0.57011811619196,1.89841694037407,3.0406185096816083,False,0,0.026226614842016716,1.0,2.5,C_ref,2026-09-12 20:16:46,2026-09-12 20:40:23
poster,0,1.0,1.0,22,0,2.3005447973447994,2.015469807677009,2.5922445879833425,0.5767747803063337,1.734935929221369,2.8918482575268247,False,0,0.4711982263288519,1.0,2.5,C_ref,2026-09-12 20:16:46,2026-09-12 20:40:23
poster,0,1.0,1.0,23,0,2.2913218539245,2.0098488080906893,2.580003079485478,0.5701542713947885,1.7339395239167914,2.8769390585723236,False,0,0.5264795861039602,1.0,2.5,C_ref,2026-09-12 20:16:46,2026-09-12 20:40:23
poster,0,1.0,1.0,24,0,2.2935010265820908,2.0111888048675284,2.5826916045371133,0.571502799669585,1.7339619640334507,2.8799536955324836,False,0,0.5135310315054085,1.0,2.5,C_ref,2026-09-12 20:16:46,2026-09-12 20:40:23
poster,0,1.0,1.0,25,0,2.152718796577751,1.8692172535627816,2.442106363194306,0.5728891096315245,1.5891133289851942,2.7389335905405763,False,0,1.4329561048980395,0.0,2.5,C_ref,2026-09-12 20:16:46,2026-09-12 20:40:23
poster,0,1.0,1.0,26,0,2.2607507926882384,1.9781608612659183,2.5502062827791776,0.5720454215132593,1.7004765935510697,2.8476814475846135,False,0,0.6862798929760174,1.0,2.5,C_ref,2026-09-12 20:16:46,2026-09-12 20:40:23
poster,0,1.0,1.0,27,0,2.3132749190232764,2.031191153575288,2.6023284299516223,0.5711372763763345,1.7542582297865819,2.899544477526046,False,0,0.4210760853966349,1.0,2.5,C_ref,2026-09-12 20:16:46,2026-09-12 20:40:23
poster,0,1.0,1.0,28,0,2.3484580001310134,2.063252191253647,2.6406544949230946,0.5774023036694476,1.7832090071891953,2.940939907495513,False,0,0.272329675641231,1.0,2.5,C_ref,2026-09-12 20:16:46,2026-09-12 20:40:23
poster,0,1.0,1.0,29,0,2.2749778855593643,1.9899386994464718,2.5665221080637433,0.5765834086172714,1.7093910529726422,2.8658861887887506,False,0,0.598882326943567,1.0,2.5,C_ref,2026-09-12 20:16:46,2026-09-12 20:40:23
poster,0,1.0,1.0,30,0,2.301532385200275,2.021839470513566,2.5884738243137098,0.5666343538001439,1.7477339153212985,2.883722697625664,False,0,0.4823755832039751,1.0,2.5,C_ref,2026-09-12 20:16:46,2026-09-12 20:40:23
poster,0,1.0,1.0,31,0,2.3786519330307727,2.0954688282605103,2.6691831447434167,0.5737143164829064,1.8180471619287544,2.9680237048941014,False,0,0.1771919985221757,1.0,2.5,C_ref,2026-09-12 20:16:46,2026-09-12 20:40:23
poster,0,1.0,1.0,32,0,2.3739480522065963,2.0914035995900147,2.6641373184201793,0.5727337188301647,1.815180785888548,2.9628884529859163,False,0,0.1914981257650652,1.0,2.5,C_ref,2026-09-12 20:16:46,2026-09-12 20:40:23
poster,0,1.0,1.0,33,0,2.2465470150461146,1.9635598683480695,2.5363118437509073,0.5727519754028378,1.6854299163747388,2.8340744365504054,False,0,0.7673352432393585,1.0,2.5,C_ref,2026-09-12 20:16:46,2026-09-12 20:40:23
poster,0,1.0,1.0,34,0,2.2949246499761933,2.0117329192367888,2.585381059452503,0.5736481402157141,1.7342727072339548,2.8841275428509574,False,0,0.5022010970533302,1.0,2.5,C_ref,2026-09-12 20:16:46,2026-09-12 20:40:23
poster,0,1.0,1.0,35,0,2.2946755830017693,2.015023426356097,2.5823239547029493,0.5673005283468524,1.7423130738751265,2.8786927388387835,False,0,0.5135483148151252,1.0,2.5,C_ref,2026-09-12 20:16:46,2026-09-12 20:40:23
poster,0,1.0,1.0,36,0,2.41408902506803,2.1308766314640635,2.70471731904374,0.5738406875796764,1.8537253131677547,3.003739416249541,False,0,0.08886896232070285,1.0,2.5,C_ref,2026-09-12 20:16:46,2026-09-12 20:40:23
poster,0,1.0,1.0,37,0,2.4082681831568378,2.1247488169141744,2.699136750488228,0.5743879335740538,1.8469716680219137,2.9983231176445706,False,0,0.10127460133298882,1.0,2.5,C_ref,2026-09-12 20:16:46,2026-09-12 20:40:23
poster,0,1.0,1.0,38,0,2.433629194487524,2.149405710198893,2.7251625959738432,0.5757568857749504,1.8710916683069099,3.0250154230794366,False,0,0.052752330506336875,1.0,2.5,C_ref,2026-09-12 20:16:46,2026-09-12 20:40:23
poster,0,1.0,1.0,39,0,2.321501012444786,2.043396996839305,2.6078853216359557,0.5644883247966508,1.772571829528588,2.9032561371784835,False,0,0.39283147645255667,1.0,2.5,C_ref,2026-09-12 20:16:46,2026-09-12 20:40:23
poster,0,1.0,1.0,40,0,2.371513520689226,2.0873302763015142,2.662968269881636,0.5756379935801217,1.8087945403330872,2.9627655027669766,False,0,0.19722339087820728,1.0,2.5,C_ref,2026-09-12 20:16:46,2026-09-12 20:40:23
poster,0,1.0,1.0,41,0,2.255948021343189,1.9716580629324894,2.546846965082123,0.5751889021496337,1.6920454398909854,2.845600978085205,False,0,0.7065081817017926,1.0,2.5,C_ref,2026-09-12 20:16:46,2026-09-12 20:40:23
poster,0,1.0,1.0,42,0,2.4033380058429787,2.120112868969096,2.6939774870056463,0.5738646180365503,1.842986911807364,2.993031446295424,False,0,0.11250019308135961,1.0,2.5,C_ref,2026-09-12 20:16:46,2026-09-12 20:40:23
poster,0,1.0,1.0,43,0,2.252943019393493,1.9700704378604619,2.5426959299087484,0.5726254920482865,1.6923882157798404,2.8405322276404554,False,0,0.7296393439828535,1.0,2.5,C_ref,2026-09-12 20:16:46,2026-09-12 20:40:23
poster,0,1.0,1.0,44,0,2.237686256257988,1.9543345879269765,2.5279666650408057,0.5736320771138292,1.6760853011588017,2.826320317609382,False,0,0.8185054543246224,1.0,2.5,C_ref,2026-09-12 20:16:46,2026-09-12 20:40:23
poster,0,1.0,1.0,45,0,2.1978393877677123,1.9123765227022087,2.4893622136345757,0.576985690932367,1.630446499613011,2.788395305466369,False,0,1.0732958741100447,0.0,2.5,C_ref,2026-09-12 20:16:46,2026-09-12 20:40:23
poster,0,1.0,1.0,46,0,2.3088009091012682,2.0252367684950285,2.5994496736692616,0.5742129051742331,1.7470512773095166,2.898185397216281,False,0,0.4366335150662053,1.0,2.5,C_ref,2026-09-12 20:16:46,2026-09-12 20:40:23
poster,0,1.0,1.0,47,0,2.3686600579225714,2.086707028443164,2.658146007843243,0.5714389794000789,1.810809469245292,2.9561067174953037,False,0,0.20893706078641117,1.0,2.5,C_ref,2026-09-12 20:16:46,2026-09-12 20:40:23
pretrained,0,0.01,0.01,0,0,0.9344361918286582,0.915295435943799,1.0563863288287674,0.1410908928849683,0.8580611042703847,1.251106786891998,False,0,14.301010080926062,0.0,0.4,C_ref,2026-09-11 04:14:00,2026-09-12 03:17:12
pretrained,0,0.01,0.01,1,0,0.9847753468565038,0.9607401810204752,1.1222937334769902,0.1615535524565151,0.9169957523409312,1.3194139649154926,False,0,24.49316841270047,0.0,0.4,C_ref,2026-09-11 04:14:00,2026-09-12 03:17:12
pretrained,0,0.01,0.01,2,0,0.93289918161136,0.8856937096899538,1.0389619887270551,0.1532682790371013,0.3623772838266511,1.2485838299829652,False,0,3.045118553145585,0.0,0.4,C_ref,2026-09-11 04:14:00,2026-09-12 03:17:12
pretrained,0,0.01,0.01,3,0,0.9921292370266218,0.9494249908943716,1.1244177131702089,0.1749927222758371,0.9448219686772392,1.3204076214713654,False,0,19.853802471538074,0.0,0.4,C_ref,2026-09-11 04:14:00,2026-09-12 03:17:12
pretrained,0,0.01,0.01,4,0,0.9847474980604776,0.9728842362599844,1.0782647758247397,0.105380539564755,0.7722766045952536,1.2629079589876486,False,0,14.283916204829438,0.0,0.4,C_ref,2026-09-11 04:14:00,2026-09-12 03:17:12
pretrained,0,0.01,0.01,5,0,0.9548257547716468,0.9259867750099168,1.091363273512363,0.1653764985024464,0.9056779604944264,1.2968242145191786,False,0,14.352671575594286,0.0,0.4,C_ref,2026-09-11 04:14:00,2026-09-12 03:17:12
pretrained,0,0.01,0.01,6,0,0.9931425445072632,0.9757771513542456,1.0883394543685887,0.1125623030143432,0.5989439693453223,1.27224554842992,False,0,19.598418771434808,0.0,0.4,C_ref,2026-09-11 04:14:00,2026-09-12 03:17:12
pretrained,0,0.01,0.01,7,0,0.943352878646197,0.927257935022468,1.062503669410232,0.135245734387764,0.7839220799553617,1.2622872371677327,False,0,9.041612484543291,0.0,0.4,C_ref,2026-09-11 04:14:00,2026-09-12 03:17:12
pretrained,0,0.01,0.01,8,0,0.9863896664694688,0.9427090601954976,1.146790201699929,0.2040811415044312,0.9086428164347968,1.3625424962025514,False,0,21.234767167010432,0.0,0.4,C_ref,2026-09-11 04:14:00,2026-09-12 03:17:12
pretrained,0,0.01,0.01,9,0,1.003104937205547,0.987291052253704,1.106631753275526,0.1193407010218218,0.8257059802962128,1.2922968297212112,False,0,10.837703078133927,0.0,0.4,C_ref,2026-09-11 04:14:00,2026-09-12 03:17:12
pretrained,0,0.01,0.01,10,0,1.0087161815264114,0.9780350427871122,1.1511693052428136,0.1731342624557014,0.8942545012894889,1.3560228140296826,False,0,26.096130553043626,0.0,0.4,C_ref,2026-09-11 04:14:00,2026-09-12 03:17:12
pretrained,0,0.01,0.01,11,0,0.984297913171261,0.9575801680851066,1.0731499663207222,0.1155697982356156,0.4112059999450778,1.2606018084004753,False,0,4.04437441146365,0.0,0.4,C_ref,2026-09-11 04:14:00,2026-09-12 03:17:12
pretrained,0,0.01,0.01,12,0,0.9880821728616352,0.9674642857985316,1.1289588869434095,0.1614946011448778,0.8030022383329765,1.3445268089164988,False,0,17.313532594271237,0.0,0.4,C_ref,2026-09-11 04:14:00,2026-09-12 03:17:12
pretrained,0,0.01,0.01,13,0,0.969638532292462,0.9373536947413218,1.132672048300882,0.19531835355956,0.7976971470208846,1.352378362544992,False,0,34.09135579054055,0.0,0.4,C_ref,2026-09-11 04:14:00,2026-09-12 03:17:12
pretrained,0,0.01,0.01,14,0,0.9248795425513022,0.9006324969276442,1.0566653319985224,0.1560328350708781,0.8701353973321871,1.2619636595366055,False,0,10.623107443083429,0.0,0.4,C_ref,2026-09-11 04:14:00,2026-09-12 03:17:12
pretrained,0,0.01,0.01,15,0,0.8264829181237551,0.8048252876361834,0.9658756802972308,0.1610503926610472,0.0136787873306666,1.2507872682881958,False,0,2.6102318055818614,0.0,0.4,C_ref,2026-09-11 04:14:00,2026-09-12 03:17:12
pretrained,0,0.01,0.01,16,0,1.0623506455068226,0.950059628686574,1.229779184009155,0.2797195553225808,0.9139655922572408,1.4345005230664758,False,0,57.79117887586472,0.0,0.4,C_ref,2026-09-11 04:14:00,2026-09-12 03:17:12
pretrained,0,0.01,0.01,17,0,0.9758402917673176,0.9547923593765292,1.093498720454137,0.1387063610776078,0.941581812705869,1.2778923047951498,False,0,15.671868707224348,0.0,0.4,C_ref,2026-09-11 04:14:00,2026-09-12 03:17:12
pretrained,0,0.01,0.01,18,0,0.93267742570541,0.9142865238574226,1.059321435759626,0.1450349119022035,0.8525244346141093,1.269385145877816,False,0,5.997195004365494,0.0,0.4,C_ref,2026-09-11 04:14:00,2026-09-12 03:17:12
pretrained,0,0.01,0.01,19,0,0.915895451580188,0.8650895775024153,1.0967832556721462,0.2316936781697308,0.7702738377328705,1.321752645156174,False,0,23.59106992077432,0.0,0.4,C_ref,2026-09-11 04:14:00,2026-09-12 03:17:12
pretrained,0,0.01,0.01,20,0,0.8238046209001563,0.805422780149758,0.9682807728167756,0.1628579926670175,0.5707490782703729,1.195910036598764,False,0,5.459987203914352,0.0,0.4,C_ref,2026-09-11 04:14:00,2026-09-12 03:17:12
pretrained,0,0.01,0.01,21,0,0.9934183720877138,0.951024812967,1.1419427241545126,0.1909179111875124,0.9316610932702986,1.3472564668548372,False,0,27.54084615219472,0.0,0.4,C_ref,2026-09-11 04:14:00,2026-09-12 03:17:12
pretrained,0,0.01,0.01,22,0,0.919198908652625,0.9044014577370028,1.0521602133620749,0.1477587556250721,0.5543338615027306,1.2564630470587133,False,0,11.757159861961554,0.0,0.4,C_ref,2026-09-11 04:14:00,2026-09-12 03:17:12
pretrained,0,0.01,0.01,23,0,0.9849787907594464,0.9708644661301464,1.105049796293399,0.1341853301632524,0.8163017450056399,1.3031777611032036,False,0,26.8070658057768,0.0,0.4,C_ref,2026-09-11 04:14:00,2026-09-12 03:17:12
pretrained,0,0.01,0.01,24,0,0.1150526077444941,0.0547401530409527,0.1284546136513402,0.0737144606103874,0.017769104389458,0.1631126480736091,False,0,5.766979026459012,0.0,0.4,C_ref,2026-09-11 04:14:00,2026-09-12 03:17:12
pretrained,0,0.01,0.01,25,0,0.984522538449611,0.9720419422799133,1.0694295435446466,0.0973876012647333,0.87204200401124,1.245885177351062,False,0,8.529481772740837,0.0,0.4,C_ref,2026-09-11 04:14:00,2026-09-12 03:17:12
pretrained,0,0.01,0.01,26,0,0.9639803818146684,0.9291991549235656,1.0876363662814197,0.1584372113578539,0.9244241318508982,1.275836767985944,False,0,14.987859080687484,0.0,0.4,C_ref,2026-09-11 04:14:00,2026-09-12 03:17:12
pretrained,0,0.01,0.01,27,0,0.980628359641292,0.9491029251452364,1.1038198521711964,0.15471692702596,0.9429680698289432,1.294373483643862,False,0,22.46114624187976,0.0,0.4,C_ref,2026-09-11 04:14:00,2026-09-12 03:17:12
pretrained,0,0.01,0.01,28,0,0.9647059597379124,0.8963906999876772,1.0666895807871095,0.1702988807994323,0.7158014812759872,1.2634125321082557,False,0,6.051554615023633,0.0,0.4,C_ref,2026-09-11 04:14:00,2026-09-12 03:17:12
pretrained,0,0.01,0.01,29,0,0.994329225286986,0.9676318569422272,1.1229422428911866,0.1553103859489593,0.9522322040150294,1.3236678742396002,False,0,14.838032385981933,0.0,0.4,C_ref,2026-09-11 04:14:00,2026-09-12 03:17:12
pretrained,0,0.01,0.01,30,0,0.9848140265873035,0.974013978546434,1.0800641968717923,0.1060502183253584,0.6964925884059284,1.263117829774021,False,0,11.385153630813877,0.0,0.4,C_ref,2026-09-11 04:14:00,2026-09-12 03:17:12
pretrained,0,0.01,0.01,31,0,1.0054964099464596,0.987631335385988,1.135956929321123,0.1483255939351347,0.8424964937066316,1.3414920317848864,False,0,15.594075575572788,0.0,0.4,C_ref,2026-09-11 04:14:00,2026-09-12 03:17:12
pretrained,0,0.01,0.01,32,0,0.9750505201489114,0.9566103066002508,1.1066234429500252,0.1500131363497743,0.8658218584179511,1.3100791236721707,False,0,21.19308766791073,0.0,0.4,C_ref,2026-09-11 04:14:00,2026-09-12 03:17:12
pretrained,0,0.01,0.01,33,0,0.8849689014946748,0.8478594465508776,1.024344819970276,0.1764853734193984,0.7351352056408096,1.2379417177686092,False,0,12.944473078285228,0.0,0.4,C_ref,2026-09-11 04:14:00,2026-09-12 03:17:12
pretrained,0,0.01,0.01,34,0,0.9941858585018354,0.9779825911314094,1.104030640583466,0.1260480494520567,0.9713914427937744,1.2918899183535266,False,0,7.236890492211387,0.0,0.4,C_ref,2026-09-11 04:14:00,2026-09-12 03:17:12
pretrained,0,0.01,0.01,35,0,0.88600320479285,0.8390131543104251,1.0788205181930277,0.2398073638826026,0.8339661221510888,1.2848315291333203,False,0,16.58898642807253,0.0,0.4,C_ref,2026-09-11 04:14:00,2026-09-12 03:17:12
pretrained,0,0.01,0.01,36,0,0.8955018607129068,0.8726145011226548,1.0433246091134063,0.1707101079907517,0.6593664217092542,1.2621946861323692,False,0,21.24410026568148,0.0,0.4,C_ref,2026-09-11 04:14:00,2026-09-12 03:17:12
pretrained,0,0.01,0.01,37,0,0.9936923063799312,0.9664632021588394,1.11973412993252,0.1532709277736804,0.938659702765958,1.3132389684733825,False,0,15.284303230229852,0.0,0.4,C_ref,2026-09-11 04:14:00,2026-09-12 03:17:12
pretrained,0,0.01,0.01,38,0,0.8655937935477861,0.8310580512540656,1.04758215162253,0.2165241003684642,0.727075609179161,1.2818441723565202,False,0,20.36172353524308,0.0,0.4,C_ref,2026-09-11 04:14:00,2026-09-12 03:17:12
pretrained,0,0.01,0.01,39,0,0.983783298308764,0.958755762672686,1.1017208384674249,0.1429650757947388,0.9512535414220308,1.29565353006475,False,0,16.255081814197183,0.0,0.4,C_ref,2026-09-11 04:14:00,2026-09-12 03:17:12
pretrained,0,0.01,0.01,40,0,1.007631868672321,0.9662626075102098,1.1523880894499534,0.1861254819397436,0.9554175175382326,1.3569087018878845,False,0,17.88582312228391,0.0,0.4,C_ref,2026-09-11 04:14:00,2026-09-12 03:17:12
pretrained,0,0.01,0.01,41,0,0.8577492850592559,0.8223192008292104,1.0256753920461483,0.2033561912169379,0.7397302020116953,1.2468342637560728,False,0,26.669486327125924,0.0,0.4,C_ref,2026-09-11 04:14:00,2026-09-12 03:17:12
pretrained,0,0.01,0.01,42,0,0.8208854780289556,0.7696407816789632,0.97991355376775,0.2102727720887868,0.7546011360093324,1.2134038157189684,False,0,6.412900658826402,0.0,0.4,C_ref,2026-09-11 04:14:00,2026-09-12 03:17:12
pretrained,0,0.01,0.01,43,0,0.964018245819242,0.8845452353568135,1.055530341636856,0.1709851062800425,0.7171468617483755,1.2462617716573012,False,0,7.287488929119718,0.0,0.4,C_ref,2026-09-11 04:14:00,2026-09-12 03:17:12
pretrained,0,0.01,0.01,44,0,0.9122510131220912,0.8481846779648946,1.0406969538481758,0.1925122758832812,0.8047608703557274,1.2456749477854248,False,0,19.84548426186302,0.0,0.4,C_ref,2026-09-11 04:14:00,2026-09-12 03:17:12
pretrained,0,0.01,0.01,45,0,0.711012950195974,0.668046558295048,0.8923202893286262,0.2242737310335781,0.6182129430140089,1.1810576290985075,False,0,7.863391772341856,0.0,0.4,C_ref,2026-09-11 04:14:00,2026-09-12 03:17:12
pretrained,0,0.01,0.01,46,0,0.904889066677883,0.8930911729835536,1.023639910918444,0.1305487379348904,0.5956735084299275,1.2330079306514123,False,0,8.182850251730997,0.0,0.4,C_ref,2026-09-11 04:14:00,2026-09-12 03:17:12
pretrained,0,0.01,0.01,47,0,0.9974540790653976,0.9575841373871136,1.1374990799548546,0.1799149425677411,0.9217302775519536,1.3369312156676263,False,0,18.10728179965008,0.0,0.4,C_ref,2026-09-11 04:14:00,2026-09-12 03:17:12
pretrained,0,0.01,0.01,0,0,0.0,,0.0007206379993173,,,0.0028825519972693,True,0,9.708487256080844,,2.5,C_ref,2026-09-11 04:14:00,2026-09-12 03:17:12
pretrained,0,0.01,0.01,1,0,0.0,,0.0004511177505022,,,0.0018044710020088,True,0,8.063711573740875,,2.5,C_ref,2026-09-11 04:14:00,2026-09-12 03:17:12
pretrained,0,0.01,0.01,2,0,0.0,,0.0034177517152108,,,0.0166094244189622,True,0,9.666290464887425,,2.5,C_ref,2026-09-11 04:14:00,2026-09-12 03:17:12
pretrained,0,0.01,0.01,3,0,0.0,,0.0003974657220685,,,0.0015898628882741,True,0,8.322915244902106,,2.5,C_ref,2026-09-11 04:14:00,2026-09-12 03:17:12
pretrained,0,0.01,0.01,4,0,0.0,,0.0014194752143217,,,0.0056779008572868,True,0,13.282030654776465,,2.5,C_ref,2026-09-11 04:14:00,2026-09-12 03:17:12
pretrained,0,0.01,0.01,5,0,0.0,,0.0006590359170775,,,0.0026361436683102,True,0,6.57364147878252,,2.5,C_ref,2026-09-11 04:14:00,2026-09-12 03:17:12
pretrained,0,0.01,0.01,6,0,0.0,,0.0011990699606067,,,0.0047962798424271,True,0,10.431578119325422,,2.5,C_ref,2026-09-11 04:14:00,2026-09-12 03:17:12
pretrained,0,0.01,0.01,7,0,0.0,,0.0009280097207715,,,0.0037120388830863,True,0,8.502580671629403,,2.5,C_ref,2026-09-11 04:14:00,2026-09-12 03:17:12
pretrained,0,0.01,0.01,8,0,1.8897854020176417,1.62489332087336,2.1622162272230105,0.5373229063496505,1.3674075449824687,2.442742034373373,False,0,4.841996550523618,0.0,2.5,C_ref,2026-09-11 04:14:00,2026-09-12 03:17:12
pretrained,0,0.01,0.01,9,0,0.0,,0.000738114283656,,,0.0029524571346243,True,0,8.529925027552963,,2.5,C_ref,2026-09-11 04:14:00,2026-09-12 03:17:12
pretrained,0,0.01,0.01,10,0,1.8761401185145263,1.6139089814543797,2.146185625172396,0.5322766437180164,1.3600123636354462,2.424166869170965,False,0,5.1433136066370935,0.0,2.5,C_ref,2026-09-11 04:14:00,2026-09-12 03:17:12
pretrained,0,0.01,0.01,11,0,0.0,,0.0014868672619713,,,0.0059474690478852,True,0,9.65027865884258,,2.5,C_ref,2026-09-11 04:14:00,2026-09-12 03:17:12
pretrained,0,0.01,0.01,12,0,0.0,,0.0008746996912314,,,0.0034987987649259,True,0,5.227366964594694,,2.5,C_ref,2026-09-11 04:14:00,2026-09-12 03:17:12
pretrained,0,0.01,0.01,13,0,1.904994282695152,1.639461650716224,2.1773609916008683,0.5378993408846442,1.3810643989873266,2.4561012939175484,False,0,4.647696065268974,0.0,2.5,C_ref,2026-09-11 04:14:00,2026-09-12 03:17:12
pretrained,0,0.01,0.01,14,0,0.0,,0.0029456089320298,,,0.0118241598827209,True,0,11.94550546769824,,2.5,C_ref,2026-09-11 04:14:00,2026-09-12 03:17:12
pretrained,0,0.01,0.01,15,0,0.0,,0.0022116861792907,,,0.0088467447171629,True,0,9.834280924504128,,2.5,C_ref,2026-09-11 04:14:00,2026-09-12 03:17:12
pretrained,0,0.01,0.01,16,0,1.970769172341064,1.7142952000051337,2.2372270776256107,0.522931877620477,1.4693212065953587,2.5131311681440502,False,0,3.814502986577281,0.0,2.5,C_ref,2026-09-11 04:14:00,2026-09-12 03:17:12
pretrained,0,0.01,0.01,17,0,0.0,,0.0004726000352743,,,0.0018904001410972,True,0,9.467021672484409,,2.5,C_ref,2026-09-11 04:14:00,2026-09-12 03:17:12
pretrained,0,0.01,0.01,18,0,0.0,,0.0006343211916156,,,0.0025372847664625,True,0,8.160423935663857,,2.5,C_ref,2026-09-11 04:14:00,2026-09-12 03:17:12
pretrained,0,0.01,0.01,19,0,1.8750609513761565,1.6108079553130197,2.146488684132608,0.535680728819588,1.353360275308908,2.4257707171634566,False,0,5.111351396750251,0.0,2.5,C_ref,2026-09-11 04:14:00,2026-09-12 03:17:12
pretrained,0,0.01,0.01,20,0,0.0,,0.0062480879678588,,,0.0140910431904706,True,0,9.351851812905808,,2.5,C_ref,2026-09-11 04:14:00,2026-09-12 03:17:12
pretrained,0,0.01,0.01,21,0,0.0,,0.0004373646417801,,,0.0017494585671204,True,0,6.652091628187918,,2.5,C_ref,2026-09-11 04:14:00,2026-09-12 03:17:12
pretrained,0,0.01,0.01,22,0,0.0,,0.0012725039860447,,,0.0050900159441788,True,0,7.990598247535672,,2.5,C_ref,2026-09-11 04:14:00,2026-09-12 03:17:12
pretrained,0,0.01,0.01,23,0,1.765776982086419,1.5001983635637282,2.038412427546596,0.5382140639828674,1.2425875213771738,2.3186324385139563,False,0,6.928595225450408,0.0,2.5,C_ref,2026-09-11 04:14:00,2026-09-12 03:17:12
pretrained,0,0.01,0.01,24,0,0.0,,0.0089054147088534,,,0.0391741853213053,True,0,13.94097776662602,,2.5,C_ref,2026-09-11 04:14:00,2026-09-12 03:17:12
pretrained,0,0.01,0.01,25,0,0.0,,0.001385624924042,,,0.0055424996961682,True,0,11.92637478877441,,2.5,C_ref,2026-09-11 04:14:00,2026-09-12 03:17:12
pretrained,0,0.01,0.01,26,0,0.0,,0.0004420540008459,,,0.0017682160033838,True,0,7.921491213550325,,2.5,C_ref,2026-09-11 04:14:00,2026-09-12 03:17:12
pretrained,0,0.01,0.01,27,0,0.0,,0.0005861522072407,,,0.0023446088289628,True,0,9.12200010426386,,2.5,C_ref,2026-09-11 04:14:00,2026-09-12 03:17:12
pretrained,0,0.01,0.01,28,0,0.0,,0.0012109734457689,,,0.0048438937830757,True,0,8.851480337791145,,2.5,C_ref,2026-09-11 04:14:00,2026-09-12 03:17:12
pretrained,0,0.01,0.01,29,0,1.808969417286982,1.5398277139034025,2.084474712826794,0.5446469989233922,1.27745779767996,2.367265490953982,False,0,6.051748732381384,0.0,2.5,C_ref,2026-09-11 04:14:00,2026-09-12 03:17:12
pretrained,0,0.01,0.01,30,0,0.0,,0.000884892975675,,,0.0035395719027003,True,0,10.09283837057228,,2.5,C_ref,2026-09-11 04:14:00,2026-09-12 03:17:12
pretrained,0,0.01,0.01,31,0,1.8676095091477665,1.599051283662971,2.142560191688441,0.5435089080254702,1.3363336501734635,2.4248750754417703,False,0,5.113998138669558,0.0,2.5,C_ref,2026-09-11 04:14:00,2026-09-12 03:17:12
pretrained,0,0.01,0.01,32,0,0.0,,0.00080710500247,,,0.0032284200098803,True,0,6.186862173744885,,2.5,C_ref,2026-09-11 04:14:00,2026-09-12 03:17:12
pretrained,0,0.01,0.01,33,0,1.706086379546407,1.4371084052669485,1.9808170430557976,0.5437086377888496,1.1726455255631636,2.262498113637502,False,0,7.964791923608573,0.0,2.5,C_ref,2026-09-11 04:14:00,2026-09-12 03:17:12
pretrained,0,0.01,0.01,34,0,0.0,,0.0006582421714532,,,0.0026329686858128,True,0,9.308731031007484,,2.5,C_ref,2026-09-11 04:14:00,2026-09-12 03:17:12
pretrained,0,0.01,0.01,35,0,0.0,,0.0034476850221689,,,0.0175706782650463,True,0,7.905001862378413,,2.5,C_ref,2026-09-11 04:14:00,2026-09-12 03:17:12
pretrained,0,0.01,0.01,36,0,0.0,,0.0034089371009879,,,0.0151614430848117,True,0,7.854490609533968,,2.5,C_ref,2026-09-11 04:14:00,2026-09-12 03:17:12
pretrained,0,0.01,0.01,37,0,0.0,,0.0003441922055879,,,0.0013767688223518,True,0,9.482746231042256,,2.5,C_ref,2026-09-11 04:14:00,2026-09-12 03:17:12
pretrained,0,0.01,0.01,38,0,0.0,,0.0031613093402099,,,0.0142605173867524,True,0,8.097578834618616,,2.5,C_ref,2026-09-11 04:14:00,2026-09-12 03:17:12
pretrained,0,0.01,0.01,39,0,0.0,,0.0007387795482329,,,0.0029551181929318,True,0,8.306424530339427,,2.5,C_ref,2026-09-11 04:14:00,2026-09-12 03:17:12
pretrained,0,0.01,0.01,40,0,1.861501996480276,1.5988395560550903,2.1321776807737867,0.5333381247186961,1.345148552731678,2.411013518911161,False,0,5.350344974496693,0.0,2.5,C_ref,2026-09-11 04:14:00,2026-09-12 03:17:12
pretrained,0,0.01,0.01,41,0,1.771486766283018,1.5037528888293032,2.0454893395535656,0.5417364507242624,1.2413073909452528,2.326847749990085,False,0,6.7689189906886895,0.0,2.5,C_ref,2026-09-11 04:14:00,2026-09-12 03:17:12
pretrained,0,0.01,0.01,42,0,0.0,,0.0057005902146217,,,0.0281881310962979,True,0,8.298945418307994,,2.5,C_ref,2026-09-11 04:14:00,2026-09-12 03:17:12
pretrained,0,0.01,0.01,43,0,0.0,,0.0013361038677133,,,0.0053444154708532,True,0,8.09523637727034,,2.5,C_ref,2026-09-11 04:14:00,2026-09-12 03:17:12
pretrained,0,0.01,0.01,44,0,0.0,,0.0027449764678102,,,0.0105693132387925,True,0,8.29865690499355,,2.5,C_ref,2026-09-11 04:14:00,2026-09-12 03:17:12
pretrained,0,0.01,0.01,45,0,0.0,,0.0029942714994936,,,0.0180949058442351,True,0,11.636970777017268,,2.5,C_ref,2026-09-11 04:14:00,2026-09-12 03:17:12
pretrained,0,0.01,0.01,46,0,0.0,,0.0013352791702077,,,0.0053411166808311,True,0,8.136648447733023,,2.5,C_ref,2026-09-11 04:14:00,2026-09-12 03:17:12
pretrained,0,0.01,0.01,47,0,0.0,,0.0007344509876838,,,0.0029378039507352,True,0,6.7529090808129695,,2.5,C_ref,2026-09-11 04:14:00,2026-09-12 03:17:12
pretrained,1,0.01,0.01,0,0,0.9047417403025131,0.8380950495915239,1.038601022882176,0.20050597329065212,0.823894426562419,1.2361914441724227,False,0,32.91764023028372,0.0,0.4,C_ref,2026-09-12 21:53:49,2026-09-13 00:07:36
pretrained,1,0.01,0.01,1,0,1.014659806953569,0.9268584100840489,1.1564966698751524,0.22963825979110353,0.8996542417129177,1.3385289642280829,False,0,72.35458686608763,0.0,0.4,C_ref,2026-09-12 21:53:49,2026-09-13 00:07:36
pretrained,1,0.01,0.01,2,0,0.9435036864554557,0.9076554095212348,1.0832370493615597,0.17558163984032493,0.872497690133725,1.2776472048543759,False,0,44.2345648314149,0.0,0.4,C_ref,2026-09-12 21:53:49,2026-09-13 00:07:36
pretrained,1,0.01,0.01,3,0,0.9841712188080114,0.922192815979941,1.1363297765289493,0.21413696054900833,0.9073338664598125,1.3308593685792296,False,0,62.2066592327792,0.0,0.4,C_ref,2026-09-12 21:53:49,2026-09-13 00:07:36
pretrained,1,0.01,0.01,4,0,1.003355099425556,0.9357453558315312,1.1557782597832877,0.22003290395175656,0.9024062149008507,1.3488389060007078,False,0,65.40926536291954,0.0,0.4,C_ref,2026-09-12 21:53:49,2026-09-13 00:07:36
pretrained,1,0.01,0.01,5,0,0.9919737608755855,0.9217660470044153,1.1438668133377297,0.22210076633331433,0.9066228796842288,1.3375252958810875,False,0,71.99992167626624,0.0,0.4,C_ref,2026-09-12 21:53:49,2026-09-13 00:07:36
pretrained,1,0.01,0.01,6,0,0.8957938402222838,0.8581791246191686,1.024515181335394,0.16633605671622553,0.8347378317797345,1.209566762818995,False,0,31.888138119003997,0.0,0.4,C_ref,2026-09-12 21:53:49,2026-09-13 00:07:36
pretrained,1,0.01,0.01,7,0,0.9906350708368059,0.9352095284370047,1.1492615279967793,0.2140519995597746,0.8711717207002354,1.346047023304638,False,0,86.76265874602177,0.0,0.4,C_ref,2026-09-12 21:53:49,2026-09-13 00:07:36
pretrained,1,0.01,0.01,8,0,0.942425405921965,0.8969292033457342,1.0851971610356568,0.18826795768992255,0.8751936308589647,1.2765213587446993,False,0,48.978287568566884,0.0,0.4,C_ref,2026-09-12 21:53:49,2026-09-13 00:07:36
pretrained,1,0.01,0.01,9,0,0.9762370073065259,0.9192615700759711,1.1185109942861136,0.19924942421014247,0.9048682515956105,1.3074167178384801,False,0,48.286101307272475,0.0,0.4,C_ref,2026-09-12 21:53:49,2026-09-13 00:07:36
pretrained,1,0.01,0.01,10,0,0.9935522245609,0.9152843898543651,1.1528361519853898,0.2375517621310247,0.8966500740571978,1.3516800175296781,False,0,66.44927127457777,0.0,0.4,C_ref,2026-09-12 21:53:49,2026-09-13 00:07:36
pretrained,1,0.01,0.01,11,0,0.9818481348398983,0.9255392437105101,1.1373940505219362,0.2118548068114261,0.9038567410819319,1.3345248709110045,False,0,63.64190833196335,0.0,0.4,C_ref,2026-09-12 21:53:49,2026-09-13 00:07:36
pretrained,1,0.01,0.01,12,0,1.039215430860215,0.9042030650348509,1.2160484073603148,0.3118453423254639,0.8558304843091247,1.422872741549551,False,0,99.43071659748603,0.0,0.4,C_ref,2026-09-12 21:53:49,2026-09-13 00:07:36
pretrained,1,0.01,0.01,13,0,0.9938046889931101,0.9102403146099773,1.153371698191636,0.24313138358165864,0.8854243492568917,1.350783474151307,False,0,73.80307358865684,0.0,0.4,C_ref,2026-09-12 21:53:49,2026-09-13 00:07:36
pretrained,1,0.01,0.01,14,0,0.9674576782897969,0.9065939237905906,1.1224048420843626,0.21581091829377208,0.8559710485081784,1.3221722328883088,False,0,51.66547599168916,0.0,0.4,C_ref,2026-09-12 21:53:49,2026-09-13 00:07:36
pretrained,1,0.01,0.01,15,0,1.017543460639379,0.9112203926894092,1.1792882332915047,0.26806784060209543,0.889198303325724,1.378147836937614,False,0,70.8239471206216,0.0,0.4,C_ref,2026-09-12 21:53:49,2026-09-13 00:07:36
pretrained,1,0.01,0.01,16,0,1.0188828857487287,0.929315074073167,1.1710505362407628,0.24173546216759578,0.9040520637421526,1.363971986573385,False,0,64.37077534276978,0.0,0.4,C_ref,2026-09-12 21:53:49,2026-09-13 00:07:36
pretrained,1,0.01,0.01,17,0,0.9608908877255118,0.9358639083600507,1.0783517749802836,0.14248786662023283,0.9036052420689945,1.2509741709142612,False,0,44.874106193179614,0.0,0.4,C_ref,2026-09-12 21:53:49,2026-09-13 00:07:36
pretrained,1,0.01,0.01,18,0,0.9391050356323808,0.8752759563581252,1.099272265513331,0.22399630915520574,0.8614597876193519,1.3047014958720988,False,0,44.57568402592733,0.0,0.4,C_ref,2026-09-12 21:53:49,2026-09-13 00:07:36
pretrained,1,0.01,0.01,19,0,0.9760068971256644,0.9442348455937968,1.1090159943717017,0.16478114877790495,0.8876449496808235,1.2923666855589881,False,0,49.46539133851911,0.0,0.4,C_ref,2026-09-12 21:53:49,2026-09-13 00:07:36
pretrained,1,0.01,0.01,20,0,0.9911067193154983,0.9149437971457925,1.1447975504807206,0.22985375333492808,0.8758965143319866,1.3365962554816941,False,0,69.95436230519772,0.0,0.4,C_ref,2026-09-12 21:53:49,2026-09-13 00:07:36
pretrained,1,0.01,0.01,21,0,0.9761737026197459,0.8748528401393765,1.142147457916141,0.26729461777676455,0.8502015265822451,1.3422454608020706,False,0,72.76540489085528,0.0,0.4,C_ref,2026-09-12 21:53:49,2026-09-13 00:07:36
pretrained,1,0.01,0.01,22,0,1.0131734652975812,0.9195503057244603,1.1755192636889924,0.2559689579645321,0.9116650048842831,1.373901307789476,False,0,70.79740734693405,0.0,0.4,C_ref,2026-09-12 21:53:49,2026-09-13 00:07:36
pretrained,1,0.01,0.01,23,0,0.9282603719045289,0.8794301514207085,1.0640400879741934,0.1846099365534849,0.8739927410942386,1.2544746727561207,False,0,33.06793255849698,0.0,0.4,C_ref,2026-09-12 21:53:49,2026-09-13 00:07:36
pretrained,1,0.01,0.01,24,0,0.9213056138257051,0.8868634296018012,1.0510927398843848,0.16422931028258358,0.8089462848058236,1.2365799464456135,False,0,50.93599601801543,0.0,0.4,C_ref,2026-09-12 21:53:49,2026-09-13 00:07:36
pretrained,1,0.01,0.01,25,0,0.9684769231324527,0.9271701053124122,1.1002852734015112,0.173115168089099,0.9134655283702303,1.278023349571463,False,0,62.219948506382934,0.0,0.4,C_ref,2026-09-12 21:53:49,2026-09-13 00:07:36
pretrained,1,0.01,0.01,26,0,0.9153615424897957,0.8831871606315078,1.0529298788110306,0.1697427181795228,0.8336363248085852,1.240503000389721,False,0,46.28780790754172,0.0,0.4,C_ref,2026-09-12 21:53:49,2026-09-13 00:07:36
pretrained,1,0.01,0.01,27,0,0.9443049870729374,0.9100846384106178,1.0740297070354914,0.16394506862487357,0.8824912693481924,1.2578160244129353,False,0,39.39398604641974,0.0,0.4,C_ref,2026-09-12 21:53:49,2026-09-13 00:07:36
pretrained,1,0.01,0.01,28,0,0.9691872202764883,0.8947918185175605,1.126932015644,0.2321401971264394,0.8590653657460683,1.3251768246816313,False,0,54.81108496862362,0.0,0.4,C_ref,2026-09-12 21:53:49,2026-09-13 00:07:36
pretrained,1,0.01,0.01,29,0,0.9774263581443997,0.9345397228230788,1.127315741793358,0.19277601897027907,0.8906325991574617,1.320313412489027,False,0,55.40557620290565,0.0,0.4,C_ref,2026-09-12 21:53:49,2026-09-13 00:07:36
pretrained,1,0.01,0.01,30,0,0.9640174787845383,0.9161144053057274,1.1010904481153052,0.1849760428095778,0.8741253358147124,1.2832414635818183,False,0,56.20600003903019,0.0,0.4,C_ref,2026-09-12 21:53:49,2026-09-13 00:07:36
pretrained,1,0.01,0.01,31,0,1.008512352056383,0.9369694078103836,1.1559228804999808,0.2189534726895972,0.9229848764035874,1.3439819178727315,False,0,79.75157212387785,0.0,0.4,C_ref,2026-09-12 21:53:49,2026-09-13 00:07:36
pretrained,1,0.01,0.01,32,0,1.0207179607865642,0.9297145871036555,1.1853393790392632,0.2556247919356077,0.9225235885599645,1.3853562831646324,False,0,74.59933131925573,0.0,0.4,C_ref,2026-09-12 21:53:49,2026-09-13 00:07:36
pretrained,1,0.01,0.01,33,0,0.9586318697290733,0.9223672357302224,1.0978690599584948,0.17550182422827243,0.8679241696184398,1.285021436026008,False,0,52.40641798809884,0.0,0.4,C_ref,2026-09-12 21:53:49,2026-09-13 00:07:36
pretrained,1,0.01,0.01,34,0,0.9574884539977129,0.9330522223029487,1.0934676778962884,0.1604154555933397,0.867795078010236,1.2842934840449958,False,0,49.89004942867177,0.0,0.4,C_ref,2026-09-12 21:53:49,2026-09-13 00:07:36
pretrained,1,0.01,0.01,35,0,0.9493907445725037,0.9205032092860191,1.0745658660558286,0.15406265676980946,0.8823657550109198,1.2547262939406256,False,0,40.32413536377135,0.0,0.4,C_ref,2026-09-12 21:53:49,2026-09-13 00:07:36
pretrained,1,0.01,0.01,36,0,1.0000891082916537,0.9258963189840863,1.160764254113595,0.23486793512950865,0.8865508886340085,1.3600534342959663,False,0,59.712956591556576,0.0,0.4,C_ref,2026-09-12 21:53:49,2026-09-13 00:07:36
pretrained,1,0.01,0.01,37,0,0.94335059066513,0.8767985910907695,1.0963200429852415,0.21952145189447203,0.854983169830405,1.293014670131054,False,0,44.485281349272555,0.0,0.4,C_ref,2026-09-12 21:53:49,2026-09-13 00:07:36
pretrained,1,0.01,0.01,38,0,1.0285388859938536,0.9182625268166882,1.1978829995651545,0.27962047274846635,0.8697699867014739,1.401973591159319,False,0,74.61785290765329,0.0,0.4,C_ref,2026-09-12 21:53:49,2026-09-13 00:07:36
pretrained,1,0.01,0.01,39,0,0.9399883102261418,0.8682211517542469,1.0785768492194214,0.21035569746517457,0.8551254585539206,1.2593465137367668,False,0,64.36505201809996,0.0,0.4,C_ref,2026-09-12 21:53:49,2026-09-13 00:07:36
pretrained,1,0.01,0.01,40,0,0.9436780952194044,0.8911281558538907,1.1058712310976007,0.21474307524370995,0.8411618855246052,1.30990087999169,False,0,56.31919119237136,0.0,0.4,C_ref,2026-09-12 21:53:49,2026-09-13 00:07:36
pretrained,1,0.01,0.01,41,0,0.9632718229812579,0.9075564154580357,1.1119126833504414,0.20435626789240569,0.8617100472619953,1.3030597802093777,False,0,54.57371095889903,0.0,0.4,C_ref,2026-09-12 21:53:49,2026-09-13 00:07:36
pretrained,1,0.01,0.01,42,0,0.9470166238858435,0.8952429516185743,1.095319076963965,0.20007612534539065,0.83830590586026,1.2882344773808991,False,0,55.82710264697016,0.0,0.4,C_ref,2026-09-12 21:53:49,2026-09-13 00:07:36
pretrained,1,0.01,0.01,43,0,0.9521346600166415,0.9260081451618352,1.0660748409633796,0.1400666958015444,0.8945136614328326,1.2391169513051379,False,0,37.33894198930648,0.0,0.4,C_ref,2026-09-12 21:53:49,2026-09-13 00:07:36
pretrained,1,0.01,0.01,44,0,0.9483526306514339,0.9210588222055499,1.0861814864035528,0.16512266419800292,0.8635237590304212,1.277705826612179,False,0,40.76037634217573,0.0,0.4,C_ref,2026-09-12 21:53:49,2026-09-13 00:07:36
pretrained,1,0.01,0.01,45,0,0.9792746890097228,0.905949273117351,1.1250751182212495,0.21912584510389854,0.884923513088768,1.3106725981807787,False,0,69.5849100196283,0.0,0.4,C_ref,2026-09-12 21:53:49,2026-09-13 00:07:36
pretrained,1,0.01,0.01,46,0,0.9404149416211878,0.8994844992776719,1.0836814686086316,0.18419696933095964,0.8523171955430019,1.275768801036723,False,0,41.71385870226004,0.0,0.4,C_ref,2026-09-12 21:53:49,2026-09-13 00:07:36
pretrained,1,0.01,0.01,47,0,1.0134089307960779,0.9484420443445317,1.1664245493858896,0.21798250504135785,0.9298242507315483,1.3619886611255703,False,0,56.12053982267753,0.0,0.4,C_ref,2026-09-12 21:53:49,2026-09-13 00:07:36
pretrained,1,0.01,0.01,0,0,0.0,,0.005035026866404616,,,0.012711973169823903,True,0,22.406222443609295,,2.5,C_ref,2026-09-12 21:53:49,2026-09-13 00:07:36
pretrained,1,0.01,0.01,1,0,0.0,,0.00019907108352600742,,,0.0007962843341040297,True,0,21.76820285908616,,2.5,C_ref,2026-09-12 21:53:49,2026-09-13 00:07:36
pretrained,1,0.01,0.01,2,0,0.0,,0.0010618729783948002,,,0.004247491913579201,True,0,23.69127952137933,,2.5,C_ref,2026-09-12 21:53:49,2026-09-13 00:07:36
pretrained,1,0.01,0.01,3,0,0.0,,0.00047279860529422297,,,0.0018911944211768919,True,0,19.862754285259143,,2.5,C_ref,2026-09-12 21:53:49,2026-09-13 00:07:36
pretrained,1,0.01,0.01,4,0,0.0,,0.00048804245342750187,,,0.0019521698137100075,True,0,19.23386011083494,,2.5,C_ref,2026-09-12 21:53:49,2026-09-13 00:07:36
pretrained,1,0.01,0.01,5,0,0.0,,0.00047394421820789063,,,0.0018957768728315625,True,0,19.63133326225943,,2.5,C_ref,2026-09-12 21:53:49,2026-09-13 00:07:36
pretrained,1,0.01,0.01,6,0,0.0,,0.0038083019081991717,,,0.011223948978122332,True,0,26.274022764639085,,2.5,C_ref,2026-09-12 21:53:49,2026-09-13 00:07:36
pretrained,1,0.01,0.01,7,0,0.0,,0.0008648584311858985,,,0.003459433724743594,True,0,18.08730541094701,,2.5,C_ref,2026-09-12 21:53:49,2026-09-13 00:07:36
pretrained,1,0.01,0.01,8,0,0.0,,0.0006861728803913138,,,0.002744691521565255,True,0,23.3037544436811,,2.5,C_ref,2026-09-12 21:53:49,2026-09-13 00:07:36
pretrained,1,0.01,0.01,9,0,0.0,,0.0005572607074475973,,,0.0022290428297903893,True,0,21.232853304827586,,2.5,C_ref,2026-09-12 21:53:49,2026-09-13 00:07:36
pretrained,1,0.01,0.01,10,0,0.0,,0.0006396393023169382,,,0.002558557209267753,True,0,19.947355231608526,,2.5,C_ref,2026-09-12 21:53:49,2026-09-13 00:07:36
pretrained,1,0.01,0.01,11,0,0.0,,0.0009706750919005754,,,0.0038827003676023017,True,0,17.408776215881517,,2.5,C_ref,2026-09-12 21:53:49,2026-09-13 00:07:36
pretrained,1,0.01,0.01,12,0,0.0,,0.0013416675566832374,,,0.00536667022673295,True,0,14.875907412399101,,2.5,C_ref,2026-09-12 21:53:49,2026-09-13 00:07:36
pretrained,1,0.01,0.01,13,0,0.0,,0.0007393078611350796,,,0.0029572314445403185,True,0,19.74633536678084,,2.5,C_ref,2026-09-12 21:53:49,2026-09-13 00:07:36
pretrained,1,0.01,0.01,14,0,0.0,,0.0007946980427187611,,,0.0031787921708750443,True,0,19.853110884574562,,2.5,C_ref,2026-09-12 21:53:49,2026-09-13 00:07:36
pretrained,1,0.01,0.01,15,0,0.0,,0.0003469669772080979,,,0.0013878679088323916,True,0,17.65090072997191,,2.5,C_ref,2026-09-12 21:53:49,2026-09-13 00:07:36
pretrained,1,0.01,0.01,16,0,0.0,,0.00032808432393085005,,,0.0013123372957234002,True,0,17.164472481497796,,2.5,C_ref,2026-09-12 21:53:49,2026-09-13 00:07:36
pretrained,1,0.01,0.01,17,0,0.0,,0.0006709321774302983,,,0.002683728709721193,True,0,25.079094669705228,,2.5,C_ref,2026-09-12 21:53:49,2026-09-13 00:07:36
pretrained,1,0.01,0.01,18,0,0.0,,0.001042897944042918,,,0.004171591776171672,True,0,16.804616347813862,,2.5,C_ref,2026-09-12 21:53:49,2026-09-13 00:07:36
pretrained,1,0.01,0.01,19,0,0.0,,0.0005805598266559307,,,0.0023222393066237228,True,0,24.996246685652295,,2.5,C_ref,2026-09-12 21:53:49,2026-09-13 00:07:36
pretrained,1,0.01,0.01,20,0,0.0,,0.0005266367637148902,,,0.0021065470548595608,True,0,20.318860662620864,,2.5,C_ref,2026-09-12 21:53:49,2026-09-13 00:07:36
pretrained,1,0.01,0.01,21,0,0.0,,0.0011266871657628712,,,0.004506748663051485,True,0,18.627971782327222,,2.5,C_ref,2026-09-12 21:53:49,2026-09-13 00:07:36
pretrained,1,0.01,0.01,22,0,0.0,,0.0005539785671845046,,,0.002215914268738018,True,0,15.763342361671675,,2.5,C_ref,2026-09-12 21:53:49,2026-09-13 00:07:36
pretrained,1,0.01,0.01,23,0,0.0,,0.0005799789346167485,,,0.002319915738466994,True,0,21.71517186689016,,2.5,C_ref,2026-09-12 21:53:49,2026-09-13 00:07:36
pretrained,1,0.01,0.01,24,0,0.0,,0.0013101508816601402,,,0.005240603526640561,True,0,26.075203622545814,,2.5,C_ref,2026-09-12 21:53:49,2026-09-13 00:07:36
pretrained,1,0.01,0.01,25,0,0.0,,0.0010657824103255005,,,0.004263129641302002,True,0,25.50453626367016,,2.5,C_ref,2026-09-12 21:53:49,2026-09-13 00:07:36
pretrained,1,0.01,0.01,26,0,0.0,,0.0015851535107986178,,,0.006340614043194471,True,0,22.808971442053007,,2.5,C_ref,2026-09-12 21:53:49,2026-09-13 00:07:36
pretrained,1,0.01,0.01,27,0,0.0,,0.0005124138620783309,,,0.0020496554483133236,True,0,24.922849252958258,,2.5,C_ref,2026-09-12 21:53:49,2026-09-13 00:07:36
pretrained,1,0.01,0.01,28,0,0.0,,0.0008993473325098477,,,0.0035973893300393907,True,0,18.47177022123651,,2.5,C_ref,2026-09-12 21:53:49,2026-09-13 00:07:36
pretrained,1,0.01,0.01,29,0,0.0,,0.0007848806909924276,,,0.0031395227639697105,True,0,21.22692604794065,,2.5,C_ref,2026-09-12 21:53:49,2026-09-13 00:07:36
pretrained,1,0.01,0.01,30,0,0.0,,0.0006934520139822377,,,0.0027738080559289507,True,0,23.50151685574383,,2.5,C_ref,2026-09-12 21:53:49,2026-09-13 00:07:36
pretrained,1,0.01,0.01,31,0,0.0,,0.0005641484029435499,,,0.0022565936117741998,True,0,21.69414649209284,,2.5,C_ref,2026-09-12 21:53:49,2026-09-13 00:07:36
pretrained,1,0.01,0.01,32,0,0.0,,0.0005145123879774275,,,0.00205804955190971,True,0,14.62107360484515,,2.5,C_ref,2026-09-12 21:53:49,2026-09-13 00:07:36
pretrained,1,0.01,0.01,33,0,0.0,,0.0005228581231236472,,,0.002091432492494589,True,0,19.592637205645588,,2.5,C_ref,2026-09-12 21:53:49,2026-09-13 00:07:36
pretrained,1,0.01,0.01,34,0,0.0,,0.0008932933105966036,,,0.0035731732423864146,True,0,21.80932531092185,,2.5,C_ref,2026-09-12 21:53:49,2026-09-13 00:07:36
pretrained,1,0.01,0.01,35,0,0.0,,0.0005701973654985351,,,0.0022807894619941405,True,0,25.212291788760922,,2.5,C_ref,2026-09-12 21:53:49,2026-09-13 00:07:36
pretrained,1,0.01,0.01,36,0,0.0,,0.0005776417061462183,,,0.002310566824584873,True,0,17.565303702431265,,2.5,C_ref,2026-09-12 21:53:49,2026-09-13 00:07:36
pretrained,1,0.01,0.01,37,0,0.0,,0.0009541160874095466,,,0.0038164643496381863,True,0,22.897566038816876,,2.5,C_ref,2026-09-12 21:53:49,2026-09-13 00:07:36
pretrained,1,0.01,0.01,38,0,0.0,,0.0003594859780173438,,,0.0014379439120693752,True,0,16.55319494977084,,2.5,C_ref,2026-09-12 21:53:49,2026-09-13 00:07:36
pretrained,1,0.01,0.01,39,0,0.0,,0.0005108108136304903,,,0.0020432432545219614,True,0,26.0678844865688,,2.5,C_ref,2026-09-12 21:53:49,2026-09-13 00:07:36
pretrained,1,0.01,0.01,40,0,0.0,,0.002196537355708242,,,0.008786149422832968,True,0,19.19589122302932,,2.5,C_ref,2026-09-12 21:53:49,2026-09-13 00:07:36
pretrained,1,0.01,0.01,41,0,0.0,,0.0008085855493377393,,,0.003234342197350957,True,0,19.92902757399861,,2.5,C_ref,2026-09-12 21:53:49,2026-09-13 00:07:36
pretrained,1,0.01,0.01,42,0,0.0,,0.0013389707790501925,,,0.00535588311620077,True,0,22.72603089367476,,2.5,C_ref,2026-09-12 21:53:49,2026-09-13 00:07:36
pretrained,1,0.01,0.01,43,0,0.0,,0.0007569867584878321,,,0.0030279470339513283,True,0,24.350436730055662,,2.5,C_ref,2026-09-12 21:53:49,2026-09-13 00:07:36
pretrained,1,0.01,0.01,44,0,0.0,,0.0010580014988621148,,,0.004232005995448459,True,0,20.72718417536089,,2.5,C_ref,2026-09-12 21:53:49,2026-09-13 00:07:36
pretrained,1,0.01,0.01,45,0,0.0,,0.0008652958137481656,,,0.0034611832549926625,True,0,21.981472826893878,,2.5,C_ref,2026-09-12 21:53:49,2026-09-13 00:07:36
pretrained,1,0.01,0.01,46,0,0.0,,0.0014350372443362618,,,0.005740148977345047,True,0,22.139530929936882,,2.5,C_ref,2026-09-12 21:53:49,2026-09-13 00:07:36
pretrained,1,0.01,0.01,47,0,0.0,,0.000462705359302403,,,0.001850821437209612,True,0,19.28284579425599,,2.5,C_ref,2026-09-12 21:53:49,2026-09-13 00:07:36
pretrained,2,0.01,0.01,0,0,0.9149626061642792,0.8658153207375938,1.0548200656359439,0.18900474489835006,0.8529861500891415,1.2471174932571092,False,0,28.355425518315315,0.0,0.4,C_ref,2026-09-13 01:09:32,2026-09-13 03:04:35
pretrained,2,0.01,0.01,1,0,0.9993212215767031,0.8902483219370585,1.1647794550332191,0.2745311330961606,0.8682595396073625,1.3653875722081916,False,0,54.995149099238915,0.0,0.4,C_ref,2026-09-13 01:09:32,2026-09-13 03:04:35
pretrained,2,0.01,0.01,2,0,0.9237902087306948,0.8532817228766304,1.0927530287619611,0.23947130588533072,0.8250613021165055,1.3036570320302756,False,0,33.159753425708914,0.0,0.4,C_ref,2026-09-13 01:09:32,2026-09-13 03:04:35
pretrained,2,0.01,0.01,3,0,0.9710983492307288,0.8577137784417571,1.1503124358465526,0.2925986574047955,0.827064432677933,1.3625255039361808,False,0,46.26475741912873,0.0,0.4,C_ref,2026-09-13 01:09:32,2026-09-13 03:04:35
pretrained,2,0.01,0.01,4,0,0.9405418630165693,0.8798993953816372,1.1003131532631047,0.22041375788146755,0.8557434667284725,1.3035913149740432,False,0,37.70914653878572,0.0,0.4,C_ref,2026-09-13 01:09:32,2026-09-13 03:04:35
pretrained,2,0.01,0.01,5,0,0.9175168634925618,0.8917023820549641,1.062996290290584,0.17129390823561996,0.837838270723171,1.2660571608375315,False,0,23.664633049273107,0.0,0.4,C_ref,2026-09-13 01:09:32,2026-09-13 03:04:35
pretrained,2,0.01,0.01,6,0,0.9274792721182529,0.8883103691892081,1.0749121267002306,0.18660175751102248,0.8393208301004443,1.2712929647897622,False,0,32.64619657208823,0.0,0.4,C_ref,2026-09-13 01:09:32,2026-09-13 03:04:35
pretrained,2,0.01,0.01,7,0,0.9133132995227637,0.8492319800165775,1.0745088874942927,0.22527690747771523,0.8235632159016152,1.2771294856856488,False,0,38.53981055652912,0.0,0.4,C_ref,2026-09-13 01:09:32,2026-09-13 03:04:35
pretrained,2,0.01,0.01,8,0,0.9784450504831936,0.8794694951308288,1.1506685211059509,0.271199025975122,0.8670373870084463,1.3592386255835198,False,0,42.874128818453755,0.0,0.4,C_ref,2026-09-13 01:09:32,2026-09-13 03:04:35
pretrained,2,0.01,0.01,9,0,0.9428249794774977,0.8681822170128785,1.0999497568442176,0.23176753983133913,0.8455495022451579,1.2979980494341583,False,0,41.41535081825714,0.0,0.4,C_ref,2026-09-13 01:09:32,2026-09-13 03:04:35
pretrained,2,0.01,0.01,10,0,0.9591807364749279,0.8881589856467973,1.1300480899266707,0.24188910427987342,0.8619693191373768,1.3397877888331842,False,0,43.248718398775964,0.0,0.4,C_ref,2026-09-13 01:09:32,2026-09-13 03:04:35
pretrained,2,0.01,0.01,11,0,0.9248184057193246,0.8679469305239933,1.0769593438947855,0.20901241337079224,0.8578454407142365,1.2777509329662928,False,0,26.89568587861868,0.0,0.4,C_ref,2026-09-13 01:09:32,2026-09-13 03:04:35
pretrained,2,0.01,0.01,12,0,0.9682843247056465,0.8856898432276201,1.1399305827700363,0.2542407395424162,0.8456782064655608,1.34876167934862,False,0,43.725711099807086,0.0,0.4,C_ref,2026-09-13 01:09:32,2026-09-13 03:04:35
pretrained,2,0.01,0.01,13,0,0.9613494732246974,0.8671809111025941,1.1334115882948226,0.2662306771922285,0.8348624380407379,1.3420122809003274,False,0,43.135996169090504,0.0,0.4,C_ref,2026-09-13 01:09:32,2026-09-13 03:04:35
pretrained,2,0.01,0.01,14,0,0.963024300505646,0.8735550635394695,1.129432252229936,0.2558771886904665,0.8389449721676016,1.3315270629134166,False,0,45.59529619539171,0.0,0.4,C_ref,2026-09-13 01:09:32,2026-09-13 03:04:35
pretrained,2,0.01,0.01,15,0,0.9738468259931485,0.8768993568724539,1.1530417083325077,0.27614235146005384,0.860990195684537,1.3660739775418316,False,0,43.54850570168128,0.0,0.4,C_ref,2026-09-13 01:09:32,2026-09-13 03:04:35
pretrained,2,0.01,0.01,16,0,1.0226691760727844,0.8952465828740372,1.2003491510998359,0.3051025682257986,0.8605548655596453,1.409623581893952,False,0,57.469821321425115,0.0,0.4,C_ref,2026-09-13 01:09:32,2026-09-13 03:04:35
pretrained,2,0.01,0.01,17,0,0.9017146795600808,0.8641216627637789,1.046496730867167,0.18237506810338822,0.8171372801411773,1.2409707678819402,False,0,28.061926941300044,0.0,0.4,C_ref,2026-09-13 01:09:32,2026-09-13 03:04:35
pretrained,2,0.01,0.01,18,0,0.9397291835578049,0.86291520604398,1.1135560034406893,0.2506407973967093,0.8355740773449201,1.3252157031607332,False,0,34.965977430958446,0.0,0.4,C_ref,2026-09-13 01:09:32,2026-09-13 03:04:35
pretrained,2,0.01,0.01,19,0,0.036465057323668615,0.022948345036335457,0.04427898112863552,0.021330636092300063,0.007843640576211529,0.05712200857010588,False,0,40.32352936427196,0.0,0.4,C_ref,2026-09-13 01:09:32,2026-09-13 03:04:35
pretrained,2,0.01,0.01,20,0,0.9566413026159999,0.8983617977262321,1.1086090340144055,0.21024723628817332,0.886289646276217,1.308774698233083,False,0,32.197081654048816,0.0,0.4,C_ref,2026-09-13 01:09:32,2026-09-13 03:04:35
pretrained,2,0.01,0.01,21,0,1.006902445944673,0.8951495750056881,1.1824895320536333,0.2873399570479451,0.8805630649104665,1.3902962192718513,False,0,63.815303605526424,0.0,0.4,C_ref,2026-09-13 01:09:32,2026-09-13 03:04:35
pretrained,2,0.01,0.01,22,0,0.934897232280493,0.8959433587326681,1.0877070395495485,0.19176368081688044,0.8457275908749416,1.2892868396404533,False,0,38.9934720064266,0.0,0.4,C_ref,2026-09-13 01:09:32,2026-09-13 03:04:35
pretrained,2,0.01,0.01,23,0,0.9079246670917626,0.8577464990449422,1.058162193852366,0.20041569480742383,0.8275928723314069,1.2559048905511028,False,0,35.655256024270784,0.0,0.4,C_ref,2026-09-13 01:09:32,2026-09-13 03:04:35
pretrained,2,0.01,0.01,24,0,0.9324224669085733,0.891511355532635,1.0778809188515475,0.1863695633189124,0.8547639668783694,1.2706499794406099,False,0,34.542965951372025,0.0,0.4,C_ref,2026-09-13 01:09:32,2026-09-13 03:04:35
pretrained,2,0.01,0.01,25,0,0.9225882999116486,0.883052839979251,1.0658357581872242,0.1827829182079732,0.8492956539848461,1.256433716841186,False,0,32.42608924942033,0.0,0.4,C_ref,2026-09-13 01:09:32,2026-09-13 03:04:35
pretrained,2,0.01,0.01,26,0,0.943365350170961,0.8843121606926572,1.0832158183553355,0.19890365766267837,0.8762575867202794,1.2728051908352216,False,0,28.00953519118775,0.0,0.4,C_ref,2026-09-13 01:09:32,2026-09-13 03:04:35
pretrained,2,0.01,0.01,27,0,0.958318332180165,0.8967921322331672,1.1209379392919623,0.22414580705879505,0.8452026342473902,1.3233289964189594,False,0,43.12895395430678,0.0,0.4,C_ref,2026-09-13 01:09:32,2026-09-13 03:04:35
pretrained,2,0.01,0.01,28,0,0.9174064075604268,0.8546710352798909,1.0823501826655764,0.2276791473856855,0.828165119477063,1.2893985213653723,False,0,32.242678431473905,0.0,0.4,C_ref,2026-09-13 01:09:32,2026-09-13 03:04:35
pretrained,2,0.01,0.01,29,0,0.9118819793995103,0.8770959020427458,1.0539298180357104,0.1768339159929646,0.8308450698743612,1.2568773262208075,False,0,21.385750039535196,0.0,0.4,C_ref,2026-09-13 01:09:32,2026-09-13 03:04:35
pretrained,2,0.01,0.01,30,0,0.9093595395746328,0.8586265326206818,1.0577694651952687,0.19914293257458693,0.8391187309536001,1.2535448313189923,False,0,30.543796574092994,0.0,0.4,C_ref,2026-09-13 01:09:32,2026-09-13 03:04:35
pretrained,2,0.01,0.01,31,0,0.9280738978699339,0.8524172436205109,1.0948593900010142,0.24244214638050332,0.8250576682862905,1.3034969363939393,False,0,39.81116462287173,0.0,0.4,C_ref,2026-09-13 01:09:32,2026-09-13 03:04:35
pretrained,2,0.01,0.01,32,0,1.0017158707739588,0.8875389746743593,1.1792156994677119,0.2916767247933526,0.8679252349160592,1.3903054134945718,False,0,44.90040998978293,0.0,0.4,C_ref,2026-09-13 01:09:32,2026-09-13 03:04:35
pretrained,2,0.01,0.01,33,0,0.917645326071349,0.8472971361357196,1.0852424885077347,0.2379453523720152,0.7998589533900002,1.289862806375505,False,0,37.182624199747806,0.0,0.4,C_ref,2026-09-13 01:09:32,2026-09-13 03:04:35
pretrained,2,0.01,0.01,34,0,0.9308707405472647,0.861381107857986,1.0908404524595263,0.22945934460154027,0.8302671771764935,1.2929317274589893,False,0,35.34198580089287,0.0,0.4,C_ref,2026-09-13 01:09:32,2026-09-13 03:04:35
pretrained,2,0.01,0.01,35,0,0.972974364338146,0.8778588627460934,1.1327790828459205,0.2549202200998272,0.8572661716814853,1.3312722231497982,False,0,46.087132231470605,0.0,0.4,C_ref,2026-09-13 01:09:32,2026-09-13 03:04:35
pretrained,2,0.01,0.01,36,0,1.0007427042034878,0.8820073170719157,1.175201737758771,0.2931944206868552,0.8574451207627858,1.3827340154360666,False,0,51.39379744213875,0.0,0.4,C_ref,2026-09-13 01:09:32,2026-09-13 03:04:35
pretrained,2,0.01,0.01,37,0,0.9284565470807019,0.8363233712723036,1.1163640571385067,0.2800406858662031,0.814138799368044,1.3361438677576833,False,0,35.5577281825681,0.0,0.4,C_ref,2026-09-13 01:09:32,2026-09-13 03:04:35
pretrained,2,0.01,0.01,38,0,0.9757519600173116,0.8996134531189386,1.1452868388677337,0.24567338574879516,0.856613831266699,1.3536868897776697,False,0,39.66238744206203,0.0,0.4,C_ref,2026-09-13 01:09:32,2026-09-13 03:04:35
pretrained,2,0.01,0.01,39,0,0.9818308366544839,0.8874682812096197,1.135876899561565,0.24840861835194517,0.874191075399547,1.328196418295841,False,0,54.08541772447279,0.0,0.4,C_ref,2026-09-13 01:09:32,2026-09-13 03:04:35
pretrained,2,0.01,0.01,40,0,0.9603355256286469,0.8970884955132161,1.1217607837157106,0.22467228820249452,0.8545413379327668,1.324090289134047,False,0,36.69837753032698,0.0,0.4,C_ref,2026-09-13 01:09:32,2026-09-13 03:04:35
pretrained,2,0.01,0.01,41,0,0.9069435833439443,0.8497668032119285,1.0595312694963863,0.20976446628445777,0.8381057060961139,1.2610302397758621,False,0,34.69618473127048,0.0,0.4,C_ref,2026-09-13 01:09:32,2026-09-13 03:04:35
pretrained,2,0.01,0.01,42,0,0.9060678950659619,0.866650556597886,1.0548137171065253,0.18816316050863924,0.8268938984986263,1.2561751039568505,False,0,22.4309124121246,0.0,0.4,C_ref,2026-09-13 01:09:32,2026-09-13 03:04:35
pretrained,2,0.01,0.01,43,0,0.9121421093593394,0.884740491672643,1.039121843420961,0.15438135174831802,0.830823529714722,1.2269427618953472,False,0,25.519237009833887,0.0,0.4,C_ref,2026-09-13 01:09:32,2026-09-13 03:04:35
pretrained,2,0.01,0.01,44,0,0.9045497590285574,0.8655324340752085,1.0502365849136799,0.18470415083847136,0.8211539986639895,1.247041781935085,False,0,27.954236467743613,0.0,0.4,C_ref,2026-09-13 01:09:32,2026-09-13 03:04:35
pretrained,2,0.01,0.01,45,0,0.906727410069333,0.875436535322465,1.044882892739325,0.16944635741685998,0.8342099775602706,1.2383162570164439,False,0,21.45560149031735,0.0,0.4,C_ref,2026-09-13 01:09:32,2026-09-13 03:04:35
pretrained,2,0.01,0.01,46,0,0.9410825155250664,0.8789518026965678,1.1002819325966344,0.22133012990006662,0.8720180031028257,1.3032749328689663,False,0,34.37156688660252,0.0,0.4,C_ref,2026-09-13 01:09:32,2026-09-13 03:04:35
pretrained,2,0.01,0.01,47,0,0.9188069088361399,0.8443333072462139,1.0927467981265513,0.24841349088033737,0.8075114797436892,1.3038126703994941,False,0,40.35596154850646,0.0,0.4,C_ref,2026-09-13 01:09:32,2026-09-13 03:04:35
pretrained,2,0.01,0.01,0,0,1.6510612308557757,1.4043018265493414,1.9104578618262456,0.5061560352769041,1.1728810364324345,2.1815057818508454,False,0,9.767805059243983,0.0,2.5,C_ref,2026-09-13 01:09:32,2026-09-13 03:04:35
pretrained,2,0.01,0.01,1,0,1.804237634400307,1.5595048801876208,2.0620009682471183,0.5024960880594975,1.330222348777144,2.3317916710513718,False,0,6.774007601001358,0.0,2.5,C_ref,2026-09-13 01:09:32,2026-09-13 03:04:35
pretrained,2,0.01,0.01,2,0,0.0,,0.0038803174541431167,,,0.01780762700772274,True,0,6.366289961402799,,2.5,C_ref,2026-09-13 01:09:32,2026-09-13 03:04:35
pretrained,2,0.01,0.01,3,0,1.8734520921480877,1.621254985003873,2.1369907086746154,0.5157357236707423,1.3816203320016556,2.411493181609889,False,0,5.355944979477499,0.0,2.5,C_ref,2026-09-13 01:09:32,2026-09-13 03:04:35
pretrained,2,0.01,0.01,4,0,1.7803985872549786,1.53121549730302,2.0407338202021954,0.5095183228991753,1.2945121624115707,2.3118763669367777,False,0,7.137449391349946,0.0,2.5,C_ref,2026-09-13 01:09:32,2026-09-13 03:04:35
pretrained,2,0.01,0.01,5,0,1.7159854826451078,1.458976865693051,1.9830227229809567,0.5240458572879056,1.2133398591931623,2.260027560776471,False,0,8.056647897115909,0.0,2.5,C_ref,2026-09-13 01:09:32,2026-09-13 03:04:35
pretrained,2,0.01,0.01,6,0,0.0,,0.0045663586153554744,,,0.01985828527864587,True,0,9.191453799296141,,2.5,C_ref,2026-09-13 01:09:32,2026-09-13 03:04:35
pretrained,2,0.01,0.01,7,0,0.0,,0.003702642215009157,,,0.016681547451668492,True,0,9.309806855744682,,2.5,C_ref,2026-09-13 01:09:32,2026-09-13 03:04:35
pretrained,2,0.01,0.01,8,0,1.8405349356306322,1.5907745744302388,2.102322973455197,0.5115483990249581,1.354704138160123,2.3755523558579568,False,0,5.96545663080542,0.0,2.5,C_ref,2026-09-13 01:09:32,2026-09-13 03:04:35
pretrained,2,0.01,0.01,9,0,1.737521883958303,1.4891441784349544,1.9981154059063146,0.5089712274713603,1.2555475259326898,2.2700857731070374,False,0,7.927071064019401,0.0,2.5,C_ref,2026-09-13 01:09:32,2026-09-13 03:04:35
pretrained,2,0.01,0.01,10,0,1.8556333616494525,1.603117807988657,2.119944065585295,0.5168262575966378,1.3636753859645983,2.395396428670678,False,0,5.61465769944698,0.0,2.5,C_ref,2026-09-13 01:09:32,2026-09-13 03:04:35
pretrained,2,0.01,0.01,11,0,1.7159344098343743,1.463660428107721,1.9801073866218983,0.5164469585141773,1.2256356648404232,2.2553139216714815,False,0,8.1655486172167,0.0,2.5,C_ref,2026-09-13 01:09:32,2026-09-13 03:04:35
pretrained,2,0.01,0.01,12,0,1.849038728621949,1.594386789829856,2.115381099994757,0.520994310164901,1.352856796943196,2.39294753611104,False,0,5.642816554078308,0.0,2.5,C_ref,2026-09-13 01:09:32,2026-09-13 03:04:35
pretrained,2,0.01,0.01,13,0,1.8424696548490176,1.5906963850842564,2.1059740361553123,0.5152776510710559,1.3522340235468309,2.380677124373014,False,0,5.868807435588678,0.0,2.5,C_ref,2026-09-13 01:09:32,2026-09-13 03:04:35
pretrained,2,0.01,0.01,14,0,0.0,,0.0027597887972494336,,,0.011510694411208644,True,0,7.001263850252144,,2.5,C_ref,2026-09-13 01:09:32,2026-09-13 03:04:35
pretrained,2,0.01,0.01,15,0,1.8951253064388858,1.643811665802396,2.1581182858480634,0.5143066200456674,1.4051591824460803,2.4323245178705695,False,0,5.020791553855815,0.0,2.5,C_ref,2026-09-13 01:09:32,2026-09-13 03:04:35
pretrained,2,0.01,0.01,16,0,1.9534571012907307,1.7037803937864688,2.2152635362926,0.511483142506131,1.4674807026156391,2.4886621996804283,False,0,4.163907444359211,0.0,2.5,C_ref,2026-09-13 01:09:32,2026-09-13 03:04:35
pretrained,2,0.01,0.01,17,0,0.0,,0.006224251489367025,,,0.026189901299461898,True,0,10.780229181014874,,2.5,C_ref,2026-09-13 01:09:32,2026-09-13 03:04:35
pretrained,2,0.01,0.01,18,0,1.8425726979312942,1.5895203584303659,2.1062306053065383,0.5167102468761724,1.3479760508054874,2.38041063172643,False,0,5.8791111752798315,0.0,2.5,C_ref,2026-09-13 01:09:32,2026-09-13 03:04:35
pretrained,2,0.01,0.01,19,0,0.0,,0.003848453399344846,,,0.01737892683656364,True,0,9.286394324113644,,2.5,C_ref,2026-09-13 01:09:32,2026-09-13 03:04:35
pretrained,2,0.01,0.01,20,0,1.747032465090105,1.4942505459760507,2.0115553711904677,0.517304825214417,1.2559548284815492,2.286960716977963,False,0,7.552774228355702,0.0,2.5,C_ref,2026-09-13 01:09:32,2026-09-13 03:04:35
pretrained,2,0.01,0.01,21,0,1.905114851561572,1.657128333177342,2.1655514252184966,0.5084230920411545,1.422986438854527,2.437784633805921,False,0,4.940565765336942,0.0,2.5,C_ref,2026-09-13 01:09:32,2026-09-13 03:04:35
pretrained,2,0.01,0.01,22,0,1.7241623713337855,1.4721851742006773,1.9878609867727297,0.5156758125720524,1.234072386296596,2.2625796643633804,False,0,8.032286920450133,0.0,2.5,C_ref,2026-09-13 01:09:32,2026-09-13 03:04:35
pretrained,2,0.01,0.01,23,0,0.0,,0.005222837164232664,,,0.02307307532499167,True,0,8.991527839196351,,2.5,C_ref,2026-09-13 01:09:32,2026-09-13 03:04:35
pretrained,2,0.01,0.01,24,0,0.0,,0.004701371094084895,,,0.020549363517447444,True,0,10.890650133616873,,2.5,C_ref,2026-09-13 01:09:32,2026-09-13 03:04:35
pretrained,2,0.01,0.01,25,0,1.6098513960748504,1.3672082549047262,1.8657081935101754,0.49849993860544917,1.1417912305779865,2.133466693548268,False,0,10.927962142941396,0.0,2.5,C_ref,2026-09-13 01:09:32,2026-09-13 03:04:35
pretrained,2,0.01,0.01,26,0,0.0,,0.0050412720505044585,,,0.021048176983287377,True,0,9.438495105416223,,2.5,C_ref,2026-09-13 01:09:32,2026-09-13 03:04:35
pretrained,2,0.01,0.01,27,0,1.7810616887327373,1.5342503424083516,2.0398647205389975,0.5056143781306459,1.3011302007968057,2.309955375618864,False,0,7.184201659536484,0.0,2.5,C_ref,2026-09-13 01:09:32,2026-09-13 03:04:35
pretrained,2,0.01,0.01,28,0,1.78603236582937,1.5348900094884677,2.048561946812041,0.5136719373235734,1.2962337330715856,2.322061020988732,False,0,6.917642748871003,0.0,2.5,C_ref,2026-09-13 01:09:32,2026-09-13 03:04:35
pretrained,2,0.01,0.01,29,0,0.0,,0.00502883812950846,,,0.02283089064056662,True,0,9.53788184941368,,2.5,C_ref,2026-09-13 01:09:32,2026-09-13 03:04:35
pretrained,2,0.01,0.01,30,0,0.0,,0.0043616523409696585,,,0.019729216701154385,True,0,11.344357325746387,,2.5,C_ref,2026-09-13 01:09:32,2026-09-13 03:04:35
pretrained,2,0.01,0.01,31,0,0.0,,0.0035429249939471423,,,0.015785145965475297,True,0,7.301458608268149,,2.5,C_ref,2026-09-13 01:09:32,2026-09-13 03:04:35
pretrained,2,0.01,0.01,32,0,1.891311774990154,1.6430025430717077,2.1519865300660608,0.5089839869943531,1.4083551139826787,2.42444477024919,False,0,5.1529793367189995,0.0,2.5,C_ref,2026-09-13 01:09:32,2026-09-13 03:04:35
pretrained,2,0.01,0.01,33,0,1.708581257317481,1.4625863784974689,1.9669299645201057,0.5043435860226368,1.2308156679826332,2.2369410043882385,False,0,8.622514351121936,0.0,2.5,C_ref,2026-09-13 01:09:32,2026-09-13 03:04:35
pretrained,2,0.01,0.01,34,0,1.7166778089011163,1.4666844343677434,1.9791039896583014,0.5124195552905579,1.2318931002085567,2.2529037143411816,False,0,8.235239635894686,0.0,2.5,C_ref,2026-09-13 01:09:32,2026-09-13 03:04:35
pretrained,2,0.01,0.01,35,0,1.7592800602628051,1.514737386908118,2.0169327308254985,0.5021953439173805,1.2859702438035006,2.286622334713518,False,0,7.63186498313371,0.0,2.5,C_ref,2026-09-13 01:09:32,2026-09-13 03:04:35
pretrained,2,0.01,0.01,36,0,1.889427815761084,1.6427890968122394,2.14849970173701,0.5057106049247706,1.4099976130716765,2.4193674041394266,False,0,5.243073388253833,0.0,2.5,C_ref,2026-09-13 01:09:32,2026-09-13 03:04:35
pretrained,2,0.01,0.01,37,0,1.864813328316188,1.611629427297515,2.1288634148010934,0.5172339875035785,1.3699170554095914,2.4035503140135983,False,0,5.485584095215017,0.0,2.5,C_ref,2026-09-13 01:09:32,2026-09-13 03:04:35
pretrained,2,0.01,0.01,38,0,1.8772690453261518,1.6235365122632714,2.1421412962648767,0.5186047840016053,1.3820775471611082,2.41780153269154,False,0,5.2481502464579535,0.0,2.5,C_ref,2026-09-13 01:09:32,2026-09-13 03:04:35
pretrained,2,0.01,0.01,39,0,1.738850529843153,1.497702835882349,1.9941179314819462,0.4964150955995972,1.274060813629827,2.262108505436324,False,0,8.136897809788934,0.0,2.5,C_ref,2026-09-13 01:09:32,2026-09-13 03:04:35
pretrained,2,0.01,0.01,40,0,1.7843252454374552,1.5346787408402547,2.046250626848242,0.5115718860079872,1.2993811507510786,2.3196612965858963,False,0,6.960847578306129,0.0,2.5,C_ref,2026-09-13 01:09:32,2026-09-13 03:04:35
pretrained,2,0.01,0.01,41,0,0.0,,0.00458849168845536,,,0.020581035317933715,True,0,8.483380908495747,,2.5,C_ref,2026-09-13 01:09:32,2026-09-13 03:04:35
pretrained,2,0.01,0.01,42,0,0.0,,0.004199878773264476,,,0.01921037046572834,True,0,8.63043982776071,,2.5,C_ref,2026-09-13 01:09:32,2026-09-13 03:04:35
pretrained,2,0.01,0.01,43,0,0.0,,0.007353875948612589,,,0.02934317030711365,True,0,11.695427736733109,,2.5,C_ref,2026-09-13 01:09:32,2026-09-13 03:04:35
pretrained,2,0.01,0.01,44,0,0.0,,0.006153418162156099,,,0.02656932216269423,True,0,10.515333083778387,,2.5,C_ref,2026-09-13 01:09:32,2026-09-13 03:04:35
pretrained,2,0.01,0.01,45,0,1.620662085869389,1.3684018869029166,1.88455646051605,0.5161545736131334,1.1315998070921767,2.159254386648473,False,0,10.180805345396948,0.0,2.5,C_ref,2026-09-13 01:09:32,2026-09-13 03:04:35
pretrained,2,0.01,0.01,46,0,1.7548792714113524,1.5051343338817684,2.0163327350236533,0.5111984011418849,1.2688481978839716,2.2888870992880292,False,0,7.5539595271366125,0.0,2.5,C_ref,2026-09-13 01:09:32,2026-09-13 03:04:35
pretrained,2,0.01,0.01,47,0,1.8204299109486262,1.5691207558163065,2.0826275306463167,0.5135067748300102,1.329448082793555,2.3556157528006474,False,0,6.3182188468381355,0.0,2.5,C_ref,2026-09-13 01:09:32,2026-09-13 03:04:35
pretrained,0,0.03,0.03,0,0,0.9924251739839908,0.9756570718334284,1.0721331470422737,0.0964760752088451,0.960943356449445,1.2120440365085368,False,0,32.13179645456694,0.0,0.4,C_ref,2026-09-12 04:26:58,2026-09-12 06:55:11
pretrained,0,0.03,0.03,1,0,1.0167358817009298,0.9788535242615556,1.1162921673977275,0.1374386431361721,0.9717181412649596,1.2651027419578826,False,0,42.07093870646713,0.0,0.4,C_ref,2026-09-12 04:26:58,2026-09-12 06:55:11
pretrained,0,0.03,0.03,2,0,0.9807639126506404,0.9676884179249564,1.0562307049854174,0.088542287060461,0.9602689384395342,1.1930525076964038,False,0,18.456951811367617,0.0,0.4,C_ref,2026-09-12 04:26:58,2026-09-12 06:55:11
pretrained,0,0.03,0.03,3,0,1.0221780452199345,0.9911237724076458,1.1151200420157203,0.1239962696080745,0.9855866116262286,1.2612768635221876,False,0,35.04124344032243,0.0,0.4,C_ref,2026-09-12 04:26:58,2026-09-12 06:55:11
pretrained,0,0.03,0.03,4,0,0.9700820122716488,0.9525169292754276,1.050970923705711,0.0984539944302832,0.938207700659076,1.1889049738609638,False,0,30.30832523681238,0.0,0.4,C_ref,2026-09-12 04:26:58,2026-09-12 06:55:11
pretrained,0,0.03,0.03,5,0,0.981128323181401,0.9652755392996006,1.0599655847011653,0.0946900454015646,0.9465896356531164,1.1982794044897358,False,0,18.17353867817292,0.0,0.4,C_ref,2026-09-12 04:26:58,2026-09-12 06:55:11
pretrained,0,0.03,0.03,6,0,0.98486489849021,0.9754815643726228,1.0567860023807585,0.0813044380081355,0.9210557062883832,1.1907121946855788,False,0,18.48419441338774,0.0,0.4,C_ref,2026-09-12 04:26:58,2026-09-12 06:55:11
pretrained,0,0.03,0.03,7,0,0.974996677571054,0.9672040708327916,1.0551054949139629,0.0879014240811709,0.9409854648583096,1.1977478325530124,False,0,16.2926586925023,0.0,0.4,C_ref,2026-09-12 04:26:58,2026-09-12 06:55:11
pretrained,0,0.03,0.03,8,0,1.0040654679072094,0.9584773718887376,1.114249064212704,0.1557716923239663,0.9464609952960892,1.2705409914729875,False,0,61.39801397248084,0.0,0.4,C_ref,2026-09-12 04:26:58,2026-09-12 06:55:11
pretrained,0,0.03,0.03,9,0,0.9806337097778728,0.9597756089752824,1.060894897132314,0.1011192881570316,0.950397308008525,1.1991226120243448,False,0,20.153133207171777,0.0,0.4,C_ref,2026-09-12 04:26:58,2026-09-12 06:55:11
pretrained,0,0.03,0.03,10,0,1.047062804664283,0.9798988219836318,1.1688690469513752,0.1889702249677434,0.9679113522763476,1.3341389359549074,False,0,48.808968822151655,0.0,0.4,C_ref,2026-09-12 04:26:58,2026-09-12 06:55:11
pretrained,0,0.03,0.03,11,0,0.9836177212418624,0.9679511731559596,1.056482160295134,0.0885309871391742,0.9602609577658618,1.1914134893020616,False,0,14.618253507807822,0.0,0.4,C_ref,2026-09-12 04:26:58,2026-09-12 06:55:11
pretrained,0,0.03,0.03,12,0,1.0014082266456397,0.9728710796256194,1.097823162659301,0.1249520830336813,0.9622651049832692,1.248313377194913,False,0,28.075004942758824,0.0,0.4,C_ref,2026-09-12 04:26:58,2026-09-12 06:55:11
pretrained,0,0.03,0.03,13,0,0.9862704564949972,0.9482299947394722,1.0919172443706875,0.1436872496312152,0.927889147156179,1.2503697500717672,False,0,30.522373681378667,0.0,0.4,C_ref,2026-09-12 04:26:58,2026-09-12 06:55:11
pretrained,0,0.03,0.03,14,0,1.0016808709334886,0.9589580563373586,1.1028449681982275,0.1438869118608688,0.9503740992253736,1.2516802075643991,False,0,36.73560469445147,0.0,0.4,C_ref,2026-09-12 04:26:58,2026-09-12 06:55:11
pretrained,0,0.03,0.03,15,0,0.9548520296932592,0.9411113892647744,1.040006577582786,0.0988951883180117,0.8980558549015364,1.1924749496082512,False,0,14.713075659430617,0.0,0.4,C_ref,2026-09-12 04:26:58,2026-09-12 06:55:11
pretrained,0,0.03,0.03,16,0,1.0368120446671012,0.9699919039756896,1.1577115358485792,0.1877196318728897,0.9624763852876392,1.3199135266699933,False,0,62.95161585956885,0.0,0.4,C_ref,2026-09-12 04:26:58,2026-09-12 06:55:11
pretrained,0,0.03,0.03,17,0,0.9576281405665537,0.9430672671873982,1.038209267117861,0.0951419999304631,0.9247797392091084,1.1768588991927238,False,0,16.136966340996878,0.0,0.4,C_ref,2026-09-12 04:26:58,2026-09-12 06:55:11
pretrained,0,0.03,0.03,18,0,1.015094291915148,0.9773770942330556,1.1203980974771013,0.1430210032440456,0.9644206996117368,1.272821679840368,False,0,48.96970482786856,0.0,0.4,C_ref,2026-09-12 04:26:58,2026-09-12 06:55:11
pretrained,0,0.03,0.03,19,0,0.9833445238023762,0.9655876223052754,1.068355481435419,0.1027678591301436,0.9545304447688367,1.2115116904720222,False,0,26.909762845734804,0.0,0.4,C_ref,2026-09-12 04:26:58,2026-09-12 06:55:11
pretrained,0,0.03,0.03,20,0,0.996923939267636,0.9558697232607444,1.0996794512525987,0.1438097279918544,0.9276987134445304,1.247025414298612,False,0,42.62043414107029,0.0,0.4,C_ref,2026-09-12 04:26:58,2026-09-12 06:55:11
pretrained,0,0.03,0.03,21,0,1.013384614663046,0.975057664878276,1.1163658867563273,0.1413082218780513,0.967565611823465,1.267662620987352,False,0,54.60095447268759,0.0,0.4,C_ref,2026-09-12 04:26:58,2026-09-12 06:55:11
pretrained,0,0.03,0.03,22,0,0.9524205428390528,0.9357928073376542,1.041038760422994,0.1052459530853398,0.9129204907088594,1.188068183269885,False,0,29.444654442864703,0.0,0.4,C_ref,2026-09-12 04:26:58,2026-09-12 06:55:11
pretrained,0,0.03,0.03,23,0,1.009373375369603,0.9850698311903046,1.1006315700653715,0.1155617388750669,0.9627009432345172,1.243020671533089,False,0,28.72671653037833,0.0,0.4,C_ref,2026-09-12 04:26:58,2026-09-12 06:55:11
pretrained,0,0.03,0.03,24,0,0.999310916083564,0.98145739659423,1.07922147951142,0.0977640829171898,0.9750718748877892,1.2156058803277126,False,0,20.64590239459721,0.0,0.4,C_ref,2026-09-12 04:26:58,2026-09-12 06:55:11
pretrained,0,0.03,0.03,25,0,0.9739989594005156,0.9611380483518216,1.0256647379656605,0.0645266896138385,0.8374520312012297,1.149446753744473,False,0,9.950553809383564,0.0,0.4,C_ref,2026-09-12 04:26:58,2026-09-12 06:55:11
pretrained,0,0.03,0.03,26,0,0.9703036632729708,0.9464416843512724,1.0617550223454877,0.1153133379942151,0.9222295421429776,1.2043773715343096,False,0,28.57203075589132,0.0,0.4,C_ref,2026-09-12 04:26:58,2026-09-12 06:55:11
pretrained,0,0.03,0.03,27,0,1.016556007530825,0.9786476517385928,1.1161792049787675,0.1375315532401748,0.9697732750477732,1.2612901668010854,False,0,47.35028426429199,0.0,0.4,C_ref,2026-09-12 04:26:58,2026-09-12 06:55:11
pretrained,0,0.03,0.03,28,0,1.011336966413281,0.968236135908836,1.112724790779785,0.1444886548709489,0.9512909235919632,1.2612284787958403,False,0,41.215463798296696,0.0,0.4,C_ref,2026-09-12 04:26:58,2026-09-12 06:55:11
pretrained,0,0.03,0.03,29,0,1.0063472678927572,0.9841366850530452,1.1012116828749663,0.1170749978219211,0.9646102017755688,1.24863545664557,False,0,31.94505302835023,0.0,0.4,C_ref,2026-09-12 04:26:58,2026-09-12 06:55:11
pretrained,0,0.03,0.03,30,0,0.9838248619601248,0.9672143117430484,1.0605796743695544,0.093365362626506,0.94070724216648,1.197840746885258,False,0,32.371870845759986,0.0,0.4,C_ref,2026-09-12 04:26:58,2026-09-12 06:55:11
pretrained,0,0.03,0.03,31,0,1.011656683363633,0.9835921698694252,1.1037519094131825,0.1201597395437571,0.9764794319473026,1.2490381923192264,False,0,39.13674535633254,0.0,0.4,C_ref,2026-09-12 04:26:58,2026-09-12 06:55:11
pretrained,0,0.03,0.03,32,0,1.0072202053134722,0.9777933956518142,1.1049641556972682,0.127170760045454,0.9683036846483142,1.2536161708318736,False,0,36.82581612317881,0.0,0.4,C_ref,2026-09-12 04:26:58,2026-09-12 06:55:11
pretrained,0,0.03,0.03,33,0,0.9772465912290532,0.9642521112636976,1.0617454413919885,0.0974933301282908,0.9194989955926808,1.205670076922337,False,0,38.65650497087336,0.0,0.4,C_ref,2026-09-12 04:26:58,2026-09-12 06:55:11
pretrained,0,0.03,0.03,34,0,0.9889820943032662,0.9778928517497536,1.0652853560398472,0.0873925042900936,0.9713199925752096,1.2049152690081946,False,0,20.35243084267131,0.0,0.4,C_ref,2026-09-12 04:26:58,2026-09-12 06:55:11
pretrained,0,0.03,0.03,35,0,0.9940879655393694,0.9684632109806528,1.0898400525471923,0.1213768415665393,0.962159218785841,1.238013922172556,False,0,55.0822198141359,0.0,0.4,C_ref,2026-09-12 04:26:58,2026-09-12 06:55:11
pretrained,0,0.03,0.03,36,0,1.03121792708403,0.9833412750050708,1.1335595476256128,0.1502182726205421,0.9774105273412486,1.281955752624795,False,0,44.45988796874735,0.0,0.4,C_ref,2026-09-12 04:26:58,2026-09-12 06:55:11
pretrained,0,0.03,0.03,37,0,1.0014768648733317,0.9688789648906856,1.0915128554829094,0.1226338905922238,0.9616621319497404,1.2320949045020753,False,0,31.68168916946161,0.0,0.4,C_ref,2026-09-12 04:26:58,2026-09-12 06:55:11
pretrained,0,0.03,0.03,38,0,1.022588942551125,0.9677974011168508,1.1459669844880012,0.1781695833711503,0.9546963757306206,1.3129518102453752,False,0,57.5809992852046,0.0,0.4,C_ref,2026-09-12 04:26:58,2026-09-12 06:55:11
pretrained,0,0.03,0.03,39,0,1.0324507419732336,0.9799149640673728,1.1340250200678368,0.154110056000464,0.9690721297301594,1.279741821114182,False,0,40.30414486021255,0.0,0.4,C_ref,2026-09-12 04:26:58,2026-09-12 06:55:11
pretrained,0,0.03,0.03,40,0,0.9918814957247746,0.9755493695584893,1.0849115557821836,0.1093621862236943,0.9448190111062732,1.2347082387727537,False,0,40.73547870838957,0.0,0.4,C_ref,2026-09-12 04:26:58,2026-09-12 06:55:11
pretrained,0,0.03,0.03,41,0,0.969166463571706,0.9268281390352184,1.0678066493523046,0.140978510317086,0.9180493233052156,1.215115231577069,False,0,31.04110036914426,0.0,0.4,C_ref,2026-09-12 04:26:58,2026-09-12 06:55:11
pretrained,0,0.03,0.03,42,0,0.9349610480331452,0.91888965404411,1.0081477698782524,0.0892581158341424,0.913727628138619,1.1403995989103648,False,0,7.815802714711026,0.0,0.4,C_ref,2026-09-12 04:26:58,2026-09-12 06:55:11
pretrained,0,0.03,0.03,43,0,0.9785508041765404,0.964234030203603,1.058390555621684,0.0941565254180809,0.944304564681998,1.1979911135549488,False,0,29.19023113935328,0.0,0.4,C_ref,2026-09-12 04:26:58,2026-09-12 06:55:11
pretrained,0,0.03,0.03,44,0,0.9797586104667736,0.9484818832716594,1.0835888448189537,0.135106961547294,0.9381841235397026,1.239446256179522,False,0,58.896594113193714,0.0,0.4,C_ref,2026-09-12 04:26:58,2026-09-12 06:55:11
pretrained,0,0.03,0.03,45,0,0.9443448652117168,0.9302563581648,1.0103773935489906,0.0801210353841905,0.8582265096656585,1.148730194533765,False,0,15.935820763086667,0.0,0.4,C_ref,2026-09-12 04:26:58,2026-09-12 06:55:11
pretrained,0,0.03,0.03,46,0,1.0041871389387895,0.9875098920993026,1.0897575606581344,0.1022476685588318,0.9697197430493756,1.229276547852007,False,0,28.21512600774804,0.0,0.4,C_ref,2026-09-12 04:26:58,2026-09-12 06:55:11
pretrained,0,0.03,0.03,47,0,1.016420296753826,0.9775520194015496,1.115942320828048,0.1383903014264984,0.9686409781917026,1.2651706794695237,False,0,38.97166177210238,0.0,0.4,C_ref,2026-09-12 04:26:58,2026-09-12 06:55:11
pretrained,0,0.03,0.03,0,0,0.0,,0.0004943586019952,,,0.0019774344079811,True,0,33.92652232819091,,2.5,C_ref,2026-09-12 04:26:58,2026-09-12 06:55:11
pretrained,0,0.03,0.03,1,0,0.0,,0.0002412250770731,,,0.0009649003082924,True,0,30.18577626077968,,2.5,C_ref,2026-09-12 04:26:58,2026-09-12 06:55:11
pretrained,0,0.03,0.03,2,0,0.0,,0.0008953091205459,,,0.0035812364821839,True,0,36.184954752712656,,2.5,C_ref,2026-09-12 04:26:58,2026-09-12 06:55:11
pretrained,0,0.03,0.03,3,0,0.0,,0.000311730905498,,,0.0012469236219921,True,0,27.783298461250524,,2.5,C_ref,2026-09-12 04:26:58,2026-09-12 06:55:11
pretrained,0,0.03,0.03,4,0,0.0,,0.0005578373000659,,,0.0022313492002636,True,0,39.10128031667045,,2.5,C_ref,2026-09-12 04:26:58,2026-09-12 06:55:11
pretrained,0,0.03,0.03,5,0,0.0,,0.0003675159449118,,,0.0014700637796473,True,0,33.09684450180066,,2.5,C_ref,2026-09-12 04:26:58,2026-09-12 06:55:11
pretrained,0,0.03,0.03,6,0,0.0,,0.0003661798191484,,,0.0014647192765939,True,0,35.50157988771025,,2.5,C_ref,2026-09-12 04:26:58,2026-09-12 06:55:11
pretrained,0,0.03,0.03,7,0,0.0,,0.0005966611246253,,,0.0023866444985015,True,0,29.55504179725904,,2.5,C_ref,2026-09-12 04:26:58,2026-09-12 06:55:11
pretrained,0,0.03,0.03,8,0,0.0,,0.0002832780419123,,,0.0011331121676495,True,0,27.254653396808862,,2.5,C_ref,2026-09-12 04:26:58,2026-09-12 06:55:11
pretrained,0,0.03,0.03,9,0,0.0,,0.0003086431926873,,,0.0012345727707493,True,0,42.45823296972594,,2.5,C_ref,2026-09-12 04:26:58,2026-09-12 06:55:11
pretrained,0,0.03,0.03,10,0,0.0,,0.0001497581610742,,,0.0005990326442969,True,0,19.75943546658528,,2.5,C_ref,2026-09-12 04:26:58,2026-09-12 06:55:11
pretrained,0,0.03,0.03,11,0,0.0,,0.000690204769357,,,0.0027608190774282,True,0,32.88490586751141,,2.5,C_ref,2026-09-12 04:26:58,2026-09-12 06:55:11
pretrained,0,0.03,0.03,12,0,0.0,,0.0002501598049642,,,0.001000639219857,True,0,29.60147491992029,,2.5,C_ref,2026-09-12 04:26:58,2026-09-12 06:55:11
pretrained,0,0.03,0.03,13,0,0.0,,0.000257291893901,,,0.001029167575604,True,0,27.15154177534714,,2.5,C_ref,2026-09-12 04:26:58,2026-09-12 06:55:11
pretrained,0,0.03,0.03,14,0,0.0,,0.0002380749857514,,,0.0009522999430056,True,0,30.804435883233964,,2.5,C_ref,2026-09-12 04:26:58,2026-09-12 06:55:11
pretrained,0,0.03,0.03,15,0,0.0,,0.0007063323894169,,,0.0028253295576676,True,0,31.09007861804639,,2.5,C_ref,2026-09-12 04:26:58,2026-09-12 06:55:11
pretrained,0,0.03,0.03,16,0,0.0,,0.000105001451126,,,0.0004200058045043,True,0,19.60358610631374,,2.5,C_ref,2026-09-12 04:26:58,2026-09-12 06:55:11
pretrained,0,0.03,0.03,17,0,0.0,,0.0005215785737104,,,0.0020863142948416,True,0,32.302259637843235,,2.5,C_ref,2026-09-12 04:26:58,2026-09-12 06:55:11
pretrained,0,0.03,0.03,18,0,0.0,,0.0001978121879518,,,0.0007912487518072,True,0,24.55654170745038,,2.5,C_ref,2026-09-12 04:26:58,2026-09-12 06:55:11
pretrained,0,0.03,0.03,19,0,0.0,,0.0004003193533535,,,0.0016012774134141,True,0,30.742111685449345,,2.5,C_ref,2026-09-12 04:26:58,2026-09-12 06:55:11
pretrained,0,0.03,0.03,20,0,0.0,,0.0002142726679964,,,0.0008570906719856,True,0,30.66720022442678,,2.5,C_ref,2026-09-12 04:26:58,2026-09-12 06:55:11
pretrained,0,0.03,0.03,21,0,0.0,,0.0002309291696205,,,0.0009237166784822,True,0,36.08486164101123,,2.5,C_ref,2026-09-12 04:26:58,2026-09-12 06:55:11
pretrained,0,0.03,0.03,22,0,0.0,,0.00037950149442,,,0.0015180059776803,True,0,35.57193788966106,,2.5,C_ref,2026-09-12 04:26:58,2026-09-12 06:55:11
pretrained,0,0.03,0.03,23,0,0.0,,0.0002361357473282,,,0.0009445429893129,True,0,27.67621280964522,,2.5,C_ref,2026-09-12 04:26:58,2026-09-12 06:55:11
pretrained,0,0.03,0.03,24,0,0.0,,0.0004717333696101,,,0.0018869334784407,True,0,37.089020710966,,2.5,C_ref,2026-09-12 04:26:58,2026-09-12 06:55:11
pretrained,0,0.03,0.03,25,0,0.0,,0.0023426850335798,,,0.0093707401343192,True,0,37.410151234522345,,2.5,C_ref,2026-09-12 04:26:58,2026-09-12 06:55:11
pretrained,0,0.03,0.03,26,0,0.0,,0.0002419526692698,,,0.0009678106770794,True,0,30.53150320536588,,2.5,C_ref,2026-09-12 04:26:58,2026-09-12 06:55:11
pretrained,0,0.03,0.03,27,0,0.0,,0.0001494361083737,,,0.0005977444334948,True,0,28.2185661299809,,2.5,C_ref,2026-09-12 04:26:58,2026-09-12 06:55:11
pretrained,0,0.03,0.03,28,0,0.0,,0.0001498743063402,,,0.0005994972253608,True,0,24.47380510867515,,2.5,C_ref,2026-09-12 04:26:58,2026-09-12 06:55:11
pretrained,0,0.03,0.03,29,0,0.0,,0.0002414107758565,,,0.0009656431034262,True,0,28.523980743171705,,2.5,C_ref,2026-09-12 04:26:58,2026-09-12 06:55:11
pretrained,0,0.03,0.03,30,0,0.0,,0.0004235983421235,,,0.001694393368494,True,0,32.45854526228504,,2.5,C_ref,2026-09-12 04:26:58,2026-09-12 06:55:11
pretrained,0,0.03,0.03,31,0,0.0,,0.0002640099189932,,,0.001056039675973,True,0,28.200931858536933,,2.5,C_ref,2026-09-12 04:26:58,2026-09-12 06:55:11
pretrained,0,0.03,0.03,32,0,0.0,,0.000195500459076,,,0.0007820018363042,True,0,27.389881481030898,,2.5,C_ref,2026-09-12 04:26:58,2026-09-12 06:55:11
pretrained,0,0.03,0.03,33,0,0.0,,0.0006689455974666,,,0.0026757823898664,True,0,31.279193473070336,,2.5,C_ref,2026-09-12 04:26:58,2026-09-12 06:55:11
pretrained,0,0.03,0.03,34,0,0.0,,0.0005954609866081,,,0.0023818439464325,True,0,32.40306541274913,,2.5,C_ref,2026-09-12 04:26:58,2026-09-12 06:55:11
pretrained,0,0.03,0.03,35,0,0.0,,0.000438459938676,,,0.001753839754704,True,0,35.71230357953027,,2.5,C_ref,2026-09-12 04:26:58,2026-09-12 06:55:11
pretrained,0,0.03,0.03,36,0,0.0,,0.0001152104475021,,,0.0004608417900086,True,0,23.327104127354687,,2.5,C_ref,2026-09-12 04:26:58,2026-09-12 06:55:11
pretrained,0,0.03,0.03,37,0,0.0,,0.0001963235731392,,,0.0007852942925571,True,0,33.39144195052722,,2.5,C_ref,2026-09-12 04:26:58,2026-09-12 06:55:11
pretrained,0,0.03,0.03,38,0,0.0,,0.0001560672870828,,,0.0006242691483312,True,0,23.50303163118588,,2.5,C_ref,2026-09-12 04:26:58,2026-09-12 06:55:11
pretrained,0,0.03,0.03,39,0,0.0,,0.0001449641344144,,,0.0005798565376577,True,0,26.03561905660536,,2.5,C_ref,2026-09-12 04:26:58,2026-09-12 06:55:11
pretrained,0,0.03,0.03,40,0,0.0,,0.0003743318196958,,,0.0014973272787832,True,0,29.976609156816263,,2.5,C_ref,2026-09-12 04:26:58,2026-09-12 06:55:11
pretrained,0,0.03,0.03,41,0,0.0,,0.0002245669665578,,,0.0008982678662314,True,0,29.18476569171617,,2.5,C_ref,2026-09-12 04:26:58,2026-09-12 06:55:11
pretrained,0,0.03,0.03,42,0,0.0,,0.0013852555719482,,,0.005541022287793,True,0,40.08125397134427,,2.5,C_ref,2026-09-12 04:26:58,2026-09-12 06:55:11
pretrained,0,0.03,0.03,43,0,0.0,,0.0004914192403166,,,0.0019656769612664,True,0,31.11557439945318,,2.5,C_ref,2026-09-12 04:26:58,2026-09-12 06:55:11
pretrained,0,0.03,0.03,44,0,0.0,,0.0003725800022406,,,0.0014903200089624,True,0,27.215060178266867,,2.5,C_ref,2026-09-12 04:26:58,2026-09-12 06:55:11
pretrained,0,0.03,0.03,45,0,0.0,,0.0013335326067102,,,0.0053341304268411,True,0,34.0595356241065,,2.5,C_ref,2026-09-12 04:26:58,2026-09-12 06:55:11
pretrained,0,0.03,0.03,46,0,0.0,,0.0003002253030642,,,0.001200901212257,True,0,32.98697343166714,,2.5,C_ref,2026-09-12 04:26:58,2026-09-12 06:55:11
pretrained,0,0.03,0.03,47,0,0.0,,0.0002804635360172,,,0.0011218541440689,True,0,26.0066442082134,,2.5,C_ref,2026-09-12 04:26:58,2026-09-12 06:55:11
pretrained,1,0.03,0.03,0,0,0.9077863339976073,0.8854484277926734,1.030234722086335,0.14478629429366163,0.8366259366721084,1.2108516749944356,False,0,33.02380010213528,0.0,0.4,C_ref,2026-09-13 05:55:04,2026-09-13 07:50:41
pretrained,1,0.03,0.03,1,0,0.9986380670611551,0.9170025932081194,1.1476005516301915,0.2305979584220721,0.8881369242300317,1.3340317646490538,False,0,60.474645832571696,0.0,0.4,C_ref,2026-09-13 05:55:04,2026-09-13 07:50:41
pretrained,1,0.03,0.03,2,0,0.9576190610134989,0.9026004794277012,1.0890844650905243,0.1864839856628231,0.8425435684550706,1.2795564303084415,False,0,41.639657321589766,0.0,0.4,C_ref,2026-09-13 05:55:04,2026-09-13 07:50:41
pretrained,1,0.03,0.03,3,0,1.0021748780181063,0.9216342242483319,1.1536119806199454,0.23197775637161355,0.9051503389331956,1.343411389369131,False,0,55.92164317836432,0.0,0.4,C_ref,2026-09-13 05:55:04,2026-09-13 07:50:41
pretrained,1,0.03,0.03,4,0,0.934883539612787,0.9022929940311416,1.0649927604826823,0.16269976645154072,0.8390609292018658,1.253481957779115,False,0,42.46210876188343,0.0,0.4,C_ref,2026-09-13 05:55:04,2026-09-13 07:50:41
pretrained,1,0.03,0.03,5,0,0.9809525062368628,0.9423331102008752,1.124863355916226,0.18253024571535081,0.8638908666679902,1.3178394635017798,False,0,56.824409169206774,0.0,0.4,C_ref,2026-09-13 05:55:04,2026-09-13 07:50:41
pretrained,1,0.03,0.03,6,0,0.9649489247542157,0.9439766316394224,1.0940853472191807,0.15010871557975836,0.88211746605924,1.2775620869682676,False,0,53.15861717349617,0.0,0.4,C_ref,2026-09-13 05:55:04,2026-09-13 07:50:41
pretrained,1,0.03,0.03,7,0,1.0309559949508578,0.9526257776356615,1.1854265805820654,0.23280080294640393,0.9276518149743592,1.3776627648665438,False,0,70.42338843035031,0.0,0.4,C_ref,2026-09-13 05:55:04,2026-09-13 07:50:41
pretrained,1,0.03,0.03,8,0,1.0413834273666016,0.9670252657697737,1.2012207609210304,0.2341954951512567,0.9266964567413555,1.397079287938124,False,0,65.33718878707077,0.0,0.4,C_ref,2026-09-13 05:55:04,2026-09-13 07:50:41
pretrained,1,0.03,0.03,9,0,0.9815146456035355,0.9182846162409234,1.1357697346406306,0.2174851183997072,0.8995841130506291,1.330388523153476,False,0,60.2251179411287,0.0,0.4,C_ref,2026-09-13 05:55:04,2026-09-13 07:50:41
pretrained,1,0.03,0.03,10,0,0.9894755502454344,0.9556879024654183,1.1273022827895833,0.17161438032416498,0.9213463098539387,1.3149243371945332,False,0,40.68999519201316,0.0,0.4,C_ref,2026-09-13 05:55:04,2026-09-13 07:50:41
pretrained,1,0.03,0.03,11,0,0.9920684168438468,0.9529552985112643,1.1340000497203677,0.18104475120910346,0.9075228751305642,1.3213870453121825,False,0,59.21769549192686,0.0,0.4,C_ref,2026-09-13 05:55:04,2026-09-13 07:50:41
pretrained,1,0.03,0.03,12,0,1.0682365227057624,0.9535504725229319,1.234752556571986,0.281202084049054,0.9299993518685207,1.4316899321691838,False,0,104.65279123379878,0.0,0.4,C_ref,2026-09-13 05:55:04,2026-09-13 07:50:41
pretrained,1,0.03,0.03,13,0,1.0790234285514957,0.9539268948001767,1.2452758946176403,0.29134899981746365,0.9067752239658494,1.4405047585498962,False,0,113.40882785340364,0.0,0.4,C_ref,2026-09-13 05:55:04,2026-09-13 07:50:41
pretrained,1,0.03,0.03,14,0,1.0620595082447333,0.9771674571749789,1.2123286042424626,0.2351611470674837,0.9678619222528524,1.401752064208949,False,0,60.9798972282224,0.0,0.4,C_ref,2026-09-13 05:55:04,2026-09-13 07:50:41
pretrained,1,0.03,0.03,15,0,0.9597506418280116,0.9060657687763533,1.1209782567730442,0.21491248799669094,0.8529819710110096,1.3230616004062947,False,0,65.00749432296288,0.0,0.4,C_ref,2026-09-13 05:55:04,2026-09-13 07:50:41
pretrained,1,0.03,0.03,16,0,0.9761511063189923,0.9259834372270886,1.1200827609363746,0.19409932370928595,0.8649173360691531,1.3071250024367393,False,0,48.17060959434457,0.0,0.4,C_ref,2026-09-13 05:55:04,2026-09-13 07:50:41
pretrained,1,0.03,0.03,17,0,0.9700745563354127,0.9344492727069265,1.0973907501349638,0.16294147742803733,0.9183544220281317,1.2753561971505352,False,0,46.46486862123493,0.0,0.4,C_ref,2026-09-13 05:55:04,2026-09-13 07:50:41
pretrained,1,0.03,0.03,18,0,1.0383991677226334,0.9717109853462859,1.1791671465758178,0.20745616122953192,0.967305094301776,1.3664334062227865,False,0,45.17843761416225,0.0,0.4,C_ref,2026-09-13 05:55:04,2026-09-13 07:50:41
pretrained,1,0.03,0.03,19,0,0.9583216285294744,0.9360285777767601,1.0849810520243557,0.1489524742475956,0.8586893664894197,1.2669419400653814,False,0,43.472183594069065,0.0,0.4,C_ref,2026-09-13 05:55:04,2026-09-13 07:50:41
pretrained,1,0.03,0.03,20,0,1.0589908388047848,0.9457191928320178,1.22018431940347,0.2744651265714523,0.9077607629391972,1.4133895129396312,False,0,84.77123045952612,0.0,0.4,C_ref,2026-09-13 05:55:04,2026-09-13 07:50:41
pretrained,1,0.03,0.03,21,0,1.0465304811287668,0.9472934696151537,1.2083005911393003,0.2610071215241466,0.8975457030908179,1.403627725102954,False,0,76.02041173322141,0.0,0.4,C_ref,2026-09-13 05:55:04,2026-09-13 07:50:41
pretrained,1,0.03,0.03,22,0,0.9698044940450186,0.9285600679652729,1.1101398618036455,0.18157979383837264,0.9042725695625334,1.299323674024706,False,0,50.6969357955968,0.0,0.4,C_ref,2026-09-13 05:55:04,2026-09-13 07:50:41
pretrained,1,0.03,0.03,23,0,0.9829149269747173,0.9399931519173087,1.1178951989667827,0.177902047049474,0.914947737914873,1.3008690404135008,False,0,55.61934239757102,0.0,0.4,C_ref,2026-09-13 05:55:04,2026-09-13 07:50:41
pretrained,1,0.03,0.03,24,0,0.9579701587637881,0.9327435792749483,1.0904555548463148,0.15771197557136651,0.8733627625312348,1.2759401311887206,False,0,48.22770893958659,0.0,0.4,C_ref,2026-09-13 05:55:04,2026-09-13 07:50:41
pretrained,1,0.03,0.03,25,0,0.9618233285220922,0.9160639607546069,1.1045378880961403,0.18847392734153334,0.8835918764836562,1.2893166383811345,False,0,60.83819921845134,0.0,0.4,C_ref,2026-09-13 05:55:04,2026-09-13 07:50:41
pretrained,1,0.03,0.03,26,0,0.9495091669709159,0.8995382852164623,1.073033109956009,0.1734948247395468,0.8958092515835695,1.2464283733737986,False,0,37.29837002000568,0.0,0.4,C_ref,2026-09-13 05:55:04,2026-09-13 07:50:41
pretrained,1,0.03,0.03,27,0,0.9747559639012032,0.927451300371739,1.0982806234898133,0.1708293231180743,0.9154479376256729,1.2791544542798419,False,0,41.62316904289037,0.0,0.4,C_ref,2026-09-13 05:55:04,2026-09-13 07:50:41
pretrained,1,0.03,0.03,28,0,0.978974983375066,0.9322198692997388,1.134367179787281,0.2021473104875422,0.8750516152109513,1.3287433445688495,False,0,73.78454732985847,0.0,0.4,C_ref,2026-09-13 05:55:04,2026-09-13 07:50:41
pretrained,1,0.03,0.03,29,0,0.9697809265524344,0.9265208054168552,1.10914618965149,0.1826253842346348,0.8957662264565069,1.2963707949805383,False,0,45.60734400917863,0.0,0.4,C_ref,2026-09-13 05:55:04,2026-09-13 07:50:41
pretrained,1,0.03,0.03,30,0,0.9922901334737739,0.9278706207930792,1.135000080512049,0.2071294597189698,0.9027153790992376,1.3170916446343444,False,0,74.19613616257993,0.0,0.4,C_ref,2026-09-13 05:55:04,2026-09-13 07:50:41
pretrained,1,0.03,0.03,31,0,1.0457284349647826,0.9596310226166153,1.1949161653910867,0.23528514277447143,0.9458662124977658,1.3847070916437394,False,0,59.26770614341876,0.0,0.4,C_ref,2026-09-13 05:55:04,2026-09-13 07:50:41
pretrained,1,0.03,0.03,32,0,1.0415206539740725,0.9772940787821947,1.2020413452265826,0.22474726644438792,0.951721984773865,1.400369416107134,False,0,65.57675058942186,0.0,0.4,C_ref,2026-09-13 05:55:04,2026-09-13 07:50:41
pretrained,1,0.03,0.03,33,0,0.9609889657455501,0.9053186345564572,1.1081153319126626,0.20279669735620542,0.8681523673956548,1.2965214573987198,False,0,46.981334575677465,0.0,0.4,C_ref,2026-09-13 05:55:04,2026-09-13 07:50:41
pretrained,1,0.03,0.03,34,0,0.9159406654862925,0.876175718597936,1.0558786469982337,0.17970292840029778,0.8630218165846903,1.248651872452624,False,0,37.90215171518139,0.0,0.4,C_ref,2026-09-13 05:55:04,2026-09-13 07:50:41
pretrained,1,0.03,0.03,35,0,0.9905100100288051,0.9475540679901521,1.1232080610035704,0.17565399301341833,0.9077896097296884,1.301769657627055,False,0,47.5203763616737,0.0,0.4,C_ref,2026-09-13 05:55:04,2026-09-13 07:50:41
pretrained,1,0.03,0.03,36,0,1.0464395272956997,0.9566294903865631,1.2201337582063414,0.2635042678197783,0.9058230002677485,1.4247795789969604,False,0,70.66589758632836,0.0,0.4,C_ref,2026-09-13 05:55:04,2026-09-13 07:50:41
pretrained,1,0.03,0.03,37,0,0.9988864790861524,0.9647248863638189,1.144585506021256,0.17986061965743705,0.9200450073176337,1.336808671995818,False,0,61.530917025160306,0.0,0.4,C_ref,2026-09-13 05:55:04,2026-09-13 07:50:41
pretrained,1,0.03,0.03,38,0,1.078804521642365,0.9530712730248664,1.2518008163621575,0.29872954333729107,0.9209504565685735,1.4542782762915758,False,0,93.44044374771693,0.0,0.4,C_ref,2026-09-13 05:55:04,2026-09-13 07:50:41
pretrained,1,0.03,0.03,39,0,0.981134049526732,0.9469786906657347,1.116042637277364,0.16906394661162927,0.8683130145686779,1.2961719042639532,False,0,64.17430039562169,0.0,0.4,C_ref,2026-09-13 05:55:04,2026-09-13 07:50:41
pretrained,1,0.03,0.03,40,0,0.9939456732657633,0.9175698439541123,1.1482869343282174,0.23071709037410504,0.8990093952666697,1.3435485479534597,False,0,53.67855243894519,0.0,0.4,C_ref,2026-09-13 05:55:04,2026-09-13 07:50:41
pretrained,1,0.03,0.03,41,0,0.9851192983670283,0.9087012830307556,1.1432893611208061,0.23458807809005056,0.8687276536346431,1.3371847845293638,False,0,61.36433476115781,0.0,0.4,C_ref,2026-09-13 05:55:04,2026-09-13 07:50:41
pretrained,1,0.03,0.03,42,0,0.9370442696308607,0.8901420229421617,1.0790550507343424,0.18891302779218067,0.8712947988325053,1.2691070129503068,False,0,37.082008279056026,0.0,0.4,C_ref,2026-09-13 05:55:04,2026-09-13 07:50:41
pretrained,1,0.03,0.03,43,0,0.9727226939814534,0.9252899536770014,1.1053959589459528,0.18010600526895137,0.9140277319528914,1.2864606391184672,False,0,40.71131630318996,0.0,0.4,C_ref,2026-09-13 05:55:04,2026-09-13 07:50:41
pretrained,1,0.03,0.03,44,0,0.9730637118725748,0.9430273014134696,1.1096832676813688,0.16665596626789925,0.8758545111469122,1.2943066073328227,False,0,53.84907741904317,0.0,0.4,C_ref,2026-09-13 05:55:04,2026-09-13 07:50:41
pretrained,1,0.03,0.03,45,0,0.9533229622207983,0.9168330258246435,1.0821337818949976,0.1653007560703541,0.8711948355657391,1.2622867682535688,False,0,48.355203876792075,0.0,0.4,C_ref,2026-09-13 05:55:04,2026-09-13 07:50:41
pretrained,1,0.03,0.03,46,0,0.9478794463754879,0.8789661330022219,1.0943166989159898,0.2153505659137679,0.857983812642706,1.2835585894385135,False,0,47.23611390444421,0.0,0.4,C_ref,2026-09-13 05:55:04,2026-09-13 07:50:41
pretrained,1,0.03,0.03,47,0,1.0237471128900617,0.9681762451797259,1.169427183975376,0.20125093879565015,0.940402158768902,1.3551615226898757,False,0,71.84033333678235,0.0,0.4,C_ref,2026-09-13 05:55:04,2026-09-13 07:50:41
pretrained,1,0.03,0.03,0,0,0.0,,0.00650283913457634,,,0.01611985279321905,True,0,18.30129247132936,,2.5,C_ref,2026-09-13 05:55:04,2026-09-13 07:50:41
pretrained,1,0.03,0.03,1,0,0.0,,0.0020263204538461194,,,0.008105281815384478,True,0,14.080273356572434,,2.5,C_ref,2026-09-13 05:55:04,2026-09-13 07:50:41
pretrained,1,0.03,0.03,2,0,0.0,,0.001733509659788877,,,0.006934038639155508,True,0,16.230357317603193,,2.5,C_ref,2026-09-13 05:55:04,2026-09-13 07:50:41
pretrained,1,0.03,0.03,3,0,0.0,,0.0008082524989949083,,,0.003233009995979633,True,0,11.943538025083399,,2.5,C_ref,2026-09-13 05:55:04,2026-09-13 07:50:41
pretrained,1,0.03,0.03,4,0,0.0,,0.003496967981840559,,,0.011202992979447697,True,0,13.99221131820741,,2.5,C_ref,2026-09-13 05:55:04,2026-09-13 07:50:41
pretrained,1,0.03,0.03,5,0,0.0,,0.002220366978820405,,,0.00888146791528162,True,0,11.595706493357284,,2.5,C_ref,2026-09-13 05:55:04,2026-09-13 07:50:41
pretrained,1,0.03,0.03,6,0,0.0,,0.002081764875160776,,,0.008327059500643105,True,0,15.779510615655454,,2.5,C_ref,2026-09-13 05:55:04,2026-09-13 07:50:41
pretrained,1,0.03,0.03,7,0,0.0,,0.001619681103851719,,,0.006478724415406876,True,0,8.505869045853615,,2.5,C_ref,2026-09-13 05:55:04,2026-09-13 07:50:41
pretrained,1,0.03,0.03,8,0,0.0,,0.0009820199519254926,,,0.0039280798077019705,True,0,7.411457701367908,,2.5,C_ref,2026-09-13 05:55:04,2026-09-13 07:50:41
pretrained,1,0.03,0.03,9,0,0.0,,0.001061227389692784,,,0.004244909558771136,True,0,9.558438800726435,,2.5,C_ref,2026-09-13 05:55:04,2026-09-13 07:50:41
pretrained,1,0.03,0.03,10,0,0.0,,0.0014649905338254196,,,0.0058599621353016785,True,0,12.591834467570152,,2.5,C_ref,2026-09-13 05:55:04,2026-09-13 07:50:41
pretrained,1,0.03,0.03,11,0,1.6852336978043323,1.44101213741481,1.941019061972741,0.500006924557931,1.2130592288666584,2.1997576978159206,False,0,9.98113066506994,0.0,2.5,C_ref,2026-09-13 05:55:04,2026-09-13 07:50:41
pretrained,1,0.03,0.03,12,0,0.0,,0.000887660300341679,,,0.003550641201366716,True,0,9.591192737821984,,2.5,C_ref,2026-09-13 05:55:04,2026-09-13 07:50:41
pretrained,1,0.03,0.03,13,0,1.7992482592472077,1.604191491984144,1.9660266009920655,0.3618351090079215,1.3849825039012618,2.3245067933250927,False,0,6.8674169656515005,0.0,2.5,C_ref,2026-09-13 05:55:04,2026-09-13 07:50:41
pretrained,1,0.03,0.03,14,0,0.0,,0.0004019195744290616,,,0.0016076782977162464,True,0,9.872962407607702,,2.5,C_ref,2026-09-13 05:55:04,2026-09-13 07:50:41
pretrained,1,0.03,0.03,15,0,0.0,,0.0022504131632049306,,,0.009001652652819723,True,0,10.590325617671624,,2.5,C_ref,2026-09-13 05:55:04,2026-09-13 07:50:41
pretrained,1,0.03,0.03,16,0,0.0,,0.0006018491382081679,,,0.0024073965528326716,True,0,13.329758100604522,,2.5,C_ref,2026-09-13 05:55:04,2026-09-13 07:50:41
pretrained,1,0.03,0.03,17,0,0.0,,0.001893983110304448,,,0.007575932441217792,True,0,13.802988723968156,,2.5,C_ref,2026-09-13 05:55:04,2026-09-13 07:50:41
pretrained,1,0.03,0.03,18,0,1.8113420991013218,1.5625758567650632,2.0687074754344574,0.5061316186693943,1.325163069950949,2.310437766861801,False,0,7.708452029448381,0.0,2.5,C_ref,2026-09-13 05:55:04,2026-09-13 07:50:41
pretrained,1,0.03,0.03,19,0,0.0,,0.0020207361701129844,,,0.008082944680451938,True,0,17.952450542416045,,2.5,C_ref,2026-09-13 05:55:04,2026-09-13 07:50:41
pretrained,1,0.03,0.03,20,0,1.7950626687350189,1.5540940158045702,2.048083691528475,0.49398967572390484,1.3282802289282363,2.3117930510326508,False,0,7.244549670700508,0.0,2.5,C_ref,2026-09-13 05:55:04,2026-09-13 07:50:41
pretrained,1,0.03,0.03,21,0,1.8798467847938582,1.632413999346517,2.138179696521132,0.505765697174615,1.3979340230444082,2.406659088678402,False,0,5.47239017227912,0.0,2.5,C_ref,2026-09-13 05:55:04,2026-09-13 07:50:41
pretrained,1,0.03,0.03,22,0,0.0,,0.0013517607399757697,,,0.005407042959903079,True,0,11.632111035312846,,2.5,C_ref,2026-09-13 05:55:04,2026-09-13 07:50:41
pretrained,1,0.03,0.03,23,0,0.0,,0.0007413281130422977,,,0.002965312452169191,True,0,14.643569055548141,,2.5,C_ref,2026-09-13 05:55:04,2026-09-13 07:50:41
pretrained,1,0.03,0.03,24,0,0.0,,0.0025026295733664976,,,0.01000319430144814,True,0,13.558428697575437,,2.5,C_ref,2026-09-13 05:55:04,2026-09-13 07:50:41
pretrained,1,0.03,0.03,25,0,0.0,,0.004433210627138431,,,0.013465965090858505,True,0,14.53718120220583,,2.5,C_ref,2026-09-13 05:55:04,2026-09-13 07:50:41
pretrained,1,0.03,0.03,26,0,0.0,,0.003242959132508172,,,0.010352364707275024,True,0,16.911550179400365,,2.5,C_ref,2026-09-13 05:55:04,2026-09-13 07:50:41
pretrained,1,0.03,0.03,27,0,0.0,,0.0005519313939997134,,,0.0022077255759988534,True,0,15.99072576612889,,2.5,C_ref,2026-09-13 05:55:04,2026-09-13 07:50:41
pretrained,1,0.03,0.03,28,0,0.0,,0.0010949041971336853,,,0.004379616788534741,True,0,10.543436952222692,,2.5,C_ref,2026-09-13 05:55:04,2026-09-13 07:50:41
pretrained,1,0.03,0.03,29,0,0.0,,0.0030795177520008257,,,0.011243527727778594,True,0,14.621229558317282,,2.5,C_ref,2026-09-13 05:55:04,2026-09-13 07:50:41
pretrained,1,0.03,0.03,30,0,0.0,,0.0010139625622028066,,,0.0040558502488112266,True,0,9.976979657945776,,2.5,C_ref,2026-09-13 05:55:04,2026-09-13 07:50:41
pretrained,1,0.03,0.03,31,0,0.0,,0.0002835549878034296,,,0.0011342199512137184,True,0,8.181261555160745,,2.5,C_ref,2026-09-13 05:55:04,2026-09-13 07:50:41
pretrained,1,0.03,0.03,32,0,0.0,,0.0006269211589332379,,,0.0025076846357329516,True,0,8.002500912694813,,2.5,C_ref,2026-09-13 05:55:04,2026-09-13 07:50:41
pretrained,1,0.03,0.03,33,0,0.0,,0.0030756073999065265,,,0.010783173392088724,True,0,10.725101073578116,,2.5,C_ref,2026-09-13 05:55:04,2026-09-13 07:50:41
pretrained,1,0.03,0.03,34,0,0.0,,0.005085167110448658,,,0.012869376377332964,True,0,14.843295572201896,,2.5,C_ref,2026-09-13 05:55:04,2026-09-13 07:50:41
pretrained,1,0.03,0.03,35,0,0.0,,0.0007128085393845681,,,0.0028512341575382726,True,0,14.925662032437685,,2.5,C_ref,2026-09-13 05:55:04,2026-09-13 07:50:41
pretrained,1,0.03,0.03,36,0,1.927524895398618,1.683040450241435,2.1824077059961784,0.4993672557547435,1.4500375021087497,2.4472114987155296,False,0,4.818303322113934,0.0,2.5,C_ref,2026-09-13 05:55:04,2026-09-13 07:50:41
pretrained,1,0.03,0.03,37,0,0.0,,0.0012305521457499215,,,0.004922208582999686,True,0,11.667120709978917,,2.5,C_ref,2026-09-13 05:55:04,2026-09-13 07:50:41
pretrained,1,0.03,0.03,38,0,1.9494344850061651,1.702157231501207,2.206456169567813,0.5042989380666059,1.4665758676014187,2.4644038971512328,False,0,4.525925320664101,0.0,2.5,C_ref,2026-09-13 05:55:04,2026-09-13 07:50:41
pretrained,1,0.03,0.03,39,0,0.0,,0.0016279979956359948,,,0.006511991982543979,True,0,18.74536006185008,,2.5,C_ref,2026-09-13 05:55:04,2026-09-13 07:50:41
pretrained,1,0.03,0.03,40,0,0.0,,0.0009275319372108864,,,0.0037101277488435455,True,0,12.472653709217411,,2.5,C_ref,2026-09-13 05:55:04,2026-09-13 07:50:41
pretrained,1,0.03,0.03,41,0,1.7336168851989655,1.4931383691793545,1.9173423207527687,0.4242039515734142,1.263840540168312,2.164372891390305,False,0,9.931546376694314,0.0,2.5,C_ref,2026-09-13 05:55:04,2026-09-13 07:50:41
pretrained,1,0.03,0.03,42,0,0.0,,0.0014986412446560042,,,0.005994564978624017,True,0,18.285445571327728,,2.5,C_ref,2026-09-13 05:55:04,2026-09-13 07:50:41
pretrained,1,0.03,0.03,43,0,0.0,,0.0007655320377012566,,,0.0030621281508050264,True,0,11.5004662806532,,2.5,C_ref,2026-09-13 05:55:04,2026-09-13 07:50:41
pretrained,1,0.03,0.03,44,0,0.0,,0.0009378281737987224,,,0.0037513126951948896,True,0,14.128860252472805,,2.5,C_ref,2026-09-13 05:55:04,2026-09-13 07:50:41
pretrained,1,0.03,0.03,45,0,0.0,,0.0029452188026176736,,,0.010578758446524908,True,0,15.115661349173024,,2.5,C_ref,2026-09-13 05:55:04,2026-09-13 07:50:41
pretrained,1,0.03,0.03,46,0,0.0,,0.0027263820339607113,,,0.010263588832437337,True,0,12.468413112474082,,2.5,C_ref,2026-09-13 05:55:04,2026-09-13 07:50:41
pretrained,1,0.03,0.03,47,0,0.0,,0.0007578296727890904,,,0.0030313186911563616,True,0,13.030421222061705,,2.5,C_ref,2026-09-13 05:55:04,2026-09-13 07:50:41
pretrained,2,0.03,0.03,0,0,0.3281440685066587,0.14136051450377154,0.7822273852809807,0.6408668707772092,0.04511774665415578,1.1604531169058738,False,0,0.05919324213027721,1.0,0.4,C_ref,2026-09-13 08:38:58,2026-09-13 09:36:21
pretrained,2,0.03,0.03,1,0,0.2578416070315552,0.11027364920173012,0.6498244825934222,0.5395508333916921,0.035868997992991765,1.1751778445032088,False,0,0.2729703855147818,1.0,0.4,C_ref,2026-09-13 08:38:58,2026-09-13 09:36:21
pretrained,2,0.03,0.03,2,0,0.912115181032576,0.8927181029537791,1.0965100030664368,0.2037919001126577,0.6417199040568151,1.3847482266590787,False,0,3.5228449683709187,0.0,0.4,C_ref,2026-09-13 08:38:58,2026-09-13 09:36:21
pretrained,2,0.03,0.03,3,0,0.9647612746150794,0.9249574017396394,1.1729735361978604,0.24801613445822102,0.8854456136250175,1.4542893660732126,False,0,5.932883563371433,0.0,0.4,C_ref,2026-09-13 08:38:58,2026-09-13 09:36:21
pretrained,2,0.03,0.03,4,0,0.24713509639823003,0.10896281225654902,0.5534081314485023,0.4444453191919533,0.03659830223715537,1.2548966018513616,False,0,0.38424275292709353,1.0,0.4,C_ref,2026-09-13 08:38:58,2026-09-13 09:36:21
pretrained,2,0.03,0.03,5,0,0.9381825950020218,0.905043609508104,1.1023426561486414,0.19729904664053732,0.12377289883589364,1.3735100833292935,False,0,2.5987303895490186,0.0,0.4,C_ref,2026-09-13 08:38:58,2026-09-13 09:36:21
pretrained,2,0.03,0.03,6,0,0.902690672399861,0.8855950482993739,1.0697602313783725,0.18416518307899865,0.5415462127876493,1.3375149862350448,False,0,3.8788040206163714,0.0,0.4,C_ref,2026-09-13 08:38:58,2026-09-13 09:36:21
pretrained,2,0.03,0.03,7,0,0.8552854123336264,0.8329559258560076,1.0551641854117337,0.2222082595557261,0.05611453489553571,1.3541061679923645,False,0,0.6700876268660068,0.0,0.4,C_ref,2026-09-13 08:38:58,2026-09-13 09:36:21
pretrained,2,0.03,0.03,8,0,0.6572346373294894,0.6115899643246017,0.986184521658709,0.3745945573341073,0.02268376387510785,1.3375377284605754,False,0,3.092309019961249,0.0,0.4,C_ref,2026-09-13 08:38:58,2026-09-13 09:36:21
pretrained,2,0.03,0.03,9,0,0.7858822340202931,0.679122968269224,0.9958140637234627,0.3166910954542387,0.1242993495320795,1.2979153395712328,False,0,3.2987665697655757,0.0,0.4,C_ref,2026-09-13 08:38:58,2026-09-13 09:36:21
pretrained,2,0.03,0.03,10,0,0.4880954389872337,0.10327147790310807,1.06515368794799,0.9618822100448818,0.029877854694981377,1.374148558839227,False,0,0.05587728738464648,1.0,0.4,C_ref,2026-09-13 08:38:58,2026-09-13 09:36:21
pretrained,2,0.03,0.03,11,0,0.9344639051477,0.9136455131499557,1.093360345021943,0.17971483187198722,0.06933219296392293,1.36182763335426,False,0,0.6832513159715745,0.0,0.4,C_ref,2026-09-13 08:38:58,2026-09-13 09:36:21
pretrained,2,0.03,0.03,12,0,1.0026789788142767,0.9665575251475103,1.210835677805043,0.24427815265753283,0.8670482970647755,1.49434906719805,False,0,5.4725369081425015,0.0,0.4,C_ref,2026-09-13 08:38:58,2026-09-13 09:36:21
pretrained,2,0.03,0.03,13,0,0.9848979791989282,0.9628345626843965,1.1650800998223232,0.2022455371379267,0.0849698302438549,1.4430107632333242,False,0,2.9654235244343,0.0,0.4,C_ref,2026-09-13 08:38:58,2026-09-13 09:36:21
pretrained,2,0.03,0.03,14,0,0.22920418438618634,0.09750941882364635,0.5502837742607559,0.4527743554371096,0.030014126567731208,1.3147907218832753,False,0,0.45876690811201115,1.0,0.4,C_ref,2026-09-13 08:38:58,2026-09-13 09:36:21
pretrained,2,0.03,0.03,15,0,0.7249766975785036,0.6142678549693948,1.009471793961596,0.3952039389922012,0.024423921414611537,1.3516272333778419,False,0,2.0829663167933177,0.0,0.4,C_ref,2026-09-13 08:38:58,2026-09-13 09:36:21
pretrained,2,0.03,0.03,16,0,0.9662972102189514,0.9329923370826251,1.1762477773094435,0.24325544022681844,0.8487396415125126,1.4606331973330529,False,0,8.199576218667062,0.0,0.4,C_ref,2026-09-13 08:38:58,2026-09-13 09:36:21
pretrained,2,0.03,0.03,17,0,0.3366038742823739,0.15539681323781263,0.6755748464986795,0.5201780332608669,0.058728476468696326,1.1258708743615642,False,0,0.05575929429687676,1.0,0.4,C_ref,2026-09-13 08:38:58,2026-09-13 09:36:21
pretrained,2,0.03,0.03,18,0,0.9888647517430357,0.970583601193734,1.1715467265587565,0.20096312536502248,0.8733289049938117,1.4429007615931282,False,0,6.665773862747301,0.0,0.4,C_ref,2026-09-13 08:38:58,2026-09-13 09:36:21
pretrained,2,0.03,0.03,19,0,0.43038818201890505,0.3923537211149875,0.8534920643159939,0.4611383432010064,0.03121890491346488,1.3786242259016555,False,0,0.08098149623401696,1.0,0.4,C_ref,2026-09-13 08:38:58,2026-09-13 09:36:21
pretrained,2,0.03,0.03,20,0,0.7695988562746593,0.7247610236229796,1.029664383902024,0.3049033602790445,0.08427965914404807,1.3409890441744807,False,0,3.3564746285483125,0.0,0.4,C_ref,2026-09-13 08:38:58,2026-09-13 09:36:21
pretrained,2,0.03,0.03,21,0,0.9906968792608375,0.964747845601553,1.1779006663187954,0.2131528207172424,0.04568285700553241,1.4549068682775286,False,0,2.3783661782254057,0.0,0.4,C_ref,2026-09-13 08:38:58,2026-09-13 09:36:21
pretrained,2,0.03,0.03,22,0,0.33226666001211647,0.14604333172273332,0.7091863172795019,0.5631429855567686,0.046003352502777595,1.1704603701507965,False,0,0.05511186272269697,1.0,0.4,C_ref,2026-09-13 08:38:58,2026-09-13 09:36:21
pretrained,2,0.03,0.03,23,0,0.9638938618343817,0.9461623817677057,1.1235695374137453,0.1774071556460396,0.6965916295428306,1.38087674887547,False,0,6.200837683118152,0.0,0.4,C_ref,2026-09-13 08:38:58,2026-09-13 09:36:21
pretrained,2,0.03,0.03,24,0,0.6648388649835149,0.550793917588399,0.8994920863296858,0.3486981687412868,0.034194498653615756,1.2337548046819886,False,0,0.6500710452455678,0.0,0.4,C_ref,2026-09-13 08:38:58,2026-09-13 09:36:21
pretrained,2,0.03,0.03,25,0,0.3394809868120772,0.14708756757878066,0.7209838729251086,0.573896305346328,0.05470537095767065,1.2125023700577213,False,0,0.039901229698443785,1.0,0.4,C_ref,2026-09-13 08:38:58,2026-09-13 09:36:21
pretrained,2,0.03,0.03,26,0,0.5828381372414266,0.5531866080319462,0.8686239738760347,0.31543736584408855,0.035484798824297656,1.222466767417586,False,0,1.0410466068569804,0.0,0.4,C_ref,2026-09-13 08:38:58,2026-09-13 09:36:21
pretrained,2,0.03,0.03,27,0,0.2353002301786788,0.07843791246532936,0.48447395062581516,0.40603603816048583,0.028644878347051733,1.2343551433906408,False,0,0.779729792233411,1.0,0.4,C_ref,2026-09-13 08:38:58,2026-09-13 09:36:21
pretrained,2,0.03,0.03,28,0,0.7178952006892643,0.5884366345012756,1.0748220923673768,0.4863854578661012,0.04434403163263432,1.3517668616954985,False,0,1.722230963390757,0.0,0.4,C_ref,2026-09-13 08:38:58,2026-09-13 09:36:21
pretrained,2,0.03,0.03,29,0,0.8744502191850743,0.7544939035203215,1.0534191106038342,0.29892520708351267,0.16111936287537496,1.346631546160677,False,0,3.2770746052920003,0.0,0.4,C_ref,2026-09-13 08:38:58,2026-09-13 09:36:21
pretrained,2,0.03,0.03,30,0,0.32274570312422907,0.14553296996231832,0.6779743062029997,0.5324413362406814,0.053450112230389826,1.2116658101297084,False,0,0.0794681129118544,1.0,0.4,C_ref,2026-09-13 08:38:58,2026-09-13 09:36:21
pretrained,2,0.03,0.03,31,0,0.9543486661065768,0.8998858576297638,1.1080154410570529,0.20812958342728904,0.04460150665626759,1.3755003678568143,False,0,0.8584893139777705,0.0,0.4,C_ref,2026-09-13 08:38:58,2026-09-13 09:36:21
pretrained,2,0.03,0.03,32,0,0.8798434297566342,0.8287124096278956,1.093911353214397,0.2651989435865013,0.04186210277672307,1.3990003574601015,False,0,0.9997752876879531,0.0,0.4,C_ref,2026-09-13 08:38:58,2026-09-13 09:36:21
pretrained,2,0.03,0.03,33,0,0.3532362218628442,0.15651854528712014,1.0181901082455687,0.8616715629584485,0.05784738858167998,1.2940527576158158,False,0,0.02394837873725919,1.0,0.4,C_ref,2026-09-13 08:38:58,2026-09-13 09:36:21
pretrained,2,0.03,0.03,34,0,0.6549072273745141,0.5048441667078645,0.9048402873171582,0.3999961206092937,0.03151895219230397,1.248579010869439,False,0,1.4188145100633847,0.0,0.4,C_ref,2026-09-13 08:38:58,2026-09-13 09:36:21
pretrained,2,0.03,0.03,35,0,0.9548952872661073,0.7056298221850252,1.1066358774901832,0.401006055305158,0.05981755085554924,1.3731842195414357,False,0,1.018160186107707,0.0,0.4,C_ref,2026-09-13 08:38:58,2026-09-13 09:36:21
pretrained,2,0.03,0.03,36,0,0.8981960535422558,0.8715261612273597,1.1125966096891617,0.24107044846180203,0.021486219472591394,1.4166741183433853,False,0,0.9644050563838391,0.0,0.4,C_ref,2026-09-13 08:38:58,2026-09-13 09:36:21
pretrained,2,0.03,0.03,37,0,0.2505585900405663,0.10953629432567867,0.7901471438450677,0.680610849519389,0.035289034464703446,1.2418019861759244,False,0,0.17783147253067,1.0,0.4,C_ref,2026-09-13 08:38:58,2026-09-13 09:36:21
pretrained,2,0.03,0.03,38,0,0.20725761449018576,0.09569641317483728,0.5233768327038031,0.4276804195289658,0.03025809677239518,1.3107682949163526,False,0,0.6572474707645597,1.0,0.4,C_ref,2026-09-13 08:38:58,2026-09-13 09:36:21
pretrained,2,0.03,0.03,39,0,0.23718297017098441,0.10537123052006918,0.5400099968169488,0.43463876629687964,0.03526908001959829,1.0827250129049506,False,0,0.4515333494528022,1.0,0.4,C_ref,2026-09-13 08:38:58,2026-09-13 09:36:21
pretrained,2,0.03,0.03,40,0,0.9835555709431948,0.9604158676418693,1.1435943010927252,0.18317843345085594,0.06003483145092022,1.414780761756715,False,0,1.4878420201093832,0.0,0.4,C_ref,2026-09-13 08:38:58,2026-09-13 09:36:21
pretrained,2,0.03,0.03,41,0,0.4341893844856903,0.1513743330672799,0.7402981480148997,0.5889238149476198,0.050675533720114144,1.1321715407510131,False,0,0.10214975765484269,1.0,0.4,C_ref,2026-09-13 08:38:58,2026-09-13 09:36:21
pretrained,2,0.03,0.03,42,0,0.8799962266908431,0.8551596536204613,1.0681595939027073,0.212999940282246,0.07741546880560798,1.3530851320731299,False,0,1.8869749553778092,0.0,0.4,C_ref,2026-09-13 08:38:58,2026-09-13 09:36:21
pretrained,2,0.03,0.03,43,0,0.3116853979847518,0.1416719519367249,0.663160149441284,0.5214881975045591,0.05180875301321397,1.2507532588632995,False,0,0.10715806542066275,1.0,0.4,C_ref,2026-09-13 08:38:58,2026-09-13 09:36:21
pretrained,2,0.03,0.03,44,0,1.03350265649423,0.957645335660309,1.2211568553830219,0.2635115197227129,0.9235178823302511,1.4691316909547354,False,0,19.117804509212874,0.0,0.4,C_ref,2026-09-13 08:38:58,2026-09-13 09:36:21
pretrained,2,0.03,0.03,45,0,0.3507516181671114,0.10978639473913542,0.8840032313528587,0.7742168366137233,0.041459576334468035,1.2776180569783924,False,0,0.02665293220707099,1.0,0.4,C_ref,2026-09-13 08:38:58,2026-09-13 09:36:21
pretrained,2,0.03,0.03,46,0,0.29815191894538395,0.13094983105701163,0.6603197489334462,0.5293699178764346,0.04550907143089682,1.2747275988543727,False,0,0.13802638154447777,1.0,0.4,C_ref,2026-09-13 08:38:58,2026-09-13 09:36:21
pretrained,2,0.03,0.03,47,0,0.8143787551323932,0.7357703541221581,1.008852769758981,0.273082415636823,0.0390961956394059,1.3204510896242398,False,0,1.2665244630588859,0.0,0.4,C_ref,2026-09-13 08:38:58,2026-09-13 09:36:21
pretrained,2,0.03,0.03,0,0,2.049294478935418,1.7365471179171839,2.364213728881082,0.6276666109638982,1.4194012364166722,2.684524725048861,False,0,2.034192614544736,0.0,2.5,C_ref,2026-09-13 08:38:58,2026-09-13 09:36:21
pretrained,2,0.03,0.03,1,0,2.157582581317425,1.8510060354243005,2.4686448215754013,0.6176387861511008,1.5449503626083565,2.7863245100623084,False,0,1.209249185070803,0.0,2.5,C_ref,2026-09-13 08:38:58,2026-09-13 09:36:21
pretrained,2,0.03,0.03,2,0,2.199469746297523,1.891910031665997,2.5112147973826353,0.6193047657166384,1.584561908617001,2.8293205977094016,False,0,0.9298613872670103,1.0,2.5,C_ref,2026-09-13 08:38:58,2026-09-13 09:36:21
pretrained,2,0.03,0.03,3,0,2.2525729640632974,1.9493839560688333,2.5612952777681963,0.611911321699363,1.6488654615834428,2.877214959161078,False,0,0.6449779523682082,1.0,2.5,C_ref,2026-09-13 08:38:58,2026-09-13 09:36:21
pretrained,2,0.03,0.03,4,0,2.1406780760779247,1.8368879338634176,2.448274161185698,0.6113862273222805,1.5320693309561002,2.762167090795039,False,0,1.3601541671450832,0.0,2.5,C_ref,2026-09-13 08:38:58,2026-09-13 09:36:21
pretrained,2,0.03,0.03,5,0,2.1081749821652114,1.80064751049181,2.4193313625489226,0.6186838520571125,1.4920954969616063,2.736565625543155,False,0,1.5782877226156415,0.0,2.5,C_ref,2026-09-13 08:38:58,2026-09-13 09:36:21
pretrained,2,0.03,0.03,6,0,2.0534397286602486,1.7451217284949447,2.3649088613290035,0.6197871328340587,1.4347580352826936,2.6822253461348105,False,0,2.0398319143678236,0.0,2.5,C_ref,2026-09-13 08:38:58,2026-09-13 09:36:21
pretrained,2,0.03,0.03,7,0,2.172000349088639,1.865602091949158,2.482610825527818,0.6170087335786598,1.559235140882353,2.799674198910055,False,0,1.1137206167149998,0.0,2.5,C_ref,2026-09-13 08:38:58,2026-09-13 09:36:21
pretrained,2,0.03,0.03,8,0,2.2080644144827697,1.900673910191267,2.5200130479556946,0.6193391377644275,1.5940901263032,2.8385375328116846,False,0,0.8768809766115737,1.0,2.5,C_ref,2026-09-13 08:38:58,2026-09-13 09:36:21
pretrained,2,0.03,0.03,9,0,2.1093925000790903,1.8045256245374774,2.4183987767421127,0.6138731522046352,1.4994012799174254,2.73381739552875,False,0,1.58962439024981,0.0,2.5,C_ref,2026-09-13 08:38:58,2026-09-13 09:36:21
pretrained,2,0.03,0.03,10,0,2.232673507339027,1.926541684085438,2.5437275597550086,0.6171858756695707,1.6218041720616985,2.8616725610023424,False,0,0.7405001187653397,1.0,2.5,C_ref,2026-09-13 08:38:58,2026-09-13 09:36:21
pretrained,2,0.03,0.03,11,0,2.0834685439708043,1.7718766308882294,2.3983576166817895,0.62648098579356,1.4586146609685409,2.719111038918148,False,0,1.7400032613986696,0.0,2.5,C_ref,2026-09-13 08:38:58,2026-09-13 09:36:21
pretrained,2,0.03,0.03,12,0,2.294301071582783,1.9890031893473745,2.6054878590219777,0.6164846696746031,1.6870696122732136,2.924101959539089,False,0,0.439993425123248,1.0,2.5,C_ref,2026-09-13 08:38:58,2026-09-13 09:36:21
pretrained,2,0.03,0.03,13,0,2.2490486478364082,1.9437269289663348,2.559711288764232,0.6159843597978973,1.6405369313449756,2.8774242720390215,False,0,0.6551293346383318,1.0,2.5,C_ref,2026-09-13 08:38:58,2026-09-13 09:36:21
pretrained,2,0.03,0.03,14,0,2.1843435491974055,1.8823906113642894,2.491354039880335,0.6089634285160455,1.5819459614271096,2.8052985083020325,False,0,1.056379170568107,0.0,2.5,C_ref,2026-09-13 08:38:58,2026-09-13 09:36:21
pretrained,2,0.03,0.03,15,0,2.2569472791337097,1.9523129112601294,2.56684335763458,0.6145304463744508,1.6497112935803928,2.8838171796150447,False,0,0.6177290858358901,1.0,2.5,C_ref,2026-09-13 08:38:58,2026-09-13 09:36:21
pretrained,2,0.03,0.03,16,0,2.296776005386349,1.9907614380512026,2.6080139394464275,0.6172525013952248,1.6869307932825806,2.926249741315629,False,0,0.4292436543182703,1.0,2.5,C_ref,2026-09-13 08:38:58,2026-09-13 09:36:21
pretrained,2,0.03,0.03,17,0,1.9748234338648318,1.6618356355592885,2.288759732756865,0.6269240971975767,1.3418901455691827,2.607294137457211,False,0,2.7729010000075505,0.0,2.5,C_ref,2026-09-13 08:38:58,2026-09-13 09:36:21
pretrained,2,0.03,0.03,18,0,2.2130597728250105,1.9099535839787765,2.521225701399557,0.6112721174207805,1.608754856748514,2.8362826989170684,False,0,0.8681120753026335,1.0,2.5,C_ref,2026-09-13 08:38:58,2026-09-13 09:36:21
pretrained,2,0.03,0.03,19,0,2.1847755691093966,1.8799795537751884,2.494308022486913,0.6143284687117245,1.5764191138424848,2.810596766564268,False,0,1.0364889044794836,0.0,2.5,C_ref,2026-09-13 08:38:58,2026-09-13 09:36:21
pretrained,2,0.03,0.03,20,0,2.124086270298042,1.8183753722386018,2.4341970719458637,0.6158216997072619,1.51323205011797,2.750868772774672,False,0,1.4630680559421307,0.0,2.5,C_ref,2026-09-13 08:38:58,2026-09-13 09:36:21
pretrained,2,0.03,0.03,21,0,2.261293695350357,1.9588436121303388,2.5695224227997016,0.6106788106693628,1.6593196657092315,2.885125523988786,False,0,0.6027335863072949,1.0,2.5,C_ref,2026-09-13 08:38:58,2026-09-13 09:36:21
pretrained,2,0.03,0.03,22,0,2.0738540871912226,1.760083687542906,2.389931165268536,0.62984747772563,1.4426179889703565,2.711265880394451,False,0,1.808267431344575,0.0,2.5,C_ref,2026-09-13 08:38:58,2026-09-13 09:36:21
pretrained,2,0.03,0.03,23,0,2.065342629999342,1.7581867986426016,2.3759828928980955,0.6177960942554939,1.4497617285214994,2.692647478406645,False,0,1.943606120235927,0.0,2.5,C_ref,2026-09-13 08:38:58,2026-09-13 09:36:21
pretrained,2,0.03,0.03,24,0,2.0600839432092735,1.7528924908907308,2.3705637120110308,0.6176712211202999,1.4436376332763874,2.686966247730962,False,0,1.9927431085379794,0.0,2.5,C_ref,2026-09-13 08:38:58,2026-09-13 09:36:21
pretrained,2,0.03,0.03,25,0,1.9531515359307685,1.6456245231181568,2.2627624593766495,0.6171379362584928,1.333468105054956,2.5776794510323957,False,0,3.080668059108575,0.0,2.5,C_ref,2026-09-13 08:38:58,2026-09-13 09:36:21
pretrained,2,0.03,0.03,26,0,2.073035241005184,1.7660475703763312,2.3836415963932525,0.6175940260169213,1.457625658208806,2.7004483819654257,False,0,1.876272252509807,0.0,2.5,C_ref,2026-09-13 08:38:58,2026-09-13 09:36:21
pretrained,2,0.03,0.03,27,0,2.0881604252708894,1.7811664721145104,2.398580893385898,0.6174144212713877,1.472539146914619,2.715029523747583,False,0,1.7497631007790915,0.0,2.5,C_ref,2026-09-13 08:38:58,2026-09-13 09:36:21
pretrained,2,0.03,0.03,28,0,2.1529060652727336,1.8454708328202012,2.464411964593723,0.6189411317735216,1.537693438162942,2.7823363792281066,False,0,1.2386152599938214,0.0,2.5,C_ref,2026-09-13 08:38:58,2026-09-13 09:36:21
pretrained,2,0.03,0.03,29,0,2.1236139740273625,1.8131325390233675,2.437469154350669,0.6243366153273013,1.501242461659213,2.757216312253079,False,0,1.4330927882983815,0.0,2.5,C_ref,2026-09-13 08:38:58,2026-09-13 09:36:21
pretrained,2,0.03,0.03,30,0,2.0785815152629463,1.7706078651764077,2.389272768858011,0.6186649036816034,1.459491256454812,2.7055966963784166,False,0,1.8288788431054854,0.0,2.5,C_ref,2026-09-13 08:38:58,2026-09-13 09:36:21
pretrained,2,0.03,0.03,31,0,2.1367008412534503,1.8260596574088952,2.4507751906935495,0.6247155332846543,1.5139164890665835,2.7707870732321296,False,0,1.334382947832637,0.0,2.5,C_ref,2026-09-13 08:38:58,2026-09-13 09:36:21
pretrained,2,0.03,0.03,32,0,2.2216212408077207,1.916711537247016,2.531631422334371,0.614919885087355,1.6134752337384215,2.848609568964148,False,0,0.8079211511467292,1.0,2.5,C_ref,2026-09-13 08:38:58,2026-09-13 09:36:21
pretrained,2,0.03,0.03,33,0,2.029946753281293,1.7203495825990724,2.3420615760063,0.6217119934072277,1.4071956005414832,2.659766882301109,False,0,2.2489649744529743,0.0,2.5,C_ref,2026-09-13 08:38:58,2026-09-13 09:36:21
pretrained,2,0.03,0.03,34,0,2.100441628533399,1.788538896785576,2.4151493063253597,0.6266104095397838,1.4738624322346725,2.7355477513747104,False,0,1.6045196780869446,0.0,2.5,C_ref,2026-09-13 08:38:58,2026-09-13 09:36:21
pretrained,2,0.03,0.03,35,0,2.0949644655303543,1.7896440945650482,2.4044001606416656,0.6147560660766174,1.4841574691308508,2.720293404689521,False,0,1.7029084765126754,0.0,2.5,C_ref,2026-09-13 08:38:58,2026-09-13 09:36:21
pretrained,2,0.03,0.03,36,0,2.267189082082577,1.967418179545506,2.573138481506639,0.6057203019611332,1.6711624605872222,2.886792003631099,False,0,0.582115468372649,1.0,2.5,C_ref,2026-09-13 08:38:58,2026-09-13 09:36:21
pretrained,2,0.03,0.03,37,0,2.2198370836356562,1.913500506585795,2.5307360351291743,0.6172355285433793,1.6077607772602276,2.848278123000573,False,0,0.8135478384101589,1.0,2.5,C_ref,2026-09-13 08:38:58,2026-09-13 09:36:21
pretrained,2,0.03,0.03,38,0,2.246491982191802,1.9387681726268349,2.558700536950585,0.61993236432375,1.6318076887978263,2.8774260487200762,False,0,0.6615334670095763,1.0,2.5,C_ref,2026-09-13 08:38:58,2026-09-13 09:36:21
pretrained,2,0.03,0.03,39,0,2.093714021703887,1.788370411596572,2.4030715529419466,0.6147011413453747,1.4824304570595908,2.718852188345284,False,0,1.7142234738494153,0.0,2.5,C_ref,2026-09-13 08:38:58,2026-09-13 09:36:21
pretrained,2,0.03,0.03,40,0,2.1790233806635895,1.873070451794249,2.4895830374872063,0.6165125856929574,1.5678913026365582,2.8067739133771403,False,0,1.067466933043761,0.0,2.5,C_ref,2026-09-13 08:38:58,2026-09-13 09:36:21
pretrained,2,0.03,0.03,41,0,2.0296137651665265,1.7190108859128028,2.3378006619618192,0.6187897760490164,1.4030198987058529,2.600580742272685,False,0,2.975612589663797,0.0,2.5,C_ref,2026-09-13 08:38:58,2026-09-13 09:36:21
pretrained,2,0.03,0.03,42,0,2.180133258998033,1.8729862237367068,2.491262933106965,0.6182767093702581,1.5654883833526425,2.808679907679006,False,0,1.0562966374272946,0.0,2.5,C_ref,2026-09-13 08:38:58,2026-09-13 09:36:21
pretrained,2,0.03,0.03,43,0,2.0019059331599145,1.6900449877705699,2.3154168195791285,0.6253718318085586,1.373051426345425,2.6339836004209007,False,0,2.5017355000891257,0.0,2.5,C_ref,2026-09-13 08:38:58,2026-09-13 09:36:21
pretrained,2,0.03,0.03,44,0,2.072560269951881,1.7660037111269549,2.3837026645721457,0.6176989534451909,1.4609056588344027,2.7014411778347482,False,0,1.873006457622978,0.0,2.5,C_ref,2026-09-13 08:38:58,2026-09-13 09:36:21
pretrained,2,0.03,0.03,45,0,2.0159808031093496,1.704872787023447,2.329244847996489,0.6243720609730421,1.3894239845857075,2.647755968376384,False,0,2.3671409451089858,0.0,2.5,C_ref,2026-09-13 08:38:58,2026-09-13 09:36:21
pretrained,2,0.03,0.03,46,0,2.0822673051381746,1.7730705459883753,2.3945489959509554,0.6214784499625801,1.461677311422384,2.7126503806032347,False,0,1.778792131382943,0.0,2.5,C_ref,2026-09-13 08:38:58,2026-09-13 09:36:21
pretrained,2,0.03,0.03,47,0,2.1968338016688636,1.8898393423566073,2.507773791369185,0.6179344490125778,1.5824900211556325,2.8250184845951174,False,0,0.9508865868810972,1.0,2.5,C_ref,2026-09-13 08:38:58,2026-09-13 09:36:21
pretrained,0,0.1,0.1,0,0,0.0,,0.0082488535917843,,,0.1179701992755411,True,0,10.307877287537847,,0.4,C_ref,2026-09-12 08:25:59,2026-09-12 11:19:15
pretrained,0,0.1,0.1,1,0,0.0635354967566145,0.0215626365128641,0.111943845176053,0.0903812086631888,,0.1495770557039665,False,0,12.784376803399937,0.0,0.4,C_ref,2026-09-12 08:25:59,2026-09-12 11:19:15
pretrained,0,0.1,0.1,2,0,0.0267342861137418,0.0122327242013331,0.0359612019494013,0.0237284777480681,0.0019334122151719,0.1023033948053714,False,0,13.69917988301313,0.0,0.4,C_ref,2026-09-12 08:25:59,2026-09-12 11:19:15
pretrained,0,0.1,0.1,3,0,0.0,,0.0025885369291577,,,0.0301244807995405,True,0,29.465759759266803,,0.4,C_ref,2026-09-12 08:25:59,2026-09-12 11:19:15
pretrained,0,0.1,0.1,4,0,0.0456607063520481,0.0160888564303497,0.0577684857486325,0.0416796293182828,,0.0781352609140229,False,0,13.471616725633794,0.0,0.4,C_ref,2026-09-12 08:25:59,2026-09-12 11:19:15
pretrained,0,0.1,0.1,5,0,0.0071744323029299,0.0065298576810497,0.0109642226412423,0.0044343649601926,,0.0138568905649694,False,0,19.71891821047393,0.0,0.4,C_ref,2026-09-12 08:25:59,2026-09-12 11:19:15
pretrained,0,0.1,0.1,6,0,0.0,,0.0036631384050444,,,0.1439960436056399,True,0,8.590065527576371,,0.4,C_ref,2026-09-12 08:25:59,2026-09-12 11:19:15
pretrained,0,0.1,0.1,7,0,0.0399330117414853,0.0179784540428817,0.0553478613641167,0.037369407321235,,0.14446175633029,False,0,14.764781612044317,0.0,0.4,C_ref,2026-09-12 08:25:59,2026-09-12 11:19:15
pretrained,0,0.1,0.1,8,0,0.0,,0.0004140358688896,,,0.0016561434755587,True,0,42.25884989144106,,0.4,C_ref,2026-09-12 08:25:59,2026-09-12 11:19:15
pretrained,0,0.1,0.1,9,0,0.0279482009488858,0.0126506716553539,0.0409386614600968,0.0282879898047428,,0.0649622137597496,False,0,16.830749424705573,0.0,0.4,C_ref,2026-09-12 08:25:59,2026-09-12 11:19:15
pretrained,0,0.1,0.1,10,0,0.0,,0.0008016086333333,,,0.0032064345333333,True,0,33.19570441524047,,0.4,C_ref,2026-09-12 08:25:59,2026-09-12 11:19:15
pretrained,0,0.1,0.1,11,0,0.0,,0.0006202194162056,,,0.0024808776648227,True,0,32.01258926008086,,0.4,C_ref,2026-09-12 08:25:59,2026-09-12 11:19:15
pretrained,0,0.1,0.1,12,0,0.0,,0.0063189446608327,,,0.064373660514129,True,0,30.45307968117777,,0.4,C_ref,2026-09-12 08:25:59,2026-09-12 11:19:15
pretrained,0,0.1,0.1,13,0,0.0,,0.0008507057058951,,,0.0034028228235806,True,0,20.514651345918537,,0.4,C_ref,2026-09-12 08:25:59,2026-09-12 11:19:15
pretrained,0,0.1,0.1,14,0,0.0165436025968772,0.0081653288502944,0.022577895987913,0.0144125671376186,,0.0739073444564983,False,0,20.07825313336798,0.0,0.4,C_ref,2026-09-12 08:25:59,2026-09-12 11:19:15
pretrained,0,0.1,0.1,15,0,0.0,,0.0041656086803638,,,0.042153783896654,True,0,20.21351337584929,,0.4,C_ref,2026-09-12 08:25:59,2026-09-12 11:19:15
pretrained,0,0.1,0.1,16,0,0.0,,0.0010172963422076,,,0.0040691853688305,True,0,31.42640984994432,,0.4,C_ref,2026-09-12 08:25:59,2026-09-12 11:19:15
pretrained,0,0.1,0.1,17,0,0.0116882956557846,0.007432709696755,0.0151848821022699,0.0077521724055148,,0.148425099483448,False,0,9.3494070135348,0.0,0.4,C_ref,2026-09-12 08:25:59,2026-09-12 11:19:15
pretrained,0,0.1,0.1,18,0,0.0,,0.003346958244515,,,0.0454843164685679,True,0,20.731437142760115,,0.4,C_ref,2026-09-12 08:25:59,2026-09-12 11:19:15
pretrained,0,0.1,0.1,19,0,0.0485112595897917,0.0123762203855994,0.0734162328246334,0.061040012439034,0.0017422164347288,0.1255725778788435,False,0,25.45922240478467,0.0,0.4,C_ref,2026-09-12 08:25:59,2026-09-12 11:19:15
pretrained,0,0.1,0.1,20,0,0.0,,0.0041268161463993,,,0.1008343772977924,True,0,18.82107084486416,,0.4,C_ref,2026-09-12 08:25:59,2026-09-12 11:19:15
pretrained,0,0.1,0.1,21,0,0.0169866323644297,0.0055241063981097,0.0250432020561228,0.019519095658013,,0.079768066702326,False,0,26.26173449589988,0.0,0.4,C_ref,2026-09-12 08:25:59,2026-09-12 11:19:15
pretrained,0,0.1,0.1,22,0,0.0,,0.0028877732734969,,,0.0642640327118515,True,0,12.527070853066109,,0.4,C_ref,2026-09-12 08:25:59,2026-09-12 11:19:15
pretrained,0,0.1,0.1,23,0,0.0,,0.0012346082277045,,,0.004938432910818,True,0,22.584068202366325,,0.4,C_ref,2026-09-12 08:25:59,2026-09-12 11:19:15
pretrained,0,0.1,0.1,24,0,0.0,,0.004159728504989,,,0.0750413037988917,True,0,11.48817480062644,,0.4,C_ref,2026-09-12 08:25:59,2026-09-12 11:19:15
pretrained,0,0.1,0.1,25,0,0.0177368845062745,0.0091019031270742,0.025837465849017,0.0167355627219428,0.0015012357220472,0.0889243407439864,False,0,13.958628043201315,0.0,0.4,C_ref,2026-09-12 08:25:59,2026-09-12 11:19:15
pretrained,0,0.1,0.1,26,0,0.0072496710587895,0.0039008813651031,0.0117703778486218,0.0078694964835186,,0.0170815113944872,False,0,21.245424455381,0.0,0.4,C_ref,2026-09-12 08:25:59,2026-09-12 11:19:15
pretrained,0,0.1,0.1,27,0,0.0128246041430704,0.0073916344464563,0.0193819374767525,0.0119903030302962,,0.124029838267946,False,0,9.883123446626996,0.0,0.4,C_ref,2026-09-12 08:25:59,2026-09-12 11:19:15
pretrained,0,0.1,0.1,28,0,0.0,,0.0032014923591002,,,0.011412885044785,True,0,16.288426858613093,,0.4,C_ref,2026-09-12 08:25:59,2026-09-12 11:19:15
pretrained,0,0.1,0.1,29,0,0.0,,0.0052916656030768,,,0.1099565132028869,True,0,14.970553234055842,,0.4,C_ref,2026-09-12 08:25:59,2026-09-12 11:19:15
pretrained,0,0.1,0.1,30,0,0.0279790885877776,0.0135145656149829,0.0501539948896231,0.0366394292746401,0.0029242908298475,0.0620726427184146,False,0,18.90528535540944,0.0,0.4,C_ref,2026-09-12 08:25:59,2026-09-12 11:19:15
pretrained,0,0.1,0.1,31,0,0.0,,0.0078072754150133,,,0.1252310760256867,True,0,13.599191048779176,,0.4,C_ref,2026-09-12 08:25:59,2026-09-12 11:19:15
pretrained,0,0.1,0.1,32,0,0.0,,0.0015131018492033,,,0.0060524073968135,True,0,17.741740798315732,,0.4,C_ref,2026-09-12 08:25:59,2026-09-12 11:19:15
pretrained,0,0.1,0.1,33,0,0.0,,0.0038061099943888,,,0.056608057854396,True,0,14.170050832864945,,0.4,C_ref,2026-09-12 08:25:59,2026-09-12 11:19:15
pretrained,0,0.1,0.1,34,0,0.0084527599136721,0.0068280634629732,0.0116727560283955,0.0048446925654222,,0.0166910241135821,False,0,16.0435254153017,0.0,0.4,C_ref,2026-09-12 08:25:59,2026-09-12 11:19:15
pretrained,0,0.1,0.1,35,0,0.0369606950946833,0.0122802239635945,0.0550566617750029,0.0427764378114083,0.0020367061026445,0.0717599419578472,False,0,30.12969108296238,0.0,0.4,C_ref,2026-09-12 08:25:59,2026-09-12 11:19:15
pretrained,0,0.1,0.1,36,0,0.0089081877925807,0.0049710811641418,0.013226291050181,0.0082552098860391,,0.0803535697196715,False,0,31.53989301820184,0.0,0.4,C_ref,2026-09-12 08:25:59,2026-09-12 11:19:15
pretrained,0,0.1,0.1,37,0,0.0089028954977816,,0.0308866170792185,,,0.102729426413925,False,0,11.612307889001386,,0.4,C_ref,2026-09-12 08:25:59,2026-09-12 11:19:15
pretrained,0,0.1,0.1,38,0,0.0,,0.0018050868787028,,,0.0072203475148115,True,0,30.585481113950664,,0.4,C_ref,2026-09-12 08:25:59,2026-09-12 11:19:15
pretrained,0,0.1,0.1,39,0,0.036440868655456,0.0171105817423981,0.047243345804532,0.0301327640621338,0.0038732880474805,0.1007374714036005,False,0,13.340937914344975,0.0,0.4,C_ref,2026-09-12 08:25:59,2026-09-12 11:19:15
pretrained,0,0.1,0.1,40,0,0.0,,0.0008249802839566,,,0.0032999211358264,True,0,24.484203466457984,,0.4,C_ref,2026-09-12 08:25:59,2026-09-12 11:19:15
pretrained,0,0.1,0.1,41,0,0.0,,0.0011067512704068,,,0.0044270050816275,True,0,14.14780145021723,,0.4,C_ref,2026-09-12 08:25:59,2026-09-12 11:19:15
pretrained,0,0.1,0.1,42,0,0.0096426613796954,0.0007449999404854,0.0180203687671593,0.0172753688266738,,0.0451603643817503,False,0,13.431281584104,0.0,0.4,C_ref,2026-09-12 08:25:59,2026-09-12 11:19:15
pretrained,0,0.1,0.1,43,0,0.0697920740055511,0.0254231339040131,0.0982195568507035,0.0727964229466903,,0.2418362066230238,False,0,7.292482614600885,0.0,0.4,C_ref,2026-09-12 08:25:59,2026-09-12 11:19:15
pretrained,0,0.1,0.1,44,0,0.0380104406428802,0.0092970899093842,0.0742729999372069,0.0649759100278226,0.0006407070134434,0.1427379492142925,False,0,10.06611159746899,0.0,0.4,C_ref,2026-09-12 08:25:59,2026-09-12 11:19:15
pretrained,0,0.1,0.1,45,0,0.0628836628480218,0.0260633874230552,0.079421288642257,0.0533579012192017,0.0063525013550597,0.1361418535509491,False,0,12.157352984457248,0.0,0.4,C_ref,2026-09-12 08:25:59,2026-09-12 11:19:15
pretrained,0,0.1,0.1,46,0,0.0,,0.0021904859566848,,,0.0087619438267394,True,0,11.532772646514786,,0.4,C_ref,2026-09-12 08:25:59,2026-09-12 11:19:15
pretrained,0,0.1,0.1,47,0,0.0276559681929009,0.0121841754147599,0.0503641438694556,0.0381799684546957,,0.1448110337831886,False,0,12.345063221120654,0.0,0.4,C_ref,2026-09-12 08:25:59,2026-09-12 11:19:15
pretrained,0,0.1,0.1,0,0,0.0,,0.0006491845577372,,,0.0025967382309491,True,0,39.92069923437157,,2.5,C_ref,2026-09-12 08:25:59,2026-09-12 11:19:15
pretrained,0,0.1,0.1,1,0,0.0,,0.0007255633938567,,,0.0029022535754268,True,0,41.8058249574533,,2.5,C_ref,2026-09-12 08:25:59,2026-09-12 11:19:15
pretrained,0,0.1,0.1,2,0,0.0,,0.0022127864384694,,,0.0088511457538777,True,0,39.86602389426844,,2.5,C_ref,2026-09-12 08:25:59,2026-09-12 11:19:15
pretrained,0,0.1,0.1,3,0,0.0,,0.000495874461558,,,0.0019834978462322,True,0,35.90002479454779,,2.5,C_ref,2026-09-12 08:25:59,2026-09-12 11:19:15
pretrained,0,0.1,0.1,4,0,0.0,,0.0008284730786337,,,0.0033138923145349,True,0,41.742042013138416,,2.5,C_ref,2026-09-12 08:25:59,2026-09-12 11:19:15
pretrained,0,0.1,0.1,5,0,0.0,,0.0018139215654906,,,0.0072556862619625,True,0,38.32670396880712,,2.5,C_ref,2026-09-12 08:25:59,2026-09-12 11:19:15
pretrained,0,0.1,0.1,6,0,0.0,,0.0006319857487369,,,0.0025279429949476,True,0,42.33710452941159,,2.5,C_ref,2026-09-12 08:25:59,2026-09-12 11:19:15
pretrained,0,0.1,0.1,7,0,0.0,,0.0008176954515541,,,0.0032707818062165,True,0,37.84417748286796,,2.5,C_ref,2026-09-12 08:25:59,2026-09-12 11:19:15
pretrained,0,0.1,0.1,8,0,0.0,,0.0001691974171621,,,0.0006767896686485,True,0,35.36544839819908,,2.5,C_ref,2026-09-12 08:25:59,2026-09-12 11:19:15
pretrained,0,0.1,0.1,9,0,0.0,,0.0007282086250379,,,0.0029128345001519,True,0,40.44041640779688,,2.5,C_ref,2026-09-12 08:25:59,2026-09-12 11:19:15
pretrained,0,0.1,0.1,10,0,0.0,,0.0002884279268666,,,0.0011537117074667,True,0,32.97346900219418,,2.5,C_ref,2026-09-12 08:25:59,2026-09-12 11:19:15
pretrained,0,0.1,0.1,11,0,0.0,,0.0002483406598504,,,0.0009933626394016,True,0,34.28337359156649,,2.5,C_ref,2026-09-12 08:25:59,2026-09-12 11:19:15
pretrained,0,0.1,0.1,12,0,0.0,,0.0006051906563464,,,0.0024207626253859,True,0,35.50350382608667,,2.5,C_ref,2026-09-12 08:25:59,2026-09-12 11:19:15
pretrained,0,0.1,0.1,13,0,0.0,,0.000283931926345,,,0.0011357277053802,True,0,32.231823554811854,,2.5,C_ref,2026-09-12 08:25:59,2026-09-12 11:19:15
pretrained,0,0.1,0.1,14,0,0.0,,0.0009430946424624,,,0.0037723785698496,True,0,40.77020033152803,,2.5,C_ref,2026-09-12 08:25:59,2026-09-12 11:19:15
pretrained,0,0.1,0.1,15,0,0.0,,0.000514080455963,,,0.0020563218238522,True,0,38.59436116459256,,2.5,C_ref,2026-09-12 08:25:59,2026-09-12 11:19:15
pretrained,0,0.1,0.1,16,0,0.0,,0.0004228584435886,,,0.0016914337743546,True,0,31.418235345241555,,2.5,C_ref,2026-09-12 08:25:59,2026-09-12 11:19:15
pretrained,0,0.1,0.1,17,0,0.0,,0.0025747093037893,,,0.0101313645370408,True,0,42.98401790734715,,2.5,C_ref,2026-09-12 08:25:59,2026-09-12 11:19:15
pretrained,0,0.1,0.1,18,0,0.0,,0.0004699269845883,,,0.0018797079383534,True,0,36.4058086985533,,2.5,C_ref,2026-09-12 08:25:59,2026-09-12 11:19:15
pretrained,0,0.1,0.1,19,0,0.0,,0.0021435587067495,,,0.0085742348269982,True,0,38.5131195160684,,2.5,C_ref,2026-09-12 08:25:59,2026-09-12 11:19:15
pretrained,0,0.1,0.1,20,0,0.0,,0.0005745295124131,,,0.0022981180496525,True,0,38.09823465090085,,2.5,C_ref,2026-09-12 08:25:59,2026-09-12 11:19:15
pretrained,0,0.1,0.1,21,0,0.0,,0.0007719319880024,,,0.0030877279520096,True,0,39.18827210913878,,2.5,C_ref,2026-09-12 08:25:59,2026-09-12 11:19:15
pretrained,0,0.1,0.1,22,0,0.0,,0.0006073668951463,,,0.0024294675805852,True,0,38.19150742360944,,2.5,C_ref,2026-09-12 08:25:59,2026-09-12 11:19:15
pretrained,0,0.1,0.1,23,0,0.0,,0.0003310816217231,,,0.0013243264868926,True,0,36.80501210890361,,2.5,C_ref,2026-09-12 08:25:59,2026-09-12 11:19:15
pretrained,0,0.1,0.1,24,0,0.0,,0.0007344076900688,,,0.0029376307602753,True,0,41.81436285871314,,2.5,C_ref,2026-09-12 08:25:59,2026-09-12 11:19:15
pretrained,0,0.1,0.1,25,0,0.0,,0.0028883912578153,,,0.0122113791059581,True,0,43.56795983784832,,2.5,C_ref,2026-09-12 08:25:59,2026-09-12 11:19:15
pretrained,0,0.1,0.1,26,0,0.0,,0.0009622272654143,,,0.0038489090616572,True,0,40.566537687431264,,2.5,C_ref,2026-09-12 08:25:59,2026-09-12 11:19:15
pretrained,0,0.1,0.1,27,0,0.0,,0.0023585364612661,,,0.0094341458450647,True,0,40.44866877761888,,2.5,C_ref,2026-09-12 08:25:59,2026-09-12 11:19:15
pretrained,0,0.1,0.1,28,0,0.0,,0.0004549669692938,,,0.0018198678771753,True,0,37.9821054695276,,2.5,C_ref,2026-09-12 08:25:59,2026-09-12 11:19:15
pretrained,0,0.1,0.1,29,0,0.0,,0.0005433648862633,,,0.0021734595450535,True,0,40.33369167400088,,2.5,C_ref,2026-09-12 08:25:59,2026-09-12 11:19:15
pretrained,0,0.1,0.1,30,0,0.0,,0.0024048381484714,,,0.0096193525938856,True,0,40.45376553560345,,2.5,C_ref,2026-09-12 08:25:59,2026-09-12 11:19:15
pretrained,0,0.1,0.1,31,0,0.0,,0.0006291352142216,,,0.0025165408568866,True,0,39.7426098126416,,2.5,C_ref,2026-09-12 08:25:59,2026-09-12 11:19:15
pretrained,0,0.1,0.1,32,0,0.0,,0.0003702453622092,,,0.0014809814488371,True,0,37.42219421558548,,2.5,C_ref,2026-09-12 08:25:59,2026-09-12 11:19:15
pretrained,0,0.1,0.1,33,0,0.0,,0.0005321198396699,,,0.0021284793586798,True,0,39.73093265487478,,2.5,C_ref,2026-09-12 08:25:59,2026-09-12 11:19:15
pretrained,0,0.1,0.1,34,0,0.0,,0.0021099766175187,,,0.0084399064700749,True,0,41.33725438716283,,2.5,C_ref,2026-09-12 08:25:59,2026-09-12 11:19:15
pretrained,0,0.1,0.1,35,0,0.0,,0.0023087760346268,,,0.0092351041385075,True,0,42.42088210996008,,2.5,C_ref,2026-09-12 08:25:59,2026-09-12 11:19:15
pretrained,0,0.1,0.1,36,0,0.0,,0.0012937289998805,,,0.0051749159995221,True,0,36.88911092299895,,2.5,C_ref,2026-09-12 08:25:59,2026-09-12 11:19:15
pretrained,0,0.1,0.1,37,0,0.0,,0.0008487550968906,,,0.0033950203875626,True,0,39.45183821372484,,2.5,C_ref,2026-09-12 08:25:59,2026-09-12 11:19:15
pretrained,0,0.1,0.1,38,0,0.0,,0.000412518114097,,,0.0016500724563881,True,0,34.37587022887237,,2.5,C_ref,2026-09-12 08:25:59,2026-09-12 11:19:15
pretrained,0,0.1,0.1,39,0,0.0,,0.0024016777734533,,,0.0096067110938133,True,0,41.11789650326318,,2.5,C_ref,2026-09-12 08:25:59,2026-09-12 11:19:15
pretrained,0,0.1,0.1,40,0,0.0,,0.0003292668155973,,,0.0013170672623895,True,0,34.810351515345246,,2.5,C_ref,2026-09-12 08:25:59,2026-09-12 11:19:15
pretrained,0,0.1,0.1,41,0,0.0,,0.0003482236571336,,,0.0013928946285345,True,0,37.60200330282533,,2.5,C_ref,2026-09-12 08:25:59,2026-09-12 11:19:15
pretrained,0,0.1,0.1,42,0,0.0,,0.0010127389530216,,,0.0040509558120864,True,0,38.76132154520019,,2.5,C_ref,2026-09-12 08:25:59,2026-09-12 11:19:15
pretrained,0,0.1,0.1,43,0,0.0,,0.0008362610915147,,,0.0033450443660588,True,0,41.36675107567862,,2.5,C_ref,2026-09-12 08:25:59,2026-09-12 11:19:15
pretrained,0,0.1,0.1,44,0,0.0,,0.0024963746894967,,,0.0099854987579871,True,0,40.3944924603129,,2.5,C_ref,2026-09-12 08:25:59,2026-09-12 11:19:15
pretrained,0,0.1,0.1,45,0,0.0,,0.0031684066007512,,,0.014829996942112,True,0,43.656361353347165,,2.5,C_ref,2026-09-12 08:25:59,2026-09-12 11:19:15
pretrained,0,0.1,0.1,46,0,0.0,,0.0004818362146534,,,0.0019273448586138,True,0,39.11485960394202,,2.5,C_ref,2026-09-12 08:25:59,2026-09-12 11:19:15
pretrained,0,0.1,0.1,47,0,0.0,,0.0010184640841262,,,0.004073856336505,True,0,37.62141396785955,,2.5,C_ref,2026-09-12 08:25:59,2026-09-12 11:19:15
pretrained,1,0.1,0.1,0,0,0.0959560088413672,0.0555236798125418,0.11663115323367668,0.06110747342113488,0.017547937791196254,0.2565027079308056,False,0,5.100031184989348,0.0,0.4,C_ref,2026-09-13 11:17:04,2026-09-13 12:03:07
pretrained,1,0.1,0.1,1,0,0.9605536268297967,0.8278734110462405,1.1843938512507364,0.3565204402044959,0.7654522269563881,1.4383611058603192,False,0,41.21380831579518,0.0,0.4,C_ref,2026-09-13 11:17:04,2026-09-13 12:03:07
pretrained,1,0.1,0.1,2,0,0.8110447018800774,0.7015177129130714,1.0886260161527586,0.38710830323968715,0.60131567150144,1.3802555710023416,False,0,12.818329141711729,0.0,0.4,C_ref,2026-09-13 11:17:04,2026-09-13 12:03:07
pretrained,1,0.1,0.1,3,0,0.08500745805560835,0.044429607550713034,0.13523307994484085,0.09080347239412781,0.011888190454892924,0.28175099976538626,False,0,5.551250037420687,0.0,0.4,C_ref,2026-09-13 11:17:04,2026-09-13 12:03:07
pretrained,1,0.1,0.1,4,0,0.9064261072070929,0.765646776102388,1.1610130601504756,0.3953662840480876,0.6611474698816346,1.4320694949627852,False,0,24.80822187343074,0.0,0.4,C_ref,2026-09-13 11:17:04,2026-09-13 12:03:07
pretrained,1,0.1,0.1,5,0,0.8344967186154986,0.7273246782051461,1.0782384504493452,0.35091377224419906,0.6633615141861474,1.3500851371592806,False,0,21.866930438874988,0.0,0.4,C_ref,2026-09-13 11:17:04,2026-09-13 12:03:07
pretrained,1,0.1,0.1,6,0,0.8507196672738604,0.8231394845603218,1.055023218127105,0.23188373356678327,0.6062741409252479,1.3275252543621259,False,0,7.5608131849439815,0.0,0.4,C_ref,2026-09-13 11:17:04,2026-09-13 12:03:07
pretrained,1,0.1,0.1,7,0,1.0060394836700408,0.8078152802299514,1.2500646535131141,0.4422493732831627,0.7294799754431627,1.5119746228080435,False,0,30.69008819715964,0.0,0.4,C_ref,2026-09-13 11:17:04,2026-09-13 12:03:07
pretrained,1,0.1,0.1,8,0,0.893787017046151,0.8529104168130421,1.1332250759431217,0.2803146591300796,0.6049095667159743,1.4112044891364905,False,0,8.293058972260042,0.0,0.4,C_ref,2026-09-13 11:17:04,2026-09-13 12:03:07
pretrained,1,0.1,0.1,9,0,0.12029995790601809,0.046896364921165494,0.15137921705517007,0.10448285213400457,0.014870961178717106,0.17779472333872898,False,0,5.134912176912621,0.0,0.4,C_ref,2026-09-13 11:17:04,2026-09-13 12:03:07
pretrained,1,0.1,0.1,10,0,0.0853596184896268,0.04322061787789314,0.09902009933501003,0.05579948145711689,0.010966799516978912,0.20458162972071703,False,0,7.597845860494999,0.0,0.4,C_ref,2026-09-13 11:17:04,2026-09-13 12:03:07
pretrained,1,0.1,0.1,11,0,0.8647289482141413,0.7258757373455541,1.0609543890017743,0.3350786516562202,0.5514915570226161,1.3351270638423116,False,0,15.273882413093816,0.0,0.4,C_ref,2026-09-13 11:17:04,2026-09-13 12:03:07
pretrained,1,0.1,0.1,12,0,0.9780212258840241,0.7751350707093023,1.231487867657892,0.45635279694858966,0.7366939683412682,1.5011448772974685,False,0,49.63111418363769,0.0,0.4,C_ref,2026-09-13 11:17:04,2026-09-13 12:03:07
pretrained,1,0.1,0.1,13,0,0.8649263480603167,0.7595603460295772,1.1229976528401933,0.36343730681061603,0.7450436033987672,1.4088724147431617,False,0,11.510703372827265,0.0,0.4,C_ref,2026-09-13 11:17:04,2026-09-13 12:03:07
pretrained,1,0.1,0.1,14,0,0.9360815158538052,0.8215777299073853,1.1715102300992117,0.3499325001918264,0.7818387596039205,1.432230143107596,False,0,20.933936679819453,0.0,0.4,C_ref,2026-09-13 11:17:04,2026-09-13 12:03:07
pretrained,1,0.1,0.1,15,0,0.0853036732907711,0.03787085707841426,0.1062266473559993,0.06835579027758504,0.009289492266693927,0.15514617854651291,False,0,8.529634961283591,0.0,0.4,C_ref,2026-09-13 11:17:04,2026-09-13 12:03:07
pretrained,1,0.1,0.1,16,0,0.8829558342346546,0.747307709270717,1.1596885922102564,0.41238088293953945,0.7336452674185113,1.4494060788916725,False,0,7.1077413654384145,0.0,0.4,C_ref,2026-09-13 11:17:04,2026-09-13 12:03:07
pretrained,1,0.1,0.1,17,0,0.8250015096143907,0.7774828541026779,1.034119902070124,0.256637047967446,0.5962036661436604,1.2975450674423126,False,0,9.587239195476286,0.0,0.4,C_ref,2026-09-13 11:17:04,2026-09-13 12:03:07
pretrained,1,0.1,0.1,18,0,0.11790230879858443,0.018743631998346444,0.16526683390432143,0.14652320190597498,0.006389829612617524,0.4127538368269796,False,0,3.957954784087633,0.0,0.4,C_ref,2026-09-13 11:17:04,2026-09-13 12:03:07
pretrained,1,0.1,0.1,19,0,0.056940412743608636,0.036877113239409995,0.06777737921325425,0.03090026597384425,0.010158155065874754,0.24245280689842016,False,0,5.787532712780376,0.0,0.4,C_ref,2026-09-13 11:17:04,2026-09-13 12:03:07
pretrained,1,0.1,0.1,20,0,0.9303833180484776,0.7127135825243116,1.1891360425336717,0.47642246000936006,0.6471211394645139,1.4590522969825999,False,0,14.116592283429782,0.0,0.4,C_ref,2026-09-13 11:17:04,2026-09-13 12:03:07
pretrained,1,0.1,0.1,21,0,0.05599066469436261,0.03037360390577583,0.06644550607344837,0.036071902167672545,0.008297736170509136,0.125384246998817,False,0,13.336813895290106,0.0,0.4,C_ref,2026-09-13 11:17:04,2026-09-13 12:03:07
pretrained,1,0.1,0.1,22,0,0.8085442134364583,0.6381578797936118,1.0702533402492012,0.43209546045558933,0.5766830226502164,1.3529686674660726,False,0,12.426499724217138,0.0,0.4,C_ref,2026-09-13 11:17:04,2026-09-13 12:03:07
pretrained,1,0.1,0.1,23,0,0.8502180147987299,0.7973931548510735,1.0721153458590764,0.2747221910080029,0.6887052361114784,1.3434221086102027,False,0,10.529752709862805,0.0,0.4,C_ref,2026-09-13 11:17:04,2026-09-13 12:03:07
pretrained,1,0.1,0.1,24,0,0.08530081917580937,0.03734649447206674,0.09771920806506591,0.06037271359299917,0.009910225143069072,0.31347401667923164,False,0,4.930310628227744,0.0,0.4,C_ref,2026-09-13 11:17:04,2026-09-13 12:03:07
pretrained,1,0.1,0.1,25,0,0.824686950041762,0.7516790264392826,1.022357869642694,0.2706788432034114,0.7450343755174665,1.2779713530032015,False,0,11.531778198786924,0.0,0.4,C_ref,2026-09-13 11:17:04,2026-09-13 12:03:07
pretrained,1,0.1,0.1,26,0,0.8115242236368598,0.7177879990656766,1.0309172615457274,0.3131292624800508,0.7071964729316553,1.2992007080519046,False,0,10.60807591513003,0.0,0.4,C_ref,2026-09-13 11:17:04,2026-09-13 12:03:07
pretrained,1,0.1,0.1,27,0,0.9008397800658777,0.8355126573315232,1.138113207354689,0.30260055002316566,0.605714989735812,1.4081662758839377,False,0,18.051083908230794,0.0,0.4,C_ref,2026-09-13 11:17:04,2026-09-13 12:03:07
pretrained,1,0.1,0.1,28,0,0.11621300912937256,0.0640377641128797,0.14610544828314342,0.08206768417026372,0.019962369699936224,1.219143558884307,False,0,2.123617174824176,0.0,0.4,C_ref,2026-09-13 11:17:04,2026-09-13 12:03:07
pretrained,1,0.1,0.1,29,0,0.04689136799387813,0.02878591527021145,0.05738944555893304,0.028603530288721594,0.008035803768270174,0.16201116880182123,False,0,8.736833083148667,0.0,0.4,C_ref,2026-09-13 11:17:04,2026-09-13 12:03:07
pretrained,1,0.1,0.1,30,0,0.06783948182271052,0.041938696210774035,0.08940151041122063,0.047462814200446596,0.013010975844022384,1.1609819073996284,False,0,3.732670477387728,0.0,0.4,C_ref,2026-09-13 11:17:04,2026-09-13 12:03:07
pretrained,1,0.1,0.1,31,0,0.8804981715638905,0.7984835809084261,1.1251402593342688,0.3266566784258427,0.7476343070129171,1.4029032324226245,False,0,12.654239678100566,0.0,0.4,C_ref,2026-09-13 11:17:04,2026-09-13 12:03:07
pretrained,1,0.1,0.1,32,0,0.8883280275044089,0.7410044318584768,1.1479628652059082,0.4069584333474314,0.6626749934492802,1.4231323016055393,False,0,21.385020723701018,0.0,0.4,C_ref,2026-09-13 11:17:04,2026-09-13 12:03:07
pretrained,1,0.1,0.1,33,0,0.8929646873488529,0.7724679980040636,1.1240966930970822,0.35162869509301853,0.7646234441532238,1.3878160403050663,False,0,17.29373953142931,0.0,0.4,C_ref,2026-09-13 11:17:04,2026-09-13 12:03:07
pretrained,1,0.1,0.1,34,0,0.872547116074532,0.7821758948633472,1.1142519092324248,0.33207601436907763,0.6778336463075619,1.385545541725931,False,0,20.04810503812405,0.0,0.4,C_ref,2026-09-13 11:17:04,2026-09-13 12:03:07
pretrained,1,0.1,0.1,35,0,0.9204627646959109,0.8393825985060536,1.1250822823551927,0.28569968384913913,0.834515978815402,1.3797131038231358,False,0,16.05055518490917,0.0,0.4,C_ref,2026-09-13 11:17:04,2026-09-13 12:03:07
pretrained,1,0.1,0.1,36,0,0.9847313258703582,0.7997271828780529,1.2269875830797168,0.4272604002016639,0.7493460878812429,1.4896472019919238,False,0,33.47107949461133,0.0,0.4,C_ref,2026-09-13 11:17:04,2026-09-13 12:03:07
pretrained,1,0.1,0.1,37,0,0.061011500455783595,0.03420591632011134,0.10191308567911443,0.06770716935900309,0.009197683492411977,0.1359679379393024,False,0,12.16131103807129,0.0,0.4,C_ref,2026-09-13 11:17:04,2026-09-13 12:03:07
pretrained,1,0.1,0.1,38,0,0.9221693564676567,0.7274217740222841,1.1890409651779879,0.4616191911557037,0.6679367770557852,1.4663031028534754,False,0,18.091462192838662,0.0,0.4,C_ref,2026-09-13 11:17:04,2026-09-13 12:03:07
pretrained,1,0.1,0.1,39,0,0.8649140292426476,0.8073960405010809,1.0845692931082853,0.2771732526072044,0.6783120374381878,1.350458129042305,False,0,16.714292203960213,0.0,0.4,C_ref,2026-09-13 11:17:04,2026-09-13 12:03:07
pretrained,1,0.1,0.1,40,0,0.8051864758623891,0.7231295199752079,1.0613523426363176,0.3382228226611097,0.6229550413953235,1.3473725409353057,False,0,16.20232253225913,0.0,0.4,C_ref,2026-09-13 11:17:04,2026-09-13 12:03:07
pretrained,1,0.1,0.1,41,0,0.6024670553651134,0.4969659506047623,0.9321803411775484,0.43521439057278616,0.021879029131183586,1.2500295641767634,False,0,3.7159061238453432,0.0,0.4,C_ref,2026-09-13 11:17:04,2026-09-13 12:03:07
pretrained,1,0.1,0.1,42,0,0.8057794570706621,0.6805991381783006,1.0781140497635637,0.3975149115852631,0.6255706141607399,1.3664408057987916,False,0,13.807453021730907,0.0,0.4,C_ref,2026-09-13 11:17:04,2026-09-13 12:03:07
pretrained,1,0.1,0.1,43,0,0.7590727242675263,0.6481129325438086,0.9793721396884666,0.33125920714465795,0.39719584391555524,1.264114960734874,False,0,3.682965946925833,0.0,0.4,C_ref,2026-09-13 11:17:04,2026-09-13 12:03:07
pretrained,1,0.1,0.1,44,0,0.7918588112064614,0.7090384142306505,1.030193553164731,0.32115513893408054,0.6665135863729651,1.304360094283072,False,0,10.990868162931292,0.0,0.4,C_ref,2026-09-13 11:17:04,2026-09-13 12:03:07
pretrained,1,0.1,0.1,45,0,0.7895944737304689,0.7549737243202961,1.0050656039060315,0.2500918795857354,0.5266021999313472,1.2832762605766859,False,0,5.124148216822505,0.0,0.4,C_ref,2026-09-13 11:17:04,2026-09-13 12:03:07
pretrained,1,0.1,0.1,46,0,0.09819336845631993,0.03766150887535157,0.189960377460828,0.15229886858547642,0.010978150119519213,1.2438256869089186,False,0,2.4732771524213604,0.0,0.4,C_ref,2026-09-13 11:17:04,2026-09-13 12:03:07
pretrained,1,0.1,0.1,47,0,0.9235661250851237,0.88571126133414,1.138284780616845,0.252573519282705,0.6201682601910521,1.409024355316075,False,0,5.518069629393722,0.0,0.4,C_ref,2026-09-13 11:17:04,2026-09-13 12:03:07
pretrained,1,0.1,0.1,0,0,0.0,,0.003584572804791551,,,0.017291202500849086,True,0,2.7682861146022333,,2.5,C_ref,2026-09-13 11:17:04,2026-09-13 12:03:07
pretrained,1,0.1,0.1,1,0,2.18125750516449,1.9048991679062515,2.4646475856577466,0.5597484177514951,1.6343828966022362,2.7559789949785345,False,0,1.260494608159206,0.0,2.5,C_ref,2026-09-13 11:17:04,2026-09-13 12:03:07
pretrained,1,0.1,0.1,2,0,2.2465889060174495,1.9654854812571916,2.5334978075932573,0.5680123263360657,1.6880614621271965,2.827532981505305,False,0,0.7819993983248423,1.0,2.5,C_ref,2026-09-13 11:17:04,2026-09-13 12:03:07
pretrained,1,0.1,0.1,3,0,0.0,,0.0026915888636666256,,,0.011407028794696648,True,0,2.5133639194755233,,2.5,C_ref,2026-09-13 11:17:04,2026-09-13 12:03:07
pretrained,1,0.1,0.1,4,0,2.2199168524030277,1.9433966325422616,2.502993436001612,0.5595968034593506,1.6716920092687015,2.793763028394198,False,0,0.9789850127090176,1.0,2.5,C_ref,2026-09-13 11:17:04,2026-09-13 12:03:07
pretrained,1,0.1,0.1,5,0,2.121068598367551,1.8382048514049247,2.408935078067131,0.5707302266622063,1.5576291681652528,2.7034304558185114,False,0,1.7207485708640888,0.0,2.5,C_ref,2026-09-13 11:17:04,2026-09-13 12:03:07
pretrained,1,0.1,0.1,6,0,0.0,,0.0034982605786956188,,,0.012564425809671778,True,0,2.3777910187272937,,2.5,C_ref,2026-09-13 11:17:04,2026-09-13 12:03:07
pretrained,1,0.1,0.1,7,0,2.247127194096871,1.9703142677623315,2.530732356350481,0.5604180885881496,1.6989014343220792,2.822081126356951,False,0,0.797179319193674,1.0,2.5,C_ref,2026-09-13 11:17:04,2026-09-13 12:03:07
pretrained,1,0.1,0.1,8,0,2.223957990447444,1.9451768725948255,2.509171231915987,0.5639943593211616,1.6709839346858177,2.801870881663848,False,0,0.9373801189431106,1.0,2.5,C_ref,2026-09-13 11:17:04,2026-09-13 12:03:07
pretrained,1,0.1,0.1,9,0,0.0,,0.0034168111700290985,,,0.016277178754848003,True,0,3.2188872159531456,,2.5,C_ref,2026-09-13 11:17:04,2026-09-13 12:03:07
pretrained,1,0.1,0.1,10,0,2.285856163189565,2.0044202361285874,2.57347373736886,0.5690535012402727,1.7272889184799676,2.8684566993099208,False,0,0.5575117470325495,1.0,2.5,C_ref,2026-09-13 11:17:04,2026-09-13 12:03:07
pretrained,1,0.1,0.1,11,0,2.135602389395057,1.8511357486192688,2.42516234462817,0.574026596008901,1.5692340680024721,2.7214215725500575,False,0,1.574530759389745,0.0,2.5,C_ref,2026-09-13 11:17:04,2026-09-13 12:03:07
pretrained,1,0.1,0.1,12,0,2.309904956455489,2.030183678621032,2.5966517897439347,0.5664681111229029,1.7562587731619592,2.8914125343472667,False,0,0.44330208245446556,1.0,2.5,C_ref,2026-09-13 11:17:04,2026-09-13 12:03:07
pretrained,1,0.1,0.1,13,0,2.282682302617174,1.998983172005254,2.5723271940740435,0.5733440220687895,1.7193311238442675,2.869197197716123,False,0,0.5660559142561397,1.0,2.5,C_ref,2026-09-13 11:17:04,2026-09-13 12:03:07
pretrained,1,0.1,0.1,14,0,0.0,,0.0023213551095048624,,,0.00928542043801945,True,0,2.0871462802242604,,2.5,C_ref,2026-09-13 11:17:04,2026-09-13 12:03:07
pretrained,1,0.1,0.1,15,0,2.305978395815957,2.024201818833024,2.593812998564647,0.569611179731623,1.7465316913477642,2.8889480558353564,False,0,0.4576497476082295,1.0,2.5,C_ref,2026-09-13 11:17:04,2026-09-13 12:03:07
pretrained,1,0.1,0.1,16,0,2.330954699422186,2.0482100022450793,2.620029609596038,0.5718196073509585,1.7700266460163083,2.916486270765941,False,0,0.3453903700574301,1.0,2.5,C_ref,2026-09-13 11:17:04,2026-09-13 12:03:07
pretrained,1,0.1,0.1,17,0,0.0,,0.0033811237842706946,,,0.014513370752503663,True,0,3.554596908525127,,2.5,C_ref,2026-09-13 11:17:04,2026-09-13 12:03:07
pretrained,1,0.1,0.1,18,0,0.0,,0.0025790505724742957,,,0.010562338149545021,True,0,4.40718031036522,,2.5,C_ref,2026-09-13 11:17:04,2026-09-13 12:03:07
pretrained,1,0.1,0.1,19,0,0.0,,0.0030789247897895227,,,0.0140646514738142,True,0,2.0378679056375404,,2.5,C_ref,2026-09-13 11:17:04,2026-09-13 12:03:07
pretrained,1,0.1,0.1,20,0,2.199008921349099,1.9223255341070928,2.4825012900756014,0.5601757559685085,1.6508932330346218,2.773849868964725,False,0,1.1251854832771642,0.0,2.5,C_ref,2026-09-13 11:17:04,2026-09-13 12:03:07
pretrained,1,0.1,0.1,21,0,2.2941870193507,2.0150315818021207,2.580036057236602,0.5650044754344812,1.7408668310800923,2.873515856485412,False,0,0.5220099383222987,1.0,2.5,C_ref,2026-09-13 11:17:04,2026-09-13 12:03:07
pretrained,1,0.1,0.1,22,0,2.1428085453473495,1.8610948538466052,2.4300945701212884,0.5689997162746832,1.5826681510320781,2.724282919509353,False,0,1.5373235570405086,0.0,2.5,C_ref,2026-09-13 11:17:04,2026-09-13 12:03:07
pretrained,1,0.1,0.1,23,0,0.0,,0.003110505279855857,,,0.01396974109611655,True,0,2.5836918690110906,,2.5,C_ref,2026-09-13 11:17:04,2026-09-13 12:03:07
pretrained,1,0.1,0.1,24,0,0.0,,0.003168830270219748,,,0.014671778694074007,True,0,8.102839407190913,,2.5,C_ref,2026-09-13 11:17:04,2026-09-13 12:03:07
pretrained,1,0.1,0.1,25,0,0.0,,0.0037934090611848313,,,0.017235331963414993,True,0,6.300498910030001,,2.5,C_ref,2026-09-13 11:17:04,2026-09-13 12:03:07
pretrained,1,0.1,0.1,26,0,2.0924691069019508,1.8085654123677806,2.3811503140635435,0.5725849016957629,1.5267461185066442,2.676252994287156,False,0,1.975548579619499,0.0,2.5,C_ref,2026-09-13 11:17:04,2026-09-13 12:03:07
pretrained,1,0.1,0.1,27,0,2.2039092448475017,1.9272282186608614,2.4870958649278374,0.559867646266976,1.6553533274528482,2.777897151336204,False,0,1.0916933842127037,0.0,2.5,C_ref,2026-09-13 11:17:04,2026-09-13 12:03:07
pretrained,1,0.1,0.1,28,0,2.1922535266013816,1.9079325688290807,2.4816788647243864,0.5737462958953057,1.625992001636854,2.777824338646266,False,0,1.1288961203608778,0.0,2.5,C_ref,2026-09-13 11:17:04,2026-09-13 12:03:07
pretrained,1,0.1,0.1,29,0,0.0,,0.003281152988900773,,,0.015309810910031887,True,0,4.699489067435934,,2.5,C_ref,2026-09-13 11:17:04,2026-09-13 12:03:07
pretrained,1,0.1,0.1,30,0,0.0,,0.0033653412163135526,,,0.01590310574496904,True,0,6.611171357799321,,2.5,C_ref,2026-09-13 11:17:04,2026-09-13 12:03:07
pretrained,1,0.1,0.1,31,0,0.0,,0.0026283019888349514,,,0.010880326166633826,True,0,1.7788405395731388,,2.5,C_ref,2026-09-13 11:17:04,2026-09-13 12:03:07
pretrained,1,0.1,0.1,32,0,2.2268543973280486,1.9490229320003425,2.5108280776936907,0.5618051456933482,1.676009272329884,2.8012825308229923,False,0,0.9259129712518188,1.0,2.5,C_ref,2026-09-13 11:17:04,2026-09-13 12:03:07
pretrained,1,0.1,0.1,33,0,2.1324316049297884,1.8535185760825796,2.4172760071946384,0.5637574311120588,1.5784683928930672,2.7093834566473483,False,0,1.6532399443931354,0.0,2.5,C_ref,2026-09-13 11:17:04,2026-09-13 12:03:07
pretrained,1,0.1,0.1,34,0,2.151620963456307,1.8708495735102064,2.438217637383343,0.5673680638731364,1.59393728789334,2.7319528241357514,False,0,1.4699058324949874,0.0,2.5,C_ref,2026-09-13 11:17:04,2026-09-13 12:03:07
pretrained,1,0.1,0.1,35,0,2.1209574747206017,1.8400687183414397,2.4075258335605665,0.5674571152191268,1.5629895934813212,2.7011710372079394,False,0,1.7360578155421535,0.0,2.5,C_ref,2026-09-13 11:17:04,2026-09-13 12:03:07
pretrained,1,0.1,0.1,36,0,2.2853338017383455,2.009286423953735,2.568543026140358,0.5592566021866228,1.7392017847237105,2.8597530016946067,False,0,0.5781015272114018,1.0,2.5,C_ref,2026-09-13 11:17:04,2026-09-13 12:03:07
pretrained,1,0.1,0.1,37,0,0.0,,0.0026386128932671554,,,0.011004739865493413,True,0,2.4712876896992384,,2.5,C_ref,2026-09-13 11:17:04,2026-09-13 12:03:07
pretrained,1,0.1,0.1,38,0,2.309180636249849,2.032294410964521,2.592981560030452,0.5606871490659313,1.7609378151254227,2.8846289226563826,False,0,0.4558635436333134,1.0,2.5,C_ref,2026-09-13 11:17:04,2026-09-13 12:03:07
pretrained,1,0.1,0.1,39,0,0.0,,0.0027946218871672452,,,0.010651582176933292,True,0,2.5719164006513893,,2.5,C_ref,2026-09-13 11:17:04,2026-09-13 12:03:07
pretrained,1,0.1,0.1,40,0,0.0,,0.0028880362320705564,,,0.01273262751256633,True,0,1.5155236247774155,,2.5,C_ref,2026-09-13 11:17:04,2026-09-13 12:03:07
pretrained,1,0.1,0.1,41,0,2.1186858205245405,1.83559446126768,2.406454218224092,0.5708597569564118,1.5540917760616197,2.7007137876743332,False,0,1.7434414794151962,0.0,2.5,C_ref,2026-09-13 11:17:04,2026-09-13 12:03:07
pretrained,1,0.1,0.1,42,0,2.229902088528162,1.9482589762485352,2.5169859982101577,0.5687270219616225,1.6697665346876867,2.810963487184842,False,0,0.8861158241415978,1.0,2.5,C_ref,2026-09-13 11:17:04,2026-09-13 12:03:07
pretrained,1,0.1,0.1,43,0,0.0,,0.003990719315756306,,,0.019758628735093084,True,0,2.360602096254297,,2.5,C_ref,2026-09-13 11:17:04,2026-09-13 12:03:07
pretrained,1,0.1,0.1,44,0,2.0639216029541037,1.7818601110652608,2.350969077657899,0.5691089665926381,1.5020401549310054,2.6445873122542918,False,0,2.281852208536293,0.0,2.5,C_ref,2026-09-13 11:17:04,2026-09-13 12:03:07
pretrained,1,0.1,0.1,45,0,0.0,,0.004418741312576507,,,0.022209126300857127,True,0,2.3883363012027985,,2.5,C_ref,2026-09-13 11:17:04,2026-09-13 12:03:07
pretrained,1,0.1,0.1,46,0,0.0,,0.003281513100902848,,,0.015448163938410487,True,0,4.007161156048824,,2.5,C_ref,2026-09-13 11:17:04,2026-09-13 12:03:07
pretrained,1,0.1,0.1,47,0,2.232883795112713,1.9531146900519438,2.5188361924721674,0.5657215024202236,1.6775572232964844,2.812161228452943,False,0,0.8738772113138111,1.0,2.5,C_ref,2026-09-13 11:17:04,2026-09-13 12:03:07
pretrained,2,0.1,0.1,0,0,0.9744617451940533,0.9419027854368662,1.0884396744127949,0.14653688897592865,0.9037761665745171,1.2813694166349632,False,0,16.09371221822221,0.0,0.4,C_ref,2026-09-13 12:56:59,2026-09-13 14:10:05
pretrained,2,0.1,0.1,1,0,0.9643623374015454,0.8985789410384512,1.1000377224890145,0.2014587814505634,0.8832778163981688,1.309916494399374,False,0,23.937990376056405,0.0,0.4,C_ref,2026-09-13 12:56:59,2026-09-13 14:10:05
pretrained,2,0.1,0.1,2,0,0.9934413868922237,0.9498477473650954,1.1348834744256069,0.18503572706051152,0.9371044474052216,1.3401815468713985,False,0,17.888222810419393,0.0,0.4,C_ref,2026-09-13 12:56:59,2026-09-13 14:10:05
pretrained,2,0.1,0.1,3,0,0.98475203760194,0.9430647002129555,1.1192036476041618,0.17613894739120628,0.9206038188144324,1.3303629529442673,False,0,14.996143228760047,0.0,0.4,C_ref,2026-09-13 12:56:59,2026-09-13 14:10:05
pretrained,2,0.1,0.1,4,0,0.9749513548246433,0.95036498546469,1.0917200065873407,0.14135502112265075,0.9166714299177372,1.2842795352875926,False,0,13.755491204577993,0.0,0.4,C_ref,2026-09-13 12:56:59,2026-09-13 14:10:05
pretrained,2,0.1,0.1,5,0,0.995279121854894,0.9597014383422641,1.1421520542376886,0.18245061589542455,0.9417477795589158,1.349604602750749,False,0,29.07070035310244,0.0,0.4,C_ref,2026-09-13 12:56:59,2026-09-13 14:10:05
pretrained,2,0.1,0.1,6,0,0.9589535655333931,0.9438962333533745,1.0743888356615217,0.1304926023081472,0.8460614830422851,1.2662365710933325,False,0,13.627961471425806,0.0,0.4,C_ref,2026-09-13 12:56:59,2026-09-13 14:10:05
pretrained,2,0.1,0.1,7,0,0.9917321732225245,0.9480568909077722,1.1461465700121067,0.1980896791043345,0.8980626834397037,1.35518606207531,False,0,28.150104408203333,0.0,0.4,C_ref,2026-09-13 12:56:59,2026-09-13 14:10:05
pretrained,2,0.1,0.1,8,0,1.0058881423909467,0.9444573731388275,1.1732701117248086,0.22881273858598106,0.9268163842478642,1.3885338054351015,False,0,40.121144695986004,0.0,0.4,C_ref,2026-09-13 12:56:59,2026-09-13 14:10:05
pretrained,2,0.1,0.1,9,0,1.0075064371194564,0.9788830876464512,1.1289512678805746,0.1500681802341235,0.9737296499911723,1.3218984779269527,False,0,9.109590444022615,0.0,0.4,C_ref,2026-09-13 12:56:59,2026-09-13 14:10:05
pretrained,2,0.1,0.1,10,0,0.9737987944378061,0.9466398421307711,1.1249701857050192,0.17833034357424804,0.8618511529382422,1.3392841260126895,False,0,24.70550203786115,0.0,0.4,C_ref,2026-09-13 12:56:59,2026-09-13 14:10:05
pretrained,2,0.1,0.1,11,0,0.9134970300805909,0.8408975670122538,1.0328318767123081,0.19193430970005432,0.8151942494724705,1.2406178415141083,False,0,13.832897446507559,0.0,0.4,C_ref,2026-09-13 12:56:59,2026-09-13 14:10:05
pretrained,2,0.1,0.1,12,0,0.9951544336636765,0.9586576230652106,1.1451709649450905,0.1865133418798799,0.9505383113972525,1.3591526756673549,False,0,24.73784043539854,0.0,0.4,C_ref,2026-09-13 12:56:59,2026-09-13 14:10:05
pretrained,2,0.1,0.1,13,0,0.9849247461157361,0.948232417645844,1.1117690282198047,0.16353661057396074,0.9161773674677961,1.3209340602949797,False,0,9.74189616557851,0.0,0.4,C_ref,2026-09-13 12:56:59,2026-09-13 14:10:05
pretrained,2,0.1,0.1,14,0,1.0064148094895795,0.9699042935080827,1.1577636753740637,0.18785938186598095,0.8899636812417876,1.3637697531338404,False,0,23.371353712711425,0.0,0.4,C_ref,2026-09-13 12:56:59,2026-09-13 14:10:05
pretrained,2,0.1,0.1,15,0,0.9741786803432735,0.9391228614237549,1.107503436986965,0.16838057556321007,0.9346174942981853,1.311118549906903,False,0,9.153644467074628,0.0,0.4,C_ref,2026-09-13 12:56:59,2026-09-13 14:10:05
pretrained,2,0.1,0.1,16,0,1.0342436137948718,0.9708093816185863,1.2027545548176943,0.231945173199108,0.942915651493796,1.418124296367765,False,0,39.28536478323076,0.0,0.4,C_ref,2026-09-13 12:56:59,2026-09-13 14:10:05
pretrained,2,0.1,0.1,17,0,0.964981134540714,0.9212913100457011,1.0645752215977908,0.14328391155208975,0.8941393221428365,1.245969033236239,False,0,8.190423452022515,0.0,0.4,C_ref,2026-09-13 12:56:59,2026-09-13 14:10:05
pretrained,2,0.1,0.1,18,0,0.984562002633952,0.9308023645946172,1.1270361548476,0.19623379025298282,0.9063553869322307,1.33281110685327,False,0,27.804430154021247,0.0,0.4,C_ref,2026-09-13 12:56:59,2026-09-13 14:10:05
pretrained,2,0.1,0.1,19,0,0.8518831185746509,0.8324840957079863,1.0109336092696315,0.17844951356164518,0.6617158477175779,1.2450820725586105,False,0,10.198828277683788,0.0,0.4,C_ref,2026-09-13 12:56:59,2026-09-13 14:10:05
pretrained,2,0.1,0.1,20,0,0.9970111085109487,0.9428830854601422,1.1509736426976815,0.20809055723753933,0.9181355409807991,1.3590377025638343,False,0,41.716560356868285,0.0,0.4,C_ref,2026-09-13 12:56:59,2026-09-13 14:10:05
pretrained,2,0.1,0.1,21,0,0.9765384702799291,0.9295938782093113,1.1346905784670682,0.20509670025775695,0.9177358980413636,1.352647119825135,False,0,22.973093547429016,0.0,0.4,C_ref,2026-09-13 12:56:59,2026-09-13 14:10:05
pretrained,2,0.1,0.1,22,0,0.9433084316241659,0.8859029126273552,1.1024899616533146,0.21658704902595938,0.8756733475551551,1.3158966158804632,False,0,28.59557500178562,0.0,0.4,C_ref,2026-09-13 12:56:59,2026-09-13 14:10:05
pretrained,2,0.1,0.1,23,0,0.9528489994075237,0.93605657688188,1.0752821001669899,0.13922552328510984,0.8508270605010709,1.274982957510898,False,0,22.98985194478155,0.0,0.4,C_ref,2026-09-13 12:56:59,2026-09-13 14:10:05
pretrained,2,0.1,0.1,24,0,0.9957097016227069,0.9407322506834546,1.1417636467110286,0.20103139602757403,0.9261738027141064,1.3429324777789053,False,0,44.82935378565526,0.0,0.4,C_ref,2026-09-13 12:56:59,2026-09-13 14:10:05
pretrained,2,0.1,0.1,25,0,0.9844076716839454,0.9670384006735783,1.0825175058269108,0.11547910515333248,0.8188545373255036,1.2604034150995589,False,0,10.382183838399214,0.0,0.4,C_ref,2026-09-13 12:56:59,2026-09-13 14:10:05
pretrained,2,0.1,0.1,26,0,0.9693873822772322,0.9500519136735944,1.0733866221861903,0.12333470851259587,0.8756594866506712,1.2606162220168677,False,0,6.385909064447333,0.0,0.4,C_ref,2026-09-13 12:56:59,2026-09-13 14:10:05
pretrained,2,0.1,0.1,27,0,0.9849967266596213,0.9588652421872141,1.112341713962811,0.15347647177559676,0.9138308376433487,1.311268666867159,False,0,20.49698040754447,0.0,0.4,C_ref,2026-09-13 12:56:59,2026-09-13 14:10:05
pretrained,2,0.1,0.1,28,0,0.852420845163932,0.6124600302789154,1.0320593092306276,0.41959927895171223,0.026213796416300353,1.230863529216231,False,0,3.321245110451855,0.0,0.4,C_ref,2026-09-13 12:56:59,2026-09-13 14:10:05
pretrained,2,0.1,0.1,29,0,0.9247611694570746,0.8861891802089863,1.0667444715081924,0.1805552912992061,0.8424728691713356,1.2793723412547071,False,0,13.04122082289905,0.0,0.4,C_ref,2026-09-13 12:56:59,2026-09-13 14:10:05
pretrained,2,0.1,0.1,30,0,0.9649303769269375,0.9405608356397269,1.0955271585756894,0.15496632293596246,0.8737714194673575,1.2916460137217969,False,0,29.231918175766623,0.0,0.4,C_ref,2026-09-13 12:56:59,2026-09-13 14:10:05
pretrained,2,0.1,0.1,31,0,1.0127348449383742,0.9819314034520544,1.1432319027702913,0.16130049931823687,0.9707268047729607,1.3363162152563242,False,0,28.171900191962777,0.0,0.4,C_ref,2026-09-13 12:56:59,2026-09-13 14:10:05
pretrained,2,0.1,0.1,32,0,1.0273483122931533,0.9687284637552857,1.1799340187225824,0.21120555496729676,0.9591075022126742,1.3887896161175757,False,0,21.25918066286613,0.0,0.4,C_ref,2026-09-13 12:56:59,2026-09-13 14:10:05
pretrained,2,0.1,0.1,33,0,0.9639068504994204,0.9250939107896635,1.0784088948778705,0.15331498408820698,0.8081799144401826,1.2771664201517519,False,0,18.032971436263324,0.0,0.4,C_ref,2026-09-13 12:56:59,2026-09-13 14:10:05
pretrained,2,0.1,0.1,34,0,0.9538239986316703,0.8910156491147503,1.0697017962564737,0.17868614714172337,0.8857197741523298,1.2663929066179707,False,0,13.791609652351326,0.0,0.4,C_ref,2026-09-13 12:56:59,2026-09-13 14:10:05
pretrained,2,0.1,0.1,35,0,1.02416511836118,0.9645272143841928,1.1810726894726,0.21654547508840727,0.9091642333765403,1.3823266821165792,False,0,55.168812338444695,0.0,0.4,C_ref,2026-09-13 12:56:59,2026-09-13 14:10:05
pretrained,2,0.1,0.1,36,0,0.9953373593955419,0.9734691226071893,1.1247977792740729,0.15132865666688355,0.9433448149658253,1.3237981027364325,False,0,15.740433450795535,0.0,0.4,C_ref,2026-09-13 12:56:59,2026-09-13 14:10:05
pretrained,2,0.1,0.1,37,0,0.9858097059701284,0.9388626253884729,1.1335721923978685,0.19470956700939568,0.9310440528178813,1.3413643337460313,False,0,19.03215643696967,0.0,0.4,C_ref,2026-09-13 12:56:59,2026-09-13 14:10:05
pretrained,2,0.1,0.1,38,0,1.0253457280997327,0.9730743227071543,1.2007540304845445,0.22767970777739022,0.9098685572097069,1.420046177048618,False,0,37.7676131955086,0.0,0.4,C_ref,2026-09-13 12:56:59,2026-09-13 14:10:05
pretrained,2,0.1,0.1,39,0,1.0266508618169443,0.9698818953354075,1.162331530594864,0.19244963525945658,0.9667926685615233,1.3534513620208684,False,0,28.97478277670234,0.0,0.4,C_ref,2026-09-13 12:56:59,2026-09-13 14:10:05
pretrained,2,0.1,0.1,40,0,0.98943715923742,0.9650669789636973,1.1194420026613674,0.1543750236976701,0.9368964848787525,1.318622682954995,False,0,16.747086901119474,0.0,0.4,C_ref,2026-09-13 12:56:59,2026-09-13 14:10:05
pretrained,2,0.1,0.1,41,0,1.0137518155311158,0.9767879758848682,1.143135154007527,0.16634717812265876,0.9669035344047586,1.3348742948087304,False,0,20.927576685098757,0.0,0.4,C_ref,2026-09-13 12:56:59,2026-09-13 14:10:05
pretrained,2,0.1,0.1,42,0,0.9700225945043125,0.9084140983516841,1.105441828262077,0.19702772991039297,0.8950869963561465,1.3091744325169172,False,0,19.360929736714752,0.0,0.4,C_ref,2026-09-13 12:56:59,2026-09-13 14:10:05
pretrained,2,0.1,0.1,43,0,0.9525513616679607,0.9257701851181444,1.0793718518198565,0.15360166670171216,0.9063103645143847,1.2781893749200555,False,0,14.074657135428424,0.0,0.4,C_ref,2026-09-13 12:56:59,2026-09-13 14:10:05
pretrained,2,0.1,0.1,44,0,0.9746930903915592,0.9244919753128645,1.0761782427598598,0.15168626744699532,0.7853900023396831,1.2684606929479545,False,0,12.545757731819322,0.0,0.4,C_ref,2026-09-13 12:56:59,2026-09-13 14:10:05
pretrained,2,0.1,0.1,45,0,0.9885928412246864,0.9684848348709907,1.1001454132103652,0.1316605783393745,0.9461545224679151,1.2874117125289324,False,0,12.472644824258168,0.0,0.4,C_ref,2026-09-13 12:56:59,2026-09-13 14:10:05
pretrained,2,0.1,0.1,46,0,0.9847821722383763,0.9575257942657279,1.1164605270314616,0.15893473276573367,0.9446296587374989,1.3155569462911383,False,0,22.899163435595256,0.0,0.4,C_ref,2026-09-13 12:56:59,2026-09-13 14:10:05
pretrained,2,0.1,0.1,47,0,0.9491920085248139,0.8791885787222431,1.1053620498145194,0.22617347109227626,0.8676556075122497,1.3149707979648804,False,0,28.902968703016086,0.0,0.4,C_ref,2026-09-13 12:56:59,2026-09-13 14:10:05
pretrained,2,0.1,0.1,0,0,1.7784804596103985,1.5008867482347323,2.0622102635690513,0.561323515334319,1.2298398244856803,2.3530729284226246,False,0,6.225746259260632,0.0,2.5,C_ref,2026-09-13 12:56:59,2026-09-13 14:10:05
pretrained,2,0.1,0.1,1,0,1.8765501885031168,1.6024621164559483,2.157531101525525,0.5550689850695767,1.3349628195724392,2.4461700851678336,False,0,4.767113080491981,0.0,2.5,C_ref,2026-09-13 12:56:59,2026-09-13 14:10:05
pretrained,2,0.1,0.1,2,0,1.9323455393179354,1.655944259967518,2.2150315838923715,0.5590873239248535,1.385132699478395,2.5049769717552697,False,0,3.9322377209027763,0.0,2.5,C_ref,2026-09-13 12:56:59,2026-09-13 14:10:05
pretrained,2,0.1,0.1,3,0,1.9481238444659932,1.6708989846561457,2.2311864787027793,0.5602874940466336,1.3978244059831626,2.5213827856555273,False,0,3.7140272996512067,0.0,2.5,C_ref,2026-09-13 12:56:59,2026-09-13 14:10:05
pretrained,2,0.1,0.1,4,0,0.0,,0.0007769991605921162,,,0.003107996642368465,True,0,6.713023979020363,,2.5,C_ref,2026-09-13 12:56:59,2026-09-13 14:10:05
pretrained,2,0.1,0.1,5,0,1.884928944189427,1.6120087180824074,2.16477632169466,0.5527676036122526,1.3456337159540972,2.452363708572632,False,0,4.67807792925305,0.0,2.5,C_ref,2026-09-13 12:56:59,2026-09-13 14:10:05
pretrained,2,0.1,0.1,6,0,1.7603711631611503,1.4809007513739694,2.0446598998920074,0.563759148518038,1.2054336379356445,2.3353506602676233,False,0,6.530582319377572,0.0,2.5,C_ref,2026-09-13 12:56:59,2026-09-13 14:10:05
pretrained,2,0.1,0.1,7,0,1.9264725682822348,1.6564883099032073,2.2038807054411365,0.5473923955379292,1.3936644078616331,2.489375188247266,False,0,4.147909041581443,0.0,2.5,C_ref,2026-09-13 12:56:59,2026-09-13 14:10:05
pretrained,2,0.1,0.1,8,0,1.950965821669977,1.6804535919992707,2.2295728444191223,0.5491192524198516,1.4182525800393742,2.5166164669896527,False,0,3.774733196969464,0.0,2.5,C_ref,2026-09-13 12:56:59,2026-09-13 14:10:05
pretrained,2,0.1,0.1,9,0,1.8626110079923321,1.5877572455622684,2.1435648179395685,0.5558075723773002,1.3185346006834933,2.431705389262102,False,0,4.986798925474432,0.0,2.5,C_ref,2026-09-13 12:56:59,2026-09-13 14:10:05
pretrained,2,0.1,0.1,10,0,1.9711880813656661,1.6966857730966693,2.252764164479216,0.5560783913825467,1.428585907441032,2.542212204197417,False,0,3.4442084644579154,0.0,2.5,C_ref,2026-09-13 12:56:59,2026-09-13 14:10:05
pretrained,2,0.1,0.1,11,0,1.8011701955017494,1.5192335310575618,2.0880055359204754,0.5687720048629137,1.2403375160747219,2.3813581811992734,False,0,5.747704215333215,0.0,2.5,C_ref,2026-09-13 12:56:59,2026-09-13 14:10:05
pretrained,2,0.1,0.1,12,0,1.9813373976406337,1.7039062009203814,2.2654259645314956,0.5615197636111142,1.4319481876486444,2.557210603290893,False,0,3.261734604722733,0.0,2.5,C_ref,2026-09-13 12:56:59,2026-09-13 14:10:05
pretrained,2,0.1,0.1,13,0,1.9563237129766642,1.6745612468310902,2.243442803630189,0.5688815567990988,1.3961678661122616,2.537357559285643,False,0,3.512730351128994,0.0,2.5,C_ref,2026-09-13 12:56:59,2026-09-13 14:10:05
pretrained,2,0.1,0.1,14,0,1.9037141286434947,1.635108229644968,2.1795221119061843,0.5444138822612163,1.3731973979256995,2.4632128692590465,False,0,4.526158396271057,0.0,2.5,C_ref,2026-09-13 12:56:59,2026-09-13 14:10:05
pretrained,2,0.1,0.1,15,0,1.92672239672112,1.6465059628774195,2.2121015721703694,0.5655956092929499,1.3692193374872608,2.5041906290221108,False,0,3.943262661807239,0.0,2.5,C_ref,2026-09-13 12:56:59,2026-09-13 14:10:05
pretrained,2,0.1,0.1,16,0,2.0593533219520834,1.7889118691980315,2.3378948938350144,0.5489830246369829,1.5263258586358517,2.625045056310339,False,0,2.4592674534032994,0.0,2.5,C_ref,2026-09-13 12:56:59,2026-09-13 14:10:05
pretrained,2,0.1,0.1,17,0,1.7043145096854373,1.42453943153414,1.988352515363237,0.5638130838290971,1.1488761090621367,2.2782480704101356,False,0,7.556880737301981,0.0,2.5,C_ref,2026-09-13 12:56:59,2026-09-13 14:10:05
pretrained,2,0.1,0.1,18,0,1.92525848062416,1.6510634549677186,2.2058706175698717,0.5548071626021531,1.3825502615073502,2.4938703282202015,False,0,4.084134346063365,0.0,2.5,C_ref,2026-09-13 12:56:59,2026-09-13 14:10:05
pretrained,2,0.1,0.1,19,0,1.9076930869851763,1.6311772680371077,2.189462521196073,0.5582852531589655,1.3572404128966113,2.4780784673720206,False,0,4.304985254795611,0.0,2.5,C_ref,2026-09-13 12:56:59,2026-09-13 14:10:05
pretrained,2,0.1,0.1,20,0,1.8776997448439212,1.606681587219398,2.1563743854682733,0.5496927982488753,1.3434470087533124,2.4432376491189434,False,0,4.815304402654874,0.0,2.5,C_ref,2026-09-13 12:56:59,2026-09-13 14:10:05
pretrained,2,0.1,0.1,21,0,1.9941198416568489,1.7220913451789919,2.2733671974254572,0.5512758522464654,1.4563581871204692,2.5605017852401244,False,0,3.2095613123165094,0.0,2.5,C_ref,2026-09-13 12:56:59,2026-09-13 14:10:05
pretrained,2,0.1,0.1,22,0,1.8851209620228813,1.613044954474645,2.1642579592448596,0.5512130047702146,1.3475393677378802,2.45119995371518,False,0,4.696955058923777,0.0,2.5,C_ref,2026-09-13 12:56:59,2026-09-13 14:10:05
pretrained,2,0.1,0.1,23,0,1.8220867366460733,1.5477057472330007,2.102301011648997,0.5545952644159964,1.2778619822750583,2.3896348878874085,False,0,5.650403790619748,0.0,2.5,C_ref,2026-09-13 12:56:59,2026-09-13 14:10:05
pretrained,2,0.1,0.1,24,0,1.8229809164234316,1.5499316711666242,2.1028435032967594,0.5529118321301352,1.284519755891901,2.3901810537792074,False,0,5.641016795685573,0.0,2.5,C_ref,2026-09-13 12:56:59,2026-09-13 14:10:05
pretrained,2,0.1,0.1,25,0,1.6904997791759833,1.4132775059915266,1.9720949673773092,0.5588174613857826,1.1410181013761873,2.2596450219216226,False,0,7.9390850708550715,0.0,2.5,C_ref,2026-09-13 12:56:59,2026-09-13 14:10:05
pretrained,2,0.1,0.1,26,0,1.768969987518889,1.4909935232875093,2.051948011366682,0.5609544880791728,1.2168425794633697,2.3414792445218846,False,0,6.4357352385013655,0.0,2.5,C_ref,2026-09-13 12:56:59,2026-09-13 14:10:05
pretrained,2,0.1,0.1,27,0,1.86701744731837,1.593567236575717,2.1469838875986555,0.5534166510229386,1.3259892255987316,2.4344315694291927,False,0,4.947097986078006,0.0,2.5,C_ref,2026-09-13 12:56:59,2026-09-13 14:10:05
pretrained,2,0.1,0.1,28,0,1.8414613821544028,1.5557727379248902,2.130088893958325,0.5743161560334347,1.268452470565141,2.41957143584288,False,0,5.141591278686974,0.0,2.5,C_ref,2026-09-13 12:56:59,2026-09-13 14:10:05
pretrained,2,0.1,0.1,29,0,1.8367015048571258,1.5601802387243096,2.118819107151743,0.5586388684274333,1.2876228834309404,2.407915320319321,False,0,5.3497907871205825,0.0,2.5,C_ref,2026-09-13 12:56:59,2026-09-13 14:10:05
pretrained,2,0.1,0.1,30,0,0.0,,0.000605326174270328,,,0.002421304697081312,True,0,6.128273829148384,,2.5,C_ref,2026-09-13 12:56:59,2026-09-13 14:10:05
pretrained,2,0.1,0.1,31,0,1.840173454444674,1.564120044284177,2.1233291996643455,0.5592091553801686,1.2960527103516426,2.4141774549622292,False,0,5.243222008299199,0.0,2.5,C_ref,2026-09-13 12:56:59,2026-09-13 14:10:05
pretrained,2,0.1,0.1,32,0,1.9634277273759888,1.6916210972146581,2.2428424408481313,0.5512213436334732,1.427403915716099,2.5304416044145532,False,0,3.592961055222986,0.0,2.5,C_ref,2026-09-13 12:56:59,2026-09-13 14:10:05
pretrained,2,0.1,0.1,33,0,1.8003933762616662,1.5255348873174426,2.080975766586673,0.5554408792692302,1.2555490651572632,2.368489060022491,False,0,5.995956207159907,0.0,2.5,C_ref,2026-09-13 12:56:59,2026-09-13 14:10:05
pretrained,2,0.1,0.1,34,0,0.0,,0.000985927779361855,,,0.00394371111744742,True,0,6.4196749954426195,,2.5,C_ref,2026-09-13 12:56:59,2026-09-13 14:10:05
pretrained,2,0.1,0.1,35,0,1.8664972306098768,1.6020016309837017,2.140429224163029,0.5384275931793274,1.3487858746493944,2.423441923136781,False,0,5.130186568298086,0.0,2.5,C_ref,2026-09-13 12:56:59,2026-09-13 14:10:05
pretrained,2,0.1,0.1,36,0,1.9218400590980023,1.6463371511860432,2.203915255588052,0.5575781044020087,1.3766518531678282,2.4935494399949962,False,0,4.08807718364551,0.0,2.5,C_ref,2026-09-13 12:56:59,2026-09-13 14:10:05
pretrained,2,0.1,0.1,37,0,1.9346233061481537,1.6578896376611325,2.2176792412856026,0.5597896036244701,1.3864841052255121,2.5080605439695054,False,0,3.8909910888105514,0.0,2.5,C_ref,2026-09-13 12:56:59,2026-09-13 14:10:05
pretrained,2,0.1,0.1,38,0,2.05990934976279,1.7926783821885413,2.335577882043724,0.5428994998551828,1.533666742226364,2.620157916606669,False,0,2.501331946139544,0.0,2.5,C_ref,2026-09-13 12:56:59,2026-09-13 14:10:05
pretrained,2,0.1,0.1,39,0,1.851397681546085,1.5846328951989017,2.1270875122716184,0.5424546170727167,1.328657749368695,2.411632717136843,False,0,5.3097425863052194,0.0,2.5,C_ref,2026-09-13 12:56:59,2026-09-13 14:10:05
pretrained,2,0.1,0.1,40,0,1.8613410178565213,1.5868655100140285,2.1396259734789,0.5527604634648713,1.3176972405257041,2.3625290536736885,False,0,7.122928178941947,0.0,2.5,C_ref,2026-09-13 12:56:59,2026-09-13 14:10:05
pretrained,2,0.1,0.1,41,0,1.822805000809629,1.5514408233429824,2.1015238221199724,0.55008299877699,1.2885495408688277,2.3880571849590395,False,0,5.6786998497118475,0.0,2.5,C_ref,2026-09-13 12:56:59,2026-09-13 14:10:05
pretrained,2,0.1,0.1,42,0,1.9015405582419156,1.626789329326055,2.1819781347645715,0.5551888054385166,1.3573580553410338,2.4645058449757067,False,0,4.611251101636299,0.0,2.5,C_ref,2026-09-13 12:56:59,2026-09-13 14:10:05
pretrained,2,0.1,0.1,43,0,1.8038512878133692,1.5269768945701645,2.086230715143902,0.5592538205737374,1.2546224694235053,2.37542329383483,False,0,5.870010085418471,0.0,2.5,C_ref,2026-09-13 12:56:59,2026-09-13 14:10:05
pretrained,2,0.1,0.1,44,0,1.7886270019077655,1.5108311159661367,2.0716826631418463,0.5608515471757096,1.2367865934235451,2.361502725678345,False,0,6.095024234902667,0.0,2.5,C_ref,2026-09-13 12:56:59,2026-09-13 14:10:05
pretrained,2,0.1,0.1,45,0,1.7493218995580184,1.4733925288868055,2.031152876688653,0.5577603478018474,1.2041539888217598,2.319876465065242,False,0,6.816516406270239,0.0,2.5,C_ref,2026-09-13 12:56:59,2026-09-13 14:10:05
pretrained,2,0.1,0.1,46,0,1.8410843133018884,1.563525554942458,2.124502067017123,0.560976512074665,1.2911687987183884,2.414944286902938,False,0,5.2345353042765055,0.0,2.5,C_ref,2026-09-13 12:56:59,2026-09-13 14:10:05
pretrained,2,0.1,0.1,47,0,1.9102033197291468,1.6345608167144752,2.192298808334342,0.557737991619867,1.3649085916781178,2.4816778563460646,False,0,4.2534924626597785,0.0,2.5,C_ref,2026-09-13 12:56:59,2026-09-13 14:10:05
pretrained,0,0.3,0.3,0,0,0.9847589300588936,0.9605143132929856,1.1559949261191405,0.1954806128261549,0.059412388625691,1.4284128390064952,False,0,1.9925519557582447,0.0,0.4,C_ref,2026-09-12 13:14:11,2026-09-12 14:20:43
pretrained,0,0.3,0.3,1,0,0.98000860357386,0.9288213665632998,1.189416779493178,0.2605954129298782,0.922488941226502,1.4719671322124606,False,0,8.44716284410606,0.0,0.4,C_ref,2026-09-12 13:14:11,2026-09-12 14:20:43
pretrained,0,0.3,0.3,2,0,1.0052563430709178,0.9007476717656362,1.2503699403056852,0.3496222685400489,0.891522678607397,1.5376102267458198,False,0,12.213517972413683,0.0,0.4,C_ref,2026-09-12 13:14:11,2026-09-12 14:20:43
pretrained,0,0.3,0.3,3,0,1.0564837059760974,0.9162967780263616,1.3082236509213772,0.3919268728950155,0.8598608636028003,1.5898771966293843,False,0,24.579049408352148,0.0,0.4,C_ref,2026-09-12 13:14:11,2026-09-12 14:20:43
pretrained,0,0.3,0.3,4,0,0.9553486093427528,0.8435338372155202,1.1841461409908027,0.3406123037752825,0.7639410798548317,1.4730795114308664,False,0,21.719963507624925,0.0,0.4,C_ref,2026-09-12 13:14:11,2026-09-12 14:20:43
pretrained,0,0.3,0.3,5,0,1.026331130786455,0.9211085576916844,1.260432335786993,0.3393237780953085,0.8881294891343063,1.535679970826486,False,0,17.77438727837216,0.0,0.4,C_ref,2026-09-12 13:14:11,2026-09-12 14:20:43
pretrained,0,0.3,0.3,6,0,0.8083952274604275,0.6841008279939887,1.0881044290806647,0.404003601086676,0.665009672680664,1.3982382653026186,False,0,6.8567162644794735,0.0,0.4,C_ref,2026-09-12 13:14:11,2026-09-12 14:20:43
pretrained,0,0.3,0.3,7,0,0.833106850500454,0.7728602488054052,1.1311814158639308,0.3583211670585257,0.3321546193565908,1.4481754377753266,False,0,3.864593242513365,0.0,0.4,C_ref,2026-09-12 13:14:11,2026-09-12 14:20:43
pretrained,0,0.3,0.3,8,0,1.0996213337834626,0.9696387155850962,1.324692175808213,0.3550534602231169,0.961120692317141,1.5885169476150336,False,0,30.716254467279214,0.0,0.4,C_ref,2026-09-12 13:14:11,2026-09-12 14:20:43
pretrained,0,0.3,0.3,9,0,0.939795893371073,0.8295857282848805,1.1537970448194133,0.3242113165345327,0.8147392696959942,1.4407288289085425,False,0,6.128598056973715,0.0,0.4,C_ref,2026-09-12 13:14:11,2026-09-12 14:20:43
pretrained,0,0.3,0.3,10,0,1.0715172657970915,0.9354537561157976,1.3253120830490015,0.389858326933204,0.8565964905617627,1.6050499734966752,False,0,28.656050687048264,0.0,0.4,C_ref,2026-09-12 13:14:11,2026-09-12 14:20:43
pretrained,0,0.3,0.3,11,0,1.0088143813421082,0.9664563583756688,1.227077832784066,0.2606214744083974,0.8550987443926508,1.5080301313036484,False,0,10.907807646042784,0.0,0.4,C_ref,2026-09-12 13:14:11,2026-09-12 14:20:43
pretrained,0,0.3,0.3,12,0,1.0472209297084498,0.9280950257056856,1.289070286173911,0.3609752604682255,0.8990631686069451,1.5716625366640669,False,0,16.745116449314082,0.0,0.4,C_ref,2026-09-12 13:14:11,2026-09-12 14:20:43
pretrained,0,0.3,0.3,13,0,1.046337757170445,0.9198599581570176,1.2978309633078986,0.3779710051508809,0.9135337864691074,1.5835451768490023,False,0,19.490311763438516,0.0,0.4,C_ref,2026-09-12 13:14:11,2026-09-12 14:20:43
pretrained,0,0.3,0.3,14,0,0.9830364209552624,0.906071989184281,1.1927297146524396,0.2866577254681586,0.8820754482886968,1.469206712074496,False,0,8.742735834344785,0.0,0.4,C_ref,2026-09-12 13:14:11,2026-09-12 14:20:43
pretrained,0,0.3,0.3,15,0,0.9964286481574764,0.8888906363753748,1.2384320210875437,0.3495413847121689,0.8762596334994809,1.522058386094844,False,0,15.34631978082325,0.0,0.4,C_ref,2026-09-12 13:14:11,2026-09-12 14:20:43
pretrained,0,0.3,0.3,16,0,1.185837381993377,1.0050508889112415,1.427218521153152,0.4221676322419103,0.9296713180656804,1.6965917216670596,False,0,43.095052577435126,0.0,0.4,C_ref,2026-09-12 13:14:11,2026-09-12 14:20:43
pretrained,0,0.3,0.3,17,0,0.9582007746737043,0.9323733091155728,1.15852157420895,0.2261482650933771,0.7293660673417343,1.43079943649911,False,0,13.756538283414557,0.0,0.4,C_ref,2026-09-12 13:14:11,2026-09-12 14:20:43
pretrained,0,0.3,0.3,18,0,1.031568976557469,0.9048936419005033,1.2815538199766632,0.3766601780761599,0.8285865332633513,1.5588598897229349,False,0,32.285180699913326,0.0,0.4,C_ref,2026-09-12 13:14:11,2026-09-12 14:20:43
pretrained,0,0.3,0.3,19,0,0.8125174486416177,0.7738712137740709,1.0720413555862998,0.2981701418122289,0.6038503817447384,1.3910704249072032,False,0,4.148709490596957,0.0,0.4,C_ref,2026-09-12 13:14:11,2026-09-12 14:20:43
pretrained,0,0.3,0.3,20,0,0.983366124626063,0.9470905445933112,1.1921103172952328,0.2450197727019216,0.836863877398966,1.4720909653988432,False,0,6.714822754605848,0.0,0.4,C_ref,2026-09-12 13:14:11,2026-09-12 14:20:43
pretrained,0,0.3,0.3,21,0,0.9749894345380096,0.8943257845391048,1.2254051766636405,0.3310793921245356,0.8564760314928562,1.5187685713710526,False,0,10.55301741598305,0.0,0.4,C_ref,2026-09-12 13:14:11,2026-09-12 14:20:43
pretrained,0,0.3,0.3,22,0,0.9442311680165928,0.9200713854134392,1.1540928583947871,0.234021472981348,0.6768325325977853,1.4433083117426506,False,0,10.459980813557197,0.0,0.4,C_ref,2026-09-12 13:14:11,2026-09-12 14:20:43
pretrained,0,0.3,0.3,23,0,0.9437608790235608,0.8291320845792962,1.2019633086959494,0.3728312241166531,0.6914465392211052,1.4865217757252995,False,0,28.643222848466397,0.0,0.4,C_ref,2026-09-12 13:14:11,2026-09-12 14:20:43
pretrained,0,0.3,0.3,24,0,0.8927766585168532,0.8606261996855438,1.100719895979679,0.2400936962941349,0.0673784378423835,1.3945530605827885,False,0,2.1352165326970862,0.0,0.4,C_ref,2026-09-12 13:14:11,2026-09-12 14:20:43
pretrained,0,0.3,0.3,25,0,0.8749098636599989,0.8609336986818815,1.0363664101532732,0.1754327114713917,0.0397603308076603,1.3094155560251386,False,0,1.6659804420160071,0.0,0.4,C_ref,2026-09-12 13:14:11,2026-09-12 14:20:43
pretrained,0,0.3,0.3,26,0,1.006283310394153,0.9419841361268072,1.1932464640082063,0.2512623278813991,0.9361565161491778,1.450611198951225,False,0,9.928735255227366,0.0,0.4,C_ref,2026-09-12 13:14:11,2026-09-12 14:20:43
pretrained,0,0.3,0.3,27,0,0.2218289624593285,0.1047224461010967,0.9070179609469324,0.8022955148458357,0.0370401612048666,1.2943711162207838,False,0,0.4293796739002573,1.0,0.4,C_ref,2026-09-12 13:14:11,2026-09-12 14:20:43
pretrained,0,0.3,0.3,28,0,0.9739077346792864,0.9271562691166582,1.2006738969280597,0.2735176278114015,0.740571254780944,1.4884784257563382,False,0,11.706950696418062,0.0,0.4,C_ref,2026-09-12 13:14:11,2026-09-12 14:20:43
pretrained,0,0.3,0.3,29,0,0.8918848072046408,0.8185429633653402,1.1294752805810988,0.3109323172157586,0.8002151966532376,1.422358916656073,False,0,8.958451778133167,0.0,0.4,C_ref,2026-09-12 13:14:11,2026-09-12 14:20:43
pretrained,0,0.3,0.3,30,0,0.9468879107453838,0.8920817836268223,1.181015992878674,0.2889342092518517,0.814844565070929,1.46273383048615,False,0,11.007467353316317,0.0,0.4,C_ref,2026-09-12 13:14:11,2026-09-12 14:20:43
pretrained,0,0.3,0.3,31,0,0.9942212742847034,0.9255997347340866,1.222541969228255,0.2969422344941684,0.9138304368625688,1.505711223905499,False,0,10.088635964042624,0.0,0.4,C_ref,2026-09-12 13:14:11,2026-09-12 14:20:43
pretrained,0,0.3,0.3,32,0,0.9749997250783474,0.9003499714048971,1.219297041451246,0.3189470700463489,0.7911838981551831,1.50187618233891,False,0,20.730156292538595,0.0,0.4,C_ref,2026-09-12 13:14:11,2026-09-12 14:20:43
pretrained,0,0.3,0.3,33,0,1.0547286257578752,0.9272554031589856,1.282411784079014,0.3551563809200285,0.9151653117404892,1.546901856588515,False,0,34.87818465403325,0.0,0.4,C_ref,2026-09-12 13:14:11,2026-09-12 14:20:43
pretrained,0,0.3,0.3,34,0,1.0868274431277305,0.9583044385749492,1.3092720625255894,0.3509676239506403,0.9435137508936629,1.57355059949801,False,0,28.19877659527629,0.0,0.4,C_ref,2026-09-12 13:14:11,2026-09-12 14:20:43
pretrained,0,0.3,0.3,35,0,1.0376994603713785,0.9512961142271134,1.2581617284234408,0.3068656141963274,0.9449788649412376,1.5281726167110763,False,0,16.76435515615958,0.0,0.4,C_ref,2026-09-12 13:14:11,2026-09-12 14:20:43
pretrained,0,0.3,0.3,36,0,1.06472575270318,0.9669170999359304,1.308091628571098,0.3411745286351676,0.9223873043119056,1.5873478263367775,False,0,23.71638199917288,0.0,0.4,C_ref,2026-09-12 13:14:11,2026-09-12 14:20:43
pretrained,0,0.3,0.3,37,0,0.9785030957160696,0.919034072166065,1.1905175732136557,0.2714835010475904,0.9137493660489704,1.4707002047853663,False,0,9.334477489610435,0.0,0.4,C_ref,2026-09-12 13:14:11,2026-09-12 14:20:43
pretrained,0,0.3,0.3,38,0,0.9453527459104476,0.8995832651879355,1.2040391463330784,0.3044558811451429,0.4831778524213637,1.5041037432584778,False,0,17.79745858206661,0.0,0.4,C_ref,2026-09-12 13:14:11,2026-09-12 14:20:43
pretrained,0,0.3,0.3,39,0,0.9671842283667262,0.899256989817577,1.1743273313047893,0.2750703414872123,0.8932775120642783,1.4416394436812403,False,0,10.43564187791344,0.0,0.4,C_ref,2026-09-12 13:14:11,2026-09-12 14:20:43
pretrained,0,0.3,0.3,40,0,0.9090146234129424,0.8561427708738204,1.1635973047815027,0.3074545339076823,0.6106680178813692,1.4655545610730063,False,0,13.849898674943688,0.0,0.4,C_ref,2026-09-12 13:14:11,2026-09-12 14:20:43
pretrained,0,0.3,0.3,41,0,0.9915093065216009,0.8889735032304712,1.2097161877858358,0.3207426845553646,0.8778985435135068,1.47924615693685,False,0,12.67436493887726,0.0,0.4,C_ref,2026-09-12 13:14:11,2026-09-12 14:20:43
pretrained,0,0.3,0.3,42,0,0.848210151122848,0.7781265949211498,1.104233158767626,0.3261065638464762,0.0676207367802086,1.4188510080010013,False,0,3.073582529235864,0.0,0.4,C_ref,2026-09-12 13:14:11,2026-09-12 14:20:43
pretrained,0,0.3,0.3,43,0,0.9421399110940644,0.924003224182828,1.129136182570827,0.205132958387999,0.0786539865514447,1.4114531738941396,False,0,2.596932616987033,0.0,0.4,C_ref,2026-09-12 13:14:11,2026-09-12 14:20:43
pretrained,0,0.3,0.3,44,0,0.9179213277284932,0.8945859146261607,1.1223985527710845,0.2278126381449238,0.6404500406529462,1.409950183297269,False,0,3.917612784360245,0.0,0.4,C_ref,2026-09-12 13:14:11,2026-09-12 14:20:43
pretrained,0,0.3,0.3,45,0,0.5705892198615347,0.4974495883637851,0.9635326664988776,0.4660830781350925,0.155722565684091,1.2804648663933476,False,0,3.0530896802556526,0.0,0.4,C_ref,2026-09-12 13:14:11,2026-09-12 14:20:43
pretrained,0,0.3,0.3,46,0,0.9778836276195416,0.8483020306743646,1.2456313677882418,0.3973293371138772,0.7999490718992642,1.5373578748181045,False,0,12.53507687973979,0.0,0.4,C_ref,2026-09-12 13:14:11,2026-09-12 14:20:43
pretrained,0,0.3,0.3,47,0,0.9548224099200412,0.4332441283018065,1.1726082944087992,0.7393641661069927,0.2875158256428308,1.478665677093744,False,0,1.1193407384926104,0.0,0.4,C_ref,2026-09-12 13:14:11,2026-09-12 14:20:43
pretrained,0,0.3,0.3,0,0,2.116862536054407,1.921771029780967,2.157904601266463,0.2361335714854961,1.6514436783406947,2.7473441358484427,False,0,1.4385531360203458,0.0,2.5,C_ref,2026-09-12 13:14:11,2026-09-12 14:20:43
pretrained,0,0.3,0.3,1,0,2.2576193283124697,2.0241206844515456,2.5010881722283216,0.476967487776776,1.742425779073565,2.904315452445995,False,0,0.996397911101667,1.0,2.5,C_ref,2026-09-12 13:14:11,2026-09-12 14:20:43
pretrained,0,0.3,0.3,2,0,2.407890169606272,2.095849126046082,2.637421674686394,0.5415725486403122,1.8249834793297208,3.0038160540385124,False,0,0.6033732065261574,1.0,2.5,C_ref,2026-09-12 13:14:11,2026-09-12 14:20:43
pretrained,0,0.3,0.3,3,0,2.249227838727201,2.0911246559676533,2.602709509260969,0.5115848532933156,1.8442317225736224,2.8972360937211925,False,0,0.3351655975820904,1.0,2.5,C_ref,2026-09-12 13:14:11,2026-09-12 14:20:43
pretrained,0,0.3,0.3,4,0,2.32155477843001,2.046938481880616,2.4320891905674604,0.3851507086868451,1.762890649273277,2.8357834585784687,False,0,1.7089840582375473,0.0,2.5,C_ref,2026-09-12 13:14:11,2026-09-12 14:20:43
pretrained,0,0.3,0.3,5,0,2.091862437123,1.949948324098451,2.6025700060685124,0.6526216819700614,1.7129774532283415,2.803504925982757,False,0,0.3285010452855204,1.0,2.5,C_ref,2026-09-12 13:14:11,2026-09-12 14:20:43
pretrained,0,0.3,0.3,6,0,2.275683711557554,1.9794459482723077,2.5771521418580567,0.5977061935857493,1.6856666929041155,2.885550502641145,False,0,0.5564259557395417,1.0,2.5,C_ref,2026-09-12 13:14:11,2026-09-12 14:20:43
pretrained,0,0.3,0.3,7,0,2.3771937611857004,2.084139797770569,2.6763793790676917,0.5922395812971222,1.794914601386591,2.983121846124305,False,0,0.1706746644958912,1.0,2.5,C_ref,2026-09-12 13:14:11,2026-09-12 14:20:43
pretrained,0,0.3,0.3,8,0,2.110592034036616,1.9679800858300127,2.127782094761749,0.1598020089317362,1.7365127400566631,2.96269549330848,False,0,0.5862920103900251,0.0,2.5,C_ref,2026-09-12 13:14:11,2026-09-12 14:20:43
pretrained,0,0.3,0.3,9,0,2.3168305838765773,2.033901716389455,2.493124094494104,0.4592223781046489,1.6837313190173382,2.80456121315154,False,0,1.9170794224155543,0.0,2.5,C_ref,2026-09-12 13:14:11,2026-09-12 14:20:43
pretrained,0,0.3,0.3,10,0,2.434495522372727,2.1788924550328725,2.5021241272710464,0.3232316722381738,1.809618988901706,2.960908741499686,False,0,0.8823620939074317,1.0,2.5,C_ref,2026-09-12 13:14:11,2026-09-12 14:20:43
pretrained,0,0.3,0.3,11,0,2.348540391239403,2.052853466608532,2.6505477947595915,0.5976943281510594,1.7614140510634626,2.9601386484251453,False,0,0.2544156849908177,1.0,2.5,C_ref,2026-09-12 13:14:11,2026-09-12 14:20:43
pretrained,0,0.3,0.3,12,0,2.468989535220009,2.101998708309033,2.69235714320977,0.5903584349007374,1.8486453386377,3.056353049748924,False,0,0.0140952724905218,1.0,2.5,C_ref,2026-09-12 13:14:11,2026-09-12 14:20:43
pretrained,0,0.3,0.3,13,0,2.480771327409256,2.186284109499507,2.7822835411024287,0.5959994316029218,1.8972873303641271,3.0918434004748003,False,0,0.0041567924454284,1.0,2.5,C_ref,2026-09-12 13:14:11,2026-09-12 14:20:43
pretrained,0,0.3,0.3,14,0,2.3299499347850987,2.038194698858902,2.6277484761419925,0.5895537772830903,1.7502493973968998,2.9329972559448287,False,0,0.3292438871467311,1.0,2.5,C_ref,2026-09-12 13:14:11,2026-09-12 14:20:43
pretrained,0,0.3,0.3,15,0,2.043732060516091,1.924711669897425,2.0637908710861192,0.1390792011886943,1.7183611821594509,2.9264582940189205,False,0,0.486837657772412,0.0,2.5,C_ref,2026-09-12 13:14:11,2026-09-12 14:20:43
pretrained,0,0.3,0.3,16,0,2.571302005211968,2.283179171018804,2.8641124227261576,0.580933251707354,2.001731712923046,3.1217000213259483,False,0,0.060142231392092,1.0,2.5,C_ref,2026-09-12 13:14:11,2026-09-12 14:20:43
pretrained,0,0.3,0.3,17,0,2.191729563516325,1.922619692945332,2.47312883636168,0.550509143416348,1.6342313984369647,2.8071930289374225,False,0,1.1545730317739071,0.0,2.5,C_ref,2026-09-12 13:14:11,2026-09-12 14:20:43
pretrained,0,0.3,0.3,18,0,2.086517939940676,1.892880293644573,2.1051685701055294,0.2122882764609563,1.6952303150334886,2.9893516620371536,False,0,0.6363412246391817,0.0,2.5,C_ref,2026-09-12 13:14:11,2026-09-12 14:20:43
pretrained,0,0.3,0.3,19,0,2.315100402114314,2.0406490225888336,2.51575961530184,0.4751105927130057,1.7505880451646818,2.9064061242363413,False,0,0.945895421125897,1.0,2.5,C_ref,2026-09-12 13:14:11,2026-09-12 14:20:43
pretrained,0,0.3,0.3,20,0,2.3086088071623543,2.012993077491166,2.6073458977017823,0.5943528202106161,1.6514486951353733,2.876455177166448,False,0,0.4101673977093014,1.0,2.5,C_ref,2026-09-12 13:14:11,2026-09-12 14:20:43
pretrained,0,0.3,0.3,21,0,2.448728398841502,2.1544069446767757,2.746966093951787,0.5925591492750115,1.8643955147197624,3.026475864102356,False,0,0.0297056542694917,1.0,2.5,C_ref,2026-09-12 13:14:11,2026-09-12 14:20:43
pretrained,0,0.3,0.3,22,0,2.3240858147248566,2.02619328764878,2.6276234202120947,0.6014301325633151,1.731405025409292,2.938288148117515,False,0,0.3387402405533066,1.0,2.5,C_ref,2026-09-12 13:14:11,2026-09-12 14:20:43
pretrained,0,0.3,0.3,23,0,2.283009210041493,2.001552164668188,2.559663425144663,0.5581112604764753,1.7208711390635816,2.761399542252947,False,0,0.6072709772051894,1.0,2.5,C_ref,2026-09-12 13:14:11,2026-09-12 14:20:43
pretrained,0,0.3,0.3,24,0,2.124039431605101,1.933653130396899,2.4990732552293173,0.5654201248324184,1.6636783127004742,2.7731729553494424,False,0,1.0050618983186723,0.0,2.5,C_ref,2026-09-12 13:14:11,2026-09-12 14:20:43
pretrained,0,0.3,0.3,25,0,2.074815683698385,1.8175738177873624,2.1272082059691604,0.309634388181798,1.5278031709285382,2.64212923760924,False,0,2.7076902325934498,0.0,2.5,C_ref,2026-09-12 13:14:11,2026-09-12 14:20:43
pretrained,0,0.3,0.3,26,0,2.2436736679441527,1.955022042575224,2.41593767396558,0.4609156313903562,1.6665382884763476,2.8040260828880763,False,0,1.3790018943655014,0.0,2.5,C_ref,2026-09-12 13:14:11,2026-09-12 14:20:43
pretrained,0,0.3,0.3,27,0,2.218511580898004,1.946742755348968,2.36618158950608,0.4194388341571118,1.6637683640690193,2.4999522103967253,False,0,4.007658056838409,0.0,2.5,C_ref,2026-09-12 13:14:11,2026-09-12 14:20:43
pretrained,0,0.3,0.3,28,0,2.3949087396800017,2.101274292073369,2.694865167099255,0.5935908750258858,1.8120896369270556,3.002386581312965,False,0,0.1243493309266341,1.0,2.5,C_ref,2026-09-12 13:14:11,2026-09-12 14:20:43
pretrained,0,0.3,0.3,29,0,2.275013543810361,1.9847796613488224,2.510746088948717,0.5259664275998948,1.6927801511532583,2.7313711384411885,False,0,0.7457261362396821,1.0,2.5,C_ref,2026-09-12 13:14:11,2026-09-12 14:20:43
pretrained,0,0.3,0.3,30,0,2.322452731104304,2.037002308188631,2.551685979187075,0.5146836709984441,1.7532477714920214,2.8417720934904582,False,0,0.4095888465853932,1.0,2.5,C_ref,2026-09-12 13:14:11,2026-09-12 14:20:43
pretrained,0,0.3,0.3,31,0,2.1794084402667004,2.004404174667173,2.207088106183623,0.2026839315164497,1.7501568122625824,2.917251428211121,False,0,1.0957269993086811,0.0,2.5,C_ref,2026-09-12 13:14:11,2026-09-12 14:20:43
pretrained,0,0.3,0.3,32,0,2.2431107987125305,2.0063424405570505,2.3683560572766678,0.3620136167196168,1.7421413698677126,2.3750762847835367,False,0,7.145616219444491,0.0,2.5,C_ref,2026-09-12 13:14:11,2026-09-12 14:20:43
pretrained,0,0.3,0.3,33,0,2.1240763062992043,1.9451388300251635,2.154805630351008,0.2096668003258444,1.699209129487712,2.752666959262441,False,0,2.3219501804451284,0.0,2.5,C_ref,2026-09-12 13:14:11,2026-09-12 14:20:43
pretrained,0,0.3,0.3,34,0,2.327617605590496,2.051548153543024,2.485557780545244,0.43400962700222,1.7692989262941814,2.847340558720397,False,0,1.0455877611348114,0.0,2.5,C_ref,2026-09-12 13:14:11,2026-09-12 14:20:43
pretrained,0,0.3,0.3,35,0,2.336586778582686,2.0453271927245167,2.6345873971421114,0.5892602044175947,1.6828631166331394,2.940416401239641,False,0,0.3038942849743762,1.0,2.5,C_ref,2026-09-12 13:14:11,2026-09-12 14:20:43
pretrained,0,0.3,0.3,36,0,2.2952912375113383,2.1147625509626566,2.749563453267843,0.6348009023051864,1.850173688302145,3.06119657066984,False,0,0.0735695836083323,1.0,2.5,C_ref,2026-09-12 13:14:11,2026-09-12 14:20:43
pretrained,0,0.3,0.3,37,0,2.374137136633394,2.07936369878637,2.6636055706621287,0.5842418718757587,1.7860769631506517,2.8640615610364946,False,0,0.1819579562470608,1.0,2.5,C_ref,2026-09-12 13:14:11,2026-09-12 14:20:43
pretrained,0,0.3,0.3,38,0,2.423401750233299,2.134566207756816,2.714728385814785,0.5801621780579693,1.7559851262168529,2.9866848262336383,False,0,0.0691726460136124,1.0,2.5,C_ref,2026-09-12 13:14:11,2026-09-12 14:20:43
pretrained,0,0.3,0.3,39,0,2.204518853997209,1.92484215127541,2.481142975373584,0.5563008240981737,1.6452026622043718,2.654431973250572,False,0,1.144879469586158,0.0,2.5,C_ref,2026-09-12 13:14:11,2026-09-12 14:20:43
pretrained,0,0.3,0.3,40,0,2.3852541070035267,2.088236055335692,2.688086879421791,0.5998508240860994,1.7948511398672835,2.9979200312013434,False,0,0.1452680388938461,1.0,2.5,C_ref,2026-09-12 13:14:11,2026-09-12 14:20:43
pretrained,0,0.3,0.3,41,0,2.2476317408024395,1.9912343765786884,2.474871950754973,0.4836375741762848,1.7106573129339766,2.754619799038773,False,0,1.1118848882215389,0.0,2.5,C_ref,2026-09-12 13:14:11,2026-09-12 14:20:43
pretrained,0,0.3,0.3,42,0,2.3887276396910755,2.094071280039217,2.688763275929269,0.5946919958900514,1.8026810587369533,2.9947844196554705,False,0,0.1392290457260969,1.0,2.5,C_ref,2026-09-12 13:14:11,2026-09-12 14:20:43
pretrained,0,0.3,0.3,43,0,2.270431185985381,1.976744258535682,2.5311899782133045,0.5544457196776225,1.6830276610988462,2.799855220283694,False,0,0.6466689184853749,1.0,2.5,C_ref,2026-09-12 13:14:11,2026-09-12 14:20:43
pretrained,0,0.3,0.3,44,0,2.2679351514569808,1.8382227669065705,2.57132352587931,0.7331007589727394,1.5942644857584871,2.881910467557393,False,0,0.5879801166520338,1.0,2.5,C_ref,2026-09-12 13:14:11,2026-09-12 14:20:43
pretrained,0,0.3,0.3,45,0,2.078013714844312,1.8464565689028007,2.337922771518994,0.4914662026161931,1.5610808154801654,2.726302934614873,False,0,1.863426077463373,0.0,2.5,C_ref,2026-09-12 13:14:11,2026-09-12 14:20:43
pretrained,0,0.3,0.3,46,0,2.075008522305391,1.9402047207667468,2.087913091362425,0.1477083705956787,1.7131138941334336,2.965690288743635,False,0,0.6356141076648782,0.0,2.5,C_ref,2026-09-12 13:14:11,2026-09-12 14:20:43
pretrained,0,0.3,0.3,47,0,2.205399532045505,2.0465660540627733,2.2685221218206384,0.2219560677578651,1.7961852131459546,2.8151511036988994,False,0,0.941785574763344,0.0,2.5,C_ref,2026-09-12 13:14:11,2026-09-12 14:20:43
pretrained,0,1.0,1.0,0,0,0.576183093618583,0.1725182985373417,0.9697177175624332,0.7971994190250915,0.0409633523439375,1.3213171414861091,False,0,0.467658011977619,1.0,0.4,C_ref,2026-09-12 15:17:36,2026-09-12 16:33:42
pretrained,0,1.0,1.0,1,0,0.2683017710168426,0.1016806774841607,0.9641941623942966,0.8625134849101359,0.0304117657883368,1.3573262394191072,False,0,0.1140224093942379,1.0,0.4,C_ref,2026-09-12 15:17:36,2026-09-12 16:33:42
pretrained,0,1.0,1.0,2,0,0.7305334280346193,0.5626684369512035,1.1330174364119223,0.5703489994607188,0.0182917313385997,1.4608578344770842,False,0,1.1071940487490792,0.0,0.4,C_ref,2026-09-12 15:17:36,2026-09-12 16:33:42
pretrained,0,1.0,1.0,3,0,0.2526093155024824,0.084462670147704,1.08231174294559,0.997849072797886,0.0240233170216974,1.431223662409102,False,0,0.131672291932773,1.0,0.4,C_ref,2026-09-12 15:17:36,2026-09-12 16:33:42
pretrained,0,1.0,1.0,4,0,0.2735209811701398,0.1002908499728475,1.0628044274345376,0.96251357746169,0.0294421654559144,1.4202766441192136,False,0,0.082380513267708,1.0,0.4,C_ref,2026-09-12 15:17:36,2026-09-12 16:33:42
pretrained,0,1.0,1.0,5,0,0.4781791658659156,0.122587663532741,1.0185028162593956,0.8959151527266547,0.0365136925430153,1.367812159352167,False,0,0.0636614948889473,1.0,0.4,C_ref,2026-09-12 15:17:36,2026-09-12 16:33:42
pretrained,0,1.0,1.0,6,0,0.6860466365178396,0.641458492555235,1.0048299031153112,0.3633714105600761,0.0569713305285758,1.3394951477068917,False,0,0.8909483525858377,0.0,0.4,C_ref,2026-09-12 15:17:36,2026-09-12 16:33:42
pretrained,0,1.0,1.0,7,0,0.3821783669852819,0.1082133052183841,1.0024658203922812,0.8942525151738969,0.0323752301076801,1.3566110101123796,False,0,0.0006823002113378,1.0,0.4,C_ref,2026-09-12 15:17:36,2026-09-12 16:33:42
pretrained,0,1.0,1.0,8,0,0.3944215762287743,0.0892841838365967,0.9891515835718122,0.8998673997352155,0.0268015887978156,1.3742171790669095,False,0,0.0004349003465904,1.0,0.4,C_ref,2026-09-12 15:17:36,2026-09-12 16:33:42
pretrained,0,1.0,1.0,9,0,0.3167525138935419,0.1173297162385987,0.961932552584249,0.8446028363456504,0.0371714726782645,1.339173461016423,False,0,0.0351236014867026,1.0,0.4,C_ref,2026-09-12 15:17:36,2026-09-12 16:33:42
pretrained,0,1.0,1.0,10,0,0.2651526996464816,0.0959984221454628,1.054209213481772,0.9582107913363092,0.0272200813458922,1.4205043349768829,False,0,0.0953470352360454,1.0,0.4,C_ref,2026-09-12 15:17:36,2026-09-12 16:33:42
pretrained,0,1.0,1.0,11,0,0.3945102091086253,0.1286100118641215,1.005377084254607,0.8767670723904855,0.0399638324252306,1.357926768127052,False,0,2.563224916229956e-05,1.0,0.4,C_ref,2026-09-12 15:17:36,2026-09-12 16:33:42
pretrained,0,1.0,1.0,12,0,0.815220305607345,0.6721669687165689,1.1808195761152125,0.5086526073986436,0.0243961311161955,1.5042976992953294,False,0,1.2251470362680266,0.0,0.4,C_ref,2026-09-12 15:17:36,2026-09-12 16:33:42
pretrained,0,1.0,1.0,13,0,0.7644497096912347,0.391821909875579,1.156410376647225,0.7645884667716458,0.024391220563512,1.4821360643835964,False,0,0.2629395917174406,1.0,0.4,C_ref,2026-09-12 15:17:36,2026-09-12 16:33:42
pretrained,0,1.0,1.0,14,0,0.4342233925411038,0.09045744897451,0.9556056288447764,0.8651481798702663,0.0286636103202115,1.3303938384344076,False,0,0.655484151928249,1.0,0.4,C_ref,2026-09-12 15:17:36,2026-09-12 16:33:42
pretrained,0,1.0,1.0,15,0,0.8059575065950577,0.6122408566311518,1.159073848740218,0.5468329921090661,0.124354000327512,1.479188341568802,False,0,3.6097551903731073,0.0,0.4,C_ref,2026-09-12 15:17:36,2026-09-12 16:33:42
pretrained,0,1.0,1.0,16,0,0.7381473045871945,0.0838363746340505,1.1493857411674877,1.065549366533437,0.0218918867138323,1.479985855552765,False,0,0.0715516791860864,1.0,0.4,C_ref,2026-09-12 15:17:36,2026-09-12 16:33:42
pretrained,0,1.0,1.0,17,0,0.3591121211971185,0.1402067148690721,0.8943695290894683,0.7541628142203962,0.0459106303871676,1.259068051726283,False,0,0.0111422947084065,1.0,0.4,C_ref,2026-09-12 15:17:36,2026-09-12 16:33:42
pretrained,0,1.0,1.0,18,0,0.3038134445295272,0.1112279877571972,1.0038439293392454,0.8926159415820482,0.03427513223266,1.374414456054312,False,0,0.0443821017979644,1.0,0.4,C_ref,2026-09-12 15:17:36,2026-09-12 16:33:42
pretrained,0,1.0,1.0,19,0,0.7638635626936144,0.1195149045695787,1.0892514821765074,0.9697365776069286,0.034566226851694,1.4191841564622585,False,0,0.275322968213004,1.0,0.4,C_ref,2026-09-12 15:17:36,2026-09-12 16:33:42
pretrained,0,1.0,1.0,20,0,0.303335736159998,0.1168007681291686,0.8853479801853119,0.7685472120561433,0.0373317885403087,1.290745932552158,False,0,0.0627158685965696,1.0,0.4,C_ref,2026-09-12 15:17:36,2026-09-12 16:33:42
pretrained,0,1.0,1.0,21,0,0.2263156419324915,0.0859252959026894,0.9451985435537597,0.85927324765107,0.0238644653310808,1.3821727236810064,False,0,0.2643749722665234,1.0,0.4,C_ref,2026-09-12 15:17:36,2026-09-12 16:33:42
pretrained,0,1.0,1.0,22,0,0.3310132535598833,0.1139558013286586,1.0031617382629672,0.8892059369343085,0.0344157334152461,1.3660438093316665,False,0,0.0165284506801981,1.0,0.4,C_ref,2026-09-12 15:17:36,2026-09-12 16:33:42
pretrained,0,1.0,1.0,23,0,0.4127091179414366,0.1299070200761674,0.9970371720673514,0.867130151991184,0.0406756868600791,1.3476461021814652,False,0,0.0003277315481682,1.0,0.4,C_ref,2026-09-12 15:17:36,2026-09-12 16:33:42
pretrained,0,1.0,1.0,24,0,0.3136273741330456,0.105853041865834,0.9685646299689248,0.8627115881030908,0.0332589805885599,1.3395729304212938,False,0,0.0378082211391301,1.0,0.4,C_ref,2026-09-12 15:17:36,2026-09-12 16:33:42
pretrained,0,1.0,1.0,25,0,0.6273458415669341,0.5674898310264808,0.9230913469817456,0.3556015159552648,0.1106776895994342,1.2518183768425846,False,0,2.4867919834068744,0.0,0.4,C_ref,2026-09-12 15:17:36,2026-09-12 16:33:42
pretrained,0,1.0,1.0,26,0,0.4432293973062536,0.1401162057519923,0.9945036642655412,0.8543874585135489,0.0455238818841597,1.339258458640625,False,0,0.0052714046287292,1.0,0.4,C_ref,2026-09-12 15:17:36,2026-09-12 16:33:42
pretrained,0,1.0,1.0,27,0,0.5242105668395031,0.1217731409940439,0.9656706478743778,0.8438975068803339,0.0344160414426818,1.327325824136721,False,0,0.1434867560456041,1.0,0.4,C_ref,2026-09-12 15:17:36,2026-09-12 16:33:42
pretrained,0,1.0,1.0,28,0,0.3240559979516639,0.1112331614821542,1.025304617227473,0.9140714557453185,0.033379697328094,1.380339949711237,False,0,0.0185265859872743,1.0,0.4,C_ref,2026-09-12 15:17:36,2026-09-12 16:33:42
pretrained,0,1.0,1.0,29,0,0.3926505214112985,0.1260448373997561,0.9735439065965686,0.8474990691968125,0.0394005976424854,1.3420192576520646,False,0,0.0002159188588848,1.0,0.4,C_ref,2026-09-12 15:17:36,2026-09-12 16:33:42
pretrained,0,1.0,1.0,30,0,0.909403983968719,0.8839204764338681,1.1206684061558012,0.2367479297219331,0.0548596669565951,1.409236947931286,False,0,0.939678797727538,0.0,0.4,C_ref,2026-09-12 15:17:36,2026-09-12 16:33:42
pretrained,0,1.0,1.0,31,0,0.2879532861786825,0.0961582588635551,1.1074541399838105,1.0112958811202553,0.0269417893530923,1.4428610099043375,False,0,0.030855214150506,1.0,0.4,C_ref,2026-09-12 15:17:36,2026-09-12 16:33:42
pretrained,0,1.0,1.0,32,0,0.8030689096335867,0.577298879541769,1.1411491128944466,0.5638502333526777,0.0897217194619702,1.4583522371235946,False,0,2.0607216085227265,0.0,0.4,C_ref,2026-09-12 15:17:36,2026-09-12 16:33:42
pretrained,0,1.0,1.0,33,0,0.4261686839198724,0.1376615398321781,0.9599031977385072,0.822241657906329,0.0444718425258697,1.3186271119132216,False,0,0.0021257292864902,1.0,0.4,C_ref,2026-09-12 15:17:36,2026-09-12 16:33:42
pretrained,0,1.0,1.0,34,0,0.36778572004538,0.1192563521249028,0.9978268135903808,0.8785704614654779,0.036823199626049,1.3593283600233916,False,0,0.0029728778936259,1.0,0.4,C_ref,2026-09-12 15:17:36,2026-09-12 16:33:42
pretrained,0,1.0,1.0,35,0,0.5996385749691245,0.3607596699193879,1.0531194203303644,0.6923597504109764,0.0372325704099239,1.387517134803461,False,0,0.0792823643205338,1.0,0.4,C_ref,2026-09-12 15:17:36,2026-09-12 16:33:42
pretrained,0,1.0,1.0,36,0,0.2233514269171404,0.0850004255652984,1.014826356437652,0.9298259308723535,0.0237076547081706,1.409311621317375,False,0,0.2613078074136865,1.0,0.4,C_ref,2026-09-12 15:17:36,2026-09-12 16:33:42
pretrained,0,1.0,1.0,37,0,0.2942031436132037,0.1058986411881757,1.0107484848857844,0.9048498436976088,0.0313721851166877,1.382434647245441,False,0,0.0517950898502022,1.0,0.4,C_ref,2026-09-12 15:17:36,2026-09-12 16:33:42
pretrained,0,1.0,1.0,38,0,0.2658634909287356,0.093800573536162,1.1480495240516064,1.0542489505154444,0.0263778533159642,1.4756311610166908,False,0,0.0683911555643135,1.0,0.4,C_ref,2026-09-12 15:17:36,2026-09-12 16:33:42
pretrained,0,1.0,1.0,39,0,0.2684909515311371,0.1052344730208713,0.9619945792276484,0.8567601062067771,0.0332333146710379,1.3478527149236954,False,0,0.1203190323794842,1.0,0.4,C_ref,2026-09-12 15:17:36,2026-09-12 16:33:42
pretrained,0,1.0,1.0,40,0,0.3098871713100917,0.1084446254591083,1.0514905268735226,0.9430459014144142,0.0321680648744566,1.403381591372893,False,0,0.0290616423844767,1.0,0.4,C_ref,2026-09-12 15:17:36,2026-09-12 16:33:42
pretrained,0,1.0,1.0,41,0,0.6460183858353478,0.5641038657199886,1.0012499468790457,0.437146081159057,0.0871514595877855,1.3331053174109848,False,0,1.5460184827097692,0.0,0.4,C_ref,2026-09-12 15:17:36,2026-09-12 16:33:42
pretrained,0,1.0,1.0,42,0,0.3368639082989932,0.1138550477404374,1.0367899147609394,0.922934867020502,0.0342422782795578,1.39085705071503,False,0,0.0114108025227324,1.0,0.4,C_ref,2026-09-12 15:17:36,2026-09-12 16:33:42
pretrained,0,1.0,1.0,43,0,0.3805997402162804,0.1364540150405228,0.9511925089291764,0.8147384938886535,0.0452233119656207,1.3106260869260609,False,0,0.0014204941981006,1.0,0.4,C_ref,2026-09-12 15:17:36,2026-09-12 16:33:42
pretrained,0,1.0,1.0,44,0,0.4098408160242131,0.1386812154634049,0.9442275877649612,0.8055463723015562,0.0453199804409155,1.3032069665062476,False,0,0.000325453813275,1.0,0.4,C_ref,2026-09-12 15:17:36,2026-09-12 16:33:42
pretrained,0,1.0,1.0,45,0,0.3524883427550569,0.1369121136871116,0.8553674956695553,0.7184553819824436,0.0462870538517934,1.2443429998736577,False,0,0.0150034561083884,1.0,0.4,C_ref,2026-09-12 15:17:36,2026-09-12 16:33:42
pretrained,0,1.0,1.0,46,0,0.4275626112657766,0.128899938201878,1.0125230547283888,0.8836231165265107,0.0401199551697107,1.3614223959405043,False,0,0.0012502944809966,1.0,0.4,C_ref,2026-09-12 15:17:36,2026-09-12 16:33:42
pretrained,0,1.0,1.0,47,0,0.6802943376076634,0.1211767091757556,1.0965125938919484,0.9753358847161928,0.0345806820905465,1.427195579572463,False,0,0.1076609047122474,1.0,0.4,C_ref,2026-09-12 15:17:36,2026-09-12 16:33:42
pretrained,0,1.0,1.0,0,0,2.2536154369802306,1.964074520157338,2.549680652365466,0.5856061322081281,1.678436357882389,2.853674383142081,False,0,0.69541353438035,1.0,2.5,C_ref,2026-09-12 15:17:36,2026-09-12 16:33:42
pretrained,0,1.0,1.0,1,0,2.325857577561104,2.037575638533825,2.621125350970744,0.5835497124369193,1.7541820089034077,2.9245868088088764,False,0,0.3514154172953567,1.0,2.5,C_ref,2026-09-12 15:17:36,2026-09-12 16:33:42
pretrained,0,1.0,1.0,2,0,2.408319617215684,2.121406709713195,2.7026068362319,0.5812001265187052,1.8401196401350643,3.005402281613862,False,0,0.0988308153464458,1.0,2.5,C_ref,2026-09-12 15:17:36,2026-09-12 16:33:42
pretrained,0,1.0,1.0,3,0,2.412036700755523,2.1238119687264216,2.707566687822774,0.5837547190963526,1.84103687455696,3.0115441969453194,False,0,0.090209888665413,1.0,2.5,C_ref,2026-09-12 15:17:36,2026-09-12 16:33:42
pretrained,0,1.0,1.0,4,0,2.3674352999212136,2.081839343139251,2.660253091588443,0.5784137484491922,1.8015071692014653,2.9614314212464348,False,0,0.2079244241504056,1.0,2.5,C_ref,2026-09-12 15:17:36,2026-09-12 16:33:42
pretrained,0,1.0,1.0,5,0,2.303682893708611,2.016601747963988,2.5976337159211567,0.5810319679571685,1.734205590378881,2.899762091963431,False,0,0.4497257213806733,1.0,2.5,C_ref,2026-09-12 15:17:36,2026-09-12 16:33:42
pretrained,0,1.0,1.0,6,0,2.2510457568855435,1.9618677785401089,2.546521437381168,0.5846536588410594,1.6764010648814427,2.8498849835005315,False,0,0.712483698156575,1.0,2.5,C_ref,2026-09-12 15:17:36,2026-09-12 16:33:42
pretrained,0,1.0,1.0,7,0,2.319236879064733,2.0323988229558427,2.612846910511154,0.5804480875553111,1.7501385018957187,2.914576875988616,False,0,0.3827107807301217,1.0,2.5,C_ref,2026-09-12 15:17:36,2026-09-12 16:33:42
pretrained,0,1.0,1.0,8,0,2.357883052483959,2.06762822951076,2.6549505043101997,0.5873222747994395,1.7820243552440032,2.9602024826925537,False,0,0.231824258393317,1.0,2.5,C_ref,2026-09-12 15:17:36,2026-09-12 16:33:42
pretrained,0,1.0,1.0,9,0,2.3127700491131846,2.026120509981082,2.606329593328744,0.5802090833476621,1.7441994810338235,2.908123989079909,False,0,0.4104934083698026,1.0,2.5,C_ref,2026-09-12 15:17:36,2026-09-12 16:33:42
pretrained,0,1.0,1.0,10,0,2.424167819841129,2.135450188474329,2.720272589589681,0.5848224011153524,1.8522961006855216,3.0247610322256397,False,0,0.0667140421901422,1.0,2.5,C_ref,2026-09-12 15:17:36,2026-09-12 16:33:42
pretrained,0,1.0,1.0,11,0,2.290628009163272,2.000386336954597,2.587468960826288,0.5870826238716913,1.7144924662984833,2.892352696745431,False,0,0.5010979628823407,1.0,2.5,C_ref,2026-09-12 15:17:36,2026-09-12 16:33:42
pretrained,0,1.0,1.0,12,0,2.461791286642371,2.172555525048709,2.758628008726207,0.5860724836774982,1.889253249938772,3.064081506686491,False,0,0.0169310037272225,1.0,2.5,C_ref,2026-09-12 15:17:36,2026-09-12 16:33:42
pretrained,0,1.0,1.0,13,0,2.4392622839992075,2.151305337514893,2.734759072721189,0.5834537352062954,1.869255914464948,3.038917693929414,False,0,0.0431632952895597,1.0,2.5,C_ref,2026-09-12 15:17:36,2026-09-12 16:33:42
pretrained,0,1.0,1.0,14,0,2.292075302733153,2.007001837074611,2.58398440376736,0.5769825666927488,1.7265193797823857,2.8841065342941463,False,0,0.5110431919965777,1.0,2.5,C_ref,2026-09-12 15:17:36,2026-09-12 16:33:42
pretrained,0,1.0,1.0,15,0,2.4297871064864505,2.1423385450142742,2.724721137918233,0.5823825929039592,1.8606616234658504,3.028275723660849,False,0,0.0578516604909964,1.0,2.5,C_ref,2026-09-12 15:17:36,2026-09-12 16:33:42
pretrained,0,1.0,1.0,16,0,2.482025174889369,2.193689115835065,2.7778928892202552,0.5842037733851897,1.9112429628632952,3.0823128153945705,False,0,0.0037388748714874,1.0,2.5,C_ref,2026-09-12 15:17:36,2026-09-12 16:33:42
pretrained,0,1.0,1.0,17,0,2.187448084791158,1.8988603600223208,2.4818902561909684,0.5830298961686478,1.6131879927441752,2.783899166356666,False,0,1.1249533629634243,0.0,2.5,C_ref,2026-09-12 15:17:36,2026-09-12 16:33:42
pretrained,0,1.0,1.0,18,0,2.370415111195506,2.082556727606019,2.665245971180036,0.5826892435740167,1.7996568943188838,2.9683390267297223,False,0,0.1959614712613984,1.0,2.5,C_ref,2026-09-12 15:17:36,2026-09-12 16:33:42
pretrained,0,1.0,1.0,19,0,2.361135567001883,2.0730774160956806,2.656147977439405,0.5830705613437241,1.789903060541444,2.9594209503998843,False,0,0.2245622716254729,1.0,2.5,C_ref,2026-09-12 15:17:36,2026-09-12 16:33:42
pretrained,0,1.0,1.0,20,0,2.263984489747633,1.9742407425125863,2.5602030061389303,0.585962263626344,1.6883894398095338,2.8642739081344346,False,0,0.6379713303103927,1.0,2.5,C_ref,2026-09-12 15:17:36,2026-09-12 16:33:42
pretrained,0,1.0,1.0,21,0,2.418938655722118,2.131255459003304,2.71398128071012,0.5827258217068163,1.849154887402052,3.0175727337004776,False,0,0.0769480192902847,1.0,2.5,C_ref,2026-09-12 15:17:36,2026-09-12 16:33:42
pretrained,0,1.0,1.0,22,0,2.316992657366033,2.0275071508216453,2.613150023538424,0.5856428727167784,1.7424419829908606,2.917355953105356,False,0,0.3853975785787042,1.0,2.5,C_ref,2026-09-12 15:17:36,2026-09-12 16:33:42
pretrained,0,1.0,1.0,23,0,2.279627408887566,1.9922875465103944,2.573636817401715,0.5813492708913202,1.7092675013852348,2.875761735798948,False,0,0.5652931852782785,1.0,2.5,C_ref,2026-09-12 15:17:36,2026-09-12 16:33:42
pretrained,0,1.0,1.0,24,0,2.2761176592261467,1.989686589787708,2.569234866494261,0.5795482767065534,1.707703316426028,2.87038681046012,False,0,0.5868273130763555,1.0,2.5,C_ref,2026-09-12 15:17:36,2026-09-12 16:33:42
pretrained,0,1.0,1.0,25,0,2.1338492853114914,1.846114452405189,2.427086138696722,0.5809716862915331,1.5605350059966108,2.7276787700947938,False,0,1.5497944174458098,0.0,2.5,C_ref,2026-09-12 15:17:36,2026-09-12 16:33:42
pretrained,0,1.0,1.0,26,0,2.2615943169566832,1.9732672030044127,2.5564870700173903,0.5832198670129776,1.6890424987643229,2.8594305714524677,False,0,0.656598852656316,1.0,2.5,C_ref,2026-09-12 15:17:36,2026-09-12 16:33:42
pretrained,0,1.0,1.0,27,0,2.2875796609966628,2.0008596303311865,2.5806224622851315,0.579762831953945,1.7182369969618312,2.8809616996429472,False,0,0.5288793912804977,1.0,2.5,C_ref,2026-09-12 15:17:36,2026-09-12 16:33:42
pretrained,0,1.0,1.0,28,0,2.3552073170151826,2.067805022954186,2.6497121789128752,0.5819071559586892,1.7855108220436184,2.952439873244102,False,0,0.2447664594255911,1.0,2.5,C_ref,2026-09-12 15:17:36,2026-09-12 16:33:42
pretrained,0,1.0,1.0,29,0,2.2930917158996795,2.002216287535739,2.590371301166027,0.588155013630288,1.715245759941545,2.895459301516897,False,0,0.4879735453869216,1.0,2.5,C_ref,2026-09-12 15:17:36,2026-09-12 16:33:42
pretrained,0,1.0,1.0,30,0,2.291505225272736,2.006206337382706,2.5836185367046407,0.5774121993219348,1.7255054975494375,2.8839033069962747,False,0,0.5131069915441913,1.0,2.5,C_ref,2026-09-12 15:17:36,2026-09-12 16:33:42
pretrained,0,1.0,1.0,31,0,2.376537388861653,2.087799401862573,2.672402612010042,0.5846032101474692,1.8042575905885336,2.9765883867696403,False,0,0.1766740731109166,1.0,2.5,C_ref,2026-09-12 15:17:36,2026-09-12 16:33:42
pretrained,0,1.0,1.0,32,0,2.3690769959729936,2.0811988234273717,2.664189556938571,0.5829907335111999,1.7986872872574728,2.967779499364241,False,0,0.1997109587973682,1.0,2.5,C_ref,2026-09-12 15:17:36,2026-09-12 16:33:42
pretrained,0,1.0,1.0,33,0,2.2480783401115234,1.9587719379755215,2.54366728658476,0.5848953486092379,1.6731737264203257,2.847123546678577,False,0,0.7288229363148275,1.0,2.5,C_ref,2026-09-12 15:17:36,2026-09-12 16:33:42
pretrained,0,1.0,1.0,34,0,2.2874451731490915,1.997591154858797,2.5838272672509293,0.5862361123921322,1.7118350266832387,2.8882130823080185,False,0,0.51781320093869,1.0,2.5,C_ref,2026-09-12 15:17:36,2026-09-12 16:33:42
pretrained,0,1.0,1.0,35,0,2.2854126632562437,1.9979350850074036,2.5797910569731988,0.5818559719657954,1.7151490178969413,2.882292194828356,False,0,0.5350150450794899,1.0,2.5,C_ref,2026-09-12 15:17:36,2026-09-12 16:33:42
pretrained,0,1.0,1.0,36,0,2.412925071405551,2.126316623577864,2.706989809916412,0.5806731863385477,1.845412615706349,3.0096180335337666,False,0,0.0892683754645986,1.0,2.5,C_ref,2026-09-12 15:17:36,2026-09-12 16:33:42
pretrained,0,1.0,1.0,37,0,2.384858128866865,2.096575370898669,2.680270211582472,0.583694840683803,1.8134426997418955,2.9838951192236656,False,0,0.1541294532726169,1.0,2.5,C_ref,2026-09-12 15:17:36,2026-09-12 16:33:42
pretrained,0,1.0,1.0,38,0,2.4390231883616984,2.153144205439564,2.7325174714388427,0.579373265999279,1.873218926957748,3.034677839426404,False,0,0.0441065857266949,1.0,2.5,C_ref,2026-09-12 15:17:36,2026-09-12 16:33:42
pretrained,0,1.0,1.0,39,0,2.305887898053319,2.019766752296018,2.599103574191294,0.5793368218952759,1.7387252790447112,2.9006457028463224,False,0,0.4420925239282951,1.0,2.5,C_ref,2026-09-12 15:17:36,2026-09-12 16:33:42
pretrained,0,1.0,1.0,40,0,2.3635345232184437,2.075575834057662,2.65872294657473,0.583147112517068,1.7928632628757728,2.962282108029694,False,0,0.2166654700304207,1.0,2.5,C_ref,2026-09-12 15:17:36,2026-09-12 16:33:42
pretrained,0,1.0,1.0,41,0,2.24600301472374,1.9572675616056163,2.541045940934478,0.5837783793288616,1.6722507529418402,2.843851850622378,False,0,0.7435398241468647,1.0,2.5,C_ref,2026-09-12 15:17:36,2026-09-12 16:33:42
pretrained,0,1.0,1.0,42,0,2.383206739933516,2.095236056366464,2.6783739406686564,0.583137884302193,1.812490309222463,2.9818967959624234,False,0,0.1589705650694668,1.0,2.5,C_ref,2026-09-12 15:17:36,2026-09-12 16:33:42
pretrained,0,1.0,1.0,43,0,2.2446653568718413,1.9553198690388072,2.540396962197736,0.5850770931589289,1.6697427250798866,2.8439026014945137,False,0,0.7478911362413783,1.0,2.5,C_ref,2026-09-12 15:17:36,2026-09-12 16:33:42
pretrained,0,1.0,1.0,44,0,2.223655228948939,1.935992924405723,2.472794686448341,0.5368017620426182,1.6504091096690243,2.772929468619544,False,0,1.5508935908801504,0.0,2.5,C_ref,2026-09-12 15:17:36,2026-09-12 16:33:42
pretrained,0,1.0,1.0,45,0,2.1919544356254423,1.9029504367089412,2.486836345532842,0.5838859088239008,1.6168173318574626,2.789346543655926,False,0,1.0898517408786574,0.0,2.5,C_ref,2026-09-12 15:17:36,2026-09-12 16:33:42
pretrained,0,1.0,1.0,46,0,2.3097491512513724,2.021190167792237,2.6050638040268805,0.5838736362346437,1.737214291181462,2.9085464692045915,False,0,0.4187258264064439,1.0,2.5,C_ref,2026-09-12 15:17:36,2026-09-12 16:33:42
pretrained,0,1.0,1.0,47,0,2.3800224213615704,2.092914318288721,2.6743467105328604,0.5814323922441393,1.8111016474040875,2.977115810383224,False,0,0.1687762013170868,1.0,2.5,C_ref,2026-09-12 15:17:36,2026-09-12 16:33:42
scratch,0,0.01,0.01,0,0,0.6446733619398198,0.1867279119676398,0.9637657958024666,0.7770378838348267,0.0321153622736161,1.250563568194616,False,0,0.3478783184982603,1.0,0.4,C_ref,2026-09-12 00:29:21,2026-09-12 01:53:52
scratch,0,0.01,0.01,1,0,0.5805122985466727,0.0898680335083197,0.947537338242382,0.8576693047340622,0.0176295776887321,1.249166010301752,False,0,0.0945644952880684,1.0,0.4,C_ref,2026-09-12 00:29:21,2026-09-12 01:53:52
scratch,0,0.01,0.01,2,0,0.6476084131352917,0.1006184950304168,0.9904920287931392,0.8898735337627223,0.0177058431874141,1.2862450720335898,False,0,0.2267365843399602,1.0,0.4,C_ref,2026-09-12 00:29:21,2026-09-12 01:53:52
scratch,0,0.01,0.01,3,0,0.5528618499518335,0.0974579481643664,0.9212871245012902,0.8238291763369239,0.0199398216493084,1.2221472293190132,False,0,0.071672985333862,1.0,0.4,C_ref,2026-09-12 00:29:21,2026-09-12 01:53:52
scratch,0,0.01,0.01,4,0,0.415714146356385,0.1148751954837163,0.8116282960424054,0.696753100558689,0.028387745045503,1.125526368398696,False,0,0.0010396317848062,1.0,0.4,C_ref,2026-09-12 00:29:21,2026-09-12 01:53:52
scratch,0,0.01,0.01,5,0,0.6203228204833403,0.1604646562249844,0.9506399100203676,0.7901752537953832,0.0295569313441319,1.2427016913552331,False,0,0.2579714411695022,1.0,0.4,C_ref,2026-09-12 00:29:21,2026-09-12 01:53:52
scratch,0,0.01,0.01,6,0,0.5978978701725758,0.1809127647402741,0.9325108749819808,0.7515981102417065,0.0371697822718352,1.2288135861410472,False,0,0.2267887021589558,1.0,0.4,C_ref,2026-09-12 00:29:21,2026-09-12 01:53:52
scratch,0,0.01,0.01,7,0,0.6212331456422518,0.1845316678769325,0.9378075021696862,0.7532758342927537,0.0361214562345479,1.2222484367874362,False,0,0.2966870978561928,1.0,0.4,C_ref,2026-09-12 00:29:21,2026-09-12 01:53:52
scratch,0,0.01,0.01,8,0,0.7075542820469285,0.1651332362170672,1.021772964819584,0.8566397286025167,0.02227893922827,1.3064448570142635,False,0,0.4953502995522285,1.0,0.4,C_ref,2026-09-12 00:29:21,2026-09-12 01:53:52
scratch,0,0.01,0.01,9,0,0.6524963036055178,0.1816849660060142,0.9643749145630972,0.7826899485570831,0.0286959533986074,1.2472873919363727,False,0,0.3832442918101151,1.0,0.4,C_ref,2026-09-12 00:29:21,2026-09-12 01:53:52
scratch,0,0.01,0.01,10,0,0.7100749348783923,0.0877211492852705,1.0344531154878096,0.9467319662025392,0.0133472846521841,1.3241249477616337,False,0,0.3980907958830357,1.0,0.4,C_ref,2026-09-12 00:29:21,2026-09-12 01:53:52
scratch,0,0.01,0.01,11,0,0.6703118818565027,0.1993820910856852,0.9797507258485696,0.7803686347628842,0.0291706721830989,1.2625675877860905,False,0,0.4499610230741382,1.0,0.4,C_ref,2026-09-12 00:29:21,2026-09-12 01:53:52
scratch,0,0.01,0.01,12,0,0.5511973648572144,0.1061676386915009,0.910227676560473,0.8040600378689721,0.0219850618712093,1.211486448458002,False,0,0.0866793123386742,1.0,0.4,C_ref,2026-09-12 00:29:21,2026-09-12 01:53:52
scratch,0,0.01,0.01,13,0,0.7332240016970204,0.1721487593397354,1.0445321831234295,0.8723834237836942,0.0193516500969626,1.3282413294224389,False,0,0.5850776471088466,1.0,0.4,C_ref,2026-09-12 00:29:21,2026-09-12 01:53:52
scratch,0,0.01,0.01,14,0,0.452209653720156,0.0983384543107835,0.8639851589461824,0.7656467046353989,0.0223942925800347,1.1766363374985205,False,0,0.0074956793687306,1.0,0.4,C_ref,2026-09-12 00:29:21,2026-09-12 01:53:52
scratch,0,0.01,0.01,15,0,0.6656210765828771,0.1537794586499065,0.9955135103856187,0.8417340517357123,0.0248787915980896,1.2887761688873909,False,0,0.3451999670796795,1.0,0.4,C_ref,2026-09-12 00:29:21,2026-09-12 01:53:52
scratch,0,0.01,0.01,16,0,0.6223399891086687,0.0795336083927379,0.9812322513209608,0.901698642928223,0.01457799085459,1.281354844307233,False,0,0.1407816192186146,1.0,0.4,C_ref,2026-09-12 00:29:21,2026-09-12 01:53:52
scratch,0,0.01,0.01,17,0,0.5655126799619262,0.1636133995504889,0.9011265479943472,0.7375131484438584,0.036566450675676,1.1955197003114932,False,0,0.15668016739437,1.0,0.4,C_ref,2026-09-12 00:29:21,2026-09-12 01:53:52
scratch,0,0.01,0.01,18,0,0.3990791760453113,0.1067082087931418,0.8291827676435751,0.7224745588504333,0.0257637475685543,1.1537644418719617,False,0,0.0,1.0,0.4,C_ref,2026-09-12 00:29:21,2026-09-12 01:53:52
scratch,0,0.01,0.01,19,0,0.756003488524814,0.3670366886461361,1.0528017009201502,0.6857650122740141,0.0321033307769336,1.3309113164076474,False,0,0.881294412065472,1.0,0.4,C_ref,2026-09-12 00:29:21,2026-09-12 01:53:52
scratch,0,0.01,0.01,20,0,0.5319510151345418,0.1284914341636166,0.8894687788263673,0.7609773446627507,0.028314829914261,1.191333491177926,False,0,0.0797707743076898,1.0,0.4,C_ref,2026-09-12 00:29:21,2026-09-12 01:53:52
scratch,0,0.01,0.01,21,0,0.653643832977757,0.1118542481100467,0.9773330435140466,0.8654787954039999,0.0184619796299029,1.2653948769753387,False,0,0.3112960030630347,1.0,0.4,C_ref,2026-09-12 00:29:21,2026-09-12 01:53:52
scratch,0,0.01,0.01,22,0,0.646504137560937,0.1994599888543339,0.9678296893071632,0.7683697004528294,0.0350027108125094,1.2570755260121145,False,0,0.3576632401527604,1.0,0.4,C_ref,2026-09-12 00:29:21,2026-09-12 01:53:52
scratch,0,0.01,0.01,23,0,0.620183498537434,0.1516222697692672,0.9518331155600586,0.8002108457907913,0.0290854197440458,1.2436332414401885,False,0,0.2445297704289259,1.0,0.4,C_ref,2026-09-12 00:29:21,2026-09-12 01:53:52
scratch,0,0.01,0.01,24,0,0.6017556954692311,0.1612033614274016,0.9377691569355154,0.7765657955081138,0.0315175863759311,1.233128041491243,False,0,0.2171909574790334,1.0,0.4,C_ref,2026-09-12 00:29:21,2026-09-12 01:53:52
scratch,0,0.01,0.01,25,0,0.4932647014146826,0.1608226536176807,0.8382414366323362,0.6774187830146554,0.0418308409516788,1.138183447673621,False,0,0.0567622996713907,1.0,0.4,C_ref,2026-09-12 00:29:21,2026-09-12 01:53:52
scratch,0,0.01,0.01,26,0,0.6191283856812287,0.1773312834359593,0.944687503720912,0.7673562202849527,0.0341343423721097,1.2349885759975312,False,0,0.2755188546143472,1.0,0.4,C_ref,2026-09-12 00:29:21,2026-09-12 01:53:52
scratch,0,0.01,0.01,27,0,0.5057237768049617,0.1176276811094946,0.8635568508573316,0.7459291697478369,0.0290123910274693,1.1594411161932543,False,0,0.0433842750644544,1.0,0.4,C_ref,2026-09-12 00:29:21,2026-09-12 01:53:52
scratch,0,0.01,0.01,28,0,0.6532609233506789,0.1390461360652337,0.9791193270387984,0.8400731909735647,0.0236068454297485,1.2688969776941916,False,0,0.316620506124309,1.0,0.4,C_ref,2026-09-12 00:29:21,2026-09-12 01:53:52
scratch,0,0.01,0.01,29,0,0.5873838887809434,0.1210337478160649,0.9321251723287736,0.8110914245127087,0.0246698716909645,1.2281786131113173,False,0,0.1504736121823953,1.0,0.4,C_ref,2026-09-12 00:29:21,2026-09-12 01:53:52
scratch,0,0.01,0.01,30,0,0.6210335679656948,0.1504789960714129,0.955149415253596,0.804670419182183,0.0296760572680091,1.2470972393955362,False,0,0.2352735429012682,1.0,0.4,C_ref,2026-09-12 00:29:21,2026-09-12 01:53:52
scratch,0,0.01,0.01,31,0,0.5401746470544148,0.1181832884884516,0.9028325621658336,0.7846492736773819,0.0261490666575259,1.2034071938649504,False,0,0.077103884636017,1.0,0.4,C_ref,2026-09-12 00:29:21,2026-09-12 01:53:52
scratch,0,0.01,0.01,32,0,0.5206294286159319,0.1041296916031652,0.9022665261263808,0.7981368345232156,0.0224291509655689,1.2092445221688728,False,0,0.0464940807796665,1.0,0.4,C_ref,2026-09-12 00:29:21,2026-09-12 01:53:52
scratch,0,0.01,0.01,33,0,0.5499634387711552,0.1395915838444333,0.8999678965485605,0.7603763127041272,0.0304152334241612,1.1985172435308025,False,0,0.10954071044398,1.0,0.4,C_ref,2026-09-12 00:29:21,2026-09-12 01:53:52
scratch,0,0.01,0.01,34,0,0.6679141864116953,0.2279628138962041,0.9807810319293516,0.7528182180331474,0.037755279914249,1.26604186136924,False,0,0.4473367559621692,1.0,0.4,C_ref,2026-09-12 00:29:21,2026-09-12 01:53:52
scratch,0,0.01,0.01,35,0,0.6700177540223073,0.261137957189041,0.9808865703445042,0.7197486131554632,0.045038833485321,1.2653219746410211,False,0,0.4926087236672174,1.0,0.4,C_ref,2026-09-12 00:29:21,2026-09-12 01:53:52
scratch,0,0.01,0.01,36,0,0.331797796711338,0.085800400100167,0.8445855858002919,0.7587851857001248,0.0191950392823312,1.1698138946752132,False,0,0.0095257957727881,1.0,0.4,C_ref,2026-09-12 00:29:21,2026-09-12 01:53:52
scratch,0,0.01,0.01,37,0,0.6619713706647637,0.1392669539174686,0.9883536296244884,0.8490866757070197,0.0236119694890525,1.277943782983224,False,0,0.3289371787905111,1.0,0.4,C_ref,2026-09-12 00:29:21,2026-09-12 01:53:52
scratch,0,0.01,0.01,38,0,0.7778141329535205,0.3133481671386327,1.0758483682788873,0.7625002011402546,0.0160594203816913,1.353666060564785,False,0,0.830138654790062,1.0,0.4,C_ref,2026-09-12 00:29:21,2026-09-12 01:53:52
scratch,0,0.01,0.01,39,0,0.4816883990700198,0.1302728999145269,0.8571318331583812,0.7268589332438542,0.0318499779871785,1.1650429366686998,False,0,0.0308992411046347,1.0,0.4,C_ref,2026-09-12 00:29:21,2026-09-12 01:53:52
scratch,0,0.01,0.01,40,0,0.7635310526523923,0.3686599978176153,1.0601413868875658,0.6914813890699505,0.0326167610768296,1.3374457491158456,False,0,0.8914483396220021,1.0,0.4,C_ref,2026-09-12 00:29:21,2026-09-12 01:53:52
scratch,0,0.01,0.01,41,0,0.7007642364483576,0.2677959772805952,1.0002532510660989,0.7324572737855037,0.0347987727292069,1.2781841547194408,False,0,0.6038141474928125,1.0,0.4,C_ref,2026-09-12 00:29:21,2026-09-12 01:53:52
scratch,0,0.01,0.01,42,0,0.6170125935375238,0.1524674808277437,0.952772507032984,0.8003050262052404,0.028934636991427,1.2471169141429663,False,0,0.2338161995467089,1.0,0.4,C_ref,2026-09-12 00:29:21,2026-09-12 01:53:52
scratch,0,0.01,0.01,43,0,0.5934395210997515,0.1998963935732702,0.917077057319115,0.7171806637458448,0.043471254304295,1.2075260074400915,False,0,0.2461142014617507,1.0,0.4,C_ref,2026-09-12 00:29:21,2026-09-12 01:53:52
scratch,0,0.01,0.01,44,0,0.6536211947867144,0.2318354936178675,0.9664876484009116,0.7346521547830442,0.0386959204821431,1.2519310537488382,False,0,0.4242119027549051,1.0,0.4,C_ref,2026-09-12 00:29:21,2026-09-12 01:53:52
scratch,0,0.01,0.01,45,0,0.5813635139586095,0.1747659106746797,0.9057610479113368,0.730995137236657,0.0381794470392772,1.194165461776861,False,0,0.2021979308337904,1.0,0.4,C_ref,2026-09-12 00:29:21,2026-09-12 01:53:52
scratch,0,0.01,0.01,46,0,0.5891219270332829,0.1439537698258758,0.9276253893274782,0.7836716195016022,0.0296043165199746,1.2210785411103036,False,0,0.1743450435387785,1.0,0.4,C_ref,2026-09-12 00:29:21,2026-09-12 01:53:52
scratch,0,0.01,0.01,47,0,0.5181420958435158,0.1324180224068745,0.8817558974612706,0.749337875054396,0.0306472990083112,1.185706608197143,False,0,0.0639383625057234,1.0,0.4,C_ref,2026-09-12 00:29:21,2026-09-12 01:53:52
scratch,0,0.01,0.01,0,0,1.8393326366125105,1.571800696610531,2.1083095360646382,0.5365088394541073,1.3010121319664187,2.381269951399007,False,0,5.900456399056566,0.0,2.5,C_ref,2026-09-12 00:29:21,2026-09-12 01:53:52
scratch,0,0.01,0.01,1,0,0.0,,0.0033003335092356,,,0.0161032167212718,True,0,7.468457291834056,,2.5,C_ref,2026-09-12 00:29:21,2026-09-12 01:53:52
scratch,0,0.01,0.01,2,0,1.9238958089959028,1.6552386585372474,2.1944557421706183,0.539217083633371,1.3843798599549533,2.4692022227039003,False,0,4.455980290294974,0.0,2.5,C_ref,2026-09-12 00:29:21,2026-09-12 01:53:52
scratch,0,0.01,0.01,3,0,0.0,,0.0032073736471313,,,0.0154344863363292,True,0,6.573022352251428,,2.5,C_ref,2026-09-12 00:29:21,2026-09-12 01:53:52
scratch,0,0.01,0.01,4,0,0.0,,0.0040400993020897,,,0.0213931396595892,True,0,11.500560427964956,,2.5,C_ref,2026-09-12 00:29:21,2026-09-12 01:53:52
scratch,0,0.01,0.01,5,0,1.8439794140401509,1.5735733865512105,2.115546023784104,0.5419726372328932,1.29937256579607,2.390939871483533,False,0,5.716710150347353,0.0,2.5,C_ref,2026-09-12 00:29:21,2026-09-12 01:53:52
scratch,0,0.01,0.01,6,0,1.8098879760108573,1.535715800300878,2.084120408636168,0.54840460833529,1.255577985343524,2.361541847499871,False,0,6.214524219565647,0.0,2.5,C_ref,2026-09-12 00:29:21,2026-09-12 01:53:52
scratch,0,0.01,0.01,7,0,1.818719217869657,1.5524465519652026,2.086618499225247,0.5341719472600444,1.2832022511666252,2.3586660330301847,False,0,6.309603348643577,0.0,2.5,C_ref,2026-09-12 00:29:21,2026-09-12 01:53:52
scratch,0,0.01,0.01,8,0,1.88698245988708,1.6209066127621072,2.1553644856909573,0.53445787292885,1.3532711068874723,2.4282979771587248,False,0,5.104687625425868,0.0,2.5,C_ref,2026-09-12 00:29:21,2026-09-12 01:53:52
scratch,0,0.01,0.01,9,0,1.8295211859625693,1.5620215121760186,2.0983246324908977,0.5363031203148791,1.2911692954936358,2.370930977007651,False,0,6.086778950364533,0.0,2.5,C_ref,2026-09-12 00:29:21,2026-09-12 01:53:52
scratch,0,0.01,0.01,10,0,1.9797393165044923,1.7132216972853165,2.249193909028913,0.5359722117435972,1.446290167200349,2.523447407156955,False,0,3.668111160062836,0.0,2.5,C_ref,2026-09-12 00:29:21,2026-09-12 01:53:52
scratch,0,0.01,0.01,11,0,1.850640778607572,1.5833729870855595,2.1199365875211487,0.5365636004355889,1.31389299984968,2.3934767280563647,False,0,5.683663878877269,0.0,2.5,C_ref,2026-09-12 00:29:21,2026-09-12 01:53:52
scratch,0,0.01,0.01,12,0,0.0,,0.0032531894289521,,,0.0157790754504919,True,0,6.50631763079582,,2.5,C_ref,2026-09-12 00:29:21,2026-09-12 01:53:52
scratch,0,0.01,0.01,13,0,1.9768183604549148,1.7128201425479326,2.2441674120294897,0.5313472694815571,1.4491179743587717,2.516671437190611,False,0,3.761131190796732,0.0,2.5,C_ref,2026-09-12 00:29:21,2026-09-12 01:53:52
scratch,0,0.01,0.01,14,0,0.0,,0.0036739594206868,,,0.0186861361428062,True,0,8.535288406124891,,2.5,C_ref,2026-09-12 00:29:21,2026-09-12 01:53:52
scratch,0,0.01,0.01,15,0,1.940802608746265,1.671589402446733,2.212233170221826,0.5406437677750928,1.4007333806084703,2.488095754413568,False,0,4.1725125506927725,0.0,2.5,C_ref,2026-09-12 00:29:21,2026-09-12 01:53:52
scratch,0,0.01,0.01,16,0,1.984315974276568,1.71747650400406,2.253744315688117,0.5362678116840571,1.449703380148303,2.5277853699307693,False,0,3.607911979033816,0.0,2.5,C_ref,2026-09-12 00:29:21,2026-09-12 01:53:52
scratch,0,0.01,0.01,17,0,1.7587607799196645,1.4859606386773234,2.0315331467802484,0.545572508102925,1.206745533645413,2.307440606281601,False,0,7.224081500360626,0.0,2.5,C_ref,2026-09-12 00:29:21,2026-09-12 01:53:52
scratch,0,0.01,0.01,18,0,0.0,,0.0035691417788538,,,0.0180547341727115,True,0,8.139296420718892,,2.5,C_ref,2026-09-12 00:29:21,2026-09-12 01:53:52
scratch,0,0.01,0.01,19,0,1.9202806674273776,1.6548045705321694,2.18850226993414,0.5336976994019706,1.3885018218309628,2.461461083026552,False,0,4.577494150191342,0.0,2.5,C_ref,2026-09-12 00:29:21,2026-09-12 01:53:52
scratch,0,0.01,0.01,20,0,0.0,,0.0040420310762428,,,0.0214778761759083,True,0,8.081231331641902,,2.5,C_ref,2026-09-12 00:29:21,2026-09-12 01:53:52
scratch,0,0.01,0.01,21,0,0.0,,0.0028808584597759,,,0.0129819273603114,True,0,5.945360794321459,,2.5,C_ref,2026-09-12 00:29:21,2026-09-12 01:53:52
scratch,0,0.01,0.01,22,0,1.8586558945476264,1.5890213227054282,2.1298806545288973,0.5408593318234691,1.316444499738159,2.4051089803975065,False,0,5.477027937045932,0.0,2.5,C_ref,2026-09-12 00:29:21,2026-09-12 01:53:52
scratch,0,0.01,0.01,23,0,1.8317200865866263,1.5618291699161475,2.102551511801414,0.5407223418852669,1.2877730119196755,2.3770608965984508,False,0,5.963277840157389,0.0,2.5,C_ref,2026-09-12 00:29:21,2026-09-12 01:53:52
scratch,0,0.01,0.01,24,0,1.8164773006850568,1.543935385165167,2.089409152229904,0.5454737670647372,1.2660633667296537,2.3655822882096835,False,0,6.152663390719681,0.0,2.5,C_ref,2026-09-12 00:29:21,2026-09-12 01:53:52
scratch,0,0.01,0.01,25,0,0.0,,0.0052735362831673,,,0.0302824956486147,True,0,8.146926346798864,,2.5,C_ref,2026-09-12 00:29:21,2026-09-12 01:53:52
scratch,0,0.01,0.01,26,0,1.8353558180631973,1.5666294314339135,2.1054091120325413,0.5387796805986278,1.2944904321906254,2.379354441833255,False,0,5.926947580061096,0.0,2.5,C_ref,2026-09-12 00:29:21,2026-09-12 01:53:52
scratch,0,0.01,0.01,27,0,0.0,,0.0040416271275365,,,0.0212139923062056,True,0,9.311495879257564,,2.5,C_ref,2026-09-12 00:29:21,2026-09-12 01:53:52
scratch,0,0.01,0.01,28,0,1.882248725293015,1.6139475628092124,2.1524333942835097,0.5384858314742973,1.3432837213206388,2.4268081179771634,False,0,5.1234198980055226,0.0,2.5,C_ref,2026-09-12 00:29:21,2026-09-12 01:53:52
scratch,0,0.01,0.01,29,0,0.0,,0.0036261682347671,,,0.0183807242256359,True,0,6.962240485525399,,2.5,C_ref,2026-09-12 00:29:21,2026-09-12 01:53:52
scratch,0,0.01,0.01,30,0,1.8768865386561129,1.6105825344658038,2.145105854113081,0.5345233196472774,1.342100228484416,2.4176031594689285,False,0,5.283208122153155,0.0,2.5,C_ref,2026-09-12 00:29:21,2026-09-12 01:53:52
scratch,0,0.01,0.01,31,0,0.0,,0.0036997692318918,,,0.0189219127045347,True,0,6.716400804260047,,2.5,C_ref,2026-09-12 00:29:21,2026-09-12 01:53:52
scratch,0,0.01,0.01,32,0,0.0,,0.0033912018356393,,,0.0167619132774298,True,0,6.667901130080281,,2.5,C_ref,2026-09-12 00:29:21,2026-09-12 01:53:52
scratch,0,0.01,0.01,33,0,0.0,,0.0040038920729197,,,0.0212015574921202,True,0,6.597681571409339,,2.5,C_ref,2026-09-12 00:29:21,2026-09-12 01:53:52
scratch,0,0.01,0.01,34,0,1.842384411369993,1.5737127066497,2.1129236115981573,0.5392109049484572,1.3025338802617996,2.3877098382700868,False,0,5.774654542125063,0.0,2.5,C_ref,2026-09-12 00:29:21,2026-09-12 01:53:52
scratch,0,0.01,0.01,35,0,1.8343097380499485,1.5668747433446528,2.103435835901841,0.536561092557188,1.296605230875589,2.376693352022784,False,0,5.977370901386166,0.0,2.5,C_ref,2026-09-12 00:29:21,2026-09-12 01:53:52
scratch,0,0.01,0.01,36,0,0.0,,0.0032719010950166,,,0.0158755901599871,True,0,8.629276062649296,,2.5,C_ref,2026-09-12 00:29:21,2026-09-12 01:53:52
scratch,0,0.01,0.01,37,0,1.903302139240361,1.635826985079834,2.1727529434305586,0.5369259583507247,1.3662288868757684,2.446428567058663,False,0,4.811235240900714,0.0,2.5,C_ref,2026-09-12 00:29:21,2026-09-12 01:53:52
scratch,0,0.01,0.01,38,0,1.9853945038942995,1.7222272120930875,2.251862125451391,0.5296349133583034,1.4594731247479438,2.523290898265304,False,0,3.667012725858513,0.0,2.5,C_ref,2026-09-12 00:29:21,2026-09-12 01:53:52
scratch,0,0.01,0.01,39,0,0.0,,0.0042400948051241,,,0.0229875479063937,True,0,8.263881337759813,,2.5,C_ref,2026-09-12 00:29:21,2026-09-12 01:53:52
scratch,0,0.01,0.01,40,0,1.93712992890012,1.6734179677994092,2.203943329459482,0.5305253616600729,1.4095271499261623,2.4757592450360058,False,0,4.360070658636687,0.0,2.5,C_ref,2026-09-12 00:29:21,2026-09-12 01:53:52
scratch,0,0.01,0.01,41,0,1.842247396826913,1.5762840018584183,2.110200721915026,0.5339167200566073,1.308156901791708,2.382308891495724,False,0,5.887769177417795,0.0,2.5,C_ref,2026-09-12 00:29:21,2026-09-12 01:53:52
scratch,0,0.01,0.01,42,0,1.8791680266385944,1.6082271550454088,2.151263512651846,0.5430363576064372,1.3337230299071567,2.4270387274467304,False,0,5.114757495117374,0.0,2.5,C_ref,2026-09-12 00:29:21,2026-09-12 01:53:52
scratch,0,0.01,0.01,43,0,1.801633436539201,1.5310755994269212,2.072834493876785,0.5417588944498644,1.2557432736958158,2.347582895531761,False,0,6.487417320302484,0.0,2.5,C_ref,2026-09-12 00:29:21,2026-09-12 01:53:52
scratch,0,0.01,0.01,44,0,1.8096400376285369,1.5403715527697786,2.079743681068841,0.539372128299062,1.266796836622131,2.353378235622791,False,0,6.392857503269624,0.0,2.5,C_ref,2026-09-12 00:29:21,2026-09-12 01:53:52
scratch,0,0.01,0.01,45,0,1.7601996758989824,1.4899615639643804,2.0306787369335084,0.540717172969128,1.2140519814203283,2.3044383873475143,False,0,7.308693311671959,0.0,2.5,C_ref,2026-09-12 00:29:21,2026-09-12 01:53:52
scratch,0,0.01,0.01,46,0,1.8353393561884588,1.5661991788521097,2.105757221864672,0.5395580430125624,1.2934282255874197,2.3800869760438577,False,0,5.911106277413637,0.0,2.5,C_ref,2026-09-12 00:29:21,2026-09-12 01:53:52
scratch,0,0.01,0.01,47,0,0.0,,0.0036928241741598,,,0.0188976137159737,True,0,6.351378499315615,,2.5,C_ref,2026-09-12 00:29:21,2026-09-12 01:53:52
scratch,1,0.01,0.01,0,0,0.9445799096789467,0.9077735144914595,1.0993381115733984,0.19156459708193896,0.8653592765837218,1.2967847072432719,False,0,26.43487680778344,0.0,0.4,C_ref,2026-09-12 19:22:35,2026-09-12 20:35:43
scratch,1,0.01,0.01,1,0,0.98593202421666,0.9055195307338759,1.1403870976606683,0.23486756692679234,0.8794917091223109,1.3290369522675214,False,0,46.99341411081332,0.0,0.4,C_ref,2026-09-12 19:22:35,2026-09-12 20:35:43
scratch,1,0.01,0.01,2,0,0.9910722397694345,0.928732596710316,1.147111642914477,0.21837904620416093,0.9214046955770651,1.3403723209815355,False,0,44.710780358913325,0.0,0.4,C_ref,2026-09-12 19:22:35,2026-09-12 20:35:43
scratch,1,0.01,0.01,3,0,0.9990774780672431,0.8973389250635817,1.1735585715961825,0.2762196465326008,0.8500586156419863,1.3746976760698788,False,0,50.47577860013553,0.0,0.4,C_ref,2026-09-12 19:22:35,2026-09-12 20:35:43
scratch,1,0.01,0.01,4,0,0.9647428096118582,0.9066604373169528,1.1384164507412047,0.2317560134242519,0.8091590592029828,1.3434924809498174,False,0,24.396998885378707,0.0,0.4,C_ref,2026-09-12 19:22:35,2026-09-12 20:35:43
scratch,1,0.01,0.01,5,0,0.9543048613114028,0.9315697961516647,1.0855908195744517,0.154021023422787,0.7552250276719378,1.2791617039838667,False,0,20.36580917569154,0.0,0.4,C_ref,2026-09-12 19:22:35,2026-09-12 20:35:43
scratch,1,0.01,0.01,6,0,0.9042589496797704,0.8771981983270876,1.0397570424903162,0.16255884416322863,0.7792181745112815,1.231106655408421,False,0,17.05173232895322,0.0,0.4,C_ref,2026-09-12 19:22:35,2026-09-12 20:35:43
scratch,1,0.01,0.01,7,0,0.9514398592618086,0.8874293794550387,1.1117190511650628,0.224289671710024,0.8623641109520696,1.3072855974987243,False,0,26.35292929557545,0.0,0.4,C_ref,2026-09-12 19:22:35,2026-09-12 20:35:43
scratch,1,0.01,0.01,8,0,0.9994930354054777,0.8975118041358615,1.172798574710723,0.2752867705748615,0.8754632187521978,1.3720493595376477,False,0,61.07243301575727,0.0,0.4,C_ref,2026-09-12 19:22:35,2026-09-12 20:35:43
scratch,1,0.01,0.01,9,0,0.9511119492050923,0.8772228953004975,1.1026688202892572,0.2254459249887597,0.8551531687713835,1.2908788181526567,False,0,37.5484269443441,0.0,0.4,C_ref,2026-09-12 19:22:35,2026-09-12 20:35:43
scratch,1,0.01,0.01,10,0,0.9899230143757308,0.9176590440185471,1.164616657312139,0.2469576132935919,0.8912076023433303,1.3689069303938826,False,0,32.79822174219589,0.0,0.4,C_ref,2026-09-12 19:22:35,2026-09-12 20:35:43
scratch,1,0.01,0.01,11,0,0.9579664442907151,0.9159614306607068,1.102785274684463,0.1868238440237563,0.8962515917051412,1.2930946785188282,False,0,24.63431744501213,0.0,0.4,C_ref,2026-09-12 19:22:35,2026-09-12 20:35:43
scratch,1,0.01,0.01,12,0,0.9690448819242057,0.9050294910155533,1.1403264549364598,0.2352969639209065,0.8554117788408706,1.3430275675875227,False,0,32.41770856134826,0.0,0.4,C_ref,2026-09-12 19:22:35,2026-09-12 20:35:43
scratch,1,0.01,0.01,13,0,0.9991050294507959,0.9260607859217881,1.1612245111051605,0.23516372518337236,0.9070418444282728,1.358407809845423,False,0,36.01902564694683,0.0,0.4,C_ref,2026-09-12 19:22:35,2026-09-12 20:35:43
scratch,1,0.01,0.01,14,0,0.9739466703661249,0.9087333778242326,1.1263380574686321,0.21760467964439956,0.8986089493408573,1.3166080944930472,False,0,30.23965918133399,0.0,0.4,C_ref,2026-09-12 19:22:35,2026-09-12 20:35:43
scratch,1,0.01,0.01,15,0,0.957038128895667,0.8941139700122962,1.1233924198238103,0.22927844981151413,0.8533663007806438,1.324681980151946,False,0,22.154401123567368,0.0,0.4,C_ref,2026-09-12 19:22:35,2026-09-12 20:35:43
scratch,1,0.01,0.01,16,0,1.040028043996879,0.9109948904624923,1.2154996473798545,0.30450475691736223,0.8795857027040236,1.4153815973595223,False,0,55.066949687887245,0.0,0.4,C_ref,2026-09-12 19:22:35,2026-09-12 20:35:43
scratch,1,0.01,0.01,17,0,0.9314833791554882,0.8876215232825901,1.0828092150005098,0.1951876917179196,0.8221366459353158,1.2770803906678863,False,0,27.566755110456143,0.0,0.4,C_ref,2026-09-12 19:22:35,2026-09-12 20:35:43
scratch,1,0.01,0.01,18,0,0.991475356239368,0.918934760786016,1.1636321597355859,0.24469739894956988,0.8593834067628042,1.3660199434451563,False,0,45.342596984639385,0.0,0.4,C_ref,2026-09-12 19:22:35,2026-09-12 20:35:43
scratch,1,0.01,0.01,19,0,0.9624224060824993,0.934056760846664,1.1109675490740223,0.17691078822735828,0.8504749870146037,1.3049727274211773,False,0,30.365467338568124,0.0,0.4,C_ref,2026-09-12 19:22:35,2026-09-12 20:35:43
scratch,1,0.01,0.01,20,0,0.9841437898946243,0.9379999766715056,1.1273072615248712,0.18930728485336556,0.9170724341417816,1.3146789963411951,False,0,34.37014701446242,0.0,0.4,C_ref,2026-09-12 19:22:35,2026-09-12 20:35:43
scratch,1,0.01,0.01,21,0,1.0496966966286312,0.9139748757740205,1.2266789274856822,0.3127040517116617,0.8846665067436821,1.4261913460522082,False,0,73.82572701103709,0.0,0.4,C_ref,2026-09-12 19:22:35,2026-09-12 20:35:43
scratch,1,0.01,0.01,22,0,0.9445444783157569,0.9039838955124585,1.096493370619493,0.19250947510703453,0.8642436375118554,1.29080880145719,False,0,24.68383908382384,0.0,0.4,C_ref,2026-09-12 19:22:35,2026-09-12 20:35:43
scratch,1,0.01,0.01,23,0,0.9096169856063713,0.8384275299584786,1.0658578419337212,0.22743031197524266,0.826453964555741,1.25887426624977,False,0,27.640083340524143,0.0,0.4,C_ref,2026-09-12 19:22:35,2026-09-12 20:35:43
scratch,1,0.01,0.01,24,0,0.957641540852825,0.9300420206544793,1.097241519225136,0.16719949857065664,0.829631946127903,1.288465652721951,False,0,27.18859518845784,0.0,0.4,C_ref,2026-09-12 19:22:35,2026-09-12 20:35:43
scratch,1,0.01,0.01,25,0,0.9176075037558447,0.8934645965890643,1.041887018939928,0.14842242235086378,0.8458860068453682,1.2200196325360895,False,0,17.01736037838782,0.0,0.4,C_ref,2026-09-12 19:22:35,2026-09-12 20:35:43
scratch,1,0.01,0.01,26,0,1.0012964992537952,0.9282928438156801,1.1437625142247692,0.21546967040908904,0.9171413797527063,1.3279399989839673,False,0,27.85537077063418,0.0,0.4,C_ref,2026-09-12 19:22:35,2026-09-12 20:35:43
scratch,1,0.01,0.01,27,0,0.9641053341782931,0.9446409616812788,1.0909211504652587,0.14628018878397997,0.8146968300839753,1.2762852481068119,False,0,25.66422456770306,0.0,0.4,C_ref,2026-09-12 19:22:35,2026-09-12 20:35:43
scratch,1,0.01,0.01,28,0,0.9443062975519599,0.9071383666882767,1.0916351111721088,0.18449674448383202,0.8546404144515851,1.2859253198484915,False,0,23.86069464037064,0.0,0.4,C_ref,2026-09-12 19:22:35,2026-09-12 20:35:43
scratch,1,0.01,0.01,29,0,0.9295930047543685,0.8963222017027302,1.0716240754971316,0.17530187379440132,0.8344756982440761,1.2632029895774441,False,0,20.080778227908013,0.0,0.4,C_ref,2026-09-12 19:22:35,2026-09-12 20:35:43
scratch,1,0.01,0.01,30,0,0.8985324242934445,0.8339330946909429,1.063297848403395,0.22936475371245213,0.7985723929795886,1.2620528252155858,False,0,32.149311499677424,0.0,0.4,C_ref,2026-09-12 19:22:35,2026-09-12 20:35:43
scratch,1,0.01,0.01,31,0,0.9632449783983889,0.9203285651510708,1.1128888957069631,0.1925603305558924,0.8925954729161492,1.3038224868877704,False,0,32.948489447135216,0.0,0.4,C_ref,2026-09-12 19:22:35,2026-09-12 20:35:43
scratch,1,0.01,0.01,32,0,0.9849397395364391,0.9209349658243077,1.144447725989158,0.22351276016485022,0.9058974919325188,1.339575590521557,False,0,38.49599049518656,0.0,0.4,C_ref,2026-09-12 19:22:35,2026-09-12 20:35:43
scratch,1,0.01,0.01,33,0,0.8948979077284156,0.8674291781051184,1.025928967879468,0.15849978977434964,0.6655990938405143,1.2222725130534489,False,0,12.788666333501169,0.0,0.4,C_ref,2026-09-12 19:22:35,2026-09-12 20:35:43
scratch,1,0.01,0.01,34,0,0.9968183504909687,0.9290190607539764,1.148042703986836,0.2190236432328595,0.9221566715173113,1.3357461115506948,False,0,41.85683006072213,0.0,0.4,C_ref,2026-09-12 19:22:35,2026-09-12 20:35:43
scratch,1,0.01,0.01,35,0,0.9790005445959048,0.9197016540661799,1.1201604078455463,0.2004587537793664,0.9118281982774187,1.3028728466664394,False,0,33.26929324320008,0.0,0.4,C_ref,2026-09-12 19:22:35,2026-09-12 20:35:43
scratch,1,0.01,0.01,36,0,0.987999654459997,0.8887504695715879,1.150846979627498,0.26209651005591017,0.8712887145899012,1.3444861382892845,False,0,45.95540676146993,0.0,0.4,C_ref,2026-09-12 19:22:35,2026-09-12 20:35:43
scratch,1,0.01,0.01,37,0,0.9980764311155755,0.8967841602129878,1.168180633160543,0.2713964729475553,0.8713583074519072,1.3664308138294892,False,0,51.250579721338,0.0,0.4,C_ref,2026-09-12 19:22:35,2026-09-12 20:35:43
scratch,1,0.01,0.01,38,0,0.9698831147223511,0.9253015532479626,1.1384201479783795,0.21311859473041694,0.8296085466087597,1.3418152708002755,False,0,35.258188412371965,0.0,0.4,C_ref,2026-09-12 19:22:35,2026-09-12 20:35:43
scratch,1,0.01,0.01,39,0,1.0153994192164189,0.9123556792361392,1.170443258887265,0.25808757965112583,0.8921319051418017,1.3569618508078929,False,0,56.21985520810631,0.0,0.4,C_ref,2026-09-12 19:22:35,2026-09-12 20:35:43
scratch,1,0.01,0.01,40,0,0.9629331520942681,0.8949276094194271,1.1189252341863727,0.22399762476694562,0.8842005138054778,1.3117735726608992,False,0,31.632970533759362,0.0,0.4,C_ref,2026-09-12 19:22:35,2026-09-12 20:35:43
scratch,1,0.01,0.01,41,0,0.9063194087956319,0.8923104805414267,1.0352945545009804,0.1429840739595537,0.7917916197220553,1.2266504850832916,False,0,13.829362417825905,0.0,0.4,C_ref,2026-09-12 19:22:35,2026-09-12 20:35:43
scratch,1,0.01,0.01,42,0,0.9544671374182072,0.9066996913668096,1.111118147132177,0.20441845576536732,0.8580400728432515,1.3065047058299573,False,0,37.23970884708251,0.0,0.4,C_ref,2026-09-12 19:22:35,2026-09-12 20:35:43
scratch,1,0.01,0.01,43,0,0.9547740039157218,0.9341876248075992,1.0822213336123858,0.1480337088047866,0.8007678296084739,1.2693908292733047,False,0,25.182863899273798,0.0,0.4,C_ref,2026-09-12 19:22:35,2026-09-12 20:35:43
scratch,1,0.01,0.01,44,0,0.9446527894366731,0.9246537952493311,1.0713235522933287,0.14666975704399754,0.8105619493719235,1.2558245089806364,False,0,19.94336384761118,0.0,0.4,C_ref,2026-09-12 19:22:35,2026-09-12 20:35:43
scratch,1,0.01,0.01,45,0,0.9452740898374048,0.9304352489736313,1.0633168642715065,0.13288161529787523,0.7792719819633853,1.2484749313658432,False,0,17.09941824038833,0.0,0.4,C_ref,2026-09-12 19:22:35,2026-09-12 20:35:43
scratch,1,0.01,0.01,46,0,0.9563021163563572,0.9361203287983684,1.085223978200265,0.1491036494018967,0.8142446816252724,1.2725373142495688,False,0,23.57574013849444,0.0,0.4,C_ref,2026-09-12 19:22:35,2026-09-12 20:35:43
scratch,1,0.01,0.01,47,0,0.9355499069061982,0.8473168657791721,1.1078282305525875,0.2605113647734154,0.7969218353222741,1.3090420323803753,False,0,32.073537980322726,0.0,0.4,C_ref,2026-09-12 19:22:35,2026-09-12 20:35:43
scratch,1,0.01,0.01,0,0,1.7447310738934512,1.516377865177868,1.9820465338792157,0.4656686687013476,1.2972630040656405,2.228353198019587,False,0,9.376945967316715,0.0,2.5,C_ref,2026-09-12 19:22:35,2026-09-12 20:35:43
scratch,1,0.01,0.01,1,0,1.7412448672977525,1.518106294021117,1.9748510720818422,0.4567447780607252,1.3069983216929382,2.218466792380818,False,0,9.667270842008293,0.0,2.5,C_ref,2026-09-12 19:22:35,2026-09-12 20:35:43
scratch,1,0.01,0.01,2,0,1.7991201434743151,1.5706178485233855,2.036899795189745,0.4662819466663597,1.352249139468497,2.283895714754399,False,0,8.099401529649185,0.0,2.5,C_ref,2026-09-12 19:22:35,2026-09-12 20:35:43
scratch,1,0.01,0.01,3,0,1.8766267037852213,1.6492165233967937,2.113463154683285,0.46424663128649146,1.4317385249287493,2.3596975517853442,False,0,6.520672938033385,0.0,2.5,C_ref,2026-09-12 19:22:35,2026-09-12 20:35:43
scratch,1,0.01,0.01,4,0,1.8352866531297736,1.6075342595626936,2.071653595864072,0.46411933630137825,1.388241086882193,2.316800904208979,False,0,7.421705873057363,0.0,2.5,C_ref,2026-09-12 19:22:35,2026-09-12 20:35:43
scratch,1,0.01,0.01,5,0,1.7389804877716393,1.508646925310181,1.977363214323602,0.4687162890134209,1.286327884216478,2.224165167681788,False,0,9.476226157057681,0.0,2.5,C_ref,2026-09-12 19:22:35,2026-09-12 20:35:43
scratch,1,0.01,0.01,6,0,1.666527731776964,1.4349729195577092,1.9062547296992218,0.4712818101415126,1.2121327451181805,2.1543045248822628,False,0,11.152877556258318,0.0,2.5,C_ref,2026-09-12 19:22:35,2026-09-12 20:35:43
scratch,1,0.01,0.01,7,0,1.7693772239712902,1.5443282085626977,2.00367733763652,0.4593491290738221,1.328959376534844,2.247243985563431,False,0,8.999177995898208,0.0,2.5,C_ref,2026-09-12 19:22:35,2026-09-12 20:35:43
scratch,1,0.01,0.01,8,0,1.8322032264165558,1.6080550632638753,2.0662356889709264,0.4581806257070511,1.3944220154745914,2.3100480410335953,False,0,7.57973964032135,0.0,2.5,C_ref,2026-09-12 19:22:35,2026-09-12 20:35:43
scratch,1,0.01,0.01,9,0,1.7206472478137818,1.4937647969296524,1.9571433618029406,0.4633785648732882,1.2778269278017451,2.202941937358649,False,0,9.996247710882017,0.0,2.5,C_ref,2026-09-12 19:22:35,2026-09-12 20:35:43
scratch,1,0.01,0.01,10,0,1.8832572606401785,1.655359336195766,2.1204093930884027,0.4650500568926368,1.4368189367425934,2.3667482476505164,False,0,6.3792097642035515,0.0,2.5,C_ref,2026-09-12 19:22:35,2026-09-12 20:35:43
scratch,1,0.01,0.01,11,0,1.7268079527787665,1.4987549682463486,1.9639776684667198,0.46522270022037127,1.2808196780757217,2.210204727602846,False,0,9.813868422366795,0.0,2.5,C_ref,2026-09-12 19:22:35,2026-09-12 20:35:43
scratch,1,0.01,0.01,12,0,1.837356790955348,1.6065786156840738,2.0773575321358027,0.47077891645172887,1.3853969158451414,2.3265503750047616,False,0,7.156424580625753,0.0,2.5,C_ref,2026-09-12 19:22:35,2026-09-12 20:35:43
scratch,1,0.01,0.01,13,0,1.8507312168335526,1.6240241040540344,2.08704755200632,0.46302344795228545,1.4073914682102093,2.332924428113621,False,0,7.06701466109007,0.0,2.5,C_ref,2026-09-12 19:22:35,2026-09-12 20:35:43
scratch,1,0.01,0.01,14,0,1.7740487404072458,1.5499914290681192,2.0074354321789607,0.45744400311084155,1.3360719155845542,2.250096574804158,False,0,8.95296776638861,0.0,2.5,C_ref,2026-09-12 19:22:35,2026-09-12 20:35:43
scratch,1,0.01,0.01,15,0,1.8335332027540059,1.6030837137659495,2.0729448393291183,0.46986112556316884,1.3818776552542598,2.321354583472838,False,0,7.277185297742108,0.0,2.5,C_ref,2026-09-12 19:22:35,2026-09-12 20:35:43
scratch,1,0.01,0.01,16,0,1.9436475561929345,1.717905687968661,2.179247867322753,0.46134217935409194,1.5025100033902068,2.424453416506549,False,0,5.291637817877927,0.0,2.5,C_ref,2026-09-12 19:22:35,2026-09-12 20:35:43
scratch,1,0.01,0.01,17,0,1.708063222333691,1.4801670059159657,1.9447481318370372,0.4645811259210715,1.261791026967689,2.1903434307174603,False,0,10.318279501712823,0.0,2.5,C_ref,2026-09-12 19:22:35,2026-09-12 20:35:43
scratch,1,0.01,0.01,18,0,1.8674294707066923,1.6393290281900577,2.1042582180805054,0.46492918989044774,1.4203936735520115,2.349616959616153,False,0,6.754137776319112,0.0,2.5,C_ref,2026-09-12 19:22:35,2026-09-12 20:35:43
scratch,1,0.01,0.01,19,0,1.7555823192937419,1.5264226434601758,1.9937373740550632,0.4673147305948875,1.306864916702237,2.240856875656137,False,0,9.069408770141308,0.0,2.5,C_ref,2026-09-12 19:22:35,2026-09-12 20:35:43
scratch,1,0.01,0.01,20,0,1.7331152537606063,1.507852191518265,1.9684903216558085,0.4606381301375435,1.2942047940056403,2.213488308715149,False,0,9.75480380969384,0.0,2.5,C_ref,2026-09-12 19:22:35,2026-09-12 20:35:43
scratch,1,0.01,0.01,21,0,1.9242122222618885,1.6997650969979052,2.1587133736480952,0.45894827665019,1.486090118159005,2.4029968864924003,False,0,5.694668008636654,0.0,2.5,C_ref,2026-09-12 19:22:35,2026-09-12 20:35:43
scratch,1,0.01,0.01,22,0,1.7412555137406576,1.5106701718944426,1.9806693697700306,0.46999919787558797,1.2896663508342816,2.228858696555165,False,0,9.32598649465217,0.0,2.5,C_ref,2026-09-12 19:22:35,2026-09-12 20:35:43
scratch,1,0.01,0.01,23,0,1.687500634762117,1.4593698182932275,1.9247136481186575,0.46534382982543,1.2413876744123367,2.1709419876663545,False,0,10.778627105482883,0.0,2.5,C_ref,2026-09-12 19:22:35,2026-09-12 20:35:43
scratch,1,0.01,0.01,24,0,1.7252879850660725,1.4978856917282235,1.9616372438599843,0.4637515521317608,1.280099724899404,2.2068347886720434,False,0,9.923481765628821,0.0,2.5,C_ref,2026-09-12 19:22:35,2026-09-12 20:35:43
scratch,1,0.01,0.01,25,0,1.5839934342765756,1.356885919644838,1.8199711671921843,0.46308524754734637,1.1408170159531066,2.0644228809473977,False,0,13.68790618559433,0.0,2.5,C_ref,2026-09-12 19:22:35,2026-09-12 20:35:43
scratch,1,0.01,0.01,26,0,1.7509986230101873,1.5264524018355987,1.9856692502697653,0.45921684843416655,1.3137221848351281,2.230029078532866,False,0,9.380433602116682,0.0,2.5,C_ref,2026-09-12 19:22:35,2026-09-12 20:35:43
scratch,1,0.01,0.01,27,0,1.7012247089723032,1.4742737617983406,1.9373919900602457,0.4631182282619051,1.2574604663765214,2.1826435581038366,False,0,10.513986825597385,0.0,2.5,C_ref,2026-09-12 19:22:35,2026-09-12 20:35:43
scratch,1,0.01,0.01,28,0,1.7719187078622078,1.5423278294541385,2.010343328330898,0.4680154988767593,1.321885873125381,2.2575827852165493,False,0,8.68526054963877,0.0,2.5,C_ref,2026-09-12 19:22:35,2026-09-12 20:35:43
scratch,1,0.01,0.01,29,0,1.7014907188568584,1.4719536393285764,1.939900028669818,0.46794638934124166,1.2521005902981894,2.1870483859151317,False,0,10.353274348326522,0.0,2.5,C_ref,2026-09-12 19:22:35,2026-09-12 20:35:43
scratch,1,0.01,0.01,30,0,1.742757924951269,1.5163583079628915,1.9777983449926995,0.46144003702980796,1.2987027372022377,2.2216389085502444,False,0,9.605294400793355,0.0,2.5,C_ref,2026-09-12 19:22:35,2026-09-12 20:35:43
scratch,1,0.01,0.01,31,0,1.743620083711667,1.5154285873475726,1.9811856953508569,0.4657571080032843,1.297625265846886,2.227820862449414,False,0,9.382762941335386,0.0,2.5,C_ref,2026-09-12 19:22:35,2026-09-12 20:35:43
scratch,1,0.01,0.01,32,0,1.8061548462481856,1.581606589355108,2.040095901794811,0.4584893124397029,1.3671119844677375,2.2830117701708263,False,0,8.211236806124361,0.0,2.5,C_ref,2026-09-12 19:22:35,2026-09-12 20:35:43
scratch,1,0.01,0.01,33,0,1.658132905404275,1.425759735417057,1.897887681436834,0.4721279460197769,1.2001616735597462,2.1456061494062437,False,0,11.391685082729964,0.0,2.5,C_ref,2026-09-12 19:22:35,2026-09-12 20:35:43
scratch,1,0.01,0.01,34,0,1.743326220864849,1.51986901153273,1.9771086643607678,0.4572396528280378,1.3084413295816066,2.2207497246414944,False,0,9.613782119911775,0.0,2.5,C_ref,2026-09-12 19:22:35,2026-09-12 20:35:43
scratch,1,0.01,0.01,35,0,1.6979862540138497,1.4741585539940838,1.9323425939588064,0.45818403996472257,1.2629013098761321,2.176557152725407,False,0,10.680396268093318,0.0,2.5,C_ref,2026-09-12 19:22:35,2026-09-12 20:35:43
scratch,1,0.01,0.01,36,0,1.818356232102178,1.5924973238537736,2.054008524477656,0.4615112006238824,1.3774171436113838,2.299215551758481,False,0,7.794271714967181,0.0,2.5,C_ref,2026-09-12 19:22:35,2026-09-12 20:35:43
scratch,1,0.01,0.01,37,0,1.8675974877891568,1.6414949904851448,2.1033701472197923,0.4618751567346475,1.4257567949704015,2.3486750455626098,False,0,6.752592953998828,0.0,2.5,C_ref,2026-09-12 19:22:35,2026-09-12 20:35:43
scratch,1,0.01,0.01,38,0,1.853706409741995,1.62446301398736,2.0917494080434023,0.46728639405604233,1.4040434530386365,2.338680286037129,False,0,6.939943868135742,0.0,2.5,C_ref,2026-09-12 19:22:35,2026-09-12 20:35:43
scratch,1,0.01,0.01,39,0,1.7745080851556845,1.5514285896709232,2.0084304542444436,0.4570018645735203,1.3410185850552008,2.2524346818717804,False,0,8.85506984573658,0.0,2.5,C_ref,2026-09-12 19:22:35,2026-09-12 20:35:43
scratch,1,0.01,0.01,40,0,1.7686880572486448,1.5423253631280567,2.0048433926166074,0.4625180294885507,1.32673486949682,2.250594948854348,False,0,8.868204058995616,0.0,2.5,C_ref,2026-09-12 19:22:35,2026-09-12 20:35:43
scratch,1,0.01,0.01,41,0,1.658994549443241,1.4258742932145243,1.8999639282619603,0.47408963504743595,1.2006409593608762,2.149039083580468,False,0,11.254438821299118,0.0,2.5,C_ref,2026-09-12 19:22:35,2026-09-12 20:35:43
scratch,1,0.01,0.01,42,0,1.7908597309118766,1.56116564155764,2.0295390037890417,0.4683733622314017,1.340976113551139,2.277150925146109,False,0,8.238519990471104,0.0,2.5,C_ref,2026-09-12 19:22:35,2026-09-12 20:35:43
scratch,1,0.01,0.01,43,0,1.6876566140279003,1.4571015505580294,1.9264799299833575,0.4693783794253281,1.2353520143691896,2.1737540030125584,False,0,10.686860946472734,0.0,2.5,C_ref,2026-09-12 19:22:35,2026-09-12 20:35:43
scratch,1,0.01,0.01,44,0,1.6537175351989144,1.4241177719539515,1.892183601718775,0.46806582976482347,1.2046270349666115,2.139378329503096,False,0,11.552651131063612,0.0,2.5,C_ref,2026-09-12 19:22:35,2026-09-12 20:35:43
scratch,1,0.01,0.01,45,0,1.649856963106795,1.4202908014392035,1.8876327343174237,0.46734193287822023,1.1993434942927188,2.1338961074219003,False,0,11.734080032383645,0.0,2.5,C_ref,2026-09-12 19:22:35,2026-09-12 20:35:43
scratch,1,0.01,0.01,46,0,1.7126628066744813,1.4806067605617157,1.953019642711465,0.4724128821497493,1.2574711664110467,2.201875184095675,False,0,9.951973574672593,0.0,2.5,C_ref,2026-09-12 19:22:35,2026-09-12 20:35:43
scratch,1,0.01,0.01,47,0,1.8100601193437813,1.582022956233633,2.047041481008487,0.46501852477485395,1.363132457223198,2.2931017312469204,False,0,7.91599789076281,0.0,2.5,C_ref,2026-09-12 19:22:35,2026-09-12 20:35:43
scratch,2,0.01,0.01,0,0,0.5635516771273537,0.3821695757868936,0.865420813566653,0.4832512377797594,0.036825420058354985,1.1496746741310342,False,0,0.28927909141930286,1.0,0.4,C_ref,2026-09-12 21:39:31,2026-09-12 22:48:47
scratch,2,0.01,0.01,1,0,0.6463438900282641,0.13944441774164745,0.9560107630975668,0.8165663453559193,0.02807725115092613,1.242213630764929,False,0,0.3398726976629405,1.0,0.4,C_ref,2026-09-12 21:39:31,2026-09-12 22:48:47
scratch,2,0.01,0.01,2,0,0.5347730728158735,0.11640666244179534,0.8929208146131613,0.776514152171366,0.027457461872195447,1.195009997548568,False,0,0.06409315805649385,1.0,0.4,C_ref,2026-09-12 21:39:31,2026-09-12 22:48:47
scratch,2,0.01,0.01,3,0,0.6258113112563883,0.12790148960672568,0.9439385306152337,0.816037041008508,0.02463524219637275,1.2337966495478732,False,0,0.2753095178195508,1.0,0.4,C_ref,2026-09-12 21:39:31,2026-09-12 22:48:47
scratch,2,0.01,0.01,4,0,0.5937561748777358,0.10888598332193053,0.909816964611311,0.8009309812893805,0.025033908633201783,1.1993390256019094,False,0,0.20300240973301698,1.0,0.4,C_ref,2026-09-12 21:39:31,2026-09-12 22:48:47
scratch,2,0.01,0.01,5,0,0.5439840332976741,0.1496483504051406,0.8631474748685944,0.7134991244634539,0.036733100607436106,1.1538044589712455,False,0,0.13838902358475025,1.0,0.4,C_ref,2026-09-12 21:39:31,2026-09-12 22:48:47
scratch,2,0.01,0.01,6,0,0.6211265085432663,0.41781226360831475,0.9141690915650474,0.4963568279567327,0.035078928522916504,1.1978185458207122,False,0,2.4376704694950604,0.0,0.4,C_ref,2026-09-12 21:39:31,2026-09-12 22:48:47
scratch,2,0.01,0.01,7,0,0.5293145018106042,0.11989005473870004,0.8000112330486776,0.6801211783099775,0.03491346297463302,1.0931856205710302,False,0,0.6963890481965791,1.0,0.4,C_ref,2026-09-12 21:39:31,2026-09-12 22:48:47
scratch,2,0.01,0.01,8,0,0.7145085032513884,0.43846516227745214,0.9971136240750038,0.5586484617975517,0.02812883217965556,1.2731081801006205,False,0,1.613314506575989,0.0,0.4,C_ref,2026-09-12 21:39:31,2026-09-12 22:48:47
scratch,2,0.01,0.01,9,0,0.6247643160973959,0.14174330573275304,0.9280008494775571,0.786257543744804,0.029041377049254993,1.2135324361112818,False,0,0.3653369349631248,1.0,0.4,C_ref,2026-09-12 21:39:31,2026-09-12 22:48:47
scratch,2,0.01,0.01,10,0,0.6853822626208677,0.18169231848108747,0.9897805149459918,0.8080881964649044,0.02755462591416024,1.2739130364354403,False,0,0.4954662227501103,1.0,0.4,C_ref,2026-09-12 21:39:31,2026-09-12 22:48:47
scratch,2,0.01,0.01,11,0,0.6206635937588636,0.19250330095065338,0.9252281414552215,0.7327248405045681,0.04050937063917523,1.212352871956549,False,0,0.37616910427459516,1.0,0.4,C_ref,2026-09-12 21:39:31,2026-09-12 22:48:47
scratch,2,0.01,0.01,12,0,0.6382423213098374,0.13258853356664407,0.9576318574889736,0.8250433239223296,0.025895332820445455,1.2510207772400355,False,0,0.32420688986530877,1.0,0.4,C_ref,2026-09-12 21:39:31,2026-09-12 22:48:47
scratch,2,0.01,0.01,13,0,0.6362700475574309,0.1334413659838311,0.9529006733414251,0.819459307357594,0.02672318168848227,1.2428611277880677,False,0,0.2935494039884361,1.0,0.4,C_ref,2026-09-12 21:39:31,2026-09-12 22:48:47
scratch,2,0.01,0.01,14,0,0.3825924635564008,0.10619341190840038,0.818064682164671,0.7118712702562706,0.028596851384082397,1.1200704181896717,False,0,0.0006093241754570045,1.0,0.4,C_ref,2026-09-12 21:39:31,2026-09-12 22:48:47
scratch,2,0.01,0.01,15,0,0.5896719192474565,0.11484091820778457,0.9168753494946766,0.8020344312868921,0.02520101031605031,1.208578973454989,False,0,0.16288262247326202,1.0,0.4,C_ref,2026-09-12 21:39:31,2026-09-12 22:48:47
scratch,2,0.01,0.01,16,0,0.690174226225248,0.15862192735323552,0.9850303908722113,0.8264084635189758,0.024169300193602538,1.2632730799640772,False,0,0.5469006509993051,1.0,0.4,C_ref,2026-09-12 21:39:31,2026-09-12 22:48:47
scratch,2,0.01,0.01,17,0,0.4270572117881727,0.14275425614002077,0.7778916379479425,0.6351373818079217,0.042463003895238494,1.0767035542667711,False,0,0.004292572513804771,1.0,0.4,C_ref,2026-09-12 21:39:31,2026-09-12 22:48:47
scratch,2,0.01,0.01,18,0,0.5789658370433345,0.13929645462753862,0.9160747449578518,0.7767782903303132,0.029387914419804928,1.2138609866467476,False,0,0.1646139361364476,1.0,0.4,C_ref,2026-09-12 21:39:31,2026-09-12 22:48:47
scratch,2,0.01,0.01,19,0,0.5136554320983783,0.12468006835629408,0.8638634858480225,0.7391834174917284,0.030788589189491754,1.1593521902840753,False,0,0.052786597840167815,1.0,0.4,C_ref,2026-09-12 21:39:31,2026-09-12 22:48:47
scratch,2,0.01,0.01,20,0,0.5736258898926141,0.1548015508926227,0.9001764192532912,0.7453748683606685,0.03589733893342663,1.1942462185039389,False,0,0.16808086698438274,1.0,0.4,C_ref,2026-09-12 21:39:31,2026-09-12 22:48:47
scratch,2,0.01,0.01,21,0,0.6772464123157258,0.12003660490916183,0.9808077006516723,0.8607710957425105,0.021318822973048525,1.2639264920175792,False,0,0.4333264363121998,1.0,0.4,C_ref,2026-09-12 21:39:31,2026-09-12 22:48:47
scratch,2,0.01,0.01,22,0,0.6033325850087647,0.16740503232294748,0.923859318652896,0.7564542863299486,0.03486121324073942,1.2154191103829768,False,0,0.24472300300112693,1.0,0.4,C_ref,2026-09-12 21:39:31,2026-09-12 22:48:47
scratch,2,0.01,0.01,23,0,0.4630861942100109,0.1337494830395667,0.8052147953429131,0.6714653123033464,0.035985512638995756,1.1030509327634925,False,0,0.022324304827634478,1.0,0.4,C_ref,2026-09-12 21:39:31,2026-09-12 22:48:47
scratch,2,0.01,0.01,24,0,0.4473370661345349,0.11791162729819302,0.8116609627605166,0.6937493354623235,0.03317474515639256,1.106617817406716,False,0,0.006966328630369389,1.0,0.4,C_ref,2026-09-12 21:39:31,2026-09-12 22:48:47
scratch,2,0.01,0.01,25,0,0.544176218501166,0.48149702164118163,0.816148995306997,0.3346519736658154,0.04467082190510431,1.0985404984926435,False,0,1.1735826266231015,0.0,0.4,C_ref,2026-09-12 21:39:31,2026-09-12 22:48:47
scratch,2,0.01,0.01,26,0,0.6373043596768087,0.37323457669553406,0.9056559832713961,0.532421406575862,0.030374573596438956,1.1773153933301046,False,0,0.8620096010672569,1.0,0.4,C_ref,2026-09-12 21:39:31,2026-09-12 22:48:47
scratch,2,0.01,0.01,27,0,0.5466051914138127,0.13183618434931083,0.8676465598585391,0.7358103755092282,0.033156586558335026,1.1572507501524338,False,0,0.12737004111113492,1.0,0.4,C_ref,2026-09-12 21:39:31,2026-09-12 22:48:47
scratch,2,0.01,0.01,28,0,0.5338390853414015,0.14438845812742954,0.8761054495231538,0.7317169913957243,0.034637045418072505,1.175815087739072,False,0,0.0923157442957745,1.0,0.4,C_ref,2026-09-12 21:39:31,2026-09-12 22:48:47
scratch,2,0.01,0.01,29,0,0.6060881878917109,0.1724544387672372,0.9090627544469357,0.7366083156796985,0.03776964895971124,1.1940500125231035,False,0,0.3126432944263797,1.0,0.4,C_ref,2026-09-12 21:39:31,2026-09-12 22:48:47
scratch,2,0.01,0.01,30,0,0.5786084811060721,0.13010453702907868,0.8823109753121411,0.7522064382830624,0.03226602094336317,1.1699935728118784,False,0,0.26596821345447097,1.0,0.4,C_ref,2026-09-12 21:39:31,2026-09-12 22:48:47
scratch,2,0.01,0.01,31,0,0.6660662270530614,0.47522278551936115,0.9529797274884886,0.47775694196912744,0.4531158674565803,1.2356099123777669,False,0,4.085158302477794,0.0,0.4,C_ref,2026-09-12 21:39:31,2026-09-12 22:48:47
scratch,2,0.01,0.01,32,0,0.6584715531284452,0.1567227456903392,0.9517615296517858,0.7950387839614467,0.0299054133751835,1.2315676997843534,False,0,0.5234093574545113,1.0,0.4,C_ref,2026-09-12 21:39:31,2026-09-12 22:48:47
scratch,2,0.01,0.01,33,0,0.5759180148744428,0.17352098324820156,0.8891853641397555,0.7156643808915539,0.0400739439946739,1.1747798091237154,False,0,0.19928578787948936,1.0,0.4,C_ref,2026-09-12 21:39:31,2026-09-12 22:48:47
scratch,2,0.01,0.01,34,0,0.5133240531250499,0.14550825186883082,0.8456245743368591,0.7001163224680282,0.037769290928780425,1.1430169668667325,False,0,0.0977264922548784,1.0,0.4,C_ref,2026-09-12 21:39:31,2026-09-12 22:48:47
scratch,2,0.01,0.01,35,0,0.7013989453178806,0.34666844190666585,0.9854060893275102,0.6387376474208444,0.030562052729107836,1.2611641361862922,False,0,0.8078670568538655,1.0,0.4,C_ref,2026-09-12 21:39:31,2026-09-12 22:48:47
scratch,2,0.01,0.01,36,0,0.6503247981593149,0.3786107926333312,0.9491381348656023,0.5705273422322711,0.02299275439830404,1.2308084658649996,False,0,0.96074741895427,1.0,0.4,C_ref,2026-09-12 21:39:31,2026-09-12 22:48:47
scratch,2,0.01,0.01,37,0,0.6556620739956143,0.167050525030234,0.9645170505485637,0.7974665255183297,0.028858641180315708,1.2508362060637876,False,0,0.3966386810570839,1.0,0.4,C_ref,2026-09-12 21:39:31,2026-09-12 22:48:47
scratch,2,0.01,0.01,38,0,0.6185982617758653,0.12061014569373801,0.936455178338388,0.81584503264465,0.025044714425760825,1.225290657875316,False,0,0.23958088848667103,1.0,0.4,C_ref,2026-09-12 21:39:31,2026-09-12 22:48:47
scratch,2,0.01,0.01,39,0,0.5261669765750278,0.1253127247212575,0.8474661687838466,0.7221534440625891,0.032212742975164466,1.1327753038941382,False,0,0.08418029856329667,1.0,0.4,C_ref,2026-09-12 21:39:31,2026-09-12 22:48:47
scratch,2,0.01,0.01,40,0,0.5302676721696086,0.12187201670746421,0.8703459451987381,0.7484739284912739,0.029395780337335007,1.16936111300692,False,0,0.0839397856798314,1.0,0.4,C_ref,2026-09-12 21:39:31,2026-09-12 22:48:47
scratch,2,0.01,0.01,41,0,0.4739593941377598,0.16296997434284033,0.8133911294355427,0.6504211550927024,0.04502624740588974,1.1152500962531162,False,0,0.03828730413079029,1.0,0.4,C_ref,2026-09-12 21:39:31,2026-09-12 22:48:47
scratch,2,0.01,0.01,42,0,0.5261027365438631,0.12583310686993063,0.8767350619064165,0.7509019550364858,0.029786737932829536,1.1778240741180441,False,0,0.06713799890712835,1.0,0.4,C_ref,2026-09-12 21:39:31,2026-09-12 22:48:47
scratch,2,0.01,0.01,43,0,0.4692212393082338,0.14436843484585937,0.8008944016449304,0.656525966799071,0.041823198811601695,1.092643087502971,False,0,0.02720468457118841,1.0,0.4,C_ref,2026-09-12 21:39:31,2026-09-12 22:48:47
scratch,2,0.01,0.01,44,0,0.49287884744446064,0.16615646891029895,0.827080713261253,0.660924244350954,0.04524806808937826,1.1243654885547267,False,0,0.059238553967588814,1.0,0.4,C_ref,2026-09-12 21:39:31,2026-09-12 22:48:47
scratch,2,0.01,0.01,45,0,0.5375958868899511,0.16252430678678217,0.846285882630993,0.6837615758442108,0.04364714275196243,1.1310407377079819,False,0,0.12965151395837893,1.0,0.4,C_ref,2026-09-12 21:39:31,2026-09-12 22:48:47
scratch,2,0.01,0.01,46,0,0.5822151222929483,0.16160192975193532,0.8929144960994045,0.7313125663474692,0.03652655782534703,1.1805809064904267,False,0,0.2242057673029194,1.0,0.4,C_ref,2026-09-12 21:39:31,2026-09-12 22:48:47
scratch,2,0.01,0.01,47,0,0.6744368420278187,0.16494431015428512,0.9679843510839461,0.803040040929661,0.026678496871193065,1.2485210601431538,False,0,0.5546275689339382,1.0,0.4,C_ref,2026-09-12 21:39:31,2026-09-12 22:48:47
scratch,2,0.01,0.01,0,0,1.7043630651887796,1.4267653333232388,1.9850801013202266,0.5583147679969878,1.1478307239768337,2.271219015690954,False,0,7.746915776089736,0.0,2.5,C_ref,2026-09-12 21:39:31,2026-09-12 22:48:47
scratch,2,0.01,0.01,1,0,1.8056268984558863,1.52971061710256,2.085449032075163,0.555738414972603,1.2541858371305346,2.3711574439198997,False,0,5.969712696438364,0.0,2.5,C_ref,2026-09-12 21:39:31,2026-09-12 22:48:47
scratch,2,0.01,0.01,2,0,1.814854715520776,1.535166496055413,2.0976204818571067,0.5624539858016937,1.254207352579135,2.385674799523188,False,0,5.715676208536024,0.0,2.5,C_ref,2026-09-12 21:39:31,2026-09-12 22:48:47
scratch,2,0.01,0.01,3,0,1.8469278731107501,1.571640725256561,2.126223124195637,0.5545823989390759,1.2968968731850201,2.4114672561318233,False,0,5.315734148523916,0.0,2.5,C_ref,2026-09-12 21:39:31,2026-09-12 22:48:47
scratch,2,0.01,0.01,4,0,1.78765465105275,1.511386126212047,2.067128178884518,0.5557420526724712,1.234196148181847,2.352051420528234,False,0,6.302030890015885,0.0,2.5,C_ref,2026-09-12 21:39:31,2026-09-12 22:48:47
scratch,2,0.01,0.01,5,0,1.7133296560777724,1.4340746719472084,1.9948457010977036,0.5607710291504953,1.1516557034754833,2.281326486306095,False,0,7.556169666717324,0.0,2.5,C_ref,2026-09-12 21:39:31,2026-09-12 22:48:47
scratch,2,0.01,0.01,6,0,1.7406202951552505,1.463859943164168,2.0205375884263157,0.5566776452621478,1.1858651389415351,2.305827265733211,False,0,7.116348905117775,0.0,2.5,C_ref,2026-09-12 21:39:31,2026-09-12 22:48:47
scratch,2,0.01,0.01,7,0,1.673643752808649,1.3891994680533144,1.958457237650125,0.5692577695968106,1.0977389056423807,2.2470881526616435,False,0,8.18230586597565,0.0,2.5,C_ref,2026-09-12 21:39:31,2026-09-12 22:48:47
scratch,2,0.01,0.01,8,0,1.8270747952165232,1.5555730587087027,2.103458881632867,0.5478858229241643,1.2860925658993227,2.386330357017199,False,0,5.734705414561176,0.0,2.5,C_ref,2026-09-12 21:39:31,2026-09-12 22:48:47
scratch,2,0.01,0.01,9,0,1.7802559768444077,1.5035282407381556,2.0601269016636663,0.5565986609255107,1.2255822754958887,2.3453255228772343,False,0,6.415602305551147,0.0,2.5,C_ref,2026-09-12 21:39:31,2026-09-12 22:48:47
scratch,2,0.01,0.01,10,0,1.889391853885809,1.6170822763245485,2.1665389159308766,0.5494566396063281,1.3467840604409038,2.450167194580663,False,0,4.722591977206321,0.0,2.5,C_ref,2026-09-12 21:39:31,2026-09-12 22:48:47
scratch,2,0.01,0.01,11,0,1.7729181904615703,1.496025313413721,2.05313481222372,0.5571094988099989,1.2182283351143324,2.338895851475979,False,0,6.521818446351972,0.0,2.5,C_ref,2026-09-12 21:39:31,2026-09-12 22:48:47
scratch,2,0.01,0.01,12,0,1.8778468232779657,1.5998952528680082,2.159891920710887,0.5599966678428789,1.3226366440685513,2.447875388575266,False,0,4.745612949405768,0.0,2.5,C_ref,2026-09-12 21:39:31,2026-09-12 22:48:47
scratch,2,0.01,0.01,13,0,1.8658457129821244,1.5898643171797235,2.1461473782455163,0.5562830610657927,1.315151206149048,2.432563483908994,False,0,4.981575191126467,0.0,2.5,C_ref,2026-09-12 21:39:31,2026-09-12 22:48:47
scratch,2,0.01,0.01,14,0,1.7132821129615248,1.4411359755711388,1.988579398919934,0.5474434233487953,1.1672923974166767,2.269431140775703,False,0,7.8586987521266565,0.0,2.5,C_ref,2026-09-12 21:39:31,2026-09-12 22:48:47
scratch,2,0.01,0.01,15,0,1.8305573907634587,1.5550964933135052,2.1099672274767474,0.5548707341632422,1.2798406233054387,2.3952088426773455,False,0,5.576158005496836,0.0,2.5,C_ref,2026-09-12 21:39:31,2026-09-12 22:48:47
scratch,2,0.01,0.01,16,0,1.8908921072324958,1.6203778007043463,2.16666944573182,0.5462916450274737,1.3527078775584962,2.4492169311998127,False,0,4.739376117653592,0.0,2.5,C_ref,2026-09-12 21:39:31,2026-09-12 22:48:47
scratch,2,0.01,0.01,17,0,1.598177789930028,1.3166574169027543,1.879924977772489,0.5632675608697346,1.0268602308366197,2.1655259356069814,False,0,9.894332107942319,0.0,2.5,C_ref,2026-09-12 21:39:31,2026-09-12 22:48:47
scratch,2,0.01,0.01,18,0,1.8417109082589003,1.5650724120192243,2.121786243525531,0.5567138315063067,1.2878207625140703,2.4074109119998144,False,0,5.379065433193318,0.0,2.5,C_ref,2026-09-12 21:39:31,2026-09-12 22:48:47
scratch,2,0.01,0.01,19,0,1.7338027187415448,1.457542046197429,2.0128311317443592,0.5552890855469301,1.1791378774500976,2.297086707749706,False,0,7.290847572803614,0.0,2.5,C_ref,2026-09-12 21:39:31,2026-09-12 22:48:47
scratch,2,0.01,0.01,20,0,1.7560421106035193,1.4764932831602005,2.038355282554476,0.5618619993942755,1.1949404001704842,2.3258058802223567,False,0,6.735695994557318,0.0,2.5,C_ref,2026-09-12 21:39:31,2026-09-12 22:48:47
scratch,2,0.01,0.01,21,0,1.870490589782569,1.5979438728300244,2.1478450647211775,0.5499011918911532,1.3273374925953434,2.431642738509899,False,0,5.00475884534535,0.0,2.5,C_ref,2026-09-12 21:39:31,2026-09-12 22:48:47
scratch,2,0.01,0.01,22,0,1.787929648496654,1.5105682356322072,2.0685406315330916,0.5579723959008844,1.2322331171212666,2.3546324630691897,False,0,6.246978227969521,0.0,2.5,C_ref,2026-09-12 21:39:31,2026-09-12 22:48:47
scratch,2,0.01,0.01,23,0,1.6533234338003713,1.3698816230657955,1.9374089228139284,0.5675272997481329,1.079829727515228,2.225553515099292,False,0,8.608497637123946,0.0,2.5,C_ref,2026-09-12 21:39:31,2026-09-12 22:48:47
scratch,2,0.01,0.01,24,0,1.6657582754406965,1.3872269727666782,1.9460137549918073,0.5587867822251291,1.1043188578321201,2.230938099407059,False,0,8.554890178475034,0.0,2.5,C_ref,2026-09-12 21:39:31,2026-09-12 22:48:47
scratch,2,0.01,0.01,25,0,1.6003607493311747,1.3190635649823559,1.8820081027037805,0.5629445377214246,1.0303103615795042,2.167599122731732,False,0,9.852159634498094,0.0,2.5,C_ref,2026-09-12 21:39:31,2026-09-12 22:48:47
scratch,2,0.01,0.01,26,0,1.700459631629995,1.425731596348254,1.9789341796817983,0.5532025833335443,1.1508929974475985,2.2631667749069315,False,0,7.925410335883498,0.0,2.5,C_ref,2026-09-12 21:39:31,2026-09-12 22:48:47
scratch,2,0.01,0.01,27,0,1.71824500313378,1.441848055305845,1.9971909334157305,0.5553428781098855,1.162935054416781,2.2812754582831034,False,0,7.589511661772121,0.0,2.5,C_ref,2026-09-12 21:39:31,2026-09-12 22:48:47
scratch,2,0.01,0.01,28,0,1.7993214759901202,1.5206157827730982,2.0808969269766693,0.5602811442035711,1.2402205619110716,2.3677077982505903,False,0,6.021265736919304,0.0,2.5,C_ref,2026-09-12 21:39:31,2026-09-12 22:48:47
scratch,2,0.01,0.01,29,0,1.7411794838218233,1.4645072466766658,2.0211268930474873,0.5566196463708215,1.1867456301387869,2.306553016280901,False,0,7.100960084790131,0.0,2.5,C_ref,2026-09-12 21:39:31,2026-09-12 22:48:47
scratch,2,0.01,0.01,30,0,1.7525875201500363,1.474050777617214,2.0340822246126478,0.5600314469954337,1.1938991961920236,2.3209390874756197,False,0,6.8276014962248155,0.0,2.5,C_ref,2026-09-12 21:39:31,2026-09-12 22:48:47
scratch,2,0.01,0.01,31,0,1.8000111088222202,1.5223583089175974,2.0811825493553338,0.5588242404377364,1.2443583445614537,2.367942729741526,False,0,6.016545928610867,0.0,2.5,C_ref,2026-09-12 21:39:31,2026-09-12 22:48:47
scratch,2,0.01,0.01,32,0,1.8126769850103959,1.5395100203512597,2.090489222597667,0.5509792022464071,1.2680123459960286,2.3745770320533297,False,0,5.92222476310053,0.0,2.5,C_ref,2026-09-12 21:39:31,2026-09-12 22:48:47
scratch,2,0.01,0.01,33,0,1.7066291560575786,1.4311200010314757,1.984983167039665,0.5538631660081892,1.1536361484497992,2.2686869198940127,False,0,7.832047978175979,0.0,2.5,C_ref,2026-09-12 21:39:31,2026-09-12 22:48:47
scratch,2,0.01,0.01,34,0,1.6968444160203078,1.4161048446969602,1.9794809645967724,0.5633761198998122,1.131225297327478,2.2668065862901092,False,0,7.817477081291145,0.0,2.5,C_ref,2026-09-12 21:39:31,2026-09-12 22:48:47
scratch,2,0.01,0.01,35,0,1.7920841572603317,1.5202067825829806,2.0686013279329574,0.5483945453499768,1.2499668473095744,2.3514685975733354,False,0,6.325770210740302,0.0,2.5,C_ref,2026-09-12 21:39:31,2026-09-12 22:48:47
scratch,2,0.01,0.01,36,0,1.8430686693897673,1.5724235758673086,2.1186650075872633,0.5462414317199547,1.3038911387544427,2.4007692606445494,False,0,5.502439845757181,0.0,2.5,C_ref,2026-09-12 21:39:31,2026-09-12 22:48:47
scratch,2,0.01,0.01,37,0,1.8542740220804803,1.5807104546309805,2.1320552715401386,0.5513448169091582,1.308174168922542,2.415843374514796,False,0,5.252727236897044,0.0,2.5,C_ref,2026-09-12 21:39:31,2026-09-12 22:48:47
scratch,2,0.01,0.01,38,0,1.8604084925423956,1.5866256199744007,2.138436567257032,0.5518109472826314,1.3138032441732153,2.422501623279297,False,0,5.1467272867957945,0.0,2.5,C_ref,2026-09-12 21:39:31,2026-09-12 22:48:47
scratch,2,0.01,0.01,39,0,1.6796527312906322,1.4043907978330379,1.9575775657710688,0.5531867679380309,1.1265159516715464,2.240755707042187,False,0,8.385325941140763,0.0,2.5,C_ref,2026-09-12 21:39:31,2026-09-12 22:48:47
scratch,2,0.01,0.01,40,0,1.7737187977369204,1.493933833863842,2.0560793896736738,0.5621455558098318,1.211798458015011,2.3435260491318703,False,0,6.42753587164043,0.0,2.5,C_ref,2026-09-12 21:39:31,2026-09-12 22:48:47
scratch,2,0.01,0.01,41,0,1.685030605225628,1.400773521554047,1.9700709351508634,0.5692974135968163,1.110351552892543,2.259084741368538,False,0,7.9445121615499374,0.0,2.5,C_ref,2026-09-12 21:39:31,2026-09-12 22:48:47
scratch,2,0.01,0.01,42,0,1.8007397639499354,1.5206166846203593,2.0833703399435977,0.5627536553232384,1.238222349727919,2.371063291876732,False,0,5.959981744130346,0.0,2.5,C_ref,2026-09-12 21:39:31,2026-09-12 22:48:47
scratch,2,0.01,0.01,43,0,1.6317728376555183,1.3504209129446971,1.9140150116732968,0.5635940987285997,1.0629089412863515,2.2005446685694126,False,0,9.140955144506734,0.0,2.5,C_ref,2026-09-12 21:39:31,2026-09-12 22:48:47
scratch,2,0.01,0.01,44,0,1.6656590122121597,1.3839515658282644,1.9487681247004542,0.5648165588721898,1.0969114898914964,2.2363335903575297,False,0,8.40136555843128,0.0,2.5,C_ref,2026-09-12 21:39:31,2026-09-12 22:48:47
scratch,2,0.01,0.01,45,0,1.6483914943866067,1.3698154222300893,1.9289198358878608,0.5591044136577714,1.0874850098679811,2.214209513702753,False,0,8.881240877712116,0.0,2.5,C_ref,2026-09-12 21:39:31,2026-09-12 22:48:47
scratch,2,0.01,0.01,46,0,1.7490732823727242,1.471489907817065,2.029460623111795,0.55797071529473,1.1920344506261837,2.315010340074185,False,0,6.948586039925431,0.0,2.5,C_ref,2026-09-12 21:39:31,2026-09-12 22:48:47
scratch,2,0.01,0.01,47,0,1.8378865537126423,1.5638162970295648,2.116445101462946,0.5526288044333814,1.291093793060907,2.401250132797899,False,0,5.480601327511977,0.0,2.5,C_ref,2026-09-12 21:39:31,2026-09-12 22:48:47
scratch,0,0.03,0.03,0,0,0.3806810516037355,0.1564204210211645,0.6908136935329703,0.5343932725118057,0.045484290422592,1.0109009366695871,False,0,0.0045809316507074,1.0,0.4,C_ref,2026-09-12 02:52:58,2026-09-12 04:18:24
scratch,0,0.03,0.03,1,0,0.363228501028179,0.1420325380781813,0.6839878879147099,0.5419553498365286,0.0386194418541211,1.0133650412227566,False,0,0.0154524219469749,1.0,0.4,C_ref,2026-09-12 02:52:58,2026-09-12 04:18:24
scratch,0,0.03,0.03,2,0,0.3523146594830009,0.1280725892492286,0.694321650002584,0.5662490607533552,0.0316992077067241,1.036114131232226,False,0,0.0228842774449731,1.0,0.4,C_ref,2026-09-12 02:52:58,2026-09-12 04:18:24
scratch,0,0.03,0.03,3,0,0.3510460984526349,0.127132844488947,0.693605707591441,0.566472863102494,0.0312887826462992,1.035272618917825,False,0,0.0240556749777169,1.0,0.4,C_ref,2026-09-12 02:52:58,2026-09-12 04:18:24
scratch,0,0.03,0.03,4,0,0.3236162606655568,0.1245240206423474,0.6382580663650651,0.5137340457227177,0.0330412606457777,0.9739929037303418,False,0,0.0715843089892587,1.0,0.4,C_ref,2026-09-12 02:52:58,2026-09-12 04:18:24
scratch,0,0.03,0.03,5,0,0.3805261074902287,0.1530449808713109,0.6953248534792162,0.5422798726079053,0.0431041629300398,1.0170082139000984,False,0,0.0044780876014556,1.0,0.4,C_ref,2026-09-12 02:52:58,2026-09-12 04:18:24
scratch,0,0.03,0.03,6,0,0.3580738384674755,0.1458682324557573,0.6640933834360434,0.5182251509802861,0.04180299082095,0.9864777951883824,False,0,0.0224185334955109,1.0,0.4,C_ref,2026-09-12 02:52:58,2026-09-12 04:18:24
scratch,0,0.03,0.03,7,0,0.3510707333300253,0.1405849329402569,0.6605555348095545,0.5199706018692976,0.0394321696198655,0.9862247919470396,False,0,0.0300048716453602,1.0,0.4,C_ref,2026-09-12 02:52:58,2026-09-12 04:18:24
scratch,0,0.03,0.03,8,0,0.3544069661912739,0.1372601146112624,0.6758934688929962,0.5386333542817338,0.0367727048528617,1.0085773219549388,False,0,0.0237680599748273,1.0,0.4,C_ref,2026-09-12 02:52:58,2026-09-12 04:18:24
scratch,0,0.03,0.03,9,0,0.3582665955762383,0.142733315514341,0.6717971786695944,0.5290638631552533,0.0396571020284904,0.9982978077888082,False,0,0.0211186584529059,1.0,0.4,C_ref,2026-09-12 02:52:58,2026-09-12 04:18:24
scratch,0,0.03,0.03,10,0,0.3975793842200878,0.1389471608984537,0.7530671492193395,0.6141199883208858,0.0330504853108056,1.0892007336043217,False,0,0.0,1.0,0.4,C_ref,2026-09-12 02:52:58,2026-09-12 04:18:24
scratch,0,0.03,0.03,11,0,0.3830801942313186,0.1479295279888272,0.7118380016270335,0.5639084736382063,0.0394044918924824,1.041277453183086,False,0,0.0029703838154091,1.0,0.4,C_ref,2026-09-12 02:52:58,2026-09-12 04:18:24
scratch,0,0.03,0.03,12,0,0.3612930403306797,0.1295653874291774,0.7078144353168667,0.5782490478876893,0.0313404333561671,1.0501704164429349,False,0,0.0145081753362319,1.0,0.4,C_ref,2026-09-12 02:52:58,2026-09-12 04:18:24
scratch,0,0.03,0.03,13,0,0.3858743492860699,0.1321503352511438,0.7468153095324688,0.6146649742813249,0.0302241792952585,1.0881853899814116,False,0,0.0015348166089097,1.0,0.4,C_ref,2026-09-12 02:52:58,2026-09-12 04:18:24
scratch,0,0.03,0.03,14,0,0.3464174795364544,0.1385394880953933,0.6544661784580568,0.5159266903626635,0.0389237258157664,0.9791988593946191,False,0,0.0361070362741884,1.0,0.4,C_ref,2026-09-12 02:52:58,2026-09-12 04:18:24
scratch,0,0.03,0.03,15,0,0.3833461677194201,0.1365307457014929,0.7346044667605776,0.5980737210590846,0.0331405752947604,1.0727566993439306,False,0,0.0024209827060985,1.0,0.4,C_ref,2026-09-12 02:52:58,2026-09-12 04:18:24
scratch,0,0.03,0.03,16,0,0.3954573402130394,0.1272831809141755,0.7724864879414437,0.6452033070272682,0.0277287986634559,1.1155330161435262,False,0,0.0,1.0,0.4,C_ref,2026-09-12 02:52:58,2026-09-12 04:18:24
scratch,0,0.03,0.03,17,0,0.3590442793959743,0.1541960544953255,0.648180258733354,0.4939842042380286,0.0475378008023668,0.9596475816233284,False,0,0.0240980899543501,1.0,0.4,C_ref,2026-09-12 02:52:58,2026-09-12 04:18:24
scratch,0,0.03,0.03,18,0,0.3680854806545878,0.1377438484244002,0.7024682967301558,0.5647244483057555,0.035600489111701,1.0362540436255876,False,0,0.0105527842679293,1.0,0.4,C_ref,2026-09-12 02:52:58,2026-09-12 04:18:24
scratch,0,0.03,0.03,19,0,0.3621243673766006,0.1377522461953822,0.6908188393024136,0.5530665931070314,0.0364120524446212,1.0229842520862615,False,0,0.0155644311817013,1.0,0.4,C_ref,2026-09-12 02:52:58,2026-09-12 04:18:24
scratch,0,0.03,0.03,20,0,0.3720118238555677,0.1485061823889288,0.6886710446810131,0.5401648622920844,0.0412837634916228,1.0150406161033114,False,0,0.0092086099139123,1.0,0.4,C_ref,2026-09-12 02:52:58,2026-09-12 04:18:24
scratch,0,0.03,0.03,21,0,0.3570741559335924,0.1265360816951267,0.7078083530333164,0.5812722713381896,0.030158291551412,1.0517172595472146,False,0,0.0173319904824893,1.0,0.4,C_ref,2026-09-12 02:52:58,2026-09-12 04:18:24
scratch,0,0.03,0.03,22,0,0.3614235723730137,0.1424050356163481,0.6784098767148299,0.5360048410984817,0.039000885412697,1.0056263374934316,False,0,0.0175519000949861,1.0,0.4,C_ref,2026-09-12 02:52:58,2026-09-12 04:18:24
scratch,0,0.03,0.03,23,0,0.3434929392761793,0.1380888398050421,0.649574313432813,0.5114854736277709,0.0389438400833519,0.975157211209128,False,0,0.0409524447095464,1.0,0.4,C_ref,2026-09-12 02:52:58,2026-09-12 04:18:24
scratch,0,0.03,0.03,24,0,0.3538561642002471,0.1416496623465229,0.6639581078122949,0.522308445465772,0.039642763441178,0.9889945143857908,False,0,0.0262808514853531,1.0,0.4,C_ref,2026-09-12 02:52:58,2026-09-12 04:18:24
scratch,0,0.03,0.03,25,0,0.3473901346222126,0.1514612181734706,0.6266164165594105,0.4751551983859399,0.0478625046299541,0.932700672570458,False,0,0.04256523730146,1.0,0.4,C_ref,2026-09-12 02:52:58,2026-09-12 04:18:24
scratch,0,0.03,0.03,26,0,0.364879609756163,0.1464855698312972,0.6772862394512668,0.5308006696199695,0.0412549501432675,1.000642508863204,False,0,0.0146596796585072,1.0,0.4,C_ref,2026-09-12 02:52:58,2026-09-12 04:18:24
scratch,0,0.03,0.03,27,0,0.3432896267632422,0.1398262406491085,0.6440673480955814,0.5042411074464729,0.0400588037587666,0.966092573873238,False,0,0.042689570782386,1.0,0.4,C_ref,2026-09-12 02:52:58,2026-09-12 04:18:24
scratch,0,0.03,0.03,28,0,0.3683489747330908,0.1412627578181237,0.6950058905795485,0.5537431327614248,0.0374830837642892,1.0256080302879182,False,0,0.0109669452431262,1.0,0.4,C_ref,2026-09-12 02:52:58,2026-09-12 04:18:24
scratch,0,0.03,0.03,29,0,0.3613392506075041,0.1415148737752505,0.6810206524396786,0.5395057786644281,0.0386294528967197,1.0098844637967688,False,0,0.0173441451297549,1.0,0.4,C_ref,2026-09-12 02:52:58,2026-09-12 04:18:24
scratch,0,0.03,0.03,30,0,0.3524073342046188,0.1417236916623599,0.6597920172795753,0.5180683256172153,0.0399987523299545,0.9820050902491252,False,0,0.0285305375546158,1.0,0.4,C_ref,2026-09-12 02:52:58,2026-09-12 04:18:24
scratch,0,0.03,0.03,31,0,0.3413926222504675,0.1257990782090377,0.675506672436767,0.5497075942277292,0.0315749285112123,1.01531971595797,False,0,0.0366867745469789,1.0,0.4,C_ref,2026-09-12 02:52:58,2026-09-12 04:18:24
scratch,0,0.03,0.03,32,0,0.3611627325946607,0.1443317878430961,0.6733579486518214,0.5290261608087252,0.0402146242426817,0.9975421310880456,False,0,0.0183640981849748,1.0,0.4,C_ref,2026-09-12 02:52:58,2026-09-12 04:18:24
scratch,0,0.03,0.03,33,0,0.3818028359165427,0.160582342071356,0.6846201737385597,0.5240378316672036,0.0481045506948153,0.9998851178376742,False,0,0.0042374642653157,1.0,0.4,C_ref,2026-09-12 02:52:58,2026-09-12 04:18:24
scratch,0,0.03,0.03,34,0,0.370916735403869,0.1491247447947258,0.6844824485472214,0.5353577037524955,0.0419854532890264,1.0085609452375,False,0,0.0101812614666414,1.0,0.4,C_ref,2026-09-12 02:52:58,2026-09-12 04:18:24
scratch,0,0.03,0.03,35,0,0.3462625452759732,0.1354246765149863,0.6622442349965044,0.5268195584815181,0.0369770863776076,0.9919899608343794,False,0,0.0344785800516547,1.0,0.4,C_ref,2026-09-12 02:52:58,2026-09-12 04:18:24
scratch,0,0.03,0.03,36,0,0.3533605411171594,0.1321138138816835,0.6855263722264635,0.55341255834478,0.0339799270838448,1.0222201210263742,False,0,0.0232036056258948,1.0,0.4,C_ref,2026-09-12 02:52:58,2026-09-12 04:18:24
scratch,0,0.03,0.03,37,0,0.3449409043229311,0.1276617930737929,0.6785592424106587,0.5508974493368657,0.0323075441656122,1.0176807583086895,False,0,0.032113349501742,1.0,0.4,C_ref,2026-09-12 02:52:58,2026-09-12 04:18:24
scratch,0,0.03,0.03,38,0,0.3473768703183095,0.1242255972206893,0.694162655363719,0.5699370581430296,0.0299464729794407,1.0384982677357626,False,0,0.0271018683997681,1.0,0.4,C_ref,2026-09-12 02:52:58,2026-09-12 04:18:24
scratch,0,0.03,0.03,39,0,0.3460645978559876,0.1432770493156961,0.643492314166817,0.5002152648511209,0.0420852539538104,0.9635777141044664,False,0,0.0394737278002139,1.0,0.4,C_ref,2026-09-12 02:52:58,2026-09-12 04:18:24
scratch,0,0.03,0.03,40,0,0.3538626331647011,0.135464020951039,0.679557705338636,0.544093684387597,0.0358377119447651,1.014284539597254,False,0,0.0237588192867406,1.0,0.4,C_ref,2026-09-12 02:52:58,2026-09-12 04:18:24
scratch,0,0.03,0.03,41,0,0.3695884634623881,0.1548105819484607,0.6701267384238309,0.5153161564753701,0.0460728189440088,0.9868196401357652,False,0,0.0122176658951502,1.0,0.4,C_ref,2026-09-12 02:52:58,2026-09-12 04:18:24
scratch,0,0.03,0.03,42,0,0.3799173271682335,0.1430152678943045,0.714456549856776,0.5714412819624715,0.0371014389496871,1.0462636601381845,False,0,0.0041486833906674,1.0,0.4,C_ref,2026-09-12 02:52:58,2026-09-12 04:18:24
scratch,0,0.03,0.03,43,0,0.3558370023404354,0.1477236988013135,0.6552293835642661,0.5075056847629525,0.0436118152765683,0.9740098469914852,False,0,0.0258657296872115,1.0,0.4,C_ref,2026-09-12 02:52:58,2026-09-12 04:18:24
scratch,0,0.03,0.03,44,0,0.3710160747726554,0.1516273177535848,0.6795921485365248,0.52796483078294,0.0437515460807641,1.0005589317408794,False,0,0.0104645007195358,1.0,0.4,C_ref,2026-09-12 02:52:58,2026-09-12 04:18:24
scratch,0,0.03,0.03,45,0,0.3567610577379331,0.1525397193614142,0.6466785017031064,0.494138782341692,0.046845996906097,0.9591510294075144,False,0,0.0265767529417644,1.0,0.4,C_ref,2026-09-12 02:52:58,2026-09-12 04:18:24
scratch,0,0.03,0.03,46,0,0.3643200930992985,0.1438295280551627,0.6820607811533109,0.5382312530981482,0.0394666316191314,1.009283513159289,False,0,0.0147013143359799,1.0,0.4,C_ref,2026-09-12 02:52:58,2026-09-12 04:18:24
scratch,0,0.03,0.03,47,0,0.3502683553319133,0.1293451835387135,0.6855745948491365,0.5562294113104229,0.0328504728233465,1.0236094207118986,False,0,0.0260126771499926,1.0,0.4,C_ref,2026-09-12 02:52:58,2026-09-12 04:18:24
scratch,0,0.03,0.03,0,0,1.9061490837391184,1.6102690772893646,2.2043692324413606,0.594100155151996,1.3117354506993997,2.50770870170654,False,0,3.8998136157315457,0.0,2.5,C_ref,2026-09-12 02:52:58,2026-09-12 04:18:24
scratch,0,0.03,0.03,1,0,1.9357572299848216,1.6393900208498442,2.2343810643324766,0.5949910434826324,1.3403706936548438,2.5379984045598247,False,0,3.5189710514932813,0.0,2.5,C_ref,2026-09-12 02:52:58,2026-09-12 04:18:24
scratch,0,0.03,0.03,2,0,2.0188131004608234,1.723538998655468,2.317212559514109,0.593673560858641,1.427204495657078,2.6211063634528284,False,0,2.5725440498245007,0.0,2.5,C_ref,2026-09-12 02:52:58,2026-09-12 04:18:24
scratch,0,0.03,0.03,3,0,2.023031988589531,1.728186905728699,2.321056766180952,0.5928698604522527,1.432424866486334,2.6245382151255523,False,0,2.534791384172422,0.0,2.5,C_ref,2026-09-12 02:52:58,2026-09-12 04:18:24
scratch,0,0.03,0.03,4,0,1.932165541446199,1.6354872218516248,2.230748855915671,0.5952616340640462,1.3353023126428265,2.534040237344633,False,0,3.567077132422128,0.0,2.5,C_ref,2026-09-12 02:52:58,2026-09-12 04:18:24
scratch,0,0.03,0.03,5,0,1.920894651053401,1.6264520157490636,2.2178249662213,0.5913729504722365,1.3296031838784852,2.519902722750847,False,0,3.7431999826148967,0.0,2.5,C_ref,2026-09-12 02:52:58,2026-09-12 04:18:24
scratch,0,0.03,0.03,6,0,1.881448220525041,1.5841673195556485,2.18036711374516,0.5961997941895114,1.2827224491112577,2.483869970978414,False,0,4.212927943688555,0.0,2.5,C_ref,2026-09-12 02:52:58,2026-09-12 04:18:24
scratch,0,0.03,0.03,7,0,1.926402253405458,1.6307263890741843,2.2241335109452858,0.5934071218711012,1.3320533993476324,2.5267228914677733,False,0,3.6573403406437137,0.0,2.5,C_ref,2026-09-12 02:52:58,2026-09-12 04:18:24
scratch,0,0.03,0.03,8,0,1.9478868236932552,1.6497178228102167,2.2483109292645937,0.598593106454377,1.348859811967633,2.5537115036423943,False,0,3.33244731927698,0.0,2.5,C_ref,2026-09-12 02:52:58,2026-09-12 04:18:24
scratch,0,0.03,0.03,9,0,1.935933110943142,1.6402811980658312,2.233895774209382,0.5936145761435507,1.3421075850002138,2.5368806861834248,False,0,3.531724573585961,0.0,2.5,C_ref,2026-09-12 02:52:58,2026-09-12 04:18:24
scratch,0,0.03,0.03,10,0,2.0667852808094564,1.774460790864101,2.363070584902762,0.5886097940386608,1.482606120697867,2.6653356610550136,False,0,2.118947431183188,0.0,2.5,C_ref,2026-09-12 02:52:58,2026-09-12 04:18:24
scratch,0,0.03,0.03,11,0,1.9585786465629555,1.6630400410246204,2.256900086588064,0.5938600455634429,1.3657202407493845,2.5605520649090003,False,0,3.247925296665926,0.0,2.5,C_ref,2026-09-12 02:52:58,2026-09-12 04:18:24
scratch,0,0.03,0.03,12,0,2.049094313595319,1.752379502196617,2.349202783456404,0.596823281259786,1.4551098942326923,2.6549057922594,False,0,2.23754526690027,0.0,2.5,C_ref,2026-09-12 02:52:58,2026-09-12 04:18:24
scratch,0,0.03,0.03,13,0,2.079161680832553,1.785311813678787,2.37686301252231,0.5915511988435229,1.4917738446985465,2.680493777286142,False,0,1.982706756825792,0.0,2.5,C_ref,2026-09-12 02:52:58,2026-09-12 04:18:24
scratch,0,0.03,0.03,14,0,1.9002506796358367,1.6057807641693207,2.196706864374675,0.5909261002053545,1.3079270242704717,2.498027344470531,False,0,4.025804408811382,0.0,2.5,C_ref,2026-09-12 02:52:58,2026-09-12 04:18:24
scratch,0,0.03,0.03,15,0,2.053453887840347,1.7599330994862905,2.3506512213848003,0.5907181218985098,1.466502981689807,2.653603508364476,False,0,2.236933141135524,0.0,2.5,C_ref,2026-09-12 02:52:58,2026-09-12 04:18:24
scratch,0,0.03,0.03,16,0,2.1364383703274394,1.845164794974165,2.4322551883531247,0.5870903933789597,1.555452621157808,2.734363726444021,False,0,1.5034112463181373,0.0,2.5,C_ref,2026-09-12 02:52:58,2026-09-12 04:18:24
scratch,0,0.03,0.03,17,0,1.822966340660198,1.5254704724104915,2.1214906687773665,0.596020196366875,1.2225143069027826,2.4242984670600216,False,0,5.048855622681003,0.0,2.5,C_ref,2026-09-12 02:52:58,2026-09-12 04:18:24
scratch,0,0.03,0.03,18,0,2.0064542073498832,1.7128633708232084,2.303258159942565,0.5903947891193566,1.4184101831191116,2.6055795697631234,False,0,2.7326945365748543,0.0,2.5,C_ref,2026-09-12 02:52:58,2026-09-12 04:18:24
scratch,0,0.03,0.03,19,0,1.9666308927280045,1.672706680972926,2.2633669537497894,0.5906602727768633,1.3770990181548577,2.5654152000532853,False,0,3.18663726480736,0.0,2.5,C_ref,2026-09-12 02:52:58,2026-09-12 04:18:24
scratch,0,0.03,0.03,20,0,1.9155227738424048,1.6173903719358156,2.215709976128353,0.5983196041925376,1.316073146542058,2.5207827156671896,False,0,3.734473016618722,0.0,2.5,C_ref,2026-09-12 02:52:58,2026-09-12 04:18:24
scratch,0,0.03,0.03,21,0,2.0459665871050228,1.7513309032378368,2.3440151170043992,0.5926842137665624,1.456303524349537,2.647711210022208,False,0,2.298819223735336,0.0,2.5,C_ref,2026-09-12 02:52:58,2026-09-12 04:18:24
scratch,0,0.03,0.03,22,0,1.926484450519371,1.6303925495576068,2.224802767176379,0.594410217618772,1.3315891632964094,2.5281185544702027,False,0,3.640812595323952,0.0,2.5,C_ref,2026-09-12 02:52:58,2026-09-12 04:18:24
scratch,0,0.03,0.03,23,0,1.8910506260008897,1.59449878764882,2.189291425080563,0.5947926374317432,1.2938972428686442,2.4921648718828795,False,0,4.102925202958431,0.0,2.5,C_ref,2026-09-12 02:52:58,2026-09-12 04:18:24
scratch,0,0.03,0.03,24,0,1.8968163188825653,1.6008449196945238,2.1945383948479287,0.5936934751534049,1.301216631933934,2.4969653634248976,False,0,4.0396255460509565,0.0,2.5,C_ref,2026-09-12 02:52:58,2026-09-12 04:18:24
scratch,0,0.03,0.03,25,0,1.776805018562564,1.479679693993465,2.07411187299398,0.5944321790005147,1.1754635180521258,2.3752945358165425,False,0,5.801528738764318,0.0,2.5,C_ref,2026-09-12 02:52:58,2026-09-12 04:18:24
scratch,0,0.03,0.03,26,0,1.914347621897532,1.6202276889009262,2.210854726915752,0.5906270380148257,1.3236234434751113,2.512386341868804,False,0,3.838776511944161,0.0,2.5,C_ref,2026-09-12 02:52:58,2026-09-12 04:18:24
scratch,0,0.03,0.03,27,0,1.8828347284615785,1.586158187334657,2.181126036130544,0.5949678487958867,1.285286066691658,2.4840113070656344,False,0,4.211466110114998,0.0,2.5,C_ref,2026-09-12 02:52:58,2026-09-12 04:18:24
scratch,0,0.03,0.03,28,0,1.9772772881632097,1.682407832145418,2.2749623727579142,0.5925545406124961,1.3859308671582389,2.577972785108384,False,0,3.0435479013940494,0.0,2.5,C_ref,2026-09-12 02:52:58,2026-09-12 04:18:24
scratch,0,0.03,0.03,29,0,1.9250963307354696,1.6292297866082424,2.223252597000207,0.5940228103919647,1.3306966327421117,2.5264154647893218,False,0,3.6619012281953474,0.0,2.5,C_ref,2026-09-12 02:52:58,2026-09-12 04:18:24
scratch,0,0.03,0.03,30,0,1.916509449311004,1.6232768076775417,2.212096113315844,0.5888193056383026,1.3273887342068746,2.512719837899996,False,0,3.833962686279847,0.0,2.5,C_ref,2026-09-12 02:52:58,2026-09-12 04:18:24
scratch,0,0.03,0.03,31,0,1.975526638196849,1.6806376268777017,2.273133830691935,0.5924962038142334,1.384018029688951,2.575976172346817,False,0,3.065936941453401,0.0,2.5,C_ref,2026-09-12 02:52:58,2026-09-12 04:18:24
scratch,0,0.03,0.03,32,0,1.936322719551626,1.641377394477776,2.2338031978362864,0.5924258033585104,1.3442240600597044,2.5364594772443394,False,0,3.536495905529592,0.0,2.5,C_ref,2026-09-12 02:52:58,2026-09-12 04:18:24
scratch,0,0.03,0.03,33,0,1.8749686393146985,1.5798890884092671,2.171978747272021,0.5920896588627538,1.2814372551813626,2.4737704327574543,False,0,4.351002193197928,0.0,2.5,C_ref,2026-09-12 02:52:58,2026-09-12 04:18:24
scratch,0,0.03,0.03,34,0,1.905888166118573,1.6089762359099231,2.204845362540074,0.5958691266301508,1.308905045312578,2.5086989479633486,False,0,3.8872708116396097,0.0,2.5,C_ref,2026-09-12 02:52:58,2026-09-12 04:18:24
scratch,0,0.03,0.03,35,0,1.9014143242935448,1.605111091780396,2.1996697295718923,0.5945586377914964,1.3052484728325051,2.502698757243645,False,0,3.964603577882372,0.0,2.5,C_ref,2026-09-12 02:52:58,2026-09-12 04:18:24
scratch,0,0.03,0.03,36,0,2.0019819047346026,1.706548917495879,2.3004140302484144,0.5938651127525354,1.409724162455328,2.60419333242132,False,0,2.75324548179924,0.0,2.5,C_ref,2026-09-12 02:52:58,2026-09-12 04:18:24
scratch,0,0.03,0.03,37,0,2.0066018793082807,1.7115003453741306,2.304737282033511,0.5932369366593804,1.4152571143974106,2.6083157380711204,False,0,2.707724256317306,0.0,2.5,C_ref,2026-09-12 02:52:58,2026-09-12 04:18:24
scratch,0,0.03,0.03,38,0,2.044374333355792,1.7501146142482646,2.341951185687793,0.5918365714395288,1.4553796351209924,2.645058714387548,False,0,2.322512704631663,0.0,2.5,C_ref,2026-09-12 02:52:58,2026-09-12 04:18:24
scratch,0,0.03,0.03,39,0,1.876308755953852,1.5788161008977946,2.175204810589351,0.5963887096915566,1.2768619926327704,2.47863697299678,False,0,4.283485605861642,0.0,2.5,C_ref,2026-09-12 02:52:58,2026-09-12 04:18:24
scratch,0,0.03,0.03,40,0,1.97193931172994,1.6750186689359312,2.271451694133228,0.5964330251972965,1.3759397253329506,2.576109458712647,False,0,3.069530256350845,0.0,2.5,C_ref,2026-09-12 02:52:58,2026-09-12 04:18:24
scratch,0,0.03,0.03,41,0,1.88813575952262,1.5917836208650924,2.186386793208025,0.5946031723429328,1.2919398797406716,2.4894686941713755,False,0,4.138715145538299,0.0,2.5,C_ref,2026-09-12 02:52:58,2026-09-12 04:18:24
scratch,0,0.03,0.03,42,0,2.0169879264264625,1.7232151321785756,2.314111328798688,0.5908961966201123,1.4288166584151405,2.6168611850816177,False,0,2.612870149430819,0.0,2.5,C_ref,2026-09-12 02:52:58,2026-09-12 04:18:24
scratch,0,0.03,0.03,43,0,1.875998934558326,1.5788494100271957,2.17473023677348,0.5958808267462841,1.277589550234249,2.478094582435721,False,0,4.2907905389402,0.0,2.5,C_ref,2026-09-12 02:52:58,2026-09-12 04:18:24
scratch,0,0.03,0.03,44,0,1.8915020352677487,1.5950198404413585,2.189987145509558,0.5949673050681996,1.2950718668663526,2.4932625599164044,False,0,4.0882125612552045,0.0,2.5,C_ref,2026-09-12 02:52:58,2026-09-12 04:18:24
scratch,0,0.03,0.03,45,0,1.8234764815921585,1.5255895765577294,2.1223027898596523,0.5967132133019228,1.2220626003021031,2.425379263699297,False,0,5.0321828069136245,0.0,2.5,C_ref,2026-09-12 02:52:58,2026-09-12 04:18:24
scratch,0,0.03,0.03,46,0,1.945513915550668,1.6502197792527218,2.2433406120198875,0.5931208327671658,1.3528426072636446,2.5463056102617414,False,0,3.4166316426126286,0.0,2.5,C_ref,2026-09-12 02:52:58,2026-09-12 04:18:24
scratch,0,0.03,0.03,47,0,2.0036630576398715,1.7095665667786215,2.3009478885711734,0.5913813217925519,1.4145632749507646,2.6037256072312123,False,0,2.7547748929355294,0.0,2.5,C_ref,2026-09-12 02:52:58,2026-09-12 04:18:24
scratch,1,0.03,0.03,0,0,0.523599161965216,0.15303221968627229,0.8666741138343328,0.7136418941480605,0.04576405085617235,1.1712520031052676,False,0,0.10270426011265954,1.0,0.4,C_ref,2026-09-12 23:47:32,2026-09-13 00:56:43
scratch,1,0.03,0.03,1,0,0.6180408254943849,0.09780310412579385,0.9421098457385528,0.844306741612759,0.028051422123962052,1.2311207687059078,False,0,0.15147426491239457,1.0,0.4,C_ref,2026-09-12 23:47:32,2026-09-13 00:56:43
scratch,1,0.03,0.03,2,0,0.22357697044984762,0.08366722690455852,0.9524520180470099,0.8687847911424513,0.022534003087266455,1.2572857098817958,False,0,0.18589362188868108,1.0,0.4,C_ref,2026-09-12 23:47:32,2026-09-13 00:56:43
scratch,1,0.03,0.03,3,0,0.6541738508472835,0.11686983946736859,0.9809991204119407,0.8641292809445721,0.027961951180307018,1.2728470101117,False,0,0.26311941258609295,1.0,0.4,C_ref,2026-09-12 23:47:32,2026-09-13 00:56:43
scratch,1,0.03,0.03,4,0,0.26840705697685885,0.10944191863032775,0.747595961450576,0.6381540428202483,0.03424530290946601,1.0993225965103668,False,0,0.3827466053480748,1.0,0.4,C_ref,2026-09-12 23:47:32,2026-09-13 00:56:43
scratch,1,0.03,0.03,5,0,0.5951446766294756,0.14915068028843062,0.9171689024237409,0.7680182221353103,0.042017583973396555,1.210327095621953,False,0,0.9127587330440292,1.0,0.4,C_ref,2026-09-12 23:47:32,2026-09-13 00:56:43
scratch,1,0.03,0.03,6,0,0.3760800839538956,0.12905973887832375,0.8038031559782118,0.674743417099888,0.040209420998881064,1.128133921319157,False,0,0.0026881846970354673,1.0,0.4,C_ref,2026-09-12 23:47:32,2026-09-13 00:56:43
scratch,1,0.03,0.03,7,0,0.3833555552664053,0.12259835176034772,0.8163730432410723,0.6937746914807246,0.03787972485715865,1.1326743667657382,False,0,0.0008657616053824313,1.0,0.4,C_ref,2026-09-12 23:47:32,2026-09-13 00:56:43
scratch,1,0.03,0.03,8,0,0.7217586407123202,0.5221834232667243,1.0073172128137788,0.48513378954705455,0.5141968597632522,1.288262060073137,False,0,6.166501563231577,0.0,0.4,C_ref,2026-09-12 23:47:32,2026-09-13 00:56:43
scratch,1,0.03,0.03,9,0,0.4016378168438043,0.12361852419413326,0.8295371753735167,0.7059186511793835,0.037229731184943146,1.1463142900881755,False,0,0.0,1.0,0.4,C_ref,2026-09-12 23:47:32,2026-09-13 00:56:43
scratch,1,0.03,0.03,10,0,0.5875965552000273,0.2807186360423702,0.9335154769574315,0.6527968409150613,0.03568109184150173,1.2352829549752504,False,0,0.8473699758360453,1.0,0.4,C_ref,2026-09-12 23:47:32,2026-09-13 00:56:43
scratch,1,0.03,0.03,11,0,0.5849388926487985,0.16258293772851035,0.9250732645519978,0.7624903268234875,0.045613697491712756,1.2216585408159424,False,0,0.1518968912823766,1.0,0.4,C_ref,2026-09-12 23:47:32,2026-09-13 00:56:43
scratch,1,0.03,0.03,12,0,0.5105685798971205,0.11148009117430695,0.9193842238646472,0.8079041326903403,0.030524368744830888,1.2317124334779121,False,0,0.016716100464691408,1.0,0.4,C_ref,2026-09-12 23:47:32,2026-09-13 00:56:43
scratch,1,0.03,0.03,13,0,0.661037652002941,0.3865707608643975,0.9704304863750973,0.5838597255106999,0.364791701562192,1.2627095934471737,False,0,0.8172636460403737,1.0,0.4,C_ref,2026-09-12 23:47:32,2026-09-13 00:56:43
scratch,1,0.03,0.03,14,0,0.31321198860859945,0.1137951191334725,0.7576025203403062,0.6438074012068337,0.034986857006626605,1.0998565017978081,False,0,0.04741860381909646,1.0,0.4,C_ref,2026-09-12 23:47:32,2026-09-13 00:56:43
scratch,1,0.03,0.03,15,0,0.6804442214628237,0.38612559931154583,0.9926940184880879,0.6065684191765421,0.3733994565743891,1.2828887172107766,False,0,0.7943977487630036,1.0,0.4,C_ref,2026-09-12 23:47:32,2026-09-13 00:56:43
scratch,1,0.03,0.03,16,0,0.5612086470551884,0.11533516478820542,0.9470499679719356,0.8317148031837303,0.029623884629412307,1.2559118673126468,False,0,0.059747501189121976,1.0,0.4,C_ref,2026-09-12 23:47:32,2026-09-13 00:56:43
scratch,1,0.03,0.03,17,0,0.40935624936219395,0.15639362562273915,0.7550506038706145,0.5986569782478753,0.05325715907943341,1.065443186869567,False,0,0.0006887906602059957,1.0,0.4,C_ref,2026-09-12 23:47:32,2026-09-13 00:56:43
scratch,1,0.03,0.03,18,0,0.6137747285486643,0.11193096151797889,0.929583593087508,0.8176526315695292,0.029954325998454986,1.226230833005445,False,0,0.6176383828242251,1.0,0.4,C_ref,2026-09-12 23:47:32,2026-09-13 00:56:43
scratch,1,0.03,0.03,19,0,0.5834507344322782,0.5335217604033341,0.8657627181779065,0.3322409577745724,0.031769134052466994,1.1681770860674432,False,0,1.3585060501100088,0.0,0.4,C_ref,2026-09-12 23:47:32,2026-09-13 00:56:43
scratch,1,0.03,0.03,20,0,0.5990614706574912,0.26031508449881163,0.8845454266952213,0.6242303421964097,0.037626193651472475,1.1775818846451427,False,0,0.8522537042845215,1.0,0.4,C_ref,2026-09-12 23:47:32,2026-09-13 00:56:43
scratch,1,0.03,0.03,21,0,0.6867125304576216,0.09652638524989718,1.0089768321688577,0.9124504469189605,0.023488691608141234,1.2995495703358926,False,0,0.3624573200759187,1.0,0.4,C_ref,2026-09-12 23:47:32,2026-09-13 00:56:43
scratch,1,0.03,0.03,22,0,0.46176196973554856,0.13140546126462568,0.8521044433289477,0.720698982064322,0.04001608642640319,1.163384307962362,False,0,0.010145268861379009,1.0,0.4,C_ref,2026-09-12 23:47:32,2026-09-13 00:56:43
scratch,1,0.03,0.03,23,0,0.4078678226830846,0.13064457020523226,0.8356846602736141,0.7050400900683819,0.04210262958046514,1.1414744929330922,False,0,0.00031796844996279106,1.0,0.4,C_ref,2026-09-12 23:47:32,2026-09-13 00:56:43
scratch,1,0.03,0.03,24,0,0.30884163631053924,0.11060872830799118,0.793804770296698,0.6831960419887069,0.03350346262362751,1.1318829983069358,False,0,0.04364460817669169,1.0,0.4,C_ref,2026-09-12 23:47:32,2026-09-13 00:56:43
scratch,1,0.03,0.03,25,0,0.3562292496188558,0.14783282999817346,0.700583532239921,0.5527507022417475,0.05179235623219606,1.021881476525026,False,0,0.019432170727668563,1.0,0.4,C_ref,2026-09-12 23:47:32,2026-09-13 00:56:43
scratch,1,0.03,0.03,26,0,0.5249449433054244,0.12674617094616591,0.8190999787246096,0.6923538077784437,0.041636452401101406,1.1297532451956538,False,0,0.2769528056778654,1.0,0.4,C_ref,2026-09-12 23:47:32,2026-09-13 00:56:43
scratch,1,0.03,0.03,27,0,0.3972258018063695,0.13450287796997196,0.7950982386425104,0.6605953606725384,0.04214715806514076,1.112720783795403,False,0,0.0,1.0,0.4,C_ref,2026-09-12 23:47:32,2026-09-13 00:56:43
scratch,1,0.03,0.03,28,0,0.6079715206070647,0.14169911363866552,0.9222169747594204,0.7805178611207549,0.036924827618771076,1.2139939550401748,False,0,0.4234536461044627,1.0,0.4,C_ref,2026-09-12 23:47:32,2026-09-13 00:56:43
scratch,1,0.03,0.03,29,0,0.35387035624612606,0.13215314415629736,0.7844290003711435,0.6522758562148461,0.043069405711254886,1.1086222245397857,False,0,0.007992446575372014,1.0,0.4,C_ref,2026-09-12 23:47:32,2026-09-13 00:56:43
scratch,1,0.03,0.03,30,0,0.5429599433997312,0.1200160005867656,0.8471017236899994,0.7270857231032337,0.038737014873398146,1.1448369977999204,False,0,0.6095884870155714,1.0,0.4,C_ref,2026-09-12 23:47:32,2026-09-13 00:56:43
scratch,1,0.03,0.03,31,0,0.49004423135641945,0.11229521855002253,0.8865020853211717,0.7742068667711491,0.031867516568551094,1.1941601569158669,False,0,0.01671685732799233,1.0,0.4,C_ref,2026-09-12 23:47:32,2026-09-13 00:56:43
scratch,1,0.03,0.03,32,0,0.566288121652554,0.13462529830010916,0.9228973556552578,0.7882720573551486,0.036686500082661055,1.2230648144296266,False,0,0.09481513925129548,1.0,0.4,C_ref,2026-09-12 23:47:32,2026-09-13 00:56:43
scratch,1,0.03,0.03,33,0,0.5300215727949079,0.1699023114861414,0.8744088592564166,0.7045065477702752,0.049870642759687354,1.1737845478291666,False,0,0.09291034130365006,1.0,0.4,C_ref,2026-09-12 23:47:32,2026-09-13 00:56:43
scratch,1,0.03,0.03,34,0,0.5655824995285911,0.13033650975250338,0.9211783752566035,0.7908418655041001,0.036613008267921694,1.2190488756780768,False,0,0.0875127281906316,1.0,0.4,C_ref,2026-09-12 23:47:32,2026-09-13 00:56:43
scratch,1,0.03,0.03,35,0,0.7640837889748653,0.718575286465458,0.9588836257512091,0.24030833928575113,0.14590307167460045,1.2145053770622305,False,0,3.1686101286759367,0.0,0.4,C_ref,2026-09-12 23:47:32,2026-09-13 00:56:43
scratch,1,0.03,0.03,36,0,0.32079292426015243,0.10628612082693621,0.8534768898494987,0.7471907690225624,0.030257973802028278,1.17928868563845,False,0,0.02016232511596172,1.0,0.4,C_ref,2026-09-12 23:47:32,2026-09-13 00:56:43
scratch,1,0.03,0.03,37,0,0.6022744386425952,0.1196372690039016,0.931711978124059,0.8120747091201574,0.030303221346742255,1.2270523103139315,False,0,0.2079145732895995,1.0,0.4,C_ref,2026-09-12 23:47:32,2026-09-13 00:56:43
scratch,1,0.03,0.03,38,0,0.6768636866348924,0.35388855774887135,1.0066242206616862,0.6527356629128149,0.02510319319102203,1.300062755127555,False,0,0.33810996722604614,1.0,0.4,C_ref,2026-09-12 23:47:32,2026-09-13 00:56:43
scratch,1,0.03,0.03,39,0,0.8052379267550084,0.7007879244747972,1.0290965145691804,0.3283085900943832,0.6948840597081871,1.2848025498658329,False,0,7.593831575795775,0.0,0.4,C_ref,2026-09-12 23:47:32,2026-09-13 00:56:43
scratch,1,0.03,0.03,40,0,0.500873455207208,0.12216370161152948,0.8965826282630338,0.7744189266515044,0.03546941965257571,1.2064785517517302,False,0,0.021558900632953737,1.0,0.4,C_ref,2026-09-12 23:47:32,2026-09-13 00:56:43
scratch,1,0.03,0.03,41,0,0.44493863762600516,0.16366467122509823,0.8052727003544001,0.6416080291293019,0.05273214083156419,1.1164055441974075,False,0,0.013939009364548838,1.0,0.4,C_ref,2026-09-12 23:47:32,2026-09-13 00:56:43
scratch,1,0.03,0.03,42,0,0.4650226371439268,0.12805527490920074,0.8728282333035507,0.74477295839435,0.03717198030824181,1.1875510169521377,False,0,0.01287525518637267,1.0,0.4,C_ref,2026-09-12 23:47:32,2026-09-13 00:56:43
scratch,1,0.03,0.03,43,0,0.42104356446019464,0.1543444197558329,0.7986975942538199,0.644353174497987,0.05003053782073539,1.1155281783273574,False,0,0.002903305325162364,1.0,0.4,C_ref,2026-09-12 23:47:32,2026-09-13 00:56:43
scratch,1,0.03,0.03,44,0,0.4352858906654752,0.16264177169962946,0.796376563903064,0.6337347922034345,0.05325403628826204,1.1093456389732292,False,0,0.008824478514725342,1.0,0.4,C_ref,2026-09-12 23:47:32,2026-09-13 00:56:43
scratch,1,0.03,0.03,45,0,0.4176983281070056,0.15160171751599583,0.7931671235046612,0.6415654059886654,0.04941282032566277,1.1074240377577478,False,0,0.0019609421942732297,1.0,0.4,C_ref,2026-09-12 23:47:32,2026-09-13 00:56:43
scratch,1,0.03,0.03,46,0,0.5491544576438295,0.4326753612253813,0.8591085247675698,0.4264331635421885,0.03851505902842396,1.1591794138782552,False,0,2.418754186899605,0.0,0.4,C_ref,2026-09-12 23:47:32,2026-09-13 00:56:43
scratch,1,0.03,0.03,47,0,0.5000504474414919,0.13041145942835636,0.8764117504798378,0.7460002910514814,0.03684466384173612,1.1847564346872914,False,0,0.03737767856364371,1.0,0.4,C_ref,2026-09-12 23:47:32,2026-09-13 00:56:43
scratch,1,0.03,0.03,0,0,1.9695966194279055,1.6955566236325628,2.2490344977477936,0.5534778741152309,1.4240045067739082,2.535308254064318,False,0,3.5267281402047956,0.0,2.5,C_ref,2026-09-12 23:47:32,2026-09-13 00:56:43
scratch,1,0.03,0.03,1,0,2.0313978983326964,1.761378946197352,2.3081364060179776,0.5467574598206257,1.4962093163446335,2.592684931526044,False,0,2.813435349999054,0.0,2.5,C_ref,2026-09-12 23:47:32,2026-09-13 00:56:43
scratch,1,0.03,0.03,2,0,2.126668611432094,1.8548574442977888,2.4048693647092634,0.5500119204114746,1.5877500110403637,2.6899348459584176,False,0,1.7853569901599258,0.0,2.5,C_ref,2026-09-12 23:47:32,2026-09-13 00:56:43
scratch,1,0.03,0.03,3,0,2.1147705823746534,1.8467781742526037,2.3865909656644946,0.5398127914118909,1.5829590423985642,2.641906209465839,False,0,2.0139388535280887,0.0,2.5,C_ref,2026-09-12 23:47:32,2026-09-13 00:56:43
scratch,1,0.03,0.03,4,0,1.9861595982709705,1.7125506108316888,2.2650758480288897,0.5525252371972009,1.4413333728898878,2.550851734303117,False,0,3.326514555101312,0.0,2.5,C_ref,2026-09-12 23:47:32,2026-09-13 00:56:43
scratch,1,0.03,0.03,5,0,2.0205313510623144,1.7522531734600542,2.2939353899246684,0.5416822164646142,1.4875901384460093,2.5712174852127467,False,0,3.0384305083571235,0.0,2.5,C_ref,2026-09-12 23:47:32,2026-09-13 00:56:43
scratch,1,0.03,0.03,6,0,1.9706861253084997,1.6970863343703217,2.2499865458225563,0.5529002114522346,1.4263343773686616,2.536456848471122,False,0,3.512543087144877,0.0,2.5,C_ref,2026-09-12 23:47:32,2026-09-13 00:56:43
scratch,1,0.03,0.03,7,0,1.992594195184189,1.720832473103131,2.2701251647780776,0.5492926916749465,1.4523065788546745,2.5547973082303623,False,0,3.2744505803784705,0.0,2.5,C_ref,2026-09-12 23:47:32,2026-09-13 00:56:43
scratch,1,0.03,0.03,8,0,2.0838811629923284,1.8151135826417317,2.3581150136266515,0.5430014309849198,1.551331626038518,2.5842953605528467,False,0,2.361295985370816,0.0,2.5,C_ref,2026-09-12 23:47:32,2026-09-13 00:56:43
scratch,1,0.03,0.03,9,0,2.0038167063128807,1.7318888114301905,2.281543580740059,0.5496547693098683,1.4633717853499109,2.566276142967219,False,0,3.1310393438143365,0.0,2.5,C_ref,2026-09-12 23:47:32,2026-09-13 00:56:43
scratch,1,0.03,0.03,10,0,2.0987426716075275,1.826912378727121,2.376796909331179,0.5498845306040578,1.5594465676369904,2.6616273826286996,False,0,2.059752336699603,0.0,2.5,C_ref,2026-09-12 23:47:32,2026-09-13 00:56:43
scratch,1,0.03,0.03,11,0,2.027878915175174,1.7563221321317917,2.3040350706909747,0.547712938559183,1.488343600211845,2.518524036526966,False,0,2.9880096426677483,0.0,2.5,C_ref,2026-09-12 23:47:32,2026-09-13 00:56:43
scratch,1,0.03,0.03,12,0,2.1203615695806644,1.8463961705520437,2.400854514044586,0.5544583434925421,1.5768576622471622,2.6890711689866875,False,0,1.8147911957894394,0.0,2.5,C_ref,2026-09-12 23:47:32,2026-09-13 00:56:43
scratch,1,0.03,0.03,13,0,2.1135398379677475,1.8457755650037424,2.3526534571306628,0.5068778921269204,1.580415212502545,2.552080607626675,False,0,2.5696444072091253,0.0,2.5,C_ref,2026-09-12 23:47:32,2026-09-13 00:56:43
scratch,1,0.03,0.03,14,0,1.9527809933511013,1.686820938348126,2.22087656027416,0.534055621926034,1.4220966582968502,2.4799419554353355,False,0,4.368418743728398,0.0,2.5,C_ref,2026-09-12 23:47:32,2026-09-13 00:56:43
scratch,1,0.03,0.03,15,0,2.1377482430908636,1.8666501569490228,2.4158844805693382,0.5492343236203154,1.6008961119927143,2.7021142936286924,False,0,1.6817054359489703,0.0,2.5,C_ref,2026-09-12 23:47:32,2026-09-13 00:56:43
scratch,1,0.03,0.03,16,0,2.177866048563562,1.9050552984077838,2.4573747531325614,0.5523194547247776,1.6371910462348953,2.744543154949751,False,0,1.3226618552835134,0.0,2.5,C_ref,2026-09-12 23:47:32,2026-09-13 00:56:43
scratch,1,0.03,0.03,17,0,1.868241297511149,1.5928346360014851,2.1480622662445112,0.5552276302430261,1.3180168399986716,2.434200205687374,False,0,4.9574677184427856,0.0,2.5,C_ref,2026-09-12 23:47:32,2026-09-13 00:56:43
scratch,1,0.03,0.03,18,0,2.07700166229394,1.8065460296794138,2.3537227439011605,0.5471767142217467,1.540468993422638,2.6372974217706666,False,0,2.3060848367931612,0.0,2.5,C_ref,2026-09-12 23:47:32,2026-09-13 00:56:43
scratch,1,0.03,0.03,19,0,2.0256446403427115,1.750850610600461,2.3060204916248854,0.5551698810244243,1.4791020509628015,2.593428444318542,False,0,2.8146479106253537,0.0,2.5,C_ref,2026-09-12 23:47:32,2026-09-13 00:56:43
scratch,1,0.03,0.03,20,0,1.980852929086052,1.7082984499641225,2.2584856788678622,0.5501872289037397,1.4386298821790249,2.541240864464711,False,0,3.4399733224308875,0.0,2.5,C_ref,2026-09-12 23:47:32,2026-09-13 00:56:43
scratch,1,0.03,0.03,21,0,2.1390822591283234,1.8708077975173394,2.413058446314482,0.5422506487971428,1.607459231034462,2.689646136554271,False,0,1.725367018392717,0.0,2.5,C_ref,2026-09-12 23:47:32,2026-09-13 00:56:43
scratch,1,0.03,0.03,22,0,2.0053002366441177,1.731184746544335,2.285348557783031,0.5541638112386957,1.4604559359315883,2.5728576379566497,False,0,3.0595417762742727,0.0,2.5,C_ref,2026-09-12 23:47:32,2026-09-13 00:56:43
scratch,1,0.03,0.03,23,0,1.9682031794134471,1.6947758022170993,2.2470738567042834,0.552298054487184,1.4238701455180331,2.5329631696238004,False,0,3.556878664097894,0.0,2.5,C_ref,2026-09-12 23:47:32,2026-09-13 00:56:43
scratch,1,0.03,0.03,24,0,1.9984714454900216,1.7263283371908924,2.276531090805593,0.5502027536147007,1.457436134826825,2.562068303780971,False,0,3.1860054686985677,0.0,2.5,C_ref,2026-09-12 23:47:32,2026-09-13 00:56:43
scratch,1,0.03,0.03,25,0,1.8320927123103767,1.5583346135021454,2.110069711722047,0.5517350982199014,1.2845392871700678,2.3944045899549407,False,0,5.59207641784451,0.0,2.5,C_ref,2026-09-12 23:47:32,2026-09-13 00:56:43
scratch,1,0.03,0.03,26,0,1.9730518260030512,1.6998444262502563,2.2518105606067427,0.5519661343564863,1.429390697259259,2.53775279712354,False,0,3.494929556880379,0.0,2.5,C_ref,2026-09-12 23:47:32,2026-09-13 00:56:43
scratch,1,0.03,0.03,27,0,1.9528674592997952,1.6809806838578927,2.2296319606636503,0.5486512768057576,1.4113220521950889,2.512113750657783,False,0,3.8315850654144015,0.0,2.5,C_ref,2026-09-12 23:47:32,2026-09-13 00:56:43
scratch,1,0.03,0.03,28,0,2.0438486709086776,1.7745539643322483,2.318938263408487,0.5443842990762389,1.5093175508167163,2.6000113049286107,False,0,2.7105071182668325,0.0,2.5,C_ref,2026-09-12 23:47:32,2026-09-13 00:56:43
scratch,1,0.03,0.03,29,0,1.9610530181191272,1.6849431006750815,2.2422867952976233,0.5573436946225419,1.410794776824317,2.5302800159283003,False,0,3.5948656027212564,0.0,2.5,C_ref,2026-09-12 23:47:32,2026-09-13 00:56:43
scratch,1,0.03,0.03,30,0,1.9836460156243365,1.7140148923685599,2.259264532736861,0.5452496403683009,1.4477768817109462,2.5422479777938896,False,0,3.4315164272484253,0.0,2.5,C_ref,2026-09-12 23:47:32,2026-09-13 00:56:43
scratch,1,0.03,0.03,31,0,2.0351852222067803,1.7626469418414017,2.3139620782496126,0.551315136408211,1.494110600365517,2.6003078759310907,False,0,2.73188738691897,0.0,2.5,C_ref,2026-09-12 23:47:32,2026-09-13 00:56:43
scratch,1,0.03,0.03,32,0,2.071406755187151,1.8016023079587165,2.346992133349932,0.5453898253912157,1.536078179044917,2.6269796154490495,False,0,2.392140258423751,0.0,2.5,C_ref,2026-09-12 23:47:32,2026-09-13 00:56:43
scratch,1,0.03,0.03,33,0,1.9716993131671827,1.7006641951270738,2.2479147383309224,0.5472505432038486,1.432765915534943,2.508862920594831,False,0,3.8828638928716828,0.0,2.5,C_ref,2026-09-12 23:47:32,2026-09-13 00:56:43
scratch,1,0.03,0.03,34,0,2.01952171760966,1.7483315102117198,2.2966507096367,0.5483191994249803,1.4811772977795696,2.5776069948873053,False,0,2.9621164224918175,0.0,2.5,C_ref,2026-09-12 23:47:32,2026-09-13 00:56:43
scratch,1,0.03,0.03,35,0,1.945947261665407,1.6752480043454656,2.2222660714626787,0.5470180671172131,1.408008639570841,2.504879774218883,False,0,3.9316257629179745,0.0,2.5,C_ref,2026-09-12 23:47:32,2026-09-13 00:56:43
scratch,1,0.03,0.03,36,0,2.0364775161492923,1.7637605386488113,2.3148046491872956,0.5510441105384842,1.4945699627861864,2.5991102624238263,False,0,2.7336106142320205,0.0,2.5,C_ref,2026-09-12 23:47:32,2026-09-13 00:56:43
scratch,1,0.03,0.03,37,0,2.083771169669376,1.8139591699352842,2.3594811534071938,0.5455219834719096,1.5485248833017546,2.6402912705630115,False,0,2.255284575843689,0.0,2.5,C_ref,2026-09-12 23:47:32,2026-09-13 00:56:43
scratch,1,0.03,0.03,38,0,2.166155114104958,1.895551832451779,2.443846635378416,0.5482948029266368,1.630387744751102,2.7296241522094613,False,0,1.4368930152704706,0.0,2.5,C_ref,2026-09-12 23:47:32,2026-09-13 00:56:43
scratch,1,0.03,0.03,39,0,2.032552864294315,1.7639468905849187,2.3083532692053925,0.5444063786204738,1.5010122993266326,2.5921771057875356,False,0,2.816843258726294,0.0,2.5,C_ref,2026-09-12 23:47:32,2026-09-13 00:56:43
scratch,1,0.03,0.03,40,0,2.0627186067792014,1.7894823734882872,2.341990746292738,0.5525083728044506,1.5202131901370495,2.628417285734455,False,0,2.417400364516652,0.0,2.5,C_ref,2026-09-12 23:47:32,2026-09-13 00:56:43
scratch,1,0.03,0.03,41,0,1.9437180248541146,1.670727329760886,2.221839432042455,0.5511121022815688,1.399950258196831,2.50665091767499,False,0,3.9080266420569387,0.0,2.5,C_ref,2026-09-12 23:47:32,2026-09-13 00:56:43
scratch,1,0.03,0.03,42,0,2.0883153126415803,1.8151181504963785,2.367472615642191,0.5523544651458123,1.5459137499445013,2.652437503026393,False,0,2.1513141203467967,0.0,2.5,C_ref,2026-09-12 23:47:32,2026-09-13 00:56:43
scratch,1,0.03,0.03,43,0,1.9431835038120704,1.6700590973120133,2.221269422170086,0.5512103248580726,1.3990549781479913,2.505582243393376,False,0,3.922401399620867,0.0,2.5,C_ref,2026-09-12 23:47:32,2026-09-13 00:56:43
scratch,1,0.03,0.03,44,0,1.9206778356208611,1.646113212519475,2.200245193108404,0.5541319805889291,1.3732766246971395,2.486172825320491,False,0,4.193207833075576,0.0,2.5,C_ref,2026-09-12 23:47:32,2026-09-13 00:56:43
scratch,1,0.03,0.03,45,0,1.9198172191437637,1.6464516622294638,2.1982129667575174,0.5517613045280536,1.3749715423694868,2.4831274148341125,False,0,4.237081184015551,0.0,2.5,C_ref,2026-09-12 23:47:32,2026-09-13 00:56:43
scratch,1,0.03,0.03,46,0,2.0059318415812615,1.731361763866007,2.2861019288615934,0.5547401649955863,1.4598716404090757,2.573330618026503,False,0,3.0523996925039683,0.0,2.5,C_ref,2026-09-12 23:47:32,2026-09-13 00:56:43
scratch,1,0.03,0.03,47,0,2.052562562361264,1.7803592370615924,2.331190178207578,0.5508309411459855,1.5124434264102635,2.6175304867018663,False,0,2.5374525431980146,0.0,2.5,C_ref,2026-09-12 23:47:32,2026-09-13 00:56:43
scratch,2,0.03,0.03,0,0,0.754805932010309,0.7202293678831736,0.9899386663431184,0.26970929845994485,0.045868331954418064,1.2496327028258876,False,0,1.4810766645241529,0.0,0.4,C_ref,2026-09-13 01:58:58,2026-09-13 03:43:25
scratch,2,0.03,0.03,1,0,0.14716853248082876,0.06685577213299325,0.9069261354049897,0.8400703632719965,0.021134405850129673,1.2296744865598532,False,0,0.9611688400000276,1.0,0.4,C_ref,2026-09-13 01:58:58,2026-09-13 03:43:25
scratch,2,0.03,0.03,2,0,0.8194819103767705,0.6684213655411886,1.0869372268707258,0.4185158613295372,0.049051440252315504,1.3519680113812258,False,0,3.080046378669067,0.0,0.4,C_ref,2026-09-13 01:58:58,2026-09-13 03:43:25
scratch,2,0.03,0.03,3,0,0.13278522317285427,0.05982500405921306,0.1652239587277484,0.10539895466853533,0.017715834252702282,1.2802329115243651,False,0,0.9456729514095059,0.0,0.4,C_ref,2026-09-13 01:58:58,2026-09-13 03:43:25
scratch,2,0.03,0.03,4,0,0.7399264899915078,0.44867047802816745,1.0256656144539302,0.5769951364257628,0.4100414787333243,1.2942343413633715,False,0,3.990486798942584,0.0,0.4,C_ref,2026-09-13 01:58:58,2026-09-13 03:43:25
scratch,2,0.03,0.03,5,0,0.8947807791019157,0.4449427239392056,1.0374960284662567,0.592553304527051,0.03094976811560337,1.2719615392681585,False,0,1.3087788815428212,0.0,0.4,C_ref,2026-09-13 01:58:58,2026-09-13 03:43:25
scratch,2,0.03,0.03,6,0,0.19762348083249767,0.0899058305818236,0.8542003330767489,0.7642945024949254,0.03186585295403959,1.1777573962380017,False,0,0.5123672100307886,1.0,0.4,C_ref,2026-09-13 01:58:58,2026-09-13 03:43:25
scratch,2,0.03,0.03,7,0,0.18540473934411994,0.08507471703448026,0.26914904026833797,0.1840743232338577,0.029167398993270175,1.13894853366821,False,0,1.4034542739864264,0.0,0.4,C_ref,2026-09-13 01:58:58,2026-09-13 03:43:25
scratch,2,0.03,0.03,8,0,0.8260945728653779,0.8005117644823843,1.0434945388360546,0.24298277435367033,0.025157727550986733,1.3027857450090379,False,0,1.2063686249239254,0.0,0.4,C_ref,2026-09-13 01:58:58,2026-09-13 03:43:25
scratch,2,0.03,0.03,9,0,0.759032275587565,0.7057277966271007,0.9961445812795529,0.29041678465245213,0.050571197623852,1.2569527276673862,False,0,1.9977055472118082,0.0,0.4,C_ref,2026-09-13 01:58:58,2026-09-13 03:43:25
scratch,2,0.03,0.03,10,0,0.1741138489945107,0.07518689644816082,0.9459621400079853,0.8707752435598245,0.023855600015681797,1.2582134640453164,False,0,0.6337627067550784,1.0,0.4,C_ref,2026-09-13 01:58:58,2026-09-13 03:43:25
scratch,2,0.03,0.03,11,0,0.21754202753203158,0.09522739143689656,0.9586989081237579,0.8634715166868614,0.033111502474273226,1.2400863105771027,False,0,0.23652587677861447,1.0,0.4,C_ref,2026-09-13 01:58:58,2026-09-13 03:43:25
scratch,2,0.03,0.03,12,0,0.06789940805513832,0.04313729694549555,0.36320153159480506,0.3200642346493095,0.01286859856782517,1.2775723410975235,False,0,1.1095028771742363,0.0,0.4,C_ref,2026-09-13 01:58:58,2026-09-13 03:43:25
scratch,2,0.03,0.03,13,0,0.15348257203458948,0.06533824457570095,0.9301316112589794,0.8647933666832784,0.0190752267704518,1.2670616049078096,False,0,0.9565702179970685,1.0,0.4,C_ref,2026-09-13 01:58:58,2026-09-13 03:43:25
scratch,2,0.03,0.03,14,0,0.16053453268104856,0.07219184010931026,0.4086908111517566,0.3364989710424463,0.02395085397841619,1.186856599727497,False,0,0.9867662322612887,1.0,0.4,C_ref,2026-09-13 01:58:58,2026-09-13 03:43:25
scratch,2,0.03,0.03,15,0,0.7881841809665961,0.6746025847416095,1.0576235726702325,0.38302098792862305,0.012874918736047061,1.3246137447317066,False,0,3.0013380281015998,0.0,0.4,C_ref,2026-09-13 01:58:58,2026-09-13 03:43:25
scratch,2,0.03,0.03,16,0,0.15618629134297057,0.06621250916972872,1.0405696803672233,0.9743571711974945,0.019350501375161627,1.3271255234269363,False,0,0.8471824828811805,1.0,0.4,C_ref,2026-09-13 01:58:58,2026-09-13 03:43:25
scratch,2,0.03,0.03,17,0,0.22098543825883185,0.10109702597362459,0.8172574029119518,0.7161603769383272,0.0375915611565981,1.2046201572692534,False,0,0.3192351554680499,1.0,0.4,C_ref,2026-09-13 01:58:58,2026-09-13 03:43:25
scratch,2,0.03,0.03,18,0,0.17641067306216018,0.07597925183355561,1.0164464339514054,0.9404671821178499,0.024167269160203918,1.2908372172882048,False,0,0.6428742787611554,1.0,0.4,C_ref,2026-09-13 01:58:58,2026-09-13 03:43:25
scratch,2,0.03,0.03,19,0,0.18366852619104088,0.08238074278807479,0.8163010500970359,0.7339203073089611,0.028000035202034968,1.1694395118446521,False,0,0.6399080548726488,1.0,0.4,C_ref,2026-09-13 01:58:58,2026-09-13 03:43:25
scratch,2,0.03,0.03,20,0,0.757901759808114,0.7312112477852898,0.9782442376963996,0.24703298991110978,0.038125000157004756,1.2393612917129462,False,0,1.1375873939032317,0.0,0.4,C_ref,2026-09-13 01:58:58,2026-09-13 03:43:25
scratch,2,0.03,0.03,21,0,0.7979391473822746,0.5676947575389786,1.0742770716182792,0.5065823140793007,0.013832788299740523,1.340307603914326,False,0,2.2610329955459747,0.0,0.4,C_ref,2026-09-13 01:58:58,2026-09-13 03:43:25
scratch,2,0.03,0.03,22,0,0.21029656564771146,0.09168132244704003,0.8761395076764837,0.7844581852294437,0.03151856588289807,1.1979637919734112,False,0,0.3396390575435362,1.0,0.4,C_ref,2026-09-13 01:58:58,2026-09-13 03:43:25
scratch,2,0.03,0.03,23,0,0.19944337770995565,0.08958634052605259,0.7816290644656663,0.6920427239396136,0.031207211990438133,1.148519069580748,False,0,0.5189708041543781,1.0,0.4,C_ref,2026-09-13 01:58:58,2026-09-13 03:43:25
scratch,2,0.03,0.03,24,0,0.17356002774872975,0.07846415612648465,0.7935435782286844,0.7150794221021998,0.026613862565582364,1.165341281731689,False,0,0.8222175585324294,1.0,0.4,C_ref,2026-09-13 01:58:58,2026-09-13 03:43:25
scratch,2,0.03,0.03,25,0,0.2321438083729741,0.10999691378404247,0.7325464476226425,0.6225495338386,0.04294087658921988,1.1545770522542012,False,0,0.3286851083757938,1.0,0.4,C_ref,2026-09-13 01:58:58,2026-09-13 03:43:25
scratch,2,0.03,0.03,26,0,0.8197400362912474,0.792630893794829,1.0157427461456583,0.2231118523508293,0.07153722189714397,1.261917634450792,False,0,3.3780147690849844,0.0,0.4,C_ref,2026-09-13 01:58:58,2026-09-13 03:43:25
scratch,2,0.03,0.03,27,0,0.8748689029180106,0.43502035510464176,1.0377176303648368,0.602697275260195,0.022689170146203558,1.2821385839589576,False,0,1.4093260265908611,0.0,0.4,C_ref,2026-09-13 01:58:58,2026-09-13 03:43:25
scratch,2,0.03,0.03,28,0,0.1932739643800337,0.08391591411186324,0.8707267169918043,0.786810802879941,0.02783536259917765,1.2070244111474522,False,0,0.4779105479719874,1.0,0.4,C_ref,2026-09-13 01:58:58,2026-09-13 03:43:25
scratch,2,0.03,0.03,29,0,0.6050109887276515,0.5232607791951185,0.9124900199598143,0.3892292407646958,0.02438728656122028,1.196957473061665,False,0,1.3478530428692466,0.0,0.4,C_ref,2026-09-13 01:58:58,2026-09-13 03:43:25
scratch,2,0.03,0.03,30,0,0.7048819521329063,0.6245580606453327,0.9744028678028732,0.3498448071575405,0.05000764851766035,1.2405847959499043,False,0,1.690538527109311,0.0,0.4,C_ref,2026-09-13 01:58:58,2026-09-13 03:43:25
scratch,2,0.03,0.03,31,0,0.7377928378764732,0.6820371388664849,1.0050928848631846,0.32305574599669973,0.019559674441370616,1.2768048665974987,False,0,1.2035753658929025,0.0,0.4,C_ref,2026-09-13 01:58:58,2026-09-13 03:43:25
scratch,2,0.03,0.03,32,0,0.9338170863924242,0.8969627083493592,1.1056037556343654,0.2086410472850062,0.8831572997433778,1.3364863316022542,False,0,4.3464251033183245,0.0,0.4,C_ref,2026-09-13 01:58:58,2026-09-13 03:43:25
scratch,2,0.03,0.03,33,0,0.22264517135546652,0.0996853890504021,0.8866986634315016,0.7870132743810995,0.03622121923725005,1.18805095334273,False,0,0.27770591117587173,1.0,0.4,C_ref,2026-09-13 01:58:58,2026-09-13 03:43:25
scratch,2,0.03,0.03,34,0,0.19425318642285055,0.08701355111166098,0.7972548123197695,0.7102412612081085,0.02979237549775552,1.1573990870544615,False,0,0.5360942059887748,1.0,0.4,C_ref,2026-09-13 01:58:58,2026-09-13 03:43:25
scratch,2,0.03,0.03,35,0,0.19757785862403623,0.08895188632568607,0.9600035605004474,0.8710516741747614,0.031195606565330825,1.2328373272276414,False,0,0.38806649558682693,1.0,0.4,C_ref,2026-09-13 01:58:58,2026-09-13 03:43:25
scratch,2,0.03,0.03,36,0,0.8841649758252108,0.8386233183996621,1.096177411215389,0.25755409281572694,0.027229177685925476,1.3479029136519298,False,0,2.942548698563769,0.0,0.4,C_ref,2026-09-13 01:58:58,2026-09-13 03:43:25
scratch,2,0.03,0.03,37,0,0.17064153497447196,0.07344723155853639,0.7880491839543134,0.7146019523957771,0.023071346753873418,1.202505131596121,False,0,0.7699641363833507,1.0,0.4,C_ref,2026-09-13 01:58:58,2026-09-13 03:43:25
scratch,2,0.03,0.03,38,0,0.13935076943584923,0.05848282383739057,0.32212872955423055,0.26364590571684,0.01662827418540137,1.2546176328668028,False,0,1.2835489845674601,0.0,0.4,C_ref,2026-09-13 01:58:58,2026-09-13 03:43:25
scratch,2,0.03,0.03,39,0,0.1731440081294384,0.07759982195437029,0.8816271160149746,0.8040272940606042,0.0260500302552241,1.2066688256268656,False,0,0.7629957336939697,1.0,0.4,C_ref,2026-09-13 01:58:58,2026-09-13 03:43:25
scratch,2,0.03,0.03,40,0,0.12927767218781544,0.062377304297414074,0.15436317518316303,0.09198587088574896,0.01935686557440912,1.283919270840251,False,0,0.703918710743892,0.0,0.4,C_ref,2026-09-13 01:58:58,2026-09-13 03:43:25
scratch,2,0.03,0.03,41,0,0.23422446723946813,0.1037170823434164,0.7539034838834612,0.6501864015400448,0.038272065120867026,1.1787033485323917,False,0,0.2407389321961091,1.0,0.4,C_ref,2026-09-13 01:58:58,2026-09-13 03:43:25
scratch,2,0.03,0.03,42,0,0.18963458735296415,0.08279320820908721,0.9283011031538625,0.8455078949447753,0.027562452551244034,1.2382015825603103,False,0,0.4920733832368569,1.0,0.4,C_ref,2026-09-13 01:58:58,2026-09-13 03:43:25
scratch,2,0.03,0.03,43,0,0.6293514157620332,0.4266339253667182,0.9188861251362735,0.49225219976955537,0.03591075252214666,1.1894432522455813,False,0,1.9785370238787436,0.0,0.4,C_ref,2026-09-13 01:58:58,2026-09-13 03:43:25
scratch,2,0.03,0.03,44,0,0.263363354798255,0.11331576326012044,0.8489128330922002,0.7355970698320797,0.042169795878094087,1.1521468293621853,False,0,0.10464337267694646,1.0,0.4,C_ref,2026-09-13 01:58:58,2026-09-13 03:43:25
scratch,2,0.03,0.03,45,0,0.21580157302369096,0.10661866367171853,0.7942388746346318,0.6876202109629133,0.040348892121880815,1.1105829100603837,False,0,0.790130835986929,1.0,0.4,C_ref,2026-09-13 01:58:58,2026-09-13 03:43:25
scratch,2,0.03,0.03,46,0,0.7249488717017246,0.6903266036734118,0.9519793229069199,0.2616527192335081,0.03510517692211412,1.2171314444690668,False,0,0.8134711568163766,0.0,0.4,C_ref,2026-09-13 01:58:58,2026-09-13 03:43:25
scratch,2,0.03,0.03,47,0,0.7366938072791889,0.6161620270515303,1.018768918050155,0.40260689099862457,0.017550613950224853,1.2884278650487755,False,0,2.037487751691515,0.0,0.4,C_ref,2026-09-13 01:58:58,2026-09-13 03:43:25
scratch,2,0.03,0.03,0,0,1.9838469131556415,1.7240357747700794,2.251499616482154,0.5274638417120747,1.4704756572351128,2.5278677651786254,False,0,3.6122488858345605,0.0,2.5,C_ref,2026-09-13 01:58:58,2026-09-13 03:43:25
scratch,2,0.03,0.03,1,0,2.0223516745507117,1.7611525485806465,2.2913422480934043,0.5301896995127577,1.506341249997135,2.5690077242718083,False,0,3.078069019546092,0.0,2.5,C_ref,2026-09-13 01:58:58,2026-09-13 03:43:25
scratch,2,0.03,0.03,2,0,2.134943347812497,1.873967598503998,2.4039143569953234,0.5299467584913253,1.6197345295853087,2.681644155869705,False,0,1.8213155768607976,0.0,2.5,C_ref,2026-09-13 01:58:58,2026-09-13 03:43:25
scratch,2,0.03,0.03,3,0,2.128039274862744,1.8674948845937516,2.3965595416304573,0.5290646570367057,1.613665118653069,2.673889128286414,False,0,1.8952841042118962,0.0,2.5,C_ref,2026-09-13 01:58:58,2026-09-13 03:43:25
scratch,2,0.03,0.03,4,0,2.069485165911925,1.8102273174443364,2.33651203653083,0.5262847190864934,1.5574158358088865,2.6122741837869845,False,0,2.5494338584867364,0.0,2.5,C_ref,2026-09-13 01:58:58,2026-09-13 03:43:25
scratch,2,0.03,0.03,5,0,1.9846401033145566,1.7223589680996378,2.2539737447620873,0.5316147766624495,1.4652609561554706,2.531493902452533,False,0,3.564627848300006,0.0,2.5,C_ref,2026-09-13 01:58:58,2026-09-13 03:43:25
scratch,2,0.03,0.03,6,0,1.967804721312896,1.7058732676233193,2.236993120890722,0.5311198532674026,1.4492781854656895,2.5145514256406325,False,0,3.7957754051458323,0.0,2.5,C_ref,2026-09-13 01:58:58,2026-09-13 03:43:25
scratch,2,0.03,0.03,7,0,2.0011564285453756,1.7399855225030298,2.2696297900041653,0.5296442675011355,1.4844067558041378,2.5464439125937663,False,0,3.364852449052705,0.0,2.5,C_ref,2026-09-13 01:58:58,2026-09-13 03:43:25
scratch,2,0.03,0.03,8,0,2.063330149241368,1.8019261708233072,2.3324898764449005,0.5305637056215933,1.5468641168283894,2.6103128522479873,False,0,2.5816257460974157,0.0,2.5,C_ref,2026-09-13 01:58:58,2026-09-13 03:43:25
scratch,2,0.03,0.03,9,0,2.0151613314669357,1.7552545302118974,2.282783482770945,0.5275289525590474,1.5014900443751602,2.55901926568104,False,0,3.2005837160832016,0.0,2.5,C_ref,2026-09-13 01:58:58,2026-09-13 03:43:25
scratch,2,0.03,0.03,10,0,2.1059783261899576,1.8445400228687374,2.375325954903891,0.5307859320351538,1.5896777282602554,2.6534014210224472,False,0,2.1090146443129925,0.0,2.5,C_ref,2026-09-13 01:58:58,2026-09-13 03:43:25
scratch,2,0.03,0.03,11,0,2.008154687756995,1.7457571327049703,2.2780126301560597,0.5322554974510894,1.4890625743109174,2.5563350227994843,False,0,3.240217405891599,0.0,2.5,C_ref,2026-09-13 01:58:58,2026-09-13 03:43:25
scratch,2,0.03,0.03,12,0,2.113618339494553,1.8494368073415952,2.385556281081063,0.5361194737394679,1.5917003293080345,2.6661674375509263,False,0,1.9925695732417807,0.0,2.5,C_ref,2026-09-13 01:58:58,2026-09-13 03:43:25
scratch,2,0.03,0.03,13,0,2.1228253513097113,1.8607115036478905,2.3929549501412524,0.5322434464933619,1.6054589795398815,2.6719253913289025,False,0,1.9250922779647226,0.0,2.5,C_ref,2026-09-13 01:58:58,2026-09-13 03:43:25
scratch,2,0.03,0.03,14,0,1.9932703144511743,1.737092224889929,2.2574690907923736,0.5203768659024446,1.4875230060116487,2.530545700028124,False,0,3.5712322441322613,0.0,2.5,C_ref,2026-09-13 01:58:58,2026-09-13 03:43:25
scratch,2,0.03,0.03,15,0,2.1317580731490815,1.8704491480925947,2.401082854850753,0.5306337067581584,1.6159881647235514,2.6792204304241296,False,0,1.8478100109568913,0.0,2.5,C_ref,2026-09-13 01:58:58,2026-09-13 03:43:25
scratch,2,0.03,0.03,16,0,2.1782533200159278,1.9175649527979615,2.447318788457308,0.5297538356593465,1.6642334518401432,2.7254438760716546,False,0,1.4205528309939837,0.0,2.5,C_ref,2026-09-13 01:58:58,2026-09-13 03:43:25
scratch,2,0.03,0.03,17,0,1.899267108139696,1.6381265023832958,2.1672590714880537,0.5291325691047579,1.3816268954343116,2.443407715327763,False,0,4.8447146903963585,0.0,2.5,C_ref,2026-09-13 01:58:58,2026-09-13 03:43:25
scratch,2,0.03,0.03,18,0,2.106907800265295,1.8456667293983884,2.3758558777709204,0.5301891483725321,1.5906556178740996,2.653418746198613,False,0,2.105744467662589,0.0,2.5,C_ref,2026-09-13 01:58:58,2026-09-13 03:43:25
scratch,2,0.03,0.03,19,0,2.0020875212954325,1.7403059809339525,2.2712486459588757,0.5309426650249232,1.4843180850478286,2.5488053484130058,False,0,3.33572781674593,0.0,2.5,C_ref,2026-09-13 01:58:58,2026-09-13 03:43:25
scratch,2,0.03,0.03,20,0,1.9749732708978514,1.7123979784324836,2.2448958837148973,0.5324979052824137,1.455446061366885,2.5232033898303445,False,0,3.677792881084315,0.0,2.5,C_ref,2026-09-13 01:58:58,2026-09-13 03:43:25
scratch,2,0.03,0.03,21,0,2.1423600677460786,1.882717643711884,2.4103168478395283,0.5275992041276443,1.6302153475161367,2.6872307971212868,False,0,1.7622529442560335,0.0,2.5,C_ref,2026-09-13 01:58:58,2026-09-13 03:43:25
scratch,2,0.03,0.03,22,0,2.0081644603413493,1.745864584106963,2.277729671220797,0.531865087113834,1.4889664788166965,2.5556350484255677,False,0,3.2480106971452187,0.0,2.5,C_ref,2026-09-13 01:58:58,2026-09-13 03:43:25
scratch,2,0.03,0.03,23,0,1.979351146062303,1.7185153729125398,2.2473124417346675,0.5287970688221277,1.4628645699085612,2.5235933632109484,False,0,3.670109714363207,0.0,2.5,C_ref,2026-09-13 01:58:58,2026-09-13 03:43:25
scratch,2,0.03,0.03,24,0,1.97605969330666,1.7157332635491822,2.2437663214755403,0.5280330579263581,1.4610494738611648,2.5198884584661037,False,0,3.7210965155281883,0.0,2.5,C_ref,2026-09-13 01:58:58,2026-09-13 03:43:25
scratch,2,0.03,0.03,25,0,1.8391915417705011,1.5772365379360942,2.107354636742457,0.5301180988063627,1.3187488569206298,2.383254239214599,False,0,5.828078429458401,0.0,2.5,C_ref,2026-09-13 01:58:58,2026-09-13 03:43:25
scratch,2,0.03,0.03,26,0,1.9720574549070577,1.713374364320334,2.2384858085677704,0.5251114442474363,1.4608491144631397,2.5135728686541783,False,0,3.8077733121681376,0.0,2.5,C_ref,2026-09-13 01:58:58,2026-09-13 03:43:25
scratch,2,0.03,0.03,27,0,2.0226254280219327,1.7630386878084299,2.2897375250000778,0.5266988371916479,1.509257588635716,2.5652962141551106,False,0,3.118310251913499,0.0,2.5,C_ref,2026-09-13 01:58:58,2026-09-13 03:43:25
scratch,2,0.03,0.03,28,0,2.051168657131642,1.7897496626352485,2.320257726518531,0.5305080638832824,1.5345176256420248,2.597930000133162,False,0,2.7256142183869088,0.0,2.5,C_ref,2026-09-13 01:58:58,2026-09-13 03:43:25
scratch,2,0.03,0.03,29,0,1.9761171278534466,1.7114738563713803,2.2476273600711414,0.5361535036997611,1.4516607394748382,2.5272066917573515,False,0,3.6250552036472072,0.0,2.5,C_ref,2026-09-13 01:58:58,2026-09-13 03:43:25
scratch,2,0.03,0.03,30,0,2.0071825779150894,1.7490253046938289,2.273034805420778,0.5240095007269492,1.497071597761399,2.547559410825737,False,0,3.345312214587466,0.0,2.5,C_ref,2026-09-13 01:58:58,2026-09-13 03:43:25
scratch,2,0.03,0.03,31,0,2.0550875921511707,1.7935263230593708,2.3241940476050122,0.5306677245456415,1.5379242767350045,2.6017975713851653,False,0,2.679508184413862,0.0,2.5,C_ref,2026-09-13 01:58:58,2026-09-13 03:43:25
scratch,2,0.03,0.03,32,0,2.052628973929061,1.7927639990152577,2.3205353025019044,0.5277713034866467,1.5396328398223682,2.5972237940079173,False,0,2.730115082242264,0.0,2.5,C_ref,2026-09-13 01:58:58,2026-09-13 03:43:25
scratch,2,0.03,0.03,33,0,1.9617304929169428,1.7004732683996253,2.2302081217207865,0.5297348533211612,1.4445651634289647,2.5069873014573263,False,0,3.900940601626644,0.0,2.5,C_ref,2026-09-13 01:58:58,2026-09-13 03:43:25
scratch,2,0.03,0.03,34,0,1.9695771428151008,1.7063119752187441,2.2400530994166203,0.5337411241978762,1.4483223042353865,2.5187647288961257,False,0,3.738857151747652,0.0,2.5,C_ref,2026-09-13 01:58:58,2026-09-13 03:43:25
scratch,2,0.03,0.03,35,0,1.9700366026052214,1.7094222468942033,2.2381687575391087,0.5287465106449054,1.4547535675279493,2.514837385404565,False,0,3.791214731103537,0.0,2.5,C_ref,2026-09-13 01:58:58,2026-09-13 03:43:25
scratch,2,0.03,0.03,36,0,2.129407020330016,1.8701084289278407,2.3970701399837373,0.5269617110558966,1.6182034248412749,2.673852507048097,False,0,1.8925688243143668,0.0,2.5,C_ref,2026-09-13 01:58:58,2026-09-13 03:43:25
scratch,2,0.03,0.03,37,0,2.088343729697931,1.8278180103094812,2.3567006574839113,0.5288826471744301,1.5736985501385607,2.6338082764752557,False,0,2.313687488065625,0.0,2.5,C_ref,2026-09-13 01:58:58,2026-09-13 03:43:25
scratch,2,0.03,0.03,38,0,2.1605459827960702,1.9001342913703783,2.4290870718102515,0.5289527804398733,1.6467539620681437,2.706510392971849,False,0,1.5843279608561716,0.0,2.5,C_ref,2026-09-13 01:58:58,2026-09-13 03:43:25
scratch,2,0.03,0.03,39,0,2.003170397705669,1.7437792522783073,2.2704194003852853,0.526640148106978,1.490660286885328,2.546350670889082,False,0,3.364440539990028,0.0,2.5,C_ref,2026-09-13 01:58:58,2026-09-13 03:43:25
scratch,2,0.03,0.03,40,0,2.07676302846596,1.8156859903464688,2.345715098348507,0.5300291080020381,1.561031712489239,2.6234316311673065,False,0,2.4319245107581082,0.0,2.5,C_ref,2026-09-13 01:58:58,2026-09-13 03:43:25
scratch,2,0.03,0.03,41,0,1.9329138666545287,1.6690425884734246,2.2031617258607414,0.5341191373873169,1.4091579913362775,2.481230597218662,False,0,4.270014455229102,0.0,2.5,C_ref,2026-09-13 01:58:58,2026-09-13 03:43:25
scratch,2,0.03,0.03,42,0,2.0774013124393162,1.8163398405355031,2.3462142383769518,0.5298743978414486,1.5615578024802663,2.6236926079149354,False,0,2.427680505137687,0.0,2.5,C_ref,2026-09-13 01:58:58,2026-09-13 03:43:25
scratch,2,0.03,0.03,43,0,1.9270587029724768,1.6656794088024245,2.1955049597475593,0.5298255509451348,1.409319287414395,2.4722119858044813,False,0,4.404402974581899,0.0,2.5,C_ref,2026-09-13 01:58:58,2026-09-13 03:43:25
scratch,2,0.03,0.03,44,0,1.9158861133957201,1.6524535930547173,2.186019929468281,0.5335663364135637,1.393458801428151,2.464159368116831,False,0,4.522379347938113,0.0,2.5,C_ref,2026-09-13 01:58:58,2026-09-13 03:43:25
scratch,2,0.03,0.03,45,0,1.8823381392137957,1.6190551632744805,2.1519605392924444,0.5329053760179638,1.3595469948885326,2.4294048192590134,False,0,5.0610529835830675,0.0,2.5,C_ref,2026-09-13 01:58:58,2026-09-13 03:43:25
scratch,2,0.03,0.03,46,0,1.9893392794805582,1.7271165780139885,2.2588111885601387,0.5316946105461502,1.4702510210962205,2.536602632900269,False,0,3.496730791444861,0.0,2.5,C_ref,2026-09-13 01:58:58,2026-09-13 03:43:25
scratch,2,0.03,0.03,47,0,2.087733019904371,1.8280315116998245,2.3554187983466446,0.5273872866468201,1.574997096300598,2.6319777920677723,False,0,2.331104233941005,0.0,2.5,C_ref,2026-09-13 01:58:58,2026-09-13 03:43:25
scratch,0,0.1,0.1,0,0,0.3187975646966124,0.1288218677922843,0.819214335951819,0.6903924681595347,0.0432398397122957,1.2458281854665445,False,0,0.0567824221179762,1.0,0.4,C_ref,2026-09-12 05:43:02,2026-09-12 07:00:12
scratch,0,0.1,0.1,1,0,0.2625107541437715,0.1079374789207082,0.6824046407472898,0.5744671618265815,0.034514895085409,1.2063049079590995,False,0,0.2219195489124104,1.0,0.4,C_ref,2026-09-12 05:43:02,2026-09-12 07:00:12
scratch,0,0.1,0.1,2,0,0.2672656024005366,0.1043966261704035,0.8886862394430537,0.7842896132726501,0.0317668187828664,1.3375020837767435,False,0,0.1519839704378682,1.0,0.4,C_ref,2026-09-12 05:43:02,2026-09-12 07:00:12
scratch,0,0.1,0.1,3,0,0.248085728731365,0.0962671673589947,0.8473905938520727,0.751123426493078,0.0282114973480703,1.3305334844063403,False,0,0.2175604770454811,1.0,0.4,C_ref,2026-09-12 05:43:02,2026-09-12 07:00:12
scratch,0,0.1,0.1,4,0,0.2736459644571773,0.1094737904383253,0.8225337934600694,0.713060003021744,0.0349696413584754,1.292171875101227,False,0,0.1494889457317185,1.0,0.4,C_ref,2026-09-12 05:43:02,2026-09-12 07:00:12
scratch,0,0.1,0.1,5,0,0.3862403247717911,0.1426161932018404,0.9354279454144157,0.7928117522125753,0.0472986539834923,1.3025564471333893,False,0,0.0008892691439541,1.0,0.4,C_ref,2026-09-12 05:43:02,2026-09-12 07:00:12
scratch,0,0.1,0.1,6,0,0.3156559485005873,0.1276203793018772,0.816128314889873,0.6885079355879958,0.0427270312969207,1.2449455403292324,False,0,0.0613872755347983,1.0,0.4,C_ref,2026-09-12 05:43:02,2026-09-12 07:00:12
scratch,0,0.1,0.1,7,0,0.3256175589193739,0.1262538800552163,0.9010160279824798,0.7747621479272635,0.0411666725720795,1.2997715419826046,False,0,0.0375063805913669,1.0,0.4,C_ref,2026-09-12 05:43:02,2026-09-12 07:00:12
scratch,0,0.1,0.1,8,0,0.2626195539524665,0.1088520437066131,0.6674261583781124,0.5585741146714993,0.0351950301561479,1.192071502077064,False,0,0.2290121019614162,1.0,0.4,C_ref,2026-09-12 05:43:02,2026-09-12 07:00:12
scratch,0,0.1,0.1,9,0,0.2979144936609776,0.1190853805019027,0.8664345898494075,0.7473492093475047,0.0388283798820918,1.2989559637604595,False,0,0.0876324781311268,1.0,0.4,C_ref,2026-09-12 05:43:02,2026-09-12 07:00:12
scratch,0,0.1,0.1,10,0,0.2734547154201038,0.1051638148210506,0.8974269011122594,0.7922630862912088,0.0315614435314471,1.333832712604389,False,0,0.1287884138946537,1.0,0.4,C_ref,2026-09-12 05:43:02,2026-09-12 07:00:12
scratch,0,0.1,0.1,11,0,0.3807124320786434,0.1384337019363047,0.957736337771096,0.8193026358347912,0.0450312382501769,1.32684660980069,False,0,0.001801624399377,1.0,0.4,C_ref,2026-09-12 05:43:02,2026-09-12 07:00:12
scratch,0,0.1,0.1,12,0,0.2329902839773216,0.0892523665218619,0.7944765952182096,0.7052242286963476,0.025052325914869,1.328134863058066,False,0,0.2845430273191596,1.0,0.4,C_ref,2026-09-12 05:43:02,2026-09-12 07:00:12
scratch,0,0.1,0.1,13,0,0.2627715445569459,0.0975391713197111,0.947112916708978,0.8495737453892669,0.0276211502475966,1.3689512104445194,False,0,0.1396709075779654,1.0,0.4,C_ref,2026-09-12 05:43:02,2026-09-12 07:00:12
scratch,0,0.1,0.1,14,0,0.2304652960700153,0.0988817007303029,0.5310167019294345,0.4321350011991316,0.0321874647570396,1.104013823100605,False,0,0.4653655644506216,1.0,0.4,C_ref,2026-09-12 05:43:02,2026-09-12 07:00:12
scratch,0,0.1,0.1,15,0,0.2594800459217632,0.1004319633330705,0.8733284014176363,0.7728964380845658,0.0297139412500068,1.3354129968452997,False,0,0.175794218404917,1.0,0.4,C_ref,2026-09-12 05:43:02,2026-09-12 07:00:12
scratch,0,0.1,0.1,16,0,0.2303423930260842,0.0893757494712079,0.8370689940939857,0.7476932446227778,0.0255975821909888,1.3614251331928624,False,0,0.3019566725743061,1.0,0.4,C_ref,2026-09-12 05:43:02,2026-09-12 07:00:12
scratch,0,0.1,0.1,17,0,0.3489902963771827,0.1495266622859472,0.768911985213091,0.6193853229271438,0.0545088844711971,1.175451831458688,False,0,0.0262354193000646,1.0,0.4,C_ref,2026-09-12 05:43:02,2026-09-12 07:00:12
scratch,0,0.1,0.1,18,0,0.2759611745376068,0.1085051810941192,0.8708602807510268,0.7623550996569076,0.0339132685927916,1.316947553025803,False,0,0.1317492794696591,1.0,0.4,C_ref,2026-09-12 05:43:02,2026-09-12 07:00:12
scratch,0,0.1,0.1,19,0,0.2956473231370546,0.1154220592917664,0.8687383395414585,0.7533162802496921,0.0364851031039355,1.298363947726943,False,0,0.0859823621940449,1.0,0.4,C_ref,2026-09-12 05:43:02,2026-09-12 07:00:12
scratch,0,0.1,0.1,20,0,0.3313817766416592,0.132507030773711,0.8422534312375384,0.7097464004638274,0.0444717300544361,1.2595626926190198,False,0,0.0377502766968973,1.0,0.4,C_ref,2026-09-12 05:43:02,2026-09-12 07:00:12
scratch,0,0.1,0.1,21,0,0.2315029898112933,0.090399842709106,0.781839522421891,0.691439679712785,0.0261728607622714,1.3335689495269325,False,0,0.3064565282038529,1.0,0.4,C_ref,2026-09-12 05:43:02,2026-09-12 07:00:12
scratch,0,0.1,0.1,22,0,0.3246115212352137,0.1240535183101545,0.9160588217130656,0.792005303402911,0.0396337031901256,1.313045272530578,False,0,0.0365932648019224,1.0,0.4,C_ref,2026-09-12 05:43:02,2026-09-12 07:00:12
scratch,0,0.1,0.1,23,0,0.2866628494245579,0.1178857318208088,0.7522435334935129,0.6343578016727041,0.0389336359558518,1.2215664350026294,False,0,0.1315558587666601,1.0,0.4,C_ref,2026-09-12 05:43:02,2026-09-12 07:00:12
scratch,0,0.1,0.1,24,0,0.3061216233001095,0.1235467987139784,0.8048536622827833,0.6813068635688049,0.0406530729341295,1.2434084676342327,False,0,0.0786061393773707,1.0,0.4,C_ref,2026-09-12 05:43:02,2026-09-12 07:00:12
scratch,0,0.1,0.1,25,0,0.3688366005698438,0.162185506615536,0.7616092829112439,0.5994237762957078,0.0609235171435285,1.1489028181712064,False,0,0.0103270910149149,1.0,0.4,C_ref,2026-09-12 05:43:02,2026-09-12 07:00:12
scratch,0,0.1,0.1,26,0,0.3334867775557984,0.1335527859154865,0.8382125815213117,0.7046597956058253,0.0452586159685834,1.2480580008747486,False,0,0.0350375836133025,1.0,0.4,C_ref,2026-09-12 05:43:02,2026-09-12 07:00:12
scratch,0,0.1,0.1,27,0,0.2890269361045278,0.1199256793618848,0.7346255529740888,0.614699873612204,0.040110609116725,1.2021128181825471,False,0,0.130979317582387,1.0,0.4,C_ref,2026-09-12 05:43:02,2026-09-12 07:00:12
scratch,0,0.1,0.1,28,0,0.3174346246888534,0.124170853380845,0.8763345669729508,0.7521637135921058,0.0400303020532045,1.289949903315322,False,0,0.0508248972073488,1.0,0.4,C_ref,2026-09-12 05:43:02,2026-09-12 07:00:12
scratch,0,0.1,0.1,29,0,0.30897661899656,0.1252219730848601,0.7905046815000739,0.6652827084152138,0.0414656982795305,1.2278295393865215,False,0,0.075705258797825,1.0,0.4,C_ref,2026-09-12 05:43:02,2026-09-12 07:00:12
scratch,0,0.1,0.1,30,0,0.3099211709821133,0.1272967751544474,0.81380428030253,0.6865075051480827,0.0434715038860381,1.2472965802160887,False,0,0.0737329149378638,1.0,0.4,C_ref,2026-09-12 05:43:02,2026-09-12 07:00:12
scratch,0,0.1,0.1,31,0,0.2726223450293499,0.1074540432768893,0.8151663953625057,0.7077123520856163,0.0332946041042325,1.2801278557754192,False,0,0.1479815848397265,1.0,0.4,C_ref,2026-09-12 05:43:02,2026-09-12 07:00:12
scratch,0,0.1,0.1,32,0,0.3034822887595081,0.1199276448995964,0.8313102395111328,0.7113825946115364,0.038638448750242,1.2663795548523908,False,0,0.0776236082347168,1.0,0.4,C_ref,2026-09-12 05:43:02,2026-09-12 07:00:12
scratch,0,0.1,0.1,33,0,0.3614611603513418,0.1427667448103228,0.8781523206652826,0.7353855758549597,0.0487572314497157,1.2687087619406214,False,0,0.0103723505562811,1.0,0.4,C_ref,2026-09-12 05:43:02,2026-09-12 07:00:12
scratch,0,0.1,0.1,34,0,0.3320814138409755,0.1336015427982114,0.8310611158489101,0.6974595730506986,0.044901109507258,1.2516460063012271,False,0,0.038271416164207,1.0,0.4,C_ref,2026-09-12 05:43:02,2026-09-12 07:00:12
scratch,0,0.1,0.1,35,0,0.2944125993062542,0.123678366156728,0.7284386803044004,0.6047603141476724,0.0419718979764515,1.2007739530222798,False,0,0.1219437746440235,1.0,0.4,C_ref,2026-09-12 05:43:02,2026-09-12 07:00:12
scratch,0,0.1,0.1,36,0,0.2480572235498474,0.09802460000204,0.7865279126858765,0.6885033126838365,0.0292043010575797,1.3055374057228102,False,0,0.2384867056389339,1.0,0.4,C_ref,2026-09-12 05:43:02,2026-09-12 07:00:12
scratch,0,0.1,0.1,37,0,0.2468561191912597,0.0979818513337351,0.7548342732798429,0.6568524219461077,0.0293075435509193,1.2842030920272165,False,0,0.2486378890898777,1.0,0.4,C_ref,2026-09-12 05:43:02,2026-09-12 07:00:12
scratch,0,0.1,0.1,38,0,0.2230779109503511,0.0878926830108705,0.7009549041641417,0.6130622211532711,0.0253415008503458,1.3113425516665755,False,0,0.3668315836584952,1.0,0.4,C_ref,2026-09-12 05:43:02,2026-09-12 07:00:12
scratch,0,0.1,0.1,39,0,0.2768394247526597,0.118506331062003,0.6474543603135655,0.5289480292515625,0.0401677027691994,1.13583100315129,False,0,0.1966924423650198,1.0,0.4,C_ref,2026-09-12 05:43:02,2026-09-12 07:00:12
scratch,0,0.1,0.1,40,0,0.2906174838618741,0.1142784439451545,0.8757038683510637,0.7614254244059092,0.0362609586261505,1.3119456569747177,False,0,0.0979910897767695,1.0,0.4,C_ref,2026-09-12 05:43:02,2026-09-12 07:00:12
scratch,0,0.1,0.1,41,0,0.3707023163471629,0.1442208136311907,0.8802637311287598,0.736042917497569,0.0488771506347626,1.2628450065155776,False,0,0.0056690955680096,1.0,0.4,C_ref,2026-09-12 05:43:02,2026-09-12 07:00:12
scratch,0,0.1,0.1,42,0,0.2959580681363468,0.1123567356347989,0.9556651324921214,0.8433083968573224,0.0347723397749749,1.3509843625274465,False,0,0.0720520084032614,1.0,0.4,C_ref,2026-09-12 05:43:02,2026-09-12 07:00:12
scratch,0,0.1,0.1,43,0,0.375112850609925,0.1497158728241169,0.8634892237200633,0.7137733508959464,0.0523836581407909,1.2498036201134255,False,0,0.0042777057715284,1.0,0.4,C_ref,2026-09-12 05:43:02,2026-09-12 07:00:12
scratch,0,0.1,0.1,44,0,0.3714249370909981,0.1495384501851637,0.8391662764913272,0.6896278263061635,0.0519511691384586,1.228453393624677,False,0,0.0063250536368286,1.0,0.4,C_ref,2026-09-12 05:43:02,2026-09-12 07:00:12
scratch,0,0.1,0.1,45,0,0.3891051107860893,0.1576031060845126,0.8411924868022014,0.6835893807176887,0.0557941647837546,1.2182733952093776,False,0,0.0009155454426945,1.0,0.4,C_ref,2026-09-12 05:43:02,2026-09-12 07:00:12
scratch,0,0.1,0.1,46,0,0.3291078002299372,0.1319625132235808,0.833934414769294,0.7019719015457132,0.044453709519069,1.249667573541927,False,0,0.0409017733909422,1.0,0.4,C_ref,2026-09-12 05:43:02,2026-09-12 07:00:12
scratch,0,0.1,0.1,47,0,0.2476718155447541,0.1005266687063917,0.7014758385688968,0.600949169862505,0.0310755133752131,1.2551737909905183,False,0,0.2691193964128615,1.0,0.4,C_ref,2026-09-12 05:43:02,2026-09-12 07:00:12
scratch,0,0.1,0.1,0,0,2.256533148806579,1.9840750302360628,2.5349547516095803,0.5508797213735175,1.7151956921298732,2.820769981102795,False,0,0.7667715025527286,1.0,2.5,C_ref,2026-09-12 05:43:02,2026-09-12 07:00:12
scratch,0,0.1,0.1,1,0,2.285475512667627,2.012618707985376,2.5641960125515686,0.5515773045661927,1.7433025891498486,2.8501900996967624,False,0,0.5954271393602539,1.0,2.5,C_ref,2026-09-12 05:43:02,2026-09-12 07:00:12
scratch,0,0.1,0.1,2,0,2.36938638350494,2.098687200550295,2.6466121600057995,0.5479249594555045,1.832720942614177,2.931565908582853,False,0,0.2249750985138234,1.0,2.5,C_ref,2026-09-12 05:43:02,2026-09-12 07:00:12
scratch,0,0.1,0.1,3,0,2.38643977210115,2.1156324818902865,2.6638872401719342,0.5482547582816477,1.849673568815936,2.9490885281003782,False,0,0.1699394501847564,1.0,2.5,C_ref,2026-09-12 05:43:02,2026-09-12 07:00:12
scratch,0,0.1,0.1,4,0,2.3202318359012404,2.049626352661642,2.597074586910209,0.5474482342485669,1.78327843833456,2.881477023123843,False,0,0.4253118500600976,1.0,2.5,C_ref,2026-09-12 05:43:02,2026-09-12 07:00:12
scratch,0,0.1,0.1,5,0,2.261467478931453,1.990512688868897,2.538456371912185,0.5479436830432884,1.7234513281918444,2.8228252253308668,False,0,0.7440437875084172,1.0,2.5,C_ref,2026-09-12 05:43:02,2026-09-12 07:00:12
scratch,0,0.1,0.1,6,0,2.243309417709493,1.9713788139934607,2.5210825720441914,0.5497037580507302,1.7029025412465426,2.8060821413405663,False,0,0.8554246635576419,1.0,2.5,C_ref,2026-09-12 05:43:02,2026-09-12 07:00:12
scratch,0,0.1,0.1,7,0,2.3017989598709825,2.031407051046929,2.578459940072921,0.5470528890259918,1.765279326581699,2.862627528616081,False,0,0.516839051972056,1.0,2.5,C_ref,2026-09-12 05:43:02,2026-09-12 07:00:12
scratch,0,0.1,0.1,8,0,2.285325806869878,2.011641553541736,2.564825584915192,0.5531840313734562,1.741443856609212,2.851565279287767,False,0,0.592927436086029,1.0,2.5,C_ref,2026-09-12 05:43:02,2026-09-12 07:00:12
scratch,0,0.1,0.1,9,0,2.3132384324771547,2.043315345993564,2.5896201927888263,0.546304846795262,1.7778400806036043,2.8735667064189823,False,0,0.4603662767149217,1.0,2.5,C_ref,2026-09-12 05:43:02,2026-09-12 07:00:12
scratch,0,0.1,0.1,10,0,2.379715455639276,2.1083011426985245,2.6577280652157973,0.5494269225172728,1.8416851842266104,2.9434903313885434,False,0,0.1899336626884178,1.0,2.5,C_ref,2026-09-12 05:43:02,2026-09-12 07:00:12
scratch,0,0.1,0.1,11,0,2.285982497840645,2.013548911864982,2.564549692676032,0.5510007808110502,1.7451129675148591,2.85055968565492,False,0,0.5934021300199674,1.0,2.5,C_ref,2026-09-12 05:43:02,2026-09-12 07:00:12
scratch,0,0.1,0.1,12,0,2.415451711219761,2.1416386672860472,2.6959379774202032,0.554299310134156,1.8728385285123847,2.9841747546280337,False,0,0.0922466212177823,1.0,2.5,C_ref,2026-09-12 05:43:02,2026-09-12 07:00:12
scratch,0,0.1,0.1,13,0,2.409294039098544,2.1369247889838827,2.688322756109028,0.5513979671251454,1.8694577285417409,2.97507853716725,False,0,0.1075143767775443,1.0,2.5,C_ref,2026-09-12 05:43:02,2026-09-12 07:00:12
scratch,0,0.1,0.1,14,0,2.265156507969948,1.995931194431505,2.54030098054174,0.544369786110235,1.730179556996145,2.8226483522115475,False,0,0.7310371897692676,1.0,2.5,C_ref,2026-09-12 05:43:02,2026-09-12 07:00:12
scratch,0,0.1,0.1,15,0,2.3898926545519714,2.118747694278732,2.6676943232811445,0.5489466290024132,1.8525299012057503,2.953286092628602,False,0,0.1595627527312899,1.0,2.5,C_ref,2026-09-12 05:43:02,2026-09-12 07:00:12
scratch,0,0.1,0.1,16,0,2.4532584077950594,2.183085450351012,2.730455197826908,0.5473697474758961,1.918372516880536,3.0155594330009428,False,0,0.028941309050424,1.0,2.5,C_ref,2026-09-12 05:43:02,2026-09-12 07:00:12
scratch,0,0.1,0.1,17,0,2.159461786835989,1.8876341290629344,2.436474625376792,0.5488404963138578,1.618014445253809,2.7204299551862485,False,0,1.50276736838714,0.0,2.5,C_ref,2026-09-12 05:43:02,2026-09-12 07:00:12
scratch,0,0.1,0.1,18,0,2.361751713840015,2.0913006099082656,2.6387578182420306,0.547457208333765,1.825601127681751,2.92344110286524,False,0,0.2522790564908064,1.0,2.5,C_ref,2026-09-12 05:43:02,2026-09-12 07:00:12
scratch,0,0.1,0.1,19,0,2.3150705946811097,2.043930307804629,2.592466868279094,0.548536560474465,1.7770013903032382,2.877311498419238,False,0,0.447902441414044,1.0,2.5,C_ref,2026-09-12 05:43:02,2026-09-12 07:00:12
scratch,0,0.1,0.1,20,0,2.253658931789168,1.9800489925909888,2.533033717094775,0.552984724503786,1.709851733553733,2.819667394907784,False,0,0.7794817899775808,1.0,2.5,C_ref,2026-09-12 05:43:02,2026-09-12 07:00:12
scratch,0,0.1,0.1,21,0,2.408838578357087,2.138300885817209,2.686117880223005,0.5478169944057965,1.8728290083966803,2.9712720791861456,False,0,0.1099784331599948,1.0,2.5,C_ref,2026-09-12 05:43:02,2026-09-12 07:00:12
scratch,0,0.1,0.1,22,0,2.296253426414236,2.0239727628664848,2.574657419448664,0.5506846565821792,1.7556794949965917,2.8604961164991605,False,0,0.5389151505696645,1.0,2.5,C_ref,2026-09-12 05:43:02,2026-09-12 07:00:12
scratch,0,0.1,0.1,23,0,2.2578658582042275,1.9866483305536464,2.534929668826599,0.5482813382729523,1.7188719506515813,2.819309171696078,False,0,0.7658578116679564,1.0,2.5,C_ref,2026-09-12 05:43:02,2026-09-12 07:00:12
scratch,0,0.1,0.1,24,0,2.251899235544476,1.98107567921502,2.5285529184271582,0.5474772392121385,1.7137611198936007,2.812440671871041,False,0,0.8061311165838561,1.0,2.5,C_ref,2026-09-12 05:43:02,2026-09-12 07:00:12
scratch,0,0.1,0.1,25,0,2.115789264633689,1.8435744180263225,2.392800766033835,0.5492263480075124,1.5728767709741265,2.6764181127578657,False,0,1.906814108016988,0.0,2.5,C_ref,2026-09-12 05:43:02,2026-09-12 07:00:12
scratch,0,0.1,0.1,26,0,2.240068684553928,1.969487205699116,2.5164493183470547,0.5469621126479387,1.702366322279232,2.800149398253988,False,0,0.8855487403488951,1.0,2.5,C_ref,2026-09-12 05:43:02,2026-09-12 07:00:12
scratch,0,0.1,0.1,27,0,2.254519881355853,1.983463105482264,2.531417146585944,0.5479540411036798,1.7158413166614592,2.815501297172052,False,0,0.7879503709009441,1.0,2.5,C_ref,2026-09-12 05:43:02,2026-09-12 07:00:12
scratch,0,0.1,0.1,28,0,2.313476283831549,2.042086715165674,2.591163000077516,0.549076284911842,1.774964886495435,2.8763374862754425,False,0,0.4548085298083606,1.0,2.5,C_ref,2026-09-12 05:43:02,2026-09-12 07:00:12
scratch,0,0.1,0.1,29,0,2.242522729199956,1.9697421307557896,2.520992918079903,0.5512507873241133,1.7002354114256122,2.806595885541725,False,0,0.8563492410139588,1.0,2.5,C_ref,2026-09-12 05:43:02,2026-09-12 07:00:12
scratch,0,0.1,0.1,30,0,2.2730731935557853,2.004901907247507,2.5474629720169686,0.5425610647694614,1.740760486612864,2.8293641692152143,False,0,0.6867975868881331,1.0,2.5,C_ref,2026-09-12 05:43:02,2026-09-12 07:00:12
scratch,0,0.1,0.1,31,0,2.313662520574054,2.042142108974605,2.5914180454971527,0.5492759365225477,1.7748219014737232,2.87661241778764,False,0,0.453634261895786,1.0,2.5,C_ref,2026-09-12 05:43:02,2026-09-12 07:00:12
scratch,0,0.1,0.1,32,0,2.3093919295892054,2.037231911323285,2.587715748338882,0.5504838370155976,1.7690727270540103,2.8735101640205856,False,0,0.4726067273441003,1.0,2.5,C_ref,2026-09-12 05:43:02,2026-09-12 07:00:12
scratch,0,0.1,0.1,33,0,2.238327044543398,1.9667123856927868,2.515801476430205,0.549089090737418,1.6985371858961025,2.800607726954806,False,0,0.890318933135859,1.0,2.5,C_ref,2026-09-12 05:43:02,2026-09-12 07:00:12
scratch,0,0.1,0.1,34,0,2.2497174079309987,1.9763109471607785,2.528879592463495,0.5525686453027165,1.7061351286729514,2.81522098242298,False,0,0.8056978757704201,1.0,2.5,C_ref,2026-09-12 05:43:02,2026-09-12 07:00:12
scratch,0,0.1,0.1,35,0,2.2400350229562886,1.967715197066237,2.5179488577482343,0.5502336606819973,1.6983607803739984,2.802999279473708,False,0,0.8761729503785318,1.0,2.5,C_ref,2026-09-12 05:43:02,2026-09-12 07:00:12
scratch,0,0.1,0.1,36,0,2.3776324053229634,2.107380758577488,2.654517892767153,0.5471371341896649,1.841960690652502,2.939205009015127,False,0,0.1980720004321483,1.0,2.5,C_ref,2026-09-12 05:43:02,2026-09-12 07:00:12
scratch,0,0.1,0.1,37,0,2.370367062833041,2.099000839725861,2.6482508159940537,0.5492499762681926,1.8323406371455464,2.9338154579281213,False,0,0.2205989340545784,1.0,2.5,C_ref,2026-09-12 05:43:02,2026-09-12 07:00:12
scratch,0,0.1,0.1,38,0,2.421498233499042,2.150974353547812,2.698736274217027,0.5477619206692155,1.8855307566150807,2.983741279430565,False,0,0.0816632916321395,1.0,2.5,C_ref,2026-09-12 05:43:02,2026-09-12 07:00:12
scratch,0,0.1,0.1,39,0,2.2367981928230822,1.9646831832587264,2.5143912901319654,0.5497081068732388,1.6953663166800528,2.799048077309068,False,0,0.8998106719736825,1.0,2.5,C_ref,2026-09-12 05:43:02,2026-09-12 07:00:12
scratch,0,0.1,0.1,40,0,2.334933923454631,2.063597878763727,2.6127092312768427,0.5491113525131159,1.7967356363926017,2.898085364898903,False,0,0.356525852712366,1.0,2.5,C_ref,2026-09-12 05:43:02,2026-09-12 07:00:12
scratch,0,0.1,0.1,41,0,2.2402697272795025,1.967962204569521,2.5183900172375293,0.5504278126680076,1.699079266726801,2.803736605949525,False,0,0.8733812578393554,1.0,2.5,C_ref,2026-09-12 05:43:02,2026-09-12 07:00:12
scratch,0,0.1,0.1,42,0,2.36990303308024,2.0996005470473604,2.64689235277818,0.5472918057308189,1.8343377498629272,2.9317227190406667,False,0,0.2236572999536292,1.0,2.5,C_ref,2026-09-12 05:43:02,2026-09-12 07:00:12
scratch,0,0.1,0.1,43,0,2.225623567634976,1.9534769072647136,2.5035169071288133,0.5500399998640997,1.68460620568455,2.7886081550304858,False,0,0.9748677120624052,1.0,2.5,C_ref,2026-09-12 05:43:02,2026-09-12 07:00:12
scratch,0,0.1,0.1,44,0,2.202204171586562,1.9288024519974187,2.4810760263071785,0.5522735743097598,1.6582132935997225,2.7669577442943374,False,0,1.1383791535808996,0.0,2.5,C_ref,2026-09-12 05:43:02,2026-09-12 07:00:12
scratch,0,0.1,0.1,45,0,2.169464330973773,1.897451429896978,2.446809329005676,0.5493578991086976,1.627954166574872,2.731156415803791,False,0,1.4135897462001594,0.0,2.5,C_ref,2026-09-12 05:43:02,2026-09-12 07:00:12
scratch,0,0.1,0.1,46,0,2.265995905037598,1.9944576101479363,2.5435113738301696,0.549053763682233,1.7266179271490931,2.828356574600273,False,0,0.7134953480308468,1.0,2.5,C_ref,2026-09-12 05:43:02,2026-09-12 07:00:12
scratch,0,0.1,0.1,47,0,2.352282686864691,2.081943274081413,2.6291820942526707,0.5472388201712577,1.8162609942761776,2.913766234865487,False,0,0.287993553418346,1.0,2.5,C_ref,2026-09-12 05:43:02,2026-09-12 07:00:12
scratch,1,0.1,0.1,0,0,0.3425302636995569,0.12265372307645886,1.0228434958961738,0.900189772819715,0.040930736664242,1.363610700454008,False,0,0.010195057955570519,1.0,0.4,C_ref,2026-09-13 04:31:38,2026-09-13 05:40:08
scratch,1,0.1,0.1,1,0,0.2495247413989941,0.09647964777334057,1.0108039481186306,0.91432430034529,0.02973478687100556,1.3831589089320113,False,0,0.15477887893575826,1.0,0.4,C_ref,2026-09-13 04:31:38,2026-09-13 05:40:08
scratch,1,0.1,0.1,2,0,0.8294179340491301,0.08613219785029562,1.1930411361895685,1.106908938339273,0.025194831586872777,1.502677919234924,False,0,0.17602783502297825,1.0,0.4,C_ref,2026-09-13 04:31:38,2026-09-13 05:40:08
scratch,1,0.1,0.1,3,0,0.8476327935651422,0.08891202599624254,1.2038868143813444,1.1149747883851018,0.025315376394891332,1.5117889377673233,False,0,0.25612003161222674,1.0,0.4,C_ref,2026-09-13 04:31:38,2026-09-13 05:40:08
scratch,1,0.1,0.1,4,0,0.7943914115798202,0.09574989025875577,1.1658971237160685,1.0701472334573128,0.02949114854213756,1.4753338961871907,False,0,0.11350349367785384,1.0,0.4,C_ref,2026-09-13 04:31:38,2026-09-13 05:40:08
scratch,1,0.1,0.1,5,0,0.7055580634679883,0.125854467009271,1.102101054695461,0.9762465876861901,0.039588802946755576,1.418311517221965,False,0,0.09810749390089768,1.0,0.4,C_ref,2026-09-13 04:31:38,2026-09-13 05:40:08
scratch,1,0.1,0.1,6,0,0.31318800285771886,0.11621606844015929,1.0335234135123015,0.9173073450721422,0.038652681503394605,1.3739288438948483,False,0,0.029026288611930795,1.0,0.4,C_ref,2026-09-13 04:31:38,2026-09-13 05:40:08
scratch,1,0.1,0.1,7,0,0.6845007758355572,0.11274421311045418,1.1012316476844228,0.9884874345739687,0.03656452402127785,1.4202975454641085,False,0,0.023374956119369017,1.0,0.4,C_ref,2026-09-13 04:31:38,2026-09-13 05:40:08
scratch,1,0.1,0.1,8,0,0.2406203376721682,0.09301416355064927,1.0553024095792214,0.9622882460285721,0.028397443852622786,1.418153429001926,False,0,0.17834221760131186,1.0,0.4,C_ref,2026-09-13 04:31:38,2026-09-13 05:40:08
scratch,1,0.1,0.1,9,0,0.2999988821510993,0.11033445801172341,1.0949635926232888,0.9846291346115654,0.03615718524400718,1.4186014289786395,False,0,0.034279472780326614,1.0,0.4,C_ref,2026-09-13 04:31:38,2026-09-13 05:40:08
scratch,1,0.1,0.1,10,0,0.8397262305547054,0.09510250492251536,1.1972465636522023,1.102144058729687,0.027082251609866687,1.5056461706644926,False,0,0.26136037357355235,1.0,0.4,C_ref,2026-09-13 04:31:38,2026-09-13 05:40:08
scratch,1,0.1,0.1,11,0,0.6599137663412497,0.11761438607694699,1.0904335581584628,0.9728191720815158,0.0372928273159101,1.4146436540828664,False,0,0.027465668063086923,1.0,0.4,C_ref,2026-09-13 04:31:38,2026-09-13 05:40:08
scratch,1,0.1,0.1,12,0,0.20149535013065775,0.07629644443475167,1.1290274111619294,1.0527309667271778,0.020663571010421728,1.476327315615424,False,0,0.32743231889253366,1.0,0.4,C_ref,2026-09-13 04:31:38,2026-09-13 05:40:08
scratch,1,0.1,0.1,13,0,0.8299169499730246,0.08167874312471714,1.1949636292182635,1.1132848860935463,0.02276913042870005,1.5065099199418597,False,0,0.18430313668068266,1.0,0.4,C_ref,2026-09-13 04:31:38,2026-09-13 05:40:08
scratch,1,0.1,0.1,14,0,0.23092530460129648,0.09318686878037101,0.9235472283011795,0.8303603595208086,0.029504944859813143,1.3419442832916162,False,0,0.26353234202906606,1.0,0.4,C_ref,2026-09-13 04:31:38,2026-09-13 05:40:08
scratch,1,0.1,0.1,15,0,0.8497301015305724,0.08774408567374858,1.2051371937350273,1.1173931080612787,0.025098280129992073,1.512657600916263,False,0,0.25114772437882493,1.0,0.4,C_ref,2026-09-13 04:31:38,2026-09-13 05:40:08
scratch,1,0.1,0.1,16,0,0.921969353753087,0.07844449910448584,1.2616719462408374,1.1832274471363515,0.020002027043550863,1.565275693160429,False,0,0.4682297310610011,1.0,0.4,C_ref,2026-09-13 04:31:38,2026-09-13 05:40:08
scratch,1,0.1,0.1,17,0,0.40998872761477295,0.1383395669588813,0.990384928107974,0.8520453611490927,0.04801475669812766,1.3296147550055097,False,0,0.00022240560429054312,1.0,0.4,C_ref,2026-09-13 04:31:38,2026-09-13 05:40:08
scratch,1,0.1,0.1,18,0,0.7937184631033449,0.10006259863801066,1.1650302867731122,1.0649676881351016,0.029903041311972724,1.4761038588243818,False,0,0.15372211456633522,1.0,0.4,C_ref,2026-09-13 04:31:38,2026-09-13 05:40:08
scratch,1,0.1,0.1,19,0,0.22393801929011567,0.08717068104679467,1.0384854891581152,0.9513148081113205,0.026203418970351486,1.4134033178335272,False,0,0.25091021131083835,1.0,0.4,C_ref,2026-09-13 04:31:38,2026-09-13 05:40:08
scratch,1,0.1,0.1,20,0,0.3267331476953961,0.11637796500665401,1.055192923119258,0.9388149581126041,0.03801233888032444,1.3894230381975279,False,0,0.015490950336243259,1.0,0.4,C_ref,2026-09-13 04:31:38,2026-09-13 05:40:08
scratch,1,0.1,0.1,21,0,0.21002415647156503,0.0793561543091116,1.1945817760616408,1.1152256217525292,0.02235513521843041,1.5105987099040947,False,0,0.2600096385322104,1.0,0.4,C_ref,2026-09-13 04:31:38,2026-09-13 05:40:08
scratch,1,0.1,0.1,22,0,0.2880968043238093,0.10470972017710543,1.1005395174753867,0.9958297972982812,0.03285186817019345,1.42643160731276,False,0,0.04421982270650915,1.0,0.4,C_ref,2026-09-13 04:31:38,2026-09-13 05:40:08
scratch,1,0.1,0.1,23,0,0.2964640701943288,0.1095204737126527,1.0616442978192557,0.952123824106603,0.03571494105300807,1.3948019257630302,False,0,0.04105296987836482,1.0,0.4,C_ref,2026-09-13 04:31:38,2026-09-13 05:40:08
scratch,1,0.1,0.1,24,0,0.27213939608936955,0.10393215930462982,1.049668008075667,0.9457358487710372,0.033472689344209564,1.3943069959559655,False,0,0.08618655417740229,1.0,0.4,C_ref,2026-09-13 04:31:38,2026-09-13 05:40:08
scratch,1,0.1,0.1,25,0,0.3811171137258289,0.14077140751782025,0.9419369151127024,0.8011655075948821,0.04996264505686124,1.293932580572931,False,0,0.0014845521909592208,1.0,0.4,C_ref,2026-09-13 04:31:38,2026-09-13 05:40:08
scratch,1,0.1,0.1,26,0,0.32373134122699276,0.11860635228983328,1.0340776448829363,0.915471292593103,0.03947051941073905,1.3734503759469263,False,0,0.02049698787232046,1.0,0.4,C_ref,2026-09-13 04:31:38,2026-09-13 05:40:08
scratch,1,0.1,0.1,27,0,0.2968413057359736,0.10945677479241969,1.063549724075335,0.9540929492829154,0.03572301761119878,1.395390937092878,False,0,0.039896640249935444,1.0,0.4,C_ref,2026-09-13 04:31:38,2026-09-13 05:40:08
scratch,1,0.1,0.1,28,0,0.7391216092381946,0.11249387260612174,1.1265557498497076,1.0140618772435859,0.034792806202231207,1.4415269180201253,False,0,0.1061856310479925,1.0,0.4,C_ref,2026-09-13 04:31:38,2026-09-13 05:40:08
scratch,1,0.1,0.1,29,0,0.2684831561192439,0.10207363711427106,1.048727252663778,0.946653615549507,0.03233920936830432,1.397863214025978,False,0,0.09330876986132353,1.0,0.4,C_ref,2026-09-13 04:31:38,2026-09-13 05:40:08
scratch,1,0.1,0.1,30,0,0.3247812525532435,0.11633787141949031,1.0888297111631804,0.9724918397436901,0.03863233023725209,1.4084308801717205,False,0,0.013963306555524468,1.0,0.4,C_ref,2026-09-13 04:31:38,2026-09-13 05:40:08
scratch,1,0.1,0.1,31,0,0.22823528063610243,0.08701633331380039,1.0999340825356283,1.012917749221828,0.02579549868587497,1.4438987390947542,False,0,0.20096334027766716,1.0,0.4,C_ref,2026-09-13 04:31:38,2026-09-13 05:40:08
scratch,1,0.1,0.1,32,0,0.7065752304269096,0.10919574786638925,1.1130103253232488,1.0038145774568596,0.0347278443862621,1.4310880439884595,False,0,0.03980166787005146,1.0,0.4,C_ref,2026-09-13 04:31:38,2026-09-13 05:40:08
scratch,1,0.1,0.1,33,0,0.6328748068435887,0.1397054104661979,1.0624030762745482,0.9226976658083503,0.04657560279875128,1.384343209405417,False,0,0.053635196079994785,1.0,0.4,C_ref,2026-09-13 04:31:38,2026-09-13 05:40:08
scratch,1,0.1,0.1,34,0,0.3074591619806707,0.11188346579771935,1.0653907765392883,0.9535073107415689,0.03623697593012028,1.4003927854774265,False,0,0.029967761594889453,1.0,0.4,C_ref,2026-09-13 04:31:38,2026-09-13 05:40:08
scratch,1,0.1,0.1,35,0,0.26021820776890375,0.1042366199250168,0.9186080323141032,0.8143714123890864,0.03434314794059172,1.3266911753744979,False,0,0.1550272293134185,1.0,0.4,C_ref,2026-09-13 04:31:38,2026-09-13 05:40:08
scratch,1,0.1,0.1,36,0,0.22852262896727307,0.08693883539318807,1.1444490716348295,1.0575102362416413,0.02584898792157418,1.4682761547691834,False,0,0.18608865558417165,1.0,0.4,C_ref,2026-09-13 04:31:38,2026-09-13 05:40:08
scratch,1,0.1,0.1,37,0,0.22935240423668465,0.08733925340089489,1.0926511907876675,1.0053119373867725,0.025984737854788175,1.4364056034831434,False,0,0.19438314911531052,1.0,0.4,C_ref,2026-09-13 04:31:38,2026-09-13 05:40:08
scratch,1,0.1,0.1,38,0,0.2395355106917809,0.08963546157945687,1.1668926424695747,1.077257180890118,0.026765746852936593,1.4821402081588235,False,0,0.13781456901415368,1.0,0.4,C_ref,2026-09-13 04:31:38,2026-09-13 05:40:08
scratch,1,0.1,0.1,39,0,0.2717046675361128,0.10726343111261562,0.9589739126920136,0.851710481579398,0.03558472830630779,1.3408705417039652,False,0,0.1119847046029463,1.0,0.4,C_ref,2026-09-13 04:31:38,2026-09-13 05:40:08
scratch,1,0.1,0.1,40,0,0.25978467214743084,0.09756662373320898,1.0933848399179242,0.9958182161847152,0.029800401923469947,1.4296988618645357,False,0,0.10082033577054972,1.0,0.4,C_ref,2026-09-13 04:31:38,2026-09-13 05:40:08
scratch,1,0.1,0.1,41,0,0.38341668870191137,0.13103103620821704,0.9981074240144066,0.8670763878061896,0.04468085695893624,1.3375924017468097,False,0,0.000656416636047652,1.0,0.4,C_ref,2026-09-13 04:31:38,2026-09-13 05:40:08
scratch,1,0.1,0.1,42,0,0.24621171907998385,0.09261732470032066,1.139534684908611,1.0469173602082904,0.028038655743501534,1.460968409615886,False,0,0.12339592478747363,1.0,0.4,C_ref,2026-09-13 04:31:38,2026-09-13 05:40:08
scratch,1,0.1,0.1,43,0,0.37408217091941626,0.13090041828271154,1.0029299906997633,0.8720295724170517,0.044888035736795374,1.3447317629447557,False,0,0.0018081387279380579,1.0,0.4,C_ref,2026-09-13 04:31:38,2026-09-13 05:40:08
scratch,1,0.1,0.1,44,0,0.37041365719499375,0.12670969530131213,1.0238041928231236,0.8970944975218115,0.042489145417286385,1.3603268528627137,False,0,0.0020166713038634043,1.0,0.4,C_ref,2026-09-13 04:31:38,2026-09-13 05:40:08
scratch,1,0.1,0.1,45,0,0.3633697624791166,0.13325094741167198,0.9502302775172025,0.8169793301055305,0.046277828446770815,1.3035326043339124,False,0,0.005317330731486436,1.0,0.4,C_ref,2026-09-13 04:31:38,2026-09-13 05:40:08
scratch,1,0.1,0.1,46,0,0.2803631350279672,0.10556126488371123,1.049887704588736,0.9443264397050248,0.03381588823566388,1.3945467409527952,False,0,0.0690819527117128,1.0,0.4,C_ref,2026-09-13 04:31:38,2026-09-13 05:40:08
scratch,1,0.1,0.1,47,0,0.24117698644482416,0.09129854985026561,1.1401724689164894,1.0488739190662237,0.0276506089079955,1.4622655506759052,False,0,0.14264211709814845,1.0,0.4,C_ref,2026-09-13 04:31:38,2026-09-13 05:40:08
scratch,1,0.1,0.1,0,0,2.282914931874322,2.008014113191401,2.564123020397091,0.5561089072056902,1.7373687756269007,2.8529463026323367,False,0,0.5991681496416277,1.0,2.5,C_ref,2026-09-13 04:31:38,2026-09-13 05:40:08
scratch,1,0.1,0.1,1,0,2.3350355415843773,2.060460686187985,2.615973766259025,0.5555130800710399,1.7904492529614398,2.9044728967717663,False,0,0.3480895708198659,1.0,2.5,C_ref,2026-09-13 04:31:38,2026-09-13 05:40:08
scratch,1,0.1,0.1,2,0,2.4299415173808554,2.1568038844177675,2.7101125884653485,0.553308704047581,1.889114697591342,2.998235691515953,False,0,0.06379890498647,1.0,2.5,C_ref,2026-09-13 04:31:38,2026-09-13 05:40:08
scratch,1,0.1,0.1,3,0,2.4459492619775642,2.172743652814435,2.726209492952002,0.5534658401375672,1.9051620715146302,3.0144708319072695,False,0,0.037794026466144715,1.0,2.5,C_ref,2026-09-13 04:31:38,2026-09-13 05:40:08
scratch,1,0.1,0.1,4,0,2.3798801745878846,2.1087190029775895,2.6579249284272155,0.549205925449626,1.8428547580114933,2.9439152876503156,False,0,0.18946693055841024,1.0,2.5,C_ref,2026-09-13 04:31:38,2026-09-13 05:40:08
scratch,1,0.1,0.1,5,0,2.3196393364879033,2.047047688100779,2.5987327724877605,0.5516850843869814,1.7790549468108403,2.8854744761568285,False,0,0.4213791928741557,1.0,2.5,C_ref,2026-09-13 04:31:38,2026-09-13 05:40:08
scratch,1,0.1,0.1,6,0,2.280076647332356,2.0069288567543047,2.559545024579946,0.5526161678256414,1.7379911393190657,2.8465455102742228,False,0,0.6225838651407685,1.0,2.5,C_ref,2026-09-13 04:31:38,2026-09-13 05:40:08
scratch,1,0.1,0.1,7,0,2.347114058710637,2.0742820441700642,2.6265517823220015,0.5522697381519373,1.806265861298224,2.9137233525604804,False,0,0.3027112109812151,1.0,2.5,C_ref,2026-09-13 04:31:38,2026-09-13 05:40:08
scratch,1,0.1,0.1,8,0,2.3714192960166183,2.096442133585104,2.6530126505597433,0.5565705169746393,1.8262798450063003,2.9423705248490823,False,0,0.21135791522465297,1.0,2.5,C_ref,2026-09-13 04:31:38,2026-09-13 05:40:08
scratch,1,0.1,0.1,9,0,2.3420681243643915,2.069003425738515,2.6217605768043684,0.5527571510658533,1.8008264088110673,2.9092180209372227,False,0,0.32238111996048247,1.0,2.5,C_ref,2026-09-13 04:31:38,2026-09-13 05:40:08
scratch,1,0.1,0.1,10,0,2.446309878692821,2.1729012445089833,2.726757193659239,0.5538559491502557,1.90508182360018,3.015193803684469,False,0,0.037274062477081316,1.0,2.5,C_ref,2026-09-13 04:31:38,2026-09-13 05:40:08
scratch,1,0.1,0.1,11,0,2.3254882482948607,2.049500563701945,2.6077735581954005,0.5582729944934552,1.7779668464833294,2.89755406720827,False,0,0.38559137000265764,1.0,2.5,C_ref,2026-09-13 04:31:38,2026-09-13 05:40:08
scratch,1,0.1,0.1,12,0,2.4537155905732155,2.1786795785399784,2.735768666467553,0.5570890879275745,1.9092204238232644,3.025833910230004,False,0,0.02735523734736489,1.0,2.5,C_ref,2026-09-13 04:31:38,2026-09-13 05:40:08
scratch,1,0.1,0.1,13,0,2.457333964721704,2.1825042845682936,2.7391988645879812,0.5566945800196876,1.9132306296700294,3.02901074463361,False,0,0.023345567253272748,1.0,2.5,C_ref,2026-09-13 04:31:38,2026-09-13 05:40:08
scratch,1,0.1,0.1,14,0,2.314325600323089,2.043002705554435,2.5922024995864543,0.5491997940320195,1.7763687778792174,2.8777646393904353,False,0,0.45011808983326773,1.0,2.5,C_ref,2026-09-13 04:31:38,2026-09-13 05:40:08
scratch,1,0.1,0.1,15,0,2.4507643662264487,2.17767847937899,2.7310135490776832,0.5533350696986932,1.9102894805884587,3.019349345197494,False,0,0.03155704605160281,1.0,2.5,C_ref,2026-09-13 04:31:38,2026-09-13 05:40:08
scratch,1,0.1,0.1,16,0,2.529822209129652,2.256447633195573,2.810541792517934,0.5540941593223612,1.9890891759306628,3.099411360310318,False,0,0.011627422685705824,1.0,2.5,C_ref,2026-09-13 04:31:38,2026-09-13 05:40:08
scratch,1,0.1,0.1,17,0,2.2299305966786336,1.956192363374171,2.50959942645351,0.5534070630793391,1.6860168928346564,2.7965334982464536,False,0,0.9332673323769995,1.0,2.5,C_ref,2026-09-13 04:31:38,2026-09-13 05:40:08
scratch,1,0.1,0.1,18,0,2.4125261250444536,2.1399108207963287,2.6920219218706416,0.5521111010743129,1.8727252457391972,2.979440202971255,False,0,0.09966338474987424,1.0,2.5,C_ref,2026-09-13 04:31:38,2026-09-13 05:40:08
scratch,1,0.1,0.1,19,0,2.3789092581739864,2.10583562596536,2.6586889634648676,0.5528533374995077,1.8376958182746075,2.9462405713430457,False,0,0.19007047287232126,1.0,2.5,C_ref,2026-09-13 04:31:38,2026-09-13 05:40:08
scratch,1,0.1,0.1,20,0,2.2991249358707377,2.0243648059506136,2.5802130019311056,0.555848195980492,1.7538319841870826,2.86881999325337,False,0,0.5143532824913564,1.0,2.5,C_ref,2026-09-13 04:31:38,2026-09-13 05:40:08
scratch,1,0.1,0.1,21,0,2.4531221436160027,2.1797615114347395,2.73357294464226,0.5538114332075206,1.9121596148762363,3.0221044117633955,False,0,0.028447501375922002,1.0,2.5,C_ref,2026-09-13 04:31:38,2026-09-13 05:40:08
scratch,1,0.1,0.1,22,0,2.3416139787772248,2.0673216030127377,2.6223786232001207,0.555057020187383,1.7976373712926275,2.910804038137299,False,0,0.32168851498136064,1.0,2.5,C_ref,2026-09-13 04:31:38,2026-09-13 05:40:08
scratch,1,0.1,0.1,23,0,2.3074970659764324,2.0349613960010724,2.5865066508081336,0.5515452548070612,1.766954824009627,2.8732010758772972,False,0,0.47967023725504987,1.0,2.5,C_ref,2026-09-13 04:31:38,2026-09-13 05:40:08
scratch,1,0.1,0.1,24,0,2.3127977516656726,2.040278304298681,2.591714313822981,0.5514360095242998,1.7723310229932256,2.8782353629668953,False,0,0.4541434679304075,1.0,2.5,C_ref,2026-09-13 04:31:38,2026-09-13 05:40:08
scratch,1,0.1,0.1,25,0,2.1962546857854917,1.923076126402682,2.4750186562678316,0.5519425298651495,1.6529804468052225,2.760892231125914,False,0,1.1844025916398095,0.0,2.5,C_ref,2026-09-13 04:31:38,2026-09-13 05:40:08
scratch,1,0.1,0.1,26,0,2.293658313943966,2.020260955862175,2.5733262786588975,0.5530653227967224,1.75122477538661,2.8605552719122893,False,0,0.5477512380748522,1.0,2.5,C_ref,2026-09-13 04:31:38,2026-09-13 05:40:08
scratch,1,0.1,0.1,27,0,2.318828922972034,2.046847721093442,2.5972989353158207,0.5504512142223787,1.7794390498509165,2.8834586053037388,False,0,0.4269906624685973,1.0,2.5,C_ref,2026-09-13 04:31:38,2026-09-13 05:40:08
scratch,1,0.1,0.1,28,0,2.369994034773644,2.096497421550363,2.650260036744695,0.5537626151943322,1.8280117725919631,2.9383169282829904,False,0,0.2182058588914515,1.0,2.5,C_ref,2026-09-13 04:31:38,2026-09-13 05:40:08
scratch,1,0.1,0.1,29,0,2.3251094600046,2.0507339157262567,2.605894830896065,0.5551609151698083,1.7809555027723898,2.8942838334816794,False,0,0.39138631433888804,1.0,2.5,C_ref,2026-09-13 04:31:38,2026-09-13 05:40:08
scratch,1,0.1,0.1,30,0,2.3289040444320612,2.0579785306167393,2.6063826548877653,0.548404124271026,1.791804074712236,2.8916140520446882,False,0,0.38390532559424173,1.0,2.5,C_ref,2026-09-13 04:31:38,2026-09-13 05:40:08
scratch,1,0.1,0.1,31,0,2.383569239141723,2.1097694170310515,2.6640570060201503,0.5542875889890988,1.8410771896835665,2.9523564708745225,False,0,0.17476685345900478,1.0,2.5,C_ref,2026-09-13 04:31:38,2026-09-13 05:40:08
scratch,1,0.1,0.1,32,0,2.360757728787567,2.087375229489213,2.6408778523716414,0.5535026228824282,1.8189591559686569,2.9288088350016515,False,0,0.2503343462776684,1.0,2.5,C_ref,2026-09-13 04:31:38,2026-09-13 05:40:08
scratch,1,0.1,0.1,33,0,2.2741813428291726,2.000846043213995,2.5537250351784833,0.5528789919644881,1.7317466932605938,2.8407741099015427,False,0,0.6554525538595044,1.0,2.5,C_ref,2026-09-13 04:31:38,2026-09-13 05:40:08
scratch,1,0.1,0.1,34,0,2.3068425450381786,2.031932808849879,2.588082122892142,0.5561493140422629,1.761371884324639,2.876869135320476,False,0,0.47527515269757714,1.0,2.5,C_ref,2026-09-13 04:31:38,2026-09-13 05:40:08
scratch,1,0.1,0.1,35,0,2.287285154694767,2.0127981628956544,2.5678986984849677,0.5551005355893133,1.7422785494283608,2.8559410447338904,False,0,0.5779054157646897,1.0,2.5,C_ref,2026-09-13 04:31:38,2026-09-13 05:40:08
scratch,1,0.1,0.1,36,0,2.4170821075613396,2.1445432581887647,2.6966133596288335,0.5520701014400688,1.8774510592628857,2.984127367886382,False,0,0.0895414236583747,1.0,2.5,C_ref,2026-09-13 04:31:38,2026-09-13 05:40:08
scratch,1,0.1,0.1,37,0,2.4061799491982843,2.1328379819153063,2.686394161741385,0.5535561798260789,1.8647982796024474,2.974502454465353,False,0,0.11389051664446015,1.0,2.5,C_ref,2026-09-13 04:31:38,2026-09-13 05:40:08
scratch,1,0.1,0.1,38,0,2.436293800570708,2.1628154328237543,2.71676870104097,0.5539532682172155,1.89485293345118,3.005206568357135,False,0,0.05248414085508557,1.0,2.5,C_ref,2026-09-13 04:31:38,2026-09-13 05:40:08
scratch,1,0.1,0.1,39,0,2.298368598464555,2.024995126807915,2.5780625650139415,0.5530674382060266,1.7558636835126393,2.8653221935599316,False,0,0.5232591528583725,1.0,2.5,C_ref,2026-09-13 04:31:38,2026-09-13 05:40:08
scratch,1,0.1,0.1,40,0,2.373653226324526,2.0989322595292723,2.655030370750134,0.5560981112208618,1.8291982456097422,2.9441948007325185,False,0,0.20432527032971848,1.0,2.5,C_ref,2026-09-13 04:31:38,2026-09-13 05:40:08
scratch,1,0.1,0.1,41,0,2.2655366747280428,1.991672361056227,2.5454844774705423,0.5538121164143153,1.7218112131046708,2.8328357751328426,False,0,0.7039856415140093,1.0,2.5,C_ref,2026-09-13 04:31:38,2026-09-13 05:40:08
scratch,1,0.1,0.1,42,0,2.4156683541478126,2.1426373559801664,2.6956175128653586,0.5529801568851922,1.8750067472184355,2.983484716887451,False,0,0.09219590694556246,1.0,2.5,C_ref,2026-09-13 04:31:38,2026-09-13 05:40:08
scratch,1,0.1,0.1,43,0,2.2672612120306224,1.9927108210083728,2.547893411118858,0.555182590110485,1.722058875793613,2.8359234444156542,False,0,0.6905302968189062,1.0,2.5,C_ref,2026-09-13 04:31:38,2026-09-13 05:40:08
scratch,1,0.1,0.1,44,0,2.2676700425204634,1.9932812040889274,2.5481695314778294,0.554888327388902,1.72281362078139,2.8360866359502763,False,0,0.6888073993031867,1.0,2.5,C_ref,2026-09-13 04:31:38,2026-09-13 05:40:08
scratch,1,0.1,0.1,45,0,2.2161955059682157,1.9417305569261134,2.496435022179003,0.5547044652528896,1.6706645535389362,2.7839062532434142,False,0,1.025009161880007,0.0,2.5,C_ref,2026-09-13 04:31:38,2026-09-13 05:40:08
scratch,1,0.1,0.1,46,0,2.340871887012269,2.0670498266415365,2.621214517108234,0.5541646904666977,1.7978685506759307,2.909225000179613,False,0,0.32572641755177756,1.0,2.5,C_ref,2026-09-13 04:31:38,2026-09-13 05:40:08
scratch,1,0.1,0.1,47,0,2.4043155729794874,2.1317707862920665,2.6838080397370185,0.552037253444952,1.8646726377469969,2.971265901398047,False,0,0.11903783408706659,1.0,2.5,C_ref,2026-09-13 04:31:38,2026-09-13 05:40:08
scratch,2,0.1,0.1,0,0,0.44879093088219896,0.1676940649492843,0.8468554851016684,0.6791614201523841,0.05294245406389209,1.195743912940191,False,0,0.016147446032846346,1.0,0.4,C_ref,2026-09-13 06:50:13,2026-09-13 08:22:53
scratch,2,0.1,0.1,1,0,0.3796416694115294,0.13271978552738914,0.833926794212006,0.7012070086846168,0.039172562822794806,1.2040279682346005,False,0,0.0024367485275433864,1.0,0.4,C_ref,2026-09-13 06:50:13,2026-09-13 08:22:53
scratch,2,0.1,0.1,2,0,0.47728257364723126,0.1344914944486865,0.9478986659306751,0.8134071714819886,0.0366204364734673,1.2995765342113799,False,0,0.017841387176304124,1.0,0.4,C_ref,2026-09-13 06:50:13,2026-09-13 08:22:53
scratch,2,0.1,0.1,3,0,0.5244861967284985,0.1317639708602862,0.9793069790291777,0.8475430081688915,0.03465725526866256,1.3231868673664282,False,0,0.037317779861041345,1.0,0.4,C_ref,2026-09-13 06:50:13,2026-09-13 08:22:53
scratch,2,0.1,0.1,4,0,0.39922034929646166,0.13222689766489162,0.8795796225777729,0.7473527249128813,0.03862045545583073,1.244197338717412,False,0,0.0,1.0,0.4,C_ref,2026-09-13 06:50:13,2026-09-13 08:22:53
scratch,2,0.1,0.1,5,0,0.45802090203299234,0.15910711769557287,0.8742707864078799,0.7151636687123071,0.04797944911719714,1.222920624796634,False,0,0.01883316993553308,1.0,0.4,C_ref,2026-09-13 06:50:13,2026-09-13 08:22:53
scratch,2,0.1,0.1,6,0,0.4418872821475701,0.1573246344453263,0.8575540030466413,0.700229368601315,0.04826871770798461,1.2099623848230845,False,0,0.010508672017749632,1.0,0.4,C_ref,2026-09-13 06:50:13,2026-09-13 08:22:53
scratch,2,0.1,0.1,7,0,0.43425293259530673,0.15302519404739404,0.8584346520530893,0.7054094580056953,0.04662855626198189,1.2132211443817178,False,0,0.006718159176671179,1.0,0.4,C_ref,2026-09-13 06:50:13,2026-09-13 08:22:53
scratch,2,0.1,0.1,8,0,0.3774864437046571,0.12835569550547712,0.850449342842594,0.7220936473371169,0.037041739786224694,1.224362046259598,False,0,0.0026760093533084728,1.0,0.4,C_ref,2026-09-13 06:50:13,2026-09-13 08:22:53
scratch,2,0.1,0.1,9,0,0.4615257715882907,0.16211670246644413,0.8787704431825712,0.7166537407161271,0.04972047971630936,1.2277017659547773,False,0,0.021194757195189595,1.0,0.4,C_ref,2026-09-13 06:50:13,2026-09-13 08:22:53
scratch,2,0.1,0.1,10,0,0.4611508072116209,0.13524317091379515,0.9310590693196769,0.7958158984058817,0.03725823004191136,1.28420387573004,False,0,0.01246243611240061,1.0,0.4,C_ref,2026-09-13 06:50:13,2026-09-13 08:22:53
scratch,2,0.1,0.1,11,0,0.49436396997313675,0.1774680750211686,0.8916421730178922,0.7141740979967236,0.05409622136337169,1.2341665012034377,False,0,0.05296228453880758,1.0,0.4,C_ref,2026-09-13 06:50:13,2026-09-13 08:22:53
scratch,2,0.1,0.1,12,0,0.3588568221781739,0.10964966060503606,0.9048441065871187,0.7951944459820826,0.028500493192988557,1.2762879777274965,False,0,0.005931547981163021,1.0,0.4,C_ref,2026-09-13 06:50:13,2026-09-13 08:22:53
scratch,2,0.1,0.1,13,0,0.5090882000889041,0.12128464219745641,0.9816926881835668,0.8604080459861104,0.030545017726309534,1.3276558509502414,False,0,0.023365372195257805,1.0,0.4,C_ref,2026-09-13 06:50:13,2026-09-13 08:22:53
scratch,2,0.1,0.1,14,0,0.3622872191800307,0.133021079333484,0.8006433421462942,0.6676222628128101,0.04073932130549856,1.1747164443689118,False,0,0.009770548382221023,1.0,0.4,C_ref,2026-09-13 06:50:13,2026-09-13 08:22:53
scratch,2,0.1,0.1,15,0,0.4670773139982374,0.12929383561841765,0.9477028446819737,0.8184090090635561,0.034879391336255165,1.2997352006890075,False,0,0.012449289806681918,1.0,0.4,C_ref,2026-09-13 06:50:13,2026-09-13 08:22:53
scratch,2,0.1,0.1,16,0,0.5051379192312714,0.12616062109771511,0.9766088658339096,0.8504482447361945,0.032635867705879985,1.3238499121906362,False,0,0.024373606967856176,1.0,0.4,C_ref,2026-09-13 06:50:13,2026-09-13 08:22:53
scratch,2,0.1,0.1,17,0,0.4444239187301259,0.17670642820346588,0.8233519971569356,0.6466455689534698,0.058792192563633765,1.1682491106947805,False,0,0.015546559101494495,1.0,0.4,C_ref,2026-09-13 06:50:13,2026-09-13 08:22:53
scratch,2,0.1,0.1,18,0,0.4828162141478639,0.14462105247159016,0.9300412060691223,0.7854201535975321,0.04036885136891118,1.278502109452552,False,0,0.025381437942996854,1.0,0.4,C_ref,2026-09-13 06:50:13,2026-09-13 08:22:53
scratch,2,0.1,0.1,19,0,0.4072680385128562,0.1375747215726365,0.8624657153567817,0.7248909937841452,0.04003576658539149,1.2256153494956974,False,0,0.00022762411390431225,1.0,0.4,C_ref,2026-09-13 06:50:13,2026-09-13 08:22:53
scratch,2,0.1,0.1,20,0,0.4527193259962347,0.15994120658924857,0.8700793323288073,0.7101381257395587,0.04884805288816662,1.2218450463899735,False,0,0.01606153228567564,1.0,0.4,C_ref,2026-09-13 06:50:13,2026-09-13 08:22:53
scratch,2,0.1,0.1,21,0,0.4188744438922542,0.12017002155946055,0.9384598670127193,0.8182898454532588,0.03218706909934546,1.2973304639961873,False,0,0.0009548897432978265,1.0,0.4,C_ref,2026-09-13 06:50:13,2026-09-13 08:22:53
scratch,2,0.1,0.1,22,0,0.5973455610639402,0.5249912524146396,0.9230087300781865,0.3980174776635469,0.0894338252955504,1.2524150537044028,False,0,1.7278093315726437,0.0,0.4,C_ref,2026-09-13 06:50:13,2026-09-13 08:22:53
scratch,2,0.1,0.1,23,0,0.4222770284551821,0.15326586401463804,0.8394127625257669,0.6861468985111289,0.04755412913347472,1.195334351963701,False,0,0.0031180354453681502,1.0,0.4,C_ref,2026-09-13 06:50:13,2026-09-13 08:22:53
scratch,2,0.1,0.1,24,0,0.41112621465415183,0.148131742519681,0.8367035974067154,0.6885718548870344,0.045736693198119655,1.1962128855229803,False,0,0.0007580161400255747,1.0,0.4,C_ref,2026-09-13 06:50:13,2026-09-13 08:22:53
scratch,2,0.1,0.1,25,0,0.434264946869902,0.18473483599291476,0.7876504623334301,0.6029156263405153,0.06513037078399461,1.1263350969522141,False,0,0.011188049200427486,1.0,0.4,C_ref,2026-09-13 06:50:13,2026-09-13 08:22:53
scratch,2,0.1,0.1,26,0,0.4223899306893886,0.15806060211817086,0.8272628929749998,0.6692022908568289,0.04988083165497685,1.1817784397834097,False,0,0.003442438304773532,1.0,0.4,C_ref,2026-09-13 06:50:13,2026-09-13 08:22:53
scratch,2,0.1,0.1,27,0,0.3988936404019744,0.14560472173184508,0.8220215207094407,0.6764167989775955,0.04534234431985454,1.1828581063510921,False,0,0.0,1.0,0.4,C_ref,2026-09-13 06:50:13,2026-09-13 08:22:53
scratch,2,0.1,0.1,28,0,0.45395378303659345,0.1552788298631256,0.8793939118066167,0.7241150819434912,0.04657106440137303,1.2302078621975923,False,0,0.015365389088401571,1.0,0.4,C_ref,2026-09-13 06:50:13,2026-09-13 08:22:53
scratch,2,0.1,0.1,29,0,0.4031612271682739,0.14901509058422108,0.8178368309221784,0.6688217403379573,0.046259769849479104,1.1807357374524838,False,0,0.0,1.0,0.4,C_ref,2026-09-13 06:50:13,2026-09-13 08:22:53
scratch,2,0.1,0.1,30,0,0.4608398614063714,0.16489079741276222,0.8703848501006877,0.7054940526879254,0.05118604033242812,1.2164460890781699,False,0,0.02186946282381541,1.0,0.4,C_ref,2026-09-13 06:50:13,2026-09-13 08:22:53
scratch,2,0.1,0.1,31,0,0.38504031201741046,0.13147914621253343,0.8473614051732703,0.7158822589607369,0.03820866062221482,1.2170242441618908,False,0,0.0010780664924823213,1.0,0.4,C_ref,2026-09-13 06:50:13,2026-09-13 08:22:53
scratch,2,0.1,0.1,32,0,0.4312328954510211,0.14730788066547093,0.864723440894703,0.717415560229232,0.043750682791114846,1.220194081053495,False,0,0.005229672573477728,1.0,0.4,C_ref,2026-09-13 06:50:13,2026-09-13 08:22:53
scratch,2,0.1,0.1,33,0,0.4722344680825747,0.173691698677659,0.8634531129276318,0.6897614142499728,0.05433226073269204,1.2053426603363586,False,0,0.03407911314207013,1.0,0.4,C_ref,2026-09-13 06:50:13,2026-09-13 08:22:53
scratch,2,0.1,0.1,34,0,0.44835967994174075,0.1593381084503822,0.8638963088294584,0.7045582003790762,0.04840387740497074,1.2169621267104203,False,0,0.013942983972810907,1.0,0.4,C_ref,2026-09-13 06:50:13,2026-09-13 08:22:53
scratch,2,0.1,0.1,35,0,0.415510920788718,0.15604928700323178,0.8212562727815574,0.6652069857783256,0.04931769578167587,1.1780479878284311,False,0,0.001558795542223379,1.0,0.4,C_ref,2026-09-13 06:50:13,2026-09-13 08:22:53
scratch,2,0.1,0.1,36,0,0.3756074168641029,0.1199128869439623,0.8881871525084658,0.7682742655645035,0.03349579786042667,1.2555041012671997,False,0,0.002309859271917958,1.0,0.4,C_ref,2026-09-13 06:50:13,2026-09-13 08:22:53
scratch,2,0.1,0.1,37,0,0.41634176356027647,0.12927551990284672,0.9003977526298376,0.7711222327269909,0.03637292276346636,1.2595039619910207,False,0,0.0009607465981389396,1.0,0.4,C_ref,2026-09-13 06:50:13,2026-09-13 08:22:53
scratch,2,0.1,0.1,38,0,0.46950445085195724,0.11574330427222337,0.9773667971108958,0.8616234928386725,0.029658887839765197,1.3260003182378364,False,0,0.007902963498054305,1.0,0.4,C_ref,2026-09-13 06:50:13,2026-09-13 08:22:53
scratch,2,0.1,0.1,39,0,0.3574606558712806,0.13393844621712084,0.7806261887434589,0.6466877425263381,0.04135118259705052,1.1564170646720087,False,0,0.013619340839795768,1.0,0.4,C_ref,2026-09-13 06:50:13,2026-09-13 08:22:53
scratch,2,0.1,0.1,40,0,0.43930427459780613,0.14272812444275784,0.891208595783944,0.7484804713411861,0.04117154295131391,1.2478690506769128,False,0,0.007015666400548071,1.0,0.4,C_ref,2026-09-13 06:50:13,2026-09-13 08:22:53
scratch,2,0.1,0.1,41,0,0.43319269082182876,0.16421383661108518,0.8267565011898921,0.6625426645788068,0.052279574244779345,1.1763944259238206,False,0,0.007889174015872413,1.0,0.4,C_ref,2026-09-13 06:50:13,2026-09-13 08:22:53
scratch,2,0.1,0.1,42,0,0.41406305560789186,0.13917985115805365,0.867896690750117,0.7287168395920633,0.04076937510822828,1.229046309144968,False,0,0.0009109271049965173,1.0,0.4,C_ref,2026-09-13 06:50:13,2026-09-13 08:22:53
scratch,2,0.1,0.1,43,0,0.44899548804869466,0.17531574725458945,0.8327216936229619,0.6574059463683725,0.05734290779057025,1.1784405355666656,False,0,0.018172358879382955,1.0,0.4,C_ref,2026-09-13 06:50:13,2026-09-13 08:22:53
scratch,2,0.1,0.1,44,0,0.44223974625772106,0.16991786627323016,0.8300665951933202,0.66014872892009,0.05473424859904813,1.1775185763866776,False,0,0.013188041324610822,1.0,0.4,C_ref,2026-09-13 06:50:13,2026-09-13 08:22:53
scratch,2,0.1,0.1,45,0,0.4237511855130117,0.1714270669510136,0.795017551557493,0.6235904846064794,0.05748629573135076,1.1418987316964389,False,0,0.004780826002388494,1.0,0.4,C_ref,2026-09-13 06:50:13,2026-09-13 08:22:53
scratch,2,0.1,0.1,46,0,0.422546367255626,0.15386912842164224,0.8377750581903959,0.6839059297687536,0.04767260364163847,1.1942044735373143,False,0,0.0032331915535905864,1.0,0.4,C_ref,2026-09-13 06:50:13,2026-09-13 08:22:53
scratch,2,0.1,0.1,47,0,0.39328498388310146,0.13115027157521897,0.8632261020279062,0.7320758304526872,0.03786123210050394,1.2297858479666295,False,0,0.00017533839491079561,1.0,0.4,C_ref,2026-09-13 06:50:13,2026-09-13 08:22:53
scratch,2,0.1,0.1,0,0,2.15076122158683,1.8609375161225172,2.4452116885785227,0.5842741724560054,1.5724469750058327,2.746287248319104,False,0,1.4009728810451634,0.0,2.5,C_ref,2026-09-13 06:50:13,2026-09-13 08:22:53
scratch,2,0.1,0.1,1,0,2.197185629118278,1.9083851413457256,2.4908911297562364,0.5825059884105108,1.6214487157394548,2.791257776829699,False,0,1.062208375424234,0.0,2.5,C_ref,2026-09-13 06:50:13,2026-09-13 08:22:53
scratch,2,0.1,0.1,2,0,2.302431376415014,2.014677541298778,2.5958354096381253,0.5811578683393472,1.7301228433494071,2.8963940511623543,False,0,0.45658043807998183,1.0,2.5,C_ref,2026-09-13 06:50:13,2026-09-13 08:22:53
scratch,2,0.1,0.1,3,0,2.323417701226658,2.0368687348598375,2.6159056666846157,0.5790369318247781,1.754035942829312,2.915729816245924,False,0,0.3676484552670445,1.0,2.5,C_ref,2026-09-13 06:50:13,2026-09-13 08:22:53
scratch,2,0.1,0.1,4,0,2.242658553413698,1.9563745917532562,2.5342035341061884,0.5778289423529321,1.672593459490045,2.8326845483457093,False,0,0.7808898938492348,1.0,2.5,C_ref,2026-09-13 06:50:13,2026-09-13 08:22:53
scratch,2,0.1,0.1,5,0,2.1891207208121646,1.901526351784758,2.4816804625030944,0.5801541107183363,1.6159245809892773,2.7809901632142404,False,0,1.1274797335754556,0.0,2.5,C_ref,2026-09-13 06:50:13,2026-09-13 08:22:53
scratch,2,0.1,0.1,6,0,2.163624945774677,1.874896476108836,2.4570676373351903,0.5821711612263543,1.5876338188450383,2.7570894689701264,False,0,1.3097836738925253,0.0,2.5,C_ref,2026-09-13 06:50:13,2026-09-13 08:22:53
scratch,2,0.1,0.1,7,0,2.2100882774648705,1.922264393797644,2.5028954087592172,0.5806310149615732,1.636509905019889,2.8024534237379117,False,0,0.9803008039998531,1.0,2.5,C_ref,2026-09-13 06:50:13,2026-09-13 08:22:53
scratch,2,0.1,0.1,8,0,2.233076476505512,1.9432447995985114,2.527991987694375,0.5847471880958635,1.6555805398619947,2.829707055902825,False,0,0.820658439755789,1.0,2.5,C_ref,2026-09-13 06:50:13,2026-09-13 08:22:53
scratch,2,0.1,0.1,9,0,2.2041803055055516,1.9163346089592717,2.4970660447029975,0.5807314357437259,1.6305868278828326,2.796703068178645,False,0,1.0196857634509797,0.0,2.5,C_ref,2026-09-13 06:50:13,2026-09-13 08:22:53
scratch,2,0.1,0.1,10,0,2.303994093206747,2.0161290208055584,2.5975779848529923,0.5814489640474338,1.7315789135083608,2.898323508371997,False,0,0.44887789204585715,1.0,2.5,C_ref,2026-09-13 06:50:13,2026-09-13 08:22:53
scratch,2,0.1,0.1,11,0,2.18489595678093,1.8952180084731753,2.4794795381716415,0.5842615296984661,1.6073909980784042,2.780645576414318,False,0,1.1424879471269378,0.0,2.5,C_ref,2026-09-13 06:50:13,2026-09-13 08:22:53
scratch,2,0.1,0.1,12,0,2.3202266711730775,2.0312078994142024,2.614996807004616,0.5837889075904137,1.7456215567665254,2.9170424088680966,False,0,0.37512962858818355,1.0,2.5,C_ref,2026-09-13 06:50:13,2026-09-13 08:22:53
scratch,2,0.1,0.1,13,0,2.335136757185128,2.048026546038578,2.628229564332726,0.580203018294148,1.764763271791318,2.9286150560163895,False,0,0.319366689218441,1.0,2.5,C_ref,2026-09-13 06:50:13,2026-09-13 08:22:53
scratch,2,0.1,0.1,14,0,2.1739356497260847,1.887224934093438,2.4654209395145315,0.5781960054210935,1.602145904563664,2.7635323537671503,False,0,1.247919266748795,0.0,2.5,C_ref,2026-09-13 06:50:13,2026-09-13 08:22:53
scratch,2,0.1,0.1,15,0,2.316554543019333,2.0295138711892626,2.6094331325351057,0.579919261345843,1.746066999965576,2.9095424669741696,False,0,0.39557258632339654,1.0,2.5,C_ref,2026-09-13 06:50:13,2026-09-13 08:22:53
scratch,2,0.1,0.1,16,0,2.3670924319290827,2.080197003636024,2.660090199095811,0.5798931954597868,1.7974010969537524,2.9604491668443784,False,0,0.20831819594968692,1.0,2.5,C_ref,2026-09-13 06:50:13,2026-09-13 08:22:53
scratch,2,0.1,0.1,17,0,2.100791517063635,1.8118685692416563,2.393826143038271,0.5819575737966145,1.5233548065421838,2.6931342669988054,False,0,1.84219560353813,0.0,2.5,C_ref,2026-09-13 06:50:13,2026-09-13 08:22:53
scratch,2,0.1,0.1,18,0,2.282691518276187,1.9957304663606477,2.5752592410478763,0.5795287746872286,1.7119035397574172,2.874954480875577,False,0,0.5546870673533704,1.0,2.5,C_ref,2026-09-13 06:50:13,2026-09-13 08:22:53
scratch,2,0.1,0.1,19,0,2.2250987828155475,1.9371216610502398,2.5181257117420133,0.5810040506917735,1.6513376077443291,2.8178539656775072,False,0,0.8810817615194537,1.0,2.5,C_ref,2026-09-13 06:50:13,2026-09-13 08:22:53
scratch,2,0.1,0.1,20,0,2.1755813635025225,1.8856762345249727,2.4702999763758005,0.5846237418508278,1.5973720508761842,2.771573078095193,False,0,1.2091817875734705,0.0,2.5,C_ref,2026-09-13 06:50:13,2026-09-13 08:22:53
scratch,2,0.1,0.1,21,0,2.316266788891184,2.0288422615385615,2.609473611721255,0.5806313501826934,1.7449017795472554,2.9098534188645884,False,0,0.3958783530324581,1.0,2.5,C_ref,2026-09-13 06:50:13,2026-09-13 08:22:53
scratch,2,0.1,0.1,22,0,2.1956249680097883,1.9069196474261707,2.489280199935001,0.5823605525088302,1.620159622083216,2.7895701543729072,False,0,1.0734558427539014,0.0,2.5,C_ref,2026-09-13 06:50:13,2026-09-13 08:22:53
scratch,2,0.1,0.1,23,0,2.1633106566331644,1.8752820046980587,2.456036141787666,0.5807541370896074,1.5886893163061757,2.7553492075077113,False,0,1.3185021503959433,0.0,2.5,C_ref,2026-09-13 06:50:13,2026-09-13 08:22:53
scratch,2,0.1,0.1,24,0,2.165631843057223,1.8778111365665204,2.458076365205984,0.5802652286394634,1.591394837636516,2.7569903445110944,False,0,1.3032622708669805,0.0,2.5,C_ref,2026-09-13 06:50:13,2026-09-13 08:22:53
scratch,2,0.1,0.1,25,0,2.0409805733419764,1.7517954980932369,2.333588706669518,0.5817932085762809,1.4617348590179269,2.6320511473524366,False,0,2.434316511869838,0.0,2.5,C_ref,2026-09-13 06:50:13,2026-09-13 08:22:53
scratch,2,0.1,0.1,26,0,2.153113384591229,1.8648874379944962,2.4459011515978557,0.5810137136033595,1.577881317774769,2.745187758685112,False,0,1.3980520816148783,0.0,2.5,C_ref,2026-09-13 06:50:13,2026-09-13 08:22:53
scratch,2,0.1,0.1,27,0,2.1704163245902452,1.8833745517628657,2.4622627812884197,0.578888229525554,1.5979421915605558,2.7607837754529916,False,0,1.2716146634775214,0.0,2.5,C_ref,2026-09-13 06:50:13,2026-09-13 08:22:53
scratch,2,0.1,0.1,28,0,2.225588889603466,1.9376570627315468,2.518786997115933,0.5811299343843861,1.6522392102871812,2.818845531658216,False,0,0.8770412428966665,1.0,2.5,C_ref,2026-09-13 06:50:13,2026-09-13 08:22:53
scratch,2,0.1,0.1,29,0,2.1607506722079832,1.870136259271143,2.4557638962164563,0.5856276369453133,1.5805792858308163,2.7572283737610586,False,0,1.3180654246389167,0.0,2.5,C_ref,2026-09-13 06:50:13,2026-09-13 08:22:53
scratch,2,0.1,0.1,30,0,2.1953495387607593,1.9097073124323538,2.486054015178706,0.5763467027463522,1.6263734861520778,2.7835509194928347,False,0,1.0968354251490382,0.0,2.5,C_ref,2026-09-13 06:50:13,2026-09-13 08:22:53
scratch,2,0.1,0.1,31,0,2.2229223963364935,1.9342182498685911,2.5166538629174897,0.5824356130488986,1.647605187862314,2.8171520824269476,False,0,0.8906544826131721,1.0,2.5,C_ref,2026-09-13 06:50:13,2026-09-13 08:22:53
scratch,2,0.1,0.1,32,0,2.2202040773773786,1.9322283415165449,2.5133942831897333,0.5811659416731885,1.6466491359094961,2.8135255162702846,False,0,0.9113950805403874,1.0,2.5,C_ref,2026-09-13 06:50:13,2026-09-13 08:22:53
scratch,2,0.1,0.1,33,0,2.1433653957619683,1.855503696615529,2.4358408988667675,0.5803372022512385,1.5689416308668938,2.734847085040097,False,0,1.4797883266546705,0.0,2.5,C_ref,2026-09-13 06:50:13,2026-09-13 08:22:53
scratch,2,0.1,0.1,34,0,2.1756560383830936,1.8852191816005628,2.470764072780777,0.5855448911802141,1.5962015796370808,2.772327938766883,False,0,1.2054724676745536,0.0,2.5,C_ref,2026-09-13 06:50:13,2026-09-13 08:22:53
scratch,2,0.1,0.1,35,0,2.1366965659523767,1.8469748438613667,2.430790669362711,0.5838158255013444,1.558080547999685,2.731212206185632,False,0,1.5188207591672835,0.0,2.5,C_ref,2026-09-13 06:50:13,2026-09-13 08:22:53
scratch,2,0.1,0.1,36,0,2.284242104220869,1.9977865482091954,2.576379425259616,0.5785928770504207,1.7146132868322292,2.8756834438731915,False,0,0.5484557819181646,1.0,2.5,C_ref,2026-09-13 06:50:13,2026-09-13 08:22:53
scratch,2,0.1,0.1,37,0,2.281596713674032,1.9947977463226636,2.574046861860936,0.5792491155382724,1.7111611068266053,2.8736755162453407,False,0,0.5607429893316294,1.0,2.5,C_ref,2026-09-13 06:50:13,2026-09-13 08:22:53
scratch,2,0.1,0.1,38,0,2.343154750168331,2.0575333210661664,2.6347960925968477,0.5772627715306813,1.7758028563270458,2.9338290027204854,False,0,0.2921981072067865,1.0,2.5,C_ref,2026-09-13 06:50:13,2026-09-13 08:22:53
scratch,2,0.1,0.1,39,0,2.162538701912177,1.8744855154541418,2.4552284482362836,0.5807429327821418,1.5877336941088553,2.7544956463611694,False,0,1.324790056951315,0.0,2.5,C_ref,2026-09-13 06:50:13,2026-09-13 08:22:53
scratch,2,0.1,0.1,40,0,2.244213094934259,1.9555057176997832,2.538242425228022,0.5827367075282388,1.6693580176466145,2.839186659558202,False,0,0.7587579234605073,1.0,2.5,C_ref,2026-09-13 06:50:13,2026-09-13 08:22:53
scratch,2,0.1,0.1,41,0,2.145935448184585,1.857411131059106,2.438998163352393,0.5815870322932872,1.5700718341710982,2.73847096810474,False,0,1.453396486944257,0.0,2.5,C_ref,2026-09-13 06:50:13,2026-09-13 08:22:53
scratch,2,0.1,0.1,42,0,2.259360207009345,1.9716018203045351,2.552513640933256,0.5809118206287209,1.68662601482681,2.852687056803294,False,0,0.6763334188071894,1.0,2.5,C_ref,2026-09-13 06:50:13,2026-09-13 08:22:53
scratch,2,0.1,0.1,43,0,2.1310420855761083,1.84130311946205,2.425098112483625,0.5837949930215749,1.5524129470850825,2.72554338090891,False,0,1.565899753190024,0.0,2.5,C_ref,2026-09-13 06:50:13,2026-09-13 08:22:53
scratch,2,0.1,0.1,44,0,2.1231767956682623,1.8334335823777828,2.417190632393842,0.5837570500160592,1.5443813250678897,2.717519615797003,False,0,1.633167365744157,0.0,2.5,C_ref,2026-09-13 06:50:13,2026-09-13 08:22:53
scratch,2,0.1,0.1,45,0,2.0785844342346658,1.788661660961941,2.372293488914357,0.583631827952416,1.498544091042149,2.6720567809934868,False,0,2.041237279001507,0.0,2.5,C_ref,2026-09-13 06:50:13,2026-09-13 08:22:53
scratch,2,0.1,0.1,46,0,2.189385923411076,1.9005082018129043,2.4830913372657926,0.5825831354528883,1.6134543691851213,2.7834883924168596,False,0,1.1168452167112264,0.0,2.5,C_ref,2026-09-13 06:50:13,2026-09-13 08:22:53
scratch,2,0.1,0.1,47,0,2.2591671524965347,1.9715281824902569,2.5522438664488245,0.5807156839585677,1.6867138449893408,2.8523775889011125,False,0,0.6777879500477866,1.0,2.5,C_ref,2026-09-13 06:50:13,2026-09-13 08:22:53
scratch,0,0.3,0.3,0,0,0.3733165980810455,0.1519399443338651,0.7700312902964865,0.6180913459626214,0.0500008233121692,1.1550723008255548,False,0,0.0065908813703572,1.0,0.4,C_ref,2026-09-12 08:48:57,2026-09-12 10:03:14
scratch,0,0.3,0.3,1,0,0.4766213630372495,0.431963792571219,0.8262014446445737,0.3942376520733547,0.033180621734587,1.2083649774828362,False,0,1.137669386323978,0.0,0.4,C_ref,2026-09-12 08:48:57,2026-09-12 10:03:14
scratch,0,0.3,0.3,2,0,0.3322841655931198,0.1143326221336638,0.8145437206450331,0.7002110985113693,0.0328660185429348,1.2360171925459411,False,0,0.0332690089053357,1.0,0.4,C_ref,2026-09-12 08:48:57,2026-09-12 10:03:14
scratch,0,0.3,0.3,3,0,0.3317903735896156,0.1137834872767037,0.8474359218459947,0.733652434569291,0.03153936227117,1.2550907330885752,False,0,0.0274955768363724,1.0,0.4,C_ref,2026-09-12 08:48:57,2026-09-12 10:03:14
scratch,0,0.3,0.3,4,0,0.3239554947761846,0.1229339643008359,0.7850706226136382,0.6621366583128023,0.037121414093558,1.2043059350814946,False,0,0.046787845356448,1.0,0.4,C_ref,2026-09-12 08:48:57,2026-09-12 10:03:14
scratch,0,0.3,0.3,5,0,0.3630480812477922,0.140354427564613,0.787975161949392,0.647620734384779,0.0442991230732337,1.1822741572149875,False,0,0.011310960893752,1.0,0.4,C_ref,2026-09-12 08:48:57,2026-09-12 10:03:14
scratch,0,0.3,0.3,6,0,0.4120244401692902,0.2898725626750914,0.7757849529970212,0.4859123903219298,0.0426722355100695,1.163115713690438,False,0,0.0029380562991718,1.0,0.4,C_ref,2026-09-12 08:48:57,2026-09-12 10:03:14
scratch,0,0.3,0.3,7,0,0.3260411665390236,0.1322970945947208,0.717832545739904,0.5855354511451831,0.042357730296666,1.132640225675816,False,0,0.0567965824666316,1.0,0.4,C_ref,2026-09-12 08:48:57,2026-09-12 10:03:14
scratch,0,0.3,0.3,8,0,0.3280882656304939,0.1276243861441727,0.7634237019699578,0.6357993158257851,0.0387307833044827,1.1859942331548148,False,0,0.0463622343595488,1.0,0.4,C_ref,2026-09-12 08:48:57,2026-09-12 10:03:14
scratch,0,0.3,0.3,9,0,0.3748027891643853,0.1482807237560355,0.8037209902101523,0.6554402664541168,0.0479433338242259,1.1943382735454424,False,0,0.0050625731382751,1.0,0.4,C_ref,2026-09-12 08:48:57,2026-09-12 10:03:14
scratch,0,0.3,0.3,10,0,0.3437425027706913,0.1240382131419927,0.8503628483982745,0.7263246352562818,0.0356860769353413,1.2567371885688352,False,0,0.0206069474807009,1.0,0.4,C_ref,2026-09-12 08:48:57,2026-09-12 10:03:14
scratch,0,0.3,0.3,11,0,0.4045669661144866,0.1574043700788476,0.8262319168483324,0.6688275467694849,0.0498920330781041,1.2032530059505244,False,0,0.0,1.0,0.4,C_ref,2026-09-12 08:48:57,2026-09-12 10:03:14
scratch,0,0.3,0.3,12,0,0.2804831262679654,0.1009867957317291,0.7789272978163835,0.6779405020846543,0.0270371964688646,1.2352422194903727,False,0,0.1140125268102565,1.0,0.4,C_ref,2026-09-12 08:48:57,2026-09-12 10:03:14
scratch,0,0.3,0.3,13,0,0.4558210418734934,0.1478244054247729,0.9009709588515196,0.7531465534267467,0.0230730035228658,1.294684012396382,False,0,0.6791909639869118,1.0,0.4,C_ref,2026-09-12 08:48:57,2026-09-12 10:03:14
scratch,0,0.3,0.3,14,0,0.2736527662950045,0.1124752658306033,0.6249220349067702,0.5124467690761669,0.0352256122034734,1.0869273933727843,False,0,0.2048427077861561,1.0,0.4,C_ref,2026-09-12 08:48:57,2026-09-12 10:03:14
scratch,0,0.3,0.3,15,0,0.3851703567241677,0.2065325774906035,0.8831367823905087,0.6766042048999052,0.0293059044091136,1.2846924838759872,False,0,0.0018872498294513,1.0,0.4,C_ref,2026-09-12 08:48:57,2026-09-12 10:03:14
scratch,0,0.3,0.3,16,0,0.4512607068831605,0.1372757675571277,0.97496168970957,0.8376859221524423,0.0376702937205663,1.3366294645614314,False,0,0.0083393186578177,1.0,0.4,C_ref,2026-09-12 08:48:57,2026-09-12 10:03:14
scratch,0,0.3,0.3,17,0,0.361229224954612,0.1588713915602514,0.7067714406867985,0.5479000491265471,0.0565306414038925,1.0817569697240692,False,0,0.0184110386580869,1.0,0.4,C_ref,2026-09-12 08:48:57,2026-09-12 10:03:14
scratch,0,0.3,0.3,18,0,0.347889454763182,0.1266057375152927,0.8213726446944476,0.6947669071791548,0.0375979855252402,1.2241094370113994,False,0,0.0189110684659681,1.0,0.4,C_ref,2026-09-12 08:48:57,2026-09-12 10:03:14
scratch,0,0.3,0.3,19,0,0.3544349116105857,0.1283049539232591,0.811135902052262,0.6828309481290029,0.0382895943676825,1.2119306236392804,False,0,0.014709420804138,1.0,0.4,C_ref,2026-09-12 08:48:57,2026-09-12 10:03:14
scratch,0,0.3,0.3,20,0,0.3798444473369203,0.1416248161657853,0.7976345988588469,0.6560097826930615,0.044437869002934,1.1849475049610991,False,0,0.0032956054456008,1.0,0.4,C_ref,2026-09-12 08:48:57,2026-09-12 10:03:14
scratch,0,0.3,0.3,21,0,0.4895664485894587,0.4090932831451474,0.9322650193161942,0.5231717361710468,0.0259518924548431,1.3070522673580445,False,0,1.4056181670748629,0.0,0.4,C_ref,2026-09-12 08:48:57,2026-09-12 10:03:14
scratch,0,0.3,0.3,22,0,0.4200680008165185,0.1560060435970876,0.8475016139413993,0.6914955703443117,0.0483371487809898,1.2184447585410934,False,0,0.0027475229835545,1.0,0.4,C_ref,2026-09-12 08:48:57,2026-09-12 10:03:14
scratch,0,0.3,0.3,23,0,0.3614154625006881,0.1464752724216418,0.7594445185379042,0.6129692461162624,0.0479255378034281,1.1492768930938964,False,0,0.0141295038265525,1.0,0.4,C_ref,2026-09-12 08:48:57,2026-09-12 10:03:14
scratch,0,0.3,0.3,24,0,0.401735258597851,0.1332574010611978,0.8140899278057384,0.6808325267445406,0.0399219674902866,1.190619323739659,False,0,0.0,1.0,0.4,C_ref,2026-09-12 08:48:57,2026-09-12 10:03:14
scratch,0,0.3,0.3,25,0,0.4280211123630334,0.2253144479980437,0.7509814021029305,0.5256669541048868,0.0622612780871737,1.103369713731996,False,0,0.022690316884109,1.0,0.4,C_ref,2026-09-12 08:48:57,2026-09-12 10:03:14
scratch,0,0.3,0.3,26,0,0.3266914011119901,0.1376554661701175,0.6950226502683653,0.5573671840982478,0.045981479799049,1.104435824953779,False,0,0.0623148304548522,1.0,0.4,C_ref,2026-09-12 08:48:57,2026-09-12 10:03:14
scratch,0,0.3,0.3,27,0,0.4725558564289334,0.4036916310901809,0.8312538174899923,0.4275621863998113,0.0419741444953774,1.1915537258986406,False,0,1.4484165862158989,0.0,0.4,C_ref,2026-09-12 08:48:57,2026-09-12 10:03:14
scratch,0,0.3,0.3,28,0,0.3529174596528966,0.1389995878847801,0.7779410136436605,0.6389414257588804,0.0437913841564722,1.1819367249520984,False,0,0.0194320860828156,1.0,0.4,C_ref,2026-09-12 08:48:57,2026-09-12 10:03:14
scratch,0,0.3,0.3,29,0,0.3698487237084568,0.1473207420366364,0.7776101138896782,0.6302893718530417,0.0475161666573069,1.1664944336741965,False,0,0.0081355453112337,1.0,0.4,C_ref,2026-09-12 08:48:57,2026-09-12 10:03:14
scratch,0,0.3,0.3,30,0,0.4567904709356855,0.2596693688367567,0.8101176935678377,0.550448324731081,0.042266237493744,1.178529174863624,False,0,0.85698744252295,1.0,0.4,C_ref,2026-09-12 08:48:57,2026-09-12 10:03:14
scratch,0,0.3,0.3,31,0,0.3777283780230232,0.1314861844350109,0.8246484562604737,0.6931622718254628,0.0388813061133719,1.2117245749097405,False,0,0.0032797033672977,1.0,0.4,C_ref,2026-09-12 08:48:57,2026-09-12 10:03:14
scratch,0,0.3,0.3,32,0,0.3370565262538758,0.1313662589779307,0.7577742889850333,0.6264080300071025,0.04073749425118,1.166235510611758,False,0,0.0354634905597777,1.0,0.4,C_ref,2026-09-12 08:48:57,2026-09-12 10:03:14
scratch,0,0.3,0.3,33,0,0.4351398104995155,0.3230532293106468,0.8105310736794783,0.4874778443688314,0.0462412966714813,1.1787384764825188,False,0,0.0148099454308976,1.0,0.4,C_ref,2026-09-12 08:48:57,2026-09-12 10:03:14
scratch,0,0.3,0.3,34,0,0.3806010840281176,0.1424974156727609,0.7783249087407231,0.6358274930679623,0.0453228912980652,1.1658303464057338,False,0,0.0036213791136106,1.0,0.4,C_ref,2026-09-12 08:48:57,2026-09-12 10:03:14
scratch,0,0.3,0.3,35,0,0.4209276169674342,0.2604825777101408,0.7930267094488818,0.5325441317387409,0.0494396828701142,1.1679215225968962,False,0,0.00664740310458,1.0,0.4,C_ref,2026-09-12 08:48:57,2026-09-12 10:03:14
scratch,0,0.3,0.3,36,0,0.2776032602045897,0.1090659815011612,0.6816531762721931,0.5725871947710319,0.0321626476950556,1.1532639624869956,False,0,0.1625093269540229,1.0,0.4,C_ref,2026-09-12 08:48:57,2026-09-12 10:03:14
scratch,0,0.3,0.3,37,0,0.3147188389616012,0.122542642960433,0.7443562035863899,0.6218135606259568,0.0371267295847049,1.1759562364911431,False,0,0.0674745201613404,1.0,0.4,C_ref,2026-09-12 08:48:57,2026-09-12 10:03:14
scratch,0,0.3,0.3,38,0,0.2777812673942199,0.105391002809487,0.7186002765494632,0.6132092737399761,0.0295551324334055,1.189387964145045,False,0,0.1436399996127875,1.0,0.4,C_ref,2026-09-12 08:48:57,2026-09-12 10:03:14
scratch,0,0.3,0.3,39,0,0.428630555595479,0.1730049254085252,0.7258879412165014,0.552883015807976,0.0392068948927261,1.1119523655294243,False,0,0.6052438589758822,1.0,0.4,C_ref,2026-09-12 08:48:57,2026-09-12 10:03:14
scratch,0,0.3,0.3,40,0,0.43913110346349,0.346214638720432,0.85250472073296,0.506290082012528,0.0344907680458477,1.2371612009514985,False,0,0.0225537940532376,1.0,0.4,C_ref,2026-09-12 08:48:57,2026-09-12 10:03:14
scratch,0,0.3,0.3,41,0,0.4382128403641152,0.1730391369148534,0.8174170332154342,0.6443778963005807,0.0561185819631407,1.1739554682548676,False,0,0.0131446445266192,1.0,0.4,C_ref,2026-09-12 08:48:57,2026-09-12 10:03:14
scratch,0,0.3,0.3,42,0,0.4433201322861408,0.1703275725782188,0.8458391311020783,0.6755115585238595,0.0317965687666829,1.2396852462816816,False,0,0.6456782517925603,1.0,0.4,C_ref,2026-09-12 08:48:57,2026-09-12 10:03:14
scratch,0,0.3,0.3,43,0,0.4135933281624581,0.1727236222349956,0.793711532901005,0.6209879106660094,0.0590092817685219,1.1580328485462577,False,0,0.0016042909810494,1.0,0.4,C_ref,2026-09-12 08:48:57,2026-09-12 10:03:14
scratch,0,0.3,0.3,44,0,0.4417862687436756,0.1634631084128402,0.8288830246166847,0.6654199162038446,0.0507692817952701,1.1861030392007297,False,0,0.0140406605278258,1.0,0.4,C_ref,2026-09-12 08:48:57,2026-09-12 10:03:14
scratch,0,0.3,0.3,45,0,0.3766598804348309,0.1583619651201079,0.7463226028890256,0.5879606377689177,0.0539378389019375,1.119480467369485,False,0,0.0055683582759229,1.0,0.4,C_ref,2026-09-12 08:48:57,2026-09-12 10:03:14
scratch,0,0.3,0.3,46,0,0.4124432455061817,0.1474597783051076,0.8700091574638118,0.7225493791587041,0.0444834755734532,1.2450445713102398,False,0,0.0008918760722735,1.0,0.4,C_ref,2026-09-12 08:48:57,2026-09-12 10:03:14
scratch,0,0.3,0.3,47,0,0.3533349355599942,0.1322838526503519,0.8131495553178957,0.6808657026675438,0.039544412627801,1.2125988659561928,False,0,0.0161105457882513,1.0,0.4,C_ref,2026-09-12 08:48:57,2026-09-12 10:03:14
scratch,0,0.3,0.3,0,0,2.166132978514252,1.877160640400196,2.460635479428321,0.5834748390281248,1.5903166603942371,2.7624521950393266,False,0,1.2811658442333282,0.0,2.5,C_ref,2026-09-12 08:48:57,2026-09-12 10:03:14
scratch,0,0.3,0.3,1,0,2.224028020390304,1.935768834808337,2.51802310858705,0.5822542737787129,1.6501736630713502,2.8194445139985493,False,0,0.8822399233722535,1.0,2.5,C_ref,2026-09-12 08:48:57,2026-09-12 10:03:14
scratch,0,0.3,0.3,2,0,2.3058207612330044,2.018464475074321,2.599545124888769,0.5810806498144481,1.735053453529245,2.901007154226112,False,0,0.4405680551753903,1.0,2.5,C_ref,2026-09-12 08:48:57,2026-09-12 10:03:14
scratch,0,0.3,0.3,3,0,2.320600839648497,2.0333564367673924,2.6142873076376967,0.5809308708703043,1.7501350710557215,2.9158733002514308,False,0,0.3766582414100412,1.0,2.5,C_ref,2026-09-12 08:48:57,2026-09-12 10:03:14
scratch,0,0.3,0.3,4,0,2.2475017690898147,1.9616656721053216,2.539455975839476,0.5777903037341543,1.6792088062267925,2.83906107318119,False,0,0.7503883706049237,1.0,2.5,C_ref,2026-09-12 08:48:57,2026-09-12 10:03:14
scratch,0,0.3,0.3,5,0,2.204464386822366,1.9170252905702712,2.497635808830852,0.5806105182605807,1.6323192463163756,2.7982168854167977,False,0,1.015800868462975,0.0,2.5,C_ref,2026-09-12 08:48:57,2026-09-12 10:03:14
scratch,0,0.3,0.3,6,0,2.169083414833751,1.8816423981976644,2.462039568564479,0.5803971703668145,1.5963885357746783,2.7623835547457656,False,0,1.2718512383107736,0.0,2.5,C_ref,2026-09-12 08:48:57,2026-09-12 10:03:14
scratch,0,0.3,0.3,7,0,2.213728992262196,1.9263768049546528,2.5066730336176097,0.5802962286629563,1.6415197702914417,2.806951801169321,False,0,0.95522207029353,1.0,2.5,C_ref,2026-09-12 08:48:57,2026-09-12 10:03:14
scratch,0,0.3,0.3,8,0,2.2423674849435136,1.9530558845666697,2.537529049836768,0.5844731652700985,1.6666815126038497,2.840216488052505,False,0,0.7639829534564342,1.0,2.5,C_ref,2026-09-12 08:48:57,2026-09-12 10:03:14
scratch,0,0.3,0.3,9,0,2.227632321331132,1.9409913775709884,2.520269984443193,0.5792786068722047,1.657554129460147,2.8204755371314945,False,0,0.8676815841972711,1.0,2.5,C_ref,2026-09-12 08:48:57,2026-09-12 10:03:14
scratch,0,0.3,0.3,10,0,2.3303948611538807,2.0432863532033467,2.6240532220386585,0.5807668688353118,1.7603982725939904,2.925673922421777,False,0,0.3370343532224069,1.0,2.5,C_ref,2026-09-12 08:48:57,2026-09-12 10:03:14
scratch,0,0.3,0.3,11,0,2.198635683961712,1.908815183306022,2.49402664180147,0.585211458495448,1.621520275979302,2.7967944508455886,False,0,1.0400949832692277,0.0,2.5,C_ref,2026-09-12 08:48:57,2026-09-12 10:03:14
scratch,0,0.3,0.3,12,0,2.345240678539592,2.056449505678736,2.640642212296008,0.5841927066172716,1.7719318858096822,2.9439182094461813,False,0,0.2775343821958813,1.0,2.5,C_ref,2026-09-12 08:48:57,2026-09-12 10:03:14
scratch,0,0.3,0.3,13,0,2.362143103004502,2.074054358445508,2.656810782916332,0.5827564244708237,1.7902512773927224,2.9594372411585423,False,0,0.221697856697574,1.0,2.5,C_ref,2026-09-12 08:48:57,2026-09-12 10:03:14
scratch,0,0.3,0.3,14,0,2.2056819944338786,1.921152529680663,2.4959039850887,0.5747514554080371,1.6392217811003935,2.793601504605218,False,0,1.0278041989986375,0.0,2.5,C_ref,2026-09-12 08:48:57,2026-09-12 10:03:14
scratch,0,0.3,0.3,15,0,2.343031122018344,2.056131861350871,2.636641545961916,0.5805096846110454,1.773712209214903,2.9383006534914697,False,0,0.2890705187892308,1.0,2.5,C_ref,2026-09-12 08:48:57,2026-09-12 10:03:14
scratch,0,0.3,0.3,16,0,2.389936436678824,2.1034497457234225,2.683442470537237,0.5799927248138146,1.822064056597888,2.9851648594771074,False,0,0.1428974382542946,1.0,2.5,C_ref,2026-09-12 08:48:57,2026-09-12 10:03:14
scratch,0,0.3,0.3,17,0,2.0768473586059537,1.787839425481756,2.370284123090645,0.5824446976088891,1.498956382231845,2.670368832930376,False,0,2.060077894362621,0.0,2.5,C_ref,2026-09-12 08:48:57,2026-09-12 10:03:14
scratch,0,0.3,0.3,18,0,2.2828125399384884,1.9966697364840884,2.575236385329044,0.5785666488449557,1.7142986006598535,2.8754358055015,False,0,0.5549360086224624,1.0,2.5,C_ref,2026-09-12 08:48:57,2026-09-12 10:03:14
scratch,0,0.3,0.3,19,0,2.2488681561417008,1.9619340340850853,2.5418686569925,0.5799346229074147,1.6783334055508634,2.8425220599826693,False,0,0.7370464068117144,1.0,2.5,C_ref,2026-09-12 08:48:57,2026-09-12 10:03:14
scratch,0,0.3,0.3,20,0,2.1830710275005907,1.893838217858674,2.477808688084011,0.583970470225337,1.606794836668374,2.779884859728494,False,0,1.154044855400571,0.0,2.5,C_ref,2026-09-12 08:48:57,2026-09-12 10:03:14
scratch,0,0.3,0.3,21,0,2.3410995786443483,2.0549440518590223,2.634016155418654,0.5790721035596316,1.7733303724478553,2.9350353864562835,False,0,0.2976673725061118,1.0,2.5,C_ref,2026-09-12 08:48:57,2026-09-12 10:03:14
scratch,0,0.3,0.3,22,0,2.21333599321366,1.92431804186174,2.5080112970478234,0.5836932551860838,1.6379308678482067,2.8100445200416333,False,0,0.9467883098513994,1.0,2.5,C_ref,2026-09-12 08:48:57,2026-09-12 10:03:14
scratch,0,0.3,0.3,23,0,2.165899979639837,1.8779194412408573,2.459276170689902,0.581356729449044,1.591997278623931,2.759854629110802,False,0,1.292724133349111,0.0,2.5,C_ref,2026-09-12 08:48:57,2026-09-12 10:03:14
scratch,0,0.3,0.3,24,0,2.179469855483241,1.892878746293558,2.4716177380075064,0.5787389917139483,1.608613971315108,2.7711210628469605,False,0,1.2008270725236798,0.0,2.5,C_ref,2026-09-12 08:48:57,2026-09-12 10:03:14
scratch,0,0.3,0.3,25,0,2.0443921162134746,1.7557144253933568,2.337268865841815,0.5815544404484583,1.4667281884509078,2.636684948543665,False,0,2.391583067128522,0.0,2.5,C_ref,2026-09-12 08:48:57,2026-09-12 10:03:14
scratch,0,0.3,0.3,26,0,2.157090220809849,1.869569854917112,2.449927017987558,0.5803571630704463,1.583962442087197,2.749944297817128,False,0,1.3658794732837125,0.0,2.5,C_ref,2026-09-12 08:48:57,2026-09-12 10:03:14
scratch,0,0.3,0.3,27,0,2.182049173181303,1.895671268060668,2.473993423661085,0.5783221556004168,1.6116737165321913,2.773317894399648,False,0,1.1833171158796176,0.0,2.5,C_ref,2026-09-12 08:48:57,2026-09-12 10:03:14
scratch,0,0.3,0.3,28,0,2.248509328404975,1.960096849629025,2.54277367247001,0.5826768228409849,1.6747787428734988,2.8445823061927795,False,0,0.7327614554560569,1.0,2.5,C_ref,2026-09-12 08:48:57,2026-09-12 10:03:14
scratch,0,0.3,0.3,29,0,2.173377915150448,1.8845758749244723,2.4676667972729027,0.5830909223484304,1.597963838926995,2.7692573497776847,False,0,1.2284798872969986,0.0,2.5,C_ref,2026-09-12 08:48:57,2026-09-12 10:03:14
scratch,0,0.3,0.3,30,0,2.192211035704857,1.9077079933277348,2.482498952591419,0.5747909592636844,1.6259697963962538,2.780314543162044,False,0,1.1223508300172398,0.0,2.5,C_ref,2026-09-12 08:48:57,2026-09-12 10:03:14
scratch,0,0.3,0.3,31,0,2.234899417932541,1.9467505363444824,2.528980510653541,0.5822299743090587,1.6617028827237368,2.830535660261776,False,0,0.8143898621201515,1.0,2.5,C_ref,2026-09-12 08:48:57,2026-09-12 10:03:14
scratch,0,0.3,0.3,32,0,2.2326673710626035,1.945289154133603,2.526047525686113,0.5807583715525104,1.6610500973526232,2.827069769782958,False,0,0.8318612587790994,1.0,2.5,C_ref,2026-09-12 08:48:57,2026-09-12 10:03:14
scratch,0,0.3,0.3,33,0,2.159339540880246,1.8718330414881823,2.4522753629956644,0.5804423215074819,1.586423729332681,2.7525222586441256,False,0,1.3470186222475604,0.0,2.5,C_ref,2026-09-12 08:48:57,2026-09-12 10:03:14
scratch,0,0.3,0.3,34,0,2.171298954683943,1.8819393430610365,2.466049439469243,0.5841100964082069,1.5946339544007089,2.768103900754844,False,0,1.240038885607646,0.0,2.5,C_ref,2026-09-12 08:48:57,2026-09-12 10:03:14
scratch,0,0.3,0.3,35,0,2.156950556671636,1.8688297491817645,2.450477759393345,0.5816480102115806,1.582754381892461,2.751237671397901,False,0,1.3605558826893684,0.0,2.5,C_ref,2026-09-12 08:48:57,2026-09-12 10:03:14
scratch,0,0.3,0.3,36,0,2.291290877107341,2.0047058106048987,2.58416659318671,0.5794607825818114,1.7218076955800186,2.8848610343848606,False,0,0.5112893520090438,1.0,2.5,C_ref,2026-09-12 08:48:57,2026-09-12 10:03:14
scratch,0,0.3,0.3,37,0,2.280724796993061,1.993343005984303,2.574231513327728,0.5808885073434251,1.7094024992853596,2.875451328123261,False,0,0.5614124750354677,1.0,2.5,C_ref,2026-09-12 08:48:57,2026-09-12 10:03:14
scratch,0,0.3,0.3,38,0,2.335190241211439,2.047940416208121,2.628864248322436,0.5809238321143151,1.7647868646359763,2.930300465769496,False,0,0.318142080137477,1.0,2.5,C_ref,2026-09-12 08:48:57,2026-09-12 10:03:14
scratch,0,0.3,0.3,39,0,2.157667515106321,1.869476050043896,2.451062217079636,0.5815861670357403,1.5830048621393218,2.7516063329986125,False,0,1.3561584608905832,0.0,2.5,C_ref,2026-09-12 08:48:57,2026-09-12 10:03:14
scratch,0,0.3,0.3,40,0,2.27103637004918,1.9827437974663635,2.565461566372812,0.5827177689064482,1.6978930759630106,2.8676278487625138,False,0,0.6078560488640505,1.0,2.5,C_ref,2026-09-12 08:48:57,2026-09-12 10:03:14
scratch,0,0.3,0.3,41,0,2.147885833897184,1.859509525599062,2.441552883849804,0.5820433582507423,1.5731377696837885,2.7423961398710635,False,0,1.4309689102847187,0.0,2.5,C_ref,2026-09-12 08:48:57,2026-09-12 10:03:14
scratch,0,0.3,0.3,42,0,2.3031859048208783,2.0164915400030767,2.59631261949452,0.5798210794914431,1.7338040718451424,2.8973107305679164,False,0,0.4543388031743234,1.0,2.5,C_ref,2026-09-12 08:48:57,2026-09-12 10:03:14
scratch,0,0.3,0.3,43,0,2.1353288228224048,1.8461306141259808,2.429741188999917,0.5836105748739362,1.55861010828646,2.7311874435455654,False,0,1.5260958971884977,0.0,2.5,C_ref,2026-09-12 08:48:57,2026-09-12 10:03:14
scratch,0,0.3,0.3,44,0,2.142316795458638,1.8533809796732728,2.4365125026038847,0.5831315229306115,1.5662308225924972,2.7379126035748738,False,0,1.4705945836612957,0.0,2.5,C_ref,2026-09-12 08:48:57,2026-09-12 10:03:14
scratch,0,0.3,0.3,45,0,2.098643567264809,1.809406463955013,2.392607340272386,0.5832008763173733,1.5210044069040265,2.6934735037382693,False,0,1.8489011400779416,0.0,2.5,C_ref,2026-09-12 08:48:57,2026-09-12 10:03:14
scratch,0,0.3,0.3,46,0,2.242523846473221,1.955029697297712,2.53607949530507,0.5810497980073577,1.6708557397211292,2.8372850268772605,False,0,0.7713615660068172,1.0,2.5,C_ref,2026-09-12 08:48:57,2026-09-12 10:03:14
scratch,0,0.3,0.3,47,0,2.2692465247974187,1.9821530082503056,2.562603214762224,0.5804502065119177,1.6987515661160677,2.863749312439164,False,0,0.6218585335554963,1.0,2.5,C_ref,2026-09-12 08:48:57,2026-09-12 10:03:14
scratch,0,1.0,1.0,0,0,0.3352592069193565,0.131337631623956,0.8740132416076501,0.7426756099836942,0.0447679771919309,1.2725464433077986,False,0,0.028301533729973,1.0,0.4,C_ref,2026-09-12 11:31:48,2026-09-12 12:49:38
scratch,0,1.0,1.0,1,0,0.2453924115011582,0.1003541864958658,0.6925661624625264,0.5922119759666605,0.0319845839051154,1.2303882027735205,False,0,0.2734449841336754,1.0,0.4,C_ref,2026-09-12 11:31:48,2026-09-12 12:49:38
scratch,0,1.0,1.0,2,0,0.2308917930234521,0.0906031112353519,0.8459684523165804,0.7553653410812284,0.0270802558429117,1.3465937085653583,False,0,0.2848823243148217,1.0,0.4,C_ref,2026-09-12 11:31:48,2026-09-12 12:49:38
scratch,0,1.0,1.0,3,0,0.2340902681716093,0.0898505357705422,0.9268292143519258,0.8369786785813835,0.0263622292640711,1.3704433472196862,False,0,0.2395824758677918,1.0,0.4,C_ref,2026-09-12 11:31:48,2026-09-12 12:49:38
scratch,0,1.0,1.0,4,0,0.2484584892479643,0.1000645012754929,0.8117584670961225,0.7116939658206296,0.0317995716965036,1.302576127796667,False,0,0.2280277202917204,1.0,0.4,C_ref,2026-09-12 11:31:48,2026-09-12 12:49:38
scratch,0,1.0,1.0,5,0,0.3411539508394607,0.1272348541111681,0.9391246781505728,0.8118898240394046,0.0418986609869259,1.3176092218726156,False,0,0.0181756453712296,1.0,0.4,C_ref,2026-09-12 11:31:48,2026-09-12 12:49:38
scratch,0,1.0,1.0,6,0,0.3233185322323901,0.1276082796315008,0.8723394265256281,0.7447311468941273,0.0433813719434427,1.2785703454308035,False,0,0.0416309398169687,1.0,0.4,C_ref,2026-09-12 11:31:48,2026-09-12 12:49:38
scratch,0,1.0,1.0,7,0,0.3069416316707263,0.1193901346447492,0.874509440754147,0.7551193061093978,0.0391921564929104,1.2838788639693552,False,0,0.0609019654257281,1.0,0.4,C_ref,2026-09-12 11:31:48,2026-09-12 12:49:38
scratch,0,1.0,1.0,8,0,0.2250830059473267,0.093501600206542,0.5802516277139432,0.4867500275074011,0.0291749580354788,1.1931291878018049,False,0,0.4234793379582697,1.0,0.4,C_ref,2026-09-12 11:31:48,2026-09-12 12:49:38
scratch,0,1.0,1.0,9,0,0.3269427152150133,0.1251778863570669,0.9157939573860704,0.7906160710290034,0.0415509490415722,1.3070610254932666,False,0,0.0320872413285542,1.0,0.4,C_ref,2026-09-12 11:31:48,2026-09-12 12:49:38
scratch,0,1.0,1.0,10,0,0.2463416576756617,0.0950477542057705,0.9245980927415328,0.8295503385357623,0.0283465402932091,1.3593708469161911,False,0,0.194734595635964,1.0,0.4,C_ref,2026-09-12 11:31:48,2026-09-12 12:49:38
scratch,0,1.0,1.0,11,0,0.3514779987135777,0.1287205752350542,0.9488405343140646,0.8201199590790103,0.0420805778032327,1.3246119472814075,False,0,0.0113903378842223,1.0,0.4,C_ref,2026-09-12 11:31:48,2026-09-12 12:49:38
scratch,0,1.0,1.0,12,0,0.2332350379706115,0.0889428104053475,0.9300553600308512,0.8411125496255035,0.025657344151147,1.375826280752016,False,0,0.2413841634588607,1.0,0.4,C_ref,2026-09-12 11:31:48,2026-09-12 12:49:38
scratch,0,1.0,1.0,13,0,0.2257466427848304,0.085267443103434,0.978987958507403,0.893720515403969,0.0238844052314482,1.401753531419548,False,0,0.2559174510206503,1.0,0.4,C_ref,2026-09-12 11:31:48,2026-09-12 12:49:38
scratch,0,1.0,1.0,14,0,0.2343486186963455,0.098584056589042,0.6020112290970043,0.5034271725079623,0.032180968854027,1.1680201786734488,False,0,0.3698294708192406,1.0,0.4,C_ref,2026-09-12 11:31:48,2026-09-12 12:49:38
scratch,0,1.0,1.0,15,0,0.2605167490163873,0.0973126649443439,1.04860902719006,0.951296362245716,0.0287760227105641,1.4202662246098727,False,0,0.1206130495374964,1.0,0.4,C_ref,2026-09-12 11:31:48,2026-09-12 12:49:38
scratch,0,1.0,1.0,16,0,0.2191837296296473,0.0833882412398101,0.931669170112102,0.8482809288722919,0.0233181769237477,1.3874709851512883,False,0,0.3010650915457518,1.0,0.4,C_ref,2026-09-12 11:31:48,2026-09-12 12:49:38
scratch,0,1.0,1.0,17,0,0.3266140400119202,0.1370548506625655,0.7677426077546525,0.630687757092087,0.0490144548174565,1.1847047566212894,False,0,0.0511485501629067,1.0,0.4,C_ref,2026-09-12 11:31:48,2026-09-12 12:49:38
scratch,0,1.0,1.0,18,0,0.2557360311652534,0.1006730133041781,0.8641177128475863,0.7634446995434082,0.0312993803214274,1.3216775866331074,False,0,0.1822639485435502,1.0,0.4,C_ref,2026-09-12 11:31:48,2026-09-12 12:49:38
scratch,0,1.0,1.0,19,0,0.2543678454002386,0.1010041445085138,0.8096876100282185,0.7086834655197047,0.0314655479259977,1.2937288571711294,False,0,0.2005547615808609,1.0,0.4,C_ref,2026-09-12 11:31:48,2026-09-12 12:49:38
scratch,0,1.0,1.0,20,0,0.2898427557001646,0.1166112572659161,0.8271873702881543,0.7105761130222381,0.0386514098365634,1.2705445115959328,False,0,0.1045565476124466,1.0,0.4,C_ref,2026-09-12 11:31:48,2026-09-12 12:49:38
scratch,0,1.0,1.0,21,0,0.2085337877612036,0.0819487988050073,0.7034780038354641,0.6215292050304568,0.0234241988295029,1.3275872566886726,False,0,0.4328014176098804,1.0,0.4,C_ref,2026-09-12 11:31:48,2026-09-12 12:49:38
scratch,0,1.0,1.0,22,0,0.2860750132646955,0.1127899518037278,0.8355581960827234,0.7227682442789956,0.0365407863920932,1.2729349278617128,False,0,0.1052337127730425,1.0,0.4,C_ref,2026-09-12 11:31:48,2026-09-12 12:49:38
scratch,0,1.0,1.0,23,0,0.3111242903858092,0.1234250749191424,0.836539184523852,0.7131141096047096,0.0413887328101981,1.2533536827874543,False,0,0.0609578096555196,1.0,0.4,C_ref,2026-09-12 11:31:48,2026-09-12 12:49:38
scratch,0,1.0,1.0,24,0,0.2761776653646082,0.1122455883860796,0.7839745605878764,0.6717289722017967,0.0371726543363448,1.2473147055404128,False,0,0.1454973475119914,1.0,0.4,C_ref,2026-09-12 11:31:48,2026-09-12 12:49:38
scratch,0,1.0,1.0,25,0,0.3237307744673936,0.1397858474519532,0.728539286531115,0.5887534390791618,0.0513669081971044,1.1464280159084963,False,0,0.0627237214102933,1.0,0.4,C_ref,2026-09-12 11:31:48,2026-09-12 12:49:38
scratch,0,1.0,1.0,26,0,0.2840680389401109,0.1176670633568285,0.7585962008890849,0.6409291375322563,0.0398682736501741,1.2228701388323064,False,0,0.1344157735475164,1.0,0.4,C_ref,2026-09-12 11:31:48,2026-09-12 12:49:38
scratch,0,1.0,1.0,27,0,0.2808808231822303,0.1139378424357774,0.786093035459047,0.6721551930232694,0.037910936653949,1.2412921613821764,False,0,0.1313664920744486,1.0,0.4,C_ref,2026-09-12 11:31:48,2026-09-12 12:49:38
scratch,0,1.0,1.0,28,0,0.2735307754439962,0.107742087180007,0.841673435398744,0.733931348218737,0.0344176391204134,1.2845925936340286,False,0,0.1329083627315412,1.0,0.4,C_ref,2026-09-12 11:31:48,2026-09-12 12:49:38
scratch,0,1.0,1.0,29,0,0.293545666385353,0.1185769745595177,0.7894099225852605,0.6708329480257428,0.0394465603616097,1.235154190598353,False,0,0.1014820261589193,1.0,0.4,C_ref,2026-09-12 11:31:48,2026-09-12 12:49:38
scratch,0,1.0,1.0,30,0,0.300525129604196,0.1208448980043727,0.8494050649962979,0.728560166991925,0.0409701435509403,1.2713722236535794,False,0,0.0794945502966584,1.0,0.4,C_ref,2026-09-12 11:31:48,2026-09-12 12:49:38
scratch,0,1.0,1.0,31,0,0.2394252213881059,0.0959679507745791,0.7170252348675686,0.6210572840929894,0.0293593772051517,1.2515116290962198,False,0,0.279950579686556,1.0,0.4,C_ref,2026-09-12 11:31:48,2026-09-12 12:49:38
scratch,0,1.0,1.0,32,0,0.2840034096804526,0.1119444842902609,0.8630318274600416,0.7510873431697807,0.0362768341772633,1.2970382307398636,False,0,0.1071599870228965,1.0,0.4,C_ref,2026-09-12 11:31:48,2026-09-12 12:49:38
scratch,0,1.0,1.0,33,0,0.383611166557384,0.1446160619909677,0.9203823069082008,0.7757662449172332,0.0498312998815227,1.2928751878958409,False,0,0.0013553275130107,1.0,0.4,C_ref,2026-09-12 11:31:48,2026-09-12 12:49:38
scratch,0,1.0,1.0,34,0,0.290526577692555,0.1164675438591405,0.8073519865914786,0.690884442732338,0.0383071005700358,1.2534239343391491,False,0,0.1045911378278106,1.0,0.4,C_ref,2026-09-12 11:31:48,2026-09-12 12:49:38
scratch,0,1.0,1.0,35,0,0.2780456642410388,0.1157499507855106,0.7239870997389387,0.6082371489534281,0.0390220070427868,1.202273577237002,False,0,0.1595060249455855,1.0,0.4,C_ref,2026-09-12 11:31:48,2026-09-12 12:49:38
scratch,0,1.0,1.0,36,0,0.2467864995088925,0.0960032024268637,0.912697252544436,0.8166940501175722,0.028936666387275,1.3486996968192717,False,0,0.1980663261674635,1.0,0.4,C_ref,2026-09-12 11:31:48,2026-09-12 12:49:38
scratch,0,1.0,1.0,37,0,0.2514807796318333,0.0982441216201172,0.8519424167290527,0.7536982951089355,0.0298822010235637,1.3109525623468254,False,0,0.1926296048295626,1.0,0.4,C_ref,2026-09-12 11:31:48,2026-09-12 12:49:38
scratch,0,1.0,1.0,38,0,0.217682134246014,0.0852647382121774,0.8073340791199355,0.7220693409077581,0.0247315762649502,1.347964776911653,False,0,0.3556196512581664,1.0,0.4,C_ref,2026-09-12 11:31:48,2026-09-12 12:49:38
scratch,0,1.0,1.0,39,0,0.2541655497758132,0.1069973192538563,0.6802556295863655,0.5732583103325092,0.0358724557045741,1.2192372545876784,False,0,0.2562123738098307,1.0,0.4,C_ref,2026-09-12 11:31:48,2026-09-12 12:49:38
scratch,0,1.0,1.0,40,0,0.2897862598863744,0.1091976104060573,0.9751465132695072,0.8659489028634499,0.0342498849125088,1.36293914397073,False,0,0.0734579172858502,1.0,0.4,C_ref,2026-09-12 11:31:48,2026-09-12 12:49:38
scratch,0,1.0,1.0,41,0,0.3479657764089631,0.1373565004413292,0.8487271162105171,0.7113706157691879,0.0474400833494972,1.2446892475443865,False,0,0.0192154852629755,1.0,0.4,C_ref,2026-09-12 11:31:48,2026-09-12 12:49:38
scratch,0,1.0,1.0,42,0,0.2758063726897977,0.106140468370872,0.911518024907353,0.805377556536481,0.0331934870319758,1.329498093979161,False,0,0.1110609575589478,1.0,0.4,C_ref,2026-09-12 11:31:48,2026-09-12 12:49:38
scratch,0,1.0,1.0,43,0,0.3852019119930296,0.1492257324666714,0.8955540626759593,0.7463283302092878,0.0526572430230883,1.2717688776205407,False,0,0.0011656392780423,1.0,0.4,C_ref,2026-09-12 11:31:48,2026-09-12 12:49:38
scratch,0,1.0,1.0,44,0,0.3221517966226824,0.1297742491931019,0.8105022492043891,0.6807280000112871,0.0446431654140006,1.2267427221364826,False,0,0.0498470532729697,1.0,0.4,C_ref,2026-09-12 11:31:48,2026-09-12 12:49:38
scratch,0,1.0,1.0,45,0,0.3418370668236575,0.1394720310193173,0.8054225125026075,0.6659504814832902,0.0491660400295381,1.2071805936736972,False,0,0.0281192389484203,1.0,0.4,C_ref,2026-09-12 11:31:48,2026-09-12 12:49:38
scratch,0,1.0,1.0,46,0,0.2763480083948154,0.1119226533524747,0.7705296548768414,0.6586070015243668,0.0367942121298206,1.238370727632668,False,0,0.1465058558096643,1.0,0.4,C_ref,2026-09-12 11:31:48,2026-09-12 12:49:38
scratch,0,1.0,1.0,47,0,0.2633081228489176,0.1032449645881421,0.8458208489866252,0.7425758843984831,0.0322855551097103,1.2959769234398837,False,0,0.1576080162994912,1.0,0.4,C_ref,2026-09-12 11:31:48,2026-09-12 12:49:38
scratch,0,1.0,1.0,0,0,2.262983745260057,1.9848204637434788,2.5470539812999204,0.5622335175564417,1.7101412638877505,2.8384576002751296,False,0,0.698717800398299,1.0,2.5,C_ref,2026-09-12 11:31:48,2026-09-12 12:49:38
scratch,0,1.0,1.0,1,0,2.308883228567726,2.031043868022419,2.592642159688907,0.5615982916664879,1.7569276083680716,2.883722008982525,False,0,0.4570570683135884,1.0,2.5,C_ref,2026-09-12 11:31:48,2026-09-12 12:49:38
scratch,0,1.0,1.0,2,0,2.410233719439044,2.133341771552065,2.6936130323080696,0.5602712607560045,1.8611047202523991,2.9846582494055074,False,0,0.1020469394061365,1.0,2.5,C_ref,2026-09-12 11:31:48,2026-09-12 12:49:38
scratch,0,1.0,1.0,3,0,2.4190086197824305,2.1424119608868315,2.702221060735416,0.5598090998485841,1.8706921373073917,2.993158675166559,False,0,0.083249206389155,1.0,2.5,C_ref,2026-09-12 11:31:48,2026-09-12 12:49:38
scratch,0,1.0,1.0,4,0,2.3507012528864006,2.074979421838205,2.6326948709002083,0.5577154490620031,1.8034927451802976,2.922219832375004,False,0,0.2835155544016743,1.0,2.5,C_ref,2026-09-12 11:31:48,2026-09-12 12:49:38
scratch,0,1.0,1.0,5,0,2.297900280579316,2.021112549869073,2.5807313332079542,0.5596187833388813,1.7482456776765214,2.8708969923898127,False,0,0.514065039678826,1.0,2.5,C_ref,2026-09-12 11:31:48,2026-09-12 12:49:38
scratch,0,1.0,1.0,6,0,2.266159747829552,1.988174157685331,2.549970071567274,0.561795913881943,1.7136464884061542,2.840935491415601,False,0,0.6816331724112388,1.0,2.5,C_ref,2026-09-12 11:31:48,2026-09-12 12:49:38
scratch,0,1.0,1.0,7,0,2.311777754009395,2.034755754489505,2.5948384517813508,0.5600826972918456,1.7616145150738731,2.885276088738443,False,0,0.4455936801386997,1.0,2.5,C_ref,2026-09-12 11:31:48,2026-09-12 12:49:38
scratch,0,1.0,1.0,8,0,2.344231335951197,2.064763037601564,2.6296050395675654,0.5648420019660017,1.7889136318191017,2.9221374305847765,False,0,0.3009439442284929,1.0,2.5,C_ref,2026-09-12 11:31:48,2026-09-12 12:49:38
scratch,0,1.0,1.0,9,0,2.314311842018976,2.036752489948624,2.597958990988156,0.561206501039532,1.7631682665278992,2.8889534452019867,False,0,0.4319311670260504,1.0,2.5,C_ref,2026-09-12 11:31:48,2026-09-12 12:49:38
scratch,0,1.0,1.0,10,0,2.4147155027929257,2.137714834134236,2.6983226675368552,0.5606078334026194,1.8656206917382252,2.9895886072787485,False,0,0.0917679351805418,1.0,2.5,C_ref,2026-09-12 11:31:48,2026-09-12 12:49:38
scratch,0,1.0,1.0,11,0,2.3008165837002834,2.021838239196608,2.585704030516498,0.5638657913198899,1.7465851395513672,2.8779082221477457,False,0,0.492181951944076,1.0,2.5,C_ref,2026-09-12 11:31:48,2026-09-12 12:49:38
scratch,0,1.0,1.0,12,0,2.433653143189567,2.1551272534364543,2.7188999809153223,0.563772727478868,1.8815895839359893,3.011876194566509,False,0,0.0549999523500446,1.0,2.5,C_ref,2026-09-12 11:31:48,2026-09-12 12:49:38
scratch,0,1.0,1.0,13,0,2.445542128496656,2.168104538622033,2.729767398465225,0.5616628598431928,1.895861484264968,3.0217084350299594,False,0,0.0372353086786461,1.0,2.5,C_ref,2026-09-12 11:31:48,2026-09-12 12:49:38
scratch,0,1.0,1.0,14,0,2.2802943015553083,2.0048392214581434,2.561617534487482,0.5567783130293384,1.7328582351057773,2.850221679400031,False,0,0.6130258562407107,1.0,2.5,C_ref,2026-09-12 11:31:48,2026-09-12 12:49:38
scratch,0,1.0,1.0,15,0,2.429673023590272,2.1530235635067685,2.7130630836196103,0.5600395201128419,1.8814400390695256,3.004280069438528,False,0,0.0627718172290769,1.0,2.5,C_ref,2026-09-12 11:31:48,2026-09-12 12:49:38
scratch,0,1.0,1.0,16,0,2.478530299012984,2.201393095210881,2.762417791570888,0.5610246963600072,1.92946446802538,3.054094762718417,False,0,0.0058289715816499,1.0,2.5,C_ref,2026-09-12 11:31:48,2026-09-12 12:49:38
scratch,0,1.0,1.0,17,0,2.185223736318056,1.907035839089775,2.468523630398065,0.5614877913082901,1.6310555106216549,2.758554396108753,False,0,1.2313914742881025,0.0,2.5,C_ref,2026-09-12 11:31:48,2026-09-12 12:49:38
scratch,0,1.0,1.0,18,0,2.3850146508388805,2.107997478140576,2.6683743962499022,0.5603769181093261,1.8355031855204855,2.959193755086745,False,0,0.1667996091091481,1.0,2.5,C_ref,2026-09-12 11:31:48,2026-09-12 12:49:38
scratch,0,1.0,1.0,19,0,2.3529485338412086,2.075443976529228,2.636593538004517,0.5611495614752893,1.8020145592686292,2.9276538497247198,False,0,0.2717677218352037,1.0,2.5,C_ref,2026-09-12 11:31:48,2026-09-12 12:49:38
scratch,0,1.0,1.0,20,0,2.2843752903803023,2.0057948664297536,2.568892075744865,0.563097209315111,1.7307857687650992,2.860668857407953,False,0,0.5775112160517892,1.0,2.5,C_ref,2026-09-12 11:31:48,2026-09-12 12:49:38
scratch,0,1.0,1.0,21,0,2.427198849875867,2.150677758281796,2.710399854431554,0.5597220961497587,1.879165983143933,3.0013227527529565,False,0,0.0672534722871205,1.0,2.5,C_ref,2026-09-12 11:31:48,2026-09-12 12:49:38
scratch,0,1.0,1.0,22,0,2.303952528773651,2.025116047399578,2.588575589961202,0.5634595425616236,1.7497483130195437,2.880322729578781,False,0,0.4777093780176074,1.0,2.5,C_ref,2026-09-12 11:31:48,2026-09-12 12:49:38
scratch,0,1.0,1.0,23,0,2.262450770718234,1.9846839642042104,2.545906172197159,0.561222207992949,1.7101408075081213,2.8365288925644783,False,0,0.7047630834713345,1.0,2.5,C_ref,2026-09-12 11:31:48,2026-09-12 12:49:38
scratch,0,1.0,1.0,24,0,2.2774064161655265,2.000836466582703,2.559780375966265,0.558943909383562,1.7278002909620962,2.849304918806306,False,0,0.62447633339616,1.0,2.5,C_ref,2026-09-12 11:31:48,2026-09-12 12:49:38
scratch,0,1.0,1.0,25,0,2.148468744392227,1.8704475275440648,2.431181303083936,0.5607337755398709,1.5939436857830922,2.7204464850515686,False,0,1.5378324893863464,0.0,2.5,C_ref,2026-09-12 11:31:48,2026-09-12 12:49:38
scratch,0,1.0,1.0,26,0,2.2628901054700044,1.9862705421540456,2.545233482330424,0.5589629401763778,1.7129292415191215,2.834779215936184,False,0,0.7076815697619168,1.0,2.5,C_ref,2026-09-12 11:31:48,2026-09-12 12:49:38
scratch,0,1.0,1.0,27,0,2.2841774567850326,2.0080375775631283,2.5661487078546807,0.5581111302915525,1.7354664115822305,2.855357867224722,False,0,0.5888717180641834,1.0,2.5,C_ref,2026-09-12 11:31:48,2026-09-12 12:49:38
scratch,0,1.0,1.0,28,0,2.3396385395095725,2.062182431132113,2.6232495011450125,0.561067070012899,1.7888284020864411,2.9143235069144517,False,0,0.3230210192668892,1.0,2.5,C_ref,2026-09-12 11:31:48,2026-09-12 12:49:38
scratch,0,1.0,1.0,29,0,2.2691155172390127,1.9893349799403013,2.55438732086923,0.5650523409289285,1.71260488672936,2.846726445166821,False,0,0.6576997839729302,1.0,2.5,C_ref,2026-09-12 11:31:48,2026-09-12 12:49:38
scratch,0,1.0,1.0,30,0,2.2995055143296472,2.0250407644904245,2.5800926423223856,0.5550518778319611,1.754492209535396,2.868038320729463,False,0,0.5141667528660037,1.0,2.5,C_ref,2026-09-12 11:31:48,2026-09-12 12:49:38
scratch,0,1.0,1.0,31,0,2.334295880977727,2.0561545933189738,2.618470431009269,0.5623158376902957,1.7818888444896512,2.9099417662435094,False,0,0.3432049401671975,1.0,2.5,C_ref,2026-09-12 11:31:48,2026-09-12 12:49:38
scratch,0,1.0,1.0,32,0,2.339464582284125,2.061824349607871,2.623278468249268,0.5614541186413966,1.7883083714358334,2.914582202521651,False,0,0.3232665860450652,1.0,2.5,C_ref,2026-09-12 11:31:48,2026-09-12 12:49:38
scratch,0,1.0,1.0,33,0,2.256172791138212,1.9784506415296048,2.5396071975229453,0.5611565559933407,1.7040624907453163,2.8301330782590512,False,0,0.7423898083179665,1.0,2.5,C_ref,2026-09-12 11:31:48,2026-09-12 12:49:38
scratch,0,1.0,1.0,34,0,2.278388256937808,1.9984650307409535,2.563873041882144,0.5654080111411903,1.7216819034352775,2.856441161856796,False,0,0.605489233017579,1.0,2.5,C_ref,2026-09-12 11:31:48,2026-09-12 12:49:38
scratch,0,1.0,1.0,35,0,2.25039362328221,1.971791058552392,2.5344736120180142,0.5626825534656223,1.696096431205092,2.825624157698089,False,0,0.7739449306936876,1.0,2.5,C_ref,2026-09-12 11:31:48,2026-09-12 12:49:38
scratch,0,1.0,1.0,36,0,2.3935992029467146,2.1174754813430945,2.676335036645878,0.5588595553027833,1.8462386065580447,2.9667966427746544,False,0,0.1437094792781863,1.0,2.5,C_ref,2026-09-12 11:31:48,2026-09-12 12:49:38
scratch,0,1.0,1.0,37,0,2.381197203878269,2.104048526207354,2.664731365401193,0.5606828391938392,1.831378680067068,2.955867339999196,False,0,0.1780476983512926,1.0,2.5,C_ref,2026-09-12 11:31:48,2026-09-12 12:49:38
scratch,0,1.0,1.0,38,0,2.44409296855131,2.167619847916134,2.727241887121806,0.5596220392056721,1.8961892540602263,3.018116810089271,False,0,0.0395757120786584,1.0,2.5,C_ref,2026-09-12 11:31:48,2026-09-12 12:49:38
scratch,0,1.0,1.0,39,0,2.303083427472948,2.0267526950702823,2.585406174439439,0.5586534793691569,1.7541557897157911,2.875107908501008,False,0,0.489854493214807,1.0,2.5,C_ref,2026-09-12 11:31:48,2026-09-12 12:49:38
scratch,0,1.0,1.0,40,0,2.365101728629696,2.0875582159741324,2.649113145097471,0.5615549291233388,1.81461985988238,2.940680170037503,False,0,0.2283228597843845,1.0,2.5,C_ref,2026-09-12 11:31:48,2026-09-12 12:49:38
scratch,0,1.0,1.0,41,0,2.24967962891264,1.9715589748635265,2.5333001489545843,0.5617411740910578,1.696459217192775,2.8239731109307957,False,0,0.7808588235493517,1.0,2.5,C_ref,2026-09-12 11:31:48,2026-09-12 12:49:38
scratch,0,1.0,1.0,42,0,2.383241042277429,2.1058727567305056,2.66701631278322,0.561143556052714,1.833036823130328,2.9583692403414488,False,0,0.1716252039368555,1.0,2.5,C_ref,2026-09-12 11:31:48,2026-09-12 12:49:38
scratch,0,1.0,1.0,43,0,2.244172592561643,1.966081393906707,2.5278674408169377,0.5617860469102307,1.6911016883478331,2.8186040281273823,False,0,0.8148351552117674,1.0,2.5,C_ref,2026-09-12 11:31:48,2026-09-12 12:49:38
scratch,0,1.0,1.0,44,0,2.2324409320916434,1.9532432251212344,2.5170235436728032,0.5637803185515691,1.6767593429193832,2.8085836418973398,False,0,0.8849107767964597,1.0,2.5,C_ref,2026-09-12 11:31:48,2026-09-12 12:49:38
scratch,0,1.0,1.0,45,0,2.192093807503764,1.913521876272685,2.4758565545817506,0.5623346783090653,1.63729008243691,2.7664946575639298,False,0,1.1748329619549622,0.0,2.5,C_ref,2026-09-12 11:31:48,2026-09-12 12:49:38
scratch,0,1.0,1.0,46,0,2.305263524292988,2.0272157372604958,2.5891771476756893,0.561961410415194,1.7527888137330858,2.880244757611537,False,0,0.4737536584034387,1.0,2.5,C_ref,2026-09-12 11:31:48,2026-09-12 12:49:38
scratch,0,1.0,1.0,47,0,2.363487311911785,2.085955604651723,2.6473208085538635,0.5613652039021404,1.812757254273902,2.9386664601243453,False,0,0.2341185452169156,1.0,2.5,C_ref,2026-09-12 11:31:48,2026-09-12 12:49:38
