variant,seed,frac_sig,frac_sbi,toy,n_nonfinite,mu_hat,lo,hi,width,lo_2sig,hi_2sig,at_boundary,n_nan_t,t_true,covers_1sig,mu_true,calibration,finished_sig,finished_sbi
pretrained,0,0.01,0.01,0,0,0.2026380537101728,0.0831395967265995,0.5107000419184313,0.4275604451918318,0.0253822380956167,1.0013540069426947,False,0,0.5641475797383464,1.0,0.4,C_ref,2026-09-18 03:50:55,2026-09-18 05:06:23
pretrained,0,0.01,0.01,1,0,0.1593405486159092,0.0635154467182981,0.3740115209058928,0.3104960741875947,0.0168763746211357,0.8888450617975929,False,0,1.148413395661919,0.0,0.4,C_ref,2026-09-18 03:50:55,2026-09-18 05:06:23
pretrained,0,0.01,0.01,2,0,0.0771026295490037,0.0415621085667245,0.3010636207731551,0.2595015122064305,0.0095242806603123,1.12097616598477,False,0,1.4748966168917832,0.0,0.4,C_ref,2026-09-18 03:50:55,2026-09-18 05:06:23
pretrained,0,0.01,0.01,3,0,0.131441626745986,0.0494819634550193,0.2142657278022866,0.1647837643472673,0.0106458986034826,1.0738183231802303,False,0,1.97964139659598,0.0,0.4,C_ref,2026-09-18 03:50:55,2026-09-18 05:06:23
pretrained,0,0.01,0.01,4,0,0.1620680967560022,0.0755273787481858,0.3997068405012304,0.3241794617530445,0.0228546040263517,1.0429373994087838,False,0,1.0011490603537825,0.0,0.4,C_ref,2026-09-18 03:50:55,2026-09-18 05:06:23
pretrained,0,0.01,0.01,5,0,0.1865031707512062,0.0735735086756581,0.5081411134656941,0.434567604790036,0.0200243668083843,1.0825694283828615,False,0,0.6341932858849759,1.0,0.4,C_ref,2026-09-18 03:50:55,2026-09-18 05:06:23
pretrained,0,0.01,0.01,6,0,0.1155139739635913,0.0620393091998012,0.2468317957506252,0.184792486550824,0.0182352885536795,1.0296876199219165,False,0,1.604388298765116,0.0,0.4,C_ref,2026-09-18 03:50:55,2026-09-18 05:06:23
pretrained,0,0.01,0.01,7,0,0.1331488415868729,0.0522249679424225,0.2530533491656802,0.2008283812232576,0.0123673019973605,0.7446912869618478,False,0,1.750073193674325,0.0,0.4,C_ref,2026-09-18 03:50:55,2026-09-18 05:06:23
pretrained,0,0.01,0.01,8,0,0.1397998659430877,0.0606737154140564,0.1822624754677581,0.1215887600537016,0.0164166529435249,1.0082657507179915,False,0,2.330847860430368,0.0,0.4,C_ref,2026-09-18 03:50:55,2026-09-18 05:06:23
pretrained,0,0.01,0.01,9,0,0.1277812077504864,0.0497393364257355,0.2178648520014177,0.1681255155756821,0.0113249702835828,0.7044726402563817,False,0,2.4682783561620454,0.0,0.4,C_ref,2026-09-18 03:50:55,2026-09-18 05:06:23
pretrained,0,0.01,0.01,10,0,0.1520402946300239,0.0604941172959467,0.4003794171451124,0.3398852998491657,0.0158298004283569,1.037167810508551,False,0,0.9987699246994453,1.0,0.4,C_ref,2026-09-18 03:50:55,2026-09-18 05:06:23
pretrained,0,0.01,0.01,11,0,0.1314373396755976,0.0505152175823364,0.2817930647685574,0.2312778471862209,0.0113035242070397,0.8547612926028034,False,0,1.6407466721539097,0.0,0.4,C_ref,2026-09-18 03:50:55,2026-09-18 05:06:23
pretrained,0,0.01,0.01,12,0,0.1257489563123487,0.0461134712121762,0.2956777776524548,0.2495643064402785,0.0094809915382378,0.7976943894183288,False,0,1.7606348161352798,0.0,0.4,C_ref,2026-09-18 03:50:55,2026-09-18 05:06:23
pretrained,0,0.01,0.01,13,0,0.1339684498932063,0.0503943185180939,0.3227160640859159,0.272321745567822,0.0109555828543784,0.9103827244170476,False,0,1.4355492685390343,0.0,0.4,C_ref,2026-09-18 03:50:55,2026-09-18 05:06:23
pretrained,0,0.01,0.01,14,0,0.1683222417576565,0.0698249101623542,0.3986950215225038,0.3288701113601496,0.0197142475958187,0.89662483815191,False,0,1.0065946178001468,0.0,0.4,C_ref,2026-09-18 03:50:55,2026-09-18 05:06:23
pretrained,0,0.01,0.01,15,0,0.1516792008686925,0.0578758265224105,0.3888094608016292,0.3309336342792187,0.0141766150595246,1.0513581912924466,False,0,1.0485451206259313,0.0,0.4,C_ref,2026-09-18 03:50:55,2026-09-18 05:06:23
pretrained,0,0.01,0.01,16,0,0.1608307928527321,0.0647452582670457,0.3824977938378036,0.3177525355707578,0.017129062171822,1.1171310793574094,False,0,1.0567775505078316,0.0,0.4,C_ref,2026-09-18 03:50:55,2026-09-18 05:06:23
pretrained,0,0.01,0.01,17,0,0.1788076738701711,0.0739527097074394,0.4080064412117333,0.3340537315042938,0.0214153097738449,0.871624337611968,False,0,0.9548091167998792,1.0,0.4,C_ref,2026-09-18 03:50:55,2026-09-18 05:06:23
pretrained,0,0.01,0.01,18,0,0.170274489062624,0.0673658482032307,0.4299758629723713,0.3626100147691405,0.0181237846013838,1.021061678513142,False,0,0.8703157327036024,1.0,0.4,C_ref,2026-09-18 03:50:55,2026-09-18 05:06:23
pretrained,0,0.01,0.01,19,0,0.1386422219487295,0.0523911293667772,0.3335794762229503,0.281188346856173,0.0118441267051894,0.9476403267413512,False,0,1.3888034250012424,0.0,0.4,C_ref,2026-09-18 03:50:55,2026-09-18 05:06:23
pretrained,0,0.01,0.01,20,0,0.1479878114600642,0.0695950309053173,0.1669849428881471,0.0973899119828297,0.0204759104309571,1.0569917346806657,False,0,2.091144493566389,0.0,0.4,C_ref,2026-09-18 03:50:55,2026-09-18 05:06:23
pretrained,0,0.01,0.01,21,0,0.1307947948113728,0.0492944425327629,0.3030035480427254,0.2537091055099625,0.010529425435252,0.8352432780131978,False,0,1.653836892099207,0.0,0.4,C_ref,2026-09-18 03:50:55,2026-09-18 05:06:23
pretrained,0,0.01,0.01,22,0,0.1792493760951236,0.0714171198266095,0.4431335062415194,0.3717163864149098,0.019508172819422,0.9843206844360044,False,0,0.806572824374598,1.0,0.4,C_ref,2026-09-18 03:50:55,2026-09-18 05:06:23
pretrained,0,0.01,0.01,23,0,0.1838278989607298,0.0778867908198159,0.4484828649820355,0.3705960741622195,0.0230429745909442,1.0140652967723012,False,0,0.8045731208549114,1.0,0.4,C_ref,2026-09-18 03:50:55,2026-09-18 05:06:23
pretrained,0,0.01,0.01,24,0,0.1736982670537025,0.0696860054467064,0.4355993058589827,0.3659133004122762,0.0192527435549684,1.0109083797989291,False,0,0.8480754650117888,1.0,0.4,C_ref,2026-09-18 03:50:55,2026-09-18 05:06:23
pretrained,0,0.01,0.01,25,0,0.2113681370382008,0.0769174840750487,0.5208900309245499,0.4439725468495011,0.0254468071648604,1.0202312350005414,False,0,0.5190778011092334,1.0,0.4,C_ref,2026-09-18 03:50:55,2026-09-18 05:06:23
pretrained,0,0.01,0.01,26,0,0.1478752557223967,0.0718115578668737,0.345894747412175,0.2740831895453012,0.0211181947071335,1.0723727163427077,False,0,1.197085570445779,0.0,0.4,C_ref,2026-09-18 03:50:55,2026-09-18 05:06:23
pretrained,0,0.01,0.01,27,0,0.1350454063017936,0.0605059044300791,0.2511682041966588,0.1906622997665796,0.0167842569563228,0.8108488945761332,False,0,1.9833593469265909,0.0,0.4,C_ref,2026-09-18 03:50:55,2026-09-18 05:06:23
pretrained,0,0.01,0.01,28,0,0.1531282912219253,0.0608618908253753,0.30017826170392,0.2393163708785446,0.0159053684106376,1.0279440106282596,False,0,1.455074947236426,0.0,0.4,C_ref,2026-09-18 03:50:55,2026-09-18 05:06:23
pretrained,0,0.01,0.01,29,0,0.1569417412940073,0.0621648050367793,0.3938399738444661,0.3316751688076867,0.0163663913677042,0.9840535541528148,False,0,1.0276026000501588,0.0,0.4,C_ref,2026-09-18 03:50:55,2026-09-18 05:06:23
pretrained,0,0.01,0.01,30,0,0.2022896793259049,0.0848217275877019,0.4780963237460116,0.3932745961583096,0.0264242073404581,0.9563993863716334,False,0,0.6444406045920914,1.0,0.4,C_ref,2026-09-18 03:50:55,2026-09-18 05:06:23
pretrained,0,0.01,0.01,31,0,0.1480332453397235,0.0572318928758061,0.3499223945679077,0.2926905016921016,0.0139715879909002,0.8973970232525352,False,0,1.2949973283684812,0.0,0.4,C_ref,2026-09-18 03:50:55,2026-09-18 05:06:23
pretrained,0,0.01,0.01,32,0,0.1398881233363261,0.0543479231417451,0.3010475111914389,0.2466995880496938,0.0129806313850079,0.8443223785234182,False,0,1.53068521836758,0.0,0.4,C_ref,2026-09-18 03:50:55,2026-09-18 05:06:23
pretrained,0,0.01,0.01,33,0,0.216847722396741,0.0909737808061567,0.5070729279746565,0.4160991471684997,0.0288170363696939,0.9762721632690364,False,0,0.5307323823217303,1.0,0.4,C_ref,2026-09-18 03:50:55,2026-09-18 05:06:23
pretrained,0,0.01,0.01,34,0,0.1070173943826545,0.0591290969772236,0.3903407340948449,0.3312116371176212,0.0169566287624535,1.0500961959139017,False,0,1.036806468218856,0.0,0.4,C_ref,2026-09-18 03:50:55,2026-09-18 05:06:23
pretrained,0,0.01,0.01,35,0,0.1445975793201574,0.0566289453277311,0.3469702466303941,0.290341301302663,0.0142223193325006,0.9328963289468428,False,0,1.2877427588427963,0.0,0.4,C_ref,2026-09-18 03:50:55,2026-09-18 05:06:23
pretrained,0,0.01,0.01,36,0,0.139342614849484,0.0538764506196354,0.320846938826965,0.2669704882073295,0.01275059839025,0.8025418909428028,False,0,1.5456530393967114,0.0,0.4,C_ref,2026-09-18 03:50:55,2026-09-18 05:06:23
pretrained,0,0.01,0.01,37,0,0.12928484537701,0.0479520336442169,0.3097256238704881,0.2617735902262711,0.0098747431456783,0.9095880081145514,False,0,1.5644323375381646,0.0,0.4,C_ref,2026-09-18 03:50:55,2026-09-18 05:06:23
pretrained,0,0.01,0.01,38,0,0.1491922920905753,0.0579395640622706,0.3659498803180593,0.3080103162557887,0.0145708198147291,0.9995617367800214,False,0,1.170440260284522,0.0,0.4,C_ref,2026-09-18 03:50:55,2026-09-18 05:06:23
pretrained,0,0.01,0.01,39,0,0.0989268408956849,0.0493920615401709,0.1184247376611726,0.0690326761210017,0.0128615256232052,0.9678541440003328,False,0,2.994731274811784,0.0,0.4,C_ref,2026-09-18 03:50:55,2026-09-18 05:06:23
pretrained,0,0.01,0.01,40,0,0.1671114091786552,0.0658749950834927,0.2590696887084696,0.1931946936249768,0.0172945228766587,1.1665198059162394,False,0,0.6767260427986912,0.0,0.4,C_ref,2026-09-18 03:50:55,2026-09-18 05:06:23
pretrained,0,0.01,0.01,41,0,0.1911570512821983,0.0765714303506619,0.5113040057825559,0.4347325754318938,0.0219976309432152,1.056914349386301,False,0,0.610697248030192,1.0,0.4,C_ref,2026-09-18 03:50:55,2026-09-18 05:06:23
pretrained,0,0.01,0.01,42,0,0.1630534984896279,0.0641373787516425,0.4041217752119604,0.3399843964603178,0.0168770713712763,0.9886052848331276,False,0,0.981295976373076,1.0,0.4,C_ref,2026-09-18 03:50:55,2026-09-18 05:06:23
pretrained,0,0.01,0.01,43,0,0.2280083869731747,0.0957572807705663,0.546220589760104,0.4504633089895376,0.0308736886092854,1.017014715708486,False,0,0.4257762844608805,1.0,0.4,C_ref,2026-09-18 03:50:55,2026-09-18 05:06:23
pretrained,0,0.01,0.01,44,0,0.1871086673408497,0.0764717424324911,0.4420790316215006,0.3656072891890094,0.0220950709763066,0.9346593038632074,False,0,0.7926974962210807,1.0,0.4,C_ref,2026-09-18 03:50:55,2026-09-18 05:06:23
pretrained,0,0.01,0.01,45,0,0.1872195264252573,0.0771522496736521,0.4495376473502213,0.3723853976765691,0.0227176079293726,0.941604679141105,False,0,0.7661178046364512,1.0,0.4,C_ref,2026-09-18 03:50:55,2026-09-18 05:06:23
pretrained,0,0.01,0.01,46,0,0.1264340681545311,0.0663459388228897,0.4292357304829878,0.3628897916600981,0.0187597610954182,1.0835069667156962,False,0,0.8949099051787925,1.0,0.4,C_ref,2026-09-18 03:50:55,2026-09-18 05:06:23
pretrained,0,0.01,0.01,47,0,0.1561530838485587,0.0632919235444671,0.2741434391970318,0.2108515156525646,0.0169493968183975,0.9060573543238613,False,0,1.716945501713781,0.0,0.4,C_ref,2026-09-18 03:50:55,2026-09-18 05:06:23
pretrained,0,0.01,0.01,0,0,0.0,,0.0046231919839487,,,0.0244052284970794,True,0,11.08794944140027,,2.5,C_ref,2026-09-18 03:50:55,2026-09-18 05:06:23
pretrained,0,0.01,0.01,1,0,0.0,,0.0036049085276503,,,0.017772417747922,True,0,12.848316388903186,,2.5,C_ref,2026-09-18 03:50:55,2026-09-18 05:06:23
pretrained,0,0.01,0.01,2,0,0.0,,0.0028444795435273,,,0.0125666345716165,True,0,8.528769660013495,,2.5,C_ref,2026-09-18 03:50:55,2026-09-18 05:06:23
pretrained,0,0.01,0.01,3,0,0.0,,0.0028142193549125,,,0.0123506933391459,True,0,8.63059414408417,,2.5,C_ref,2026-09-18 03:50:55,2026-09-18 05:06:23
pretrained,0,0.01,0.01,4,0,0.0,,0.0039531005766458,,,0.0198284177884071,True,0,10.72780239286658,,2.5,C_ref,2026-09-18 03:50:55,2026-09-18 05:06:23
pretrained,0,0.01,0.01,5,0,0.0,,0.0037285320749999,,,0.0185993488910686,True,0,7.826964764379227,,2.5,C_ref,2026-09-18 03:50:55,2026-09-18 05:06:23
pretrained,0,0.01,0.01,6,0,0.0,,0.0043699752306639,,,0.022749524728755,True,0,11.07873755300534,,2.5,C_ref,2026-09-18 03:50:55,2026-09-18 05:06:23
pretrained,0,0.01,0.01,7,0,0.0,,0.0032790552684017,,,0.015605174244089,True,0,16.778173312577565,,2.5,C_ref,2026-09-18 03:50:55,2026-09-18 05:06:23
pretrained,0,0.01,0.01,8,0,0.0,,0.0035422575967112,,,0.0173283344203167,True,0,10.29238860609621,,2.5,C_ref,2026-09-18 03:50:55,2026-09-18 05:06:23
pretrained,0,0.01,0.01,9,0,0.0,,0.0031854863819696,,,0.0149549745134751,True,0,17.103439485206763,,2.5,C_ref,2026-09-18 03:50:55,2026-09-18 05:06:23
pretrained,0,0.01,0.01,10,0,0.0,,0.0031523649003118,,,0.014760991601151,True,0,9.789348800066364,,2.5,C_ref,2026-09-18 03:50:55,2026-09-18 05:06:23
pretrained,0,0.01,0.01,11,0,0.0,,0.0034016873696674,,,0.0164673757279456,True,0,14.022080356437073,,2.5,C_ref,2026-09-18 03:50:55,2026-09-18 05:06:23
pretrained,0,0.01,0.01,12,0,0.0,,0.0027042637547656,,,0.0115579960563157,True,0,12.38254897571096,,2.5,C_ref,2026-09-18 03:50:55,2026-09-18 05:06:23
pretrained,0,0.01,0.01,13,0,0.0,,0.0028780729513233,,,0.0128307363341706,True,0,11.811276565080334,,2.5,C_ref,2026-09-18 03:50:55,2026-09-18 05:06:23
pretrained,0,0.01,0.01,14,0,0.0,,0.0039332169103296,,,0.0197842447532981,True,0,13.503196754063538,,2.5,C_ref,2026-09-18 03:50:55,2026-09-18 05:06:23
pretrained,0,0.01,0.01,15,0,0.0,,0.0029532190775515,,,0.0133668127341889,True,0,8.588235483890458,,2.5,C_ref,2026-09-18 03:50:55,2026-09-18 05:06:23
pretrained,0,0.01,0.01,16,0,0.0,,0.0029510280847544,,,0.0133659778167325,True,0,6.408518093590828,,2.5,C_ref,2026-09-18 03:50:55,2026-09-18 05:06:23
pretrained,0,0.01,0.01,17,0,0.0,,0.0046046918291157,,,0.0241905472003301,True,0,14.269482812665956,,2.5,C_ref,2026-09-18 03:50:55,2026-09-18 05:06:23
pretrained,0,0.01,0.01,18,0,0.0,,0.0032801186091529,,,0.015632707883324,True,0,9.436184876391051,,2.5,C_ref,2026-09-18 03:50:55,2026-09-18 05:06:23
pretrained,0,0.01,0.01,19,0,0.0,,0.003009383083093,,,0.0137580904124118,True,0,9.79300294335917,,2.5,C_ref,2026-09-18 03:50:55,2026-09-18 05:06:23
pretrained,0,0.01,0.01,20,0,0.0,,0.0041887154348494,,,0.0215015186400226,True,0,9.860824074818083,,2.5,C_ref,2026-09-18 03:50:55,2026-09-18 05:06:23
pretrained,0,0.01,0.01,21,0,0.0,,0.0028144179479992,,,0.0123548127477925,True,0,13.041609888587118,,2.5,C_ref,2026-09-18 03:50:55,2026-09-18 05:06:23
pretrained,0,0.01,0.01,22,0,0.0,,0.0038059161739605,,,0.0190902900053834,True,0,10.358703636218706,,2.5,C_ref,2026-09-18 03:50:55,2026-09-18 05:06:23
pretrained,0,0.01,0.01,23,0,0.0,,0.0042256515746407,,,0.0217814218348833,True,0,10.675882590912806,,2.5,C_ref,2026-09-18 03:50:55,2026-09-18 05:06:23
pretrained,0,0.01,0.01,24,0,0.0,,0.0037790546906025,,,0.0188465336427338,True,0,9.697032188501908,,2.5,C_ref,2026-09-18 03:50:55,2026-09-18 05:06:23
pretrained,0,0.01,0.01,25,0,0.0,,0.0055984956332188,,,0.0296621986157412,True,0,12.03443914393938,,2.5,C_ref,2026-09-18 03:50:55,2026-09-18 05:06:23
pretrained,0,0.01,0.01,26,0,0.0,,0.0040667616588158,,,0.0206920940600456,True,0,9.18445979979515,,2.5,C_ref,2026-09-18 03:50:55,2026-09-18 05:06:23
pretrained,0,0.01,0.01,27,0,0.0,,0.0037031437977545,,,0.018322857406034,True,0,15.332291387592704,,2.5,C_ref,2026-09-18 03:50:55,2026-09-18 05:06:23
pretrained,0,0.01,0.01,28,0,0.0,,0.0032468319708607,,,0.0153960814483031,True,0,9.322116553277738,,2.5,C_ref,2026-09-18 03:50:55,2026-09-18 05:06:23
pretrained,0,0.01,0.01,29,0,0.0,,0.0036125588415312,,,0.0178113845393495,True,0,10.293091723127873,,2.5,C_ref,2026-09-18 03:50:55,2026-09-18 05:06:23
pretrained,0,0.01,0.01,30,0,0.0,,0.0043005659988725,,,0.0223069249295116,True,0,11.285449498136586,,2.5,C_ref,2026-09-18 03:50:55,2026-09-18 05:06:23
pretrained,0,0.01,0.01,31,0,0.0,,0.0032540000420496,,,0.0154820722024398,True,0,11.524664272106747,,2.5,C_ref,2026-09-18 03:50:55,2026-09-18 05:06:23
pretrained,0,0.01,0.01,32,0,0.0,,0.003170051462285,,,0.0148699774365449,True,0,13.120457328834163,,2.5,C_ref,2026-09-18 03:50:55,2026-09-18 05:06:23
pretrained,0,0.01,0.01,33,0,0.0,,0.005054677837365,,,0.0270122285195397,True,0,11.681737319173408,,2.5,C_ref,2026-09-18 03:50:55,2026-09-18 05:06:23
pretrained,0,0.01,0.01,34,0,0.0,,0.0041020966057767,,,0.0209203440341941,True,0,10.88823456213504,,2.5,C_ref,2026-09-18 03:50:55,2026-09-18 05:06:23
pretrained,0,0.01,0.01,35,0,0.0,,0.0034834774969213,,,0.0169232445608597,True,0,12.09026450426245,,2.5,C_ref,2026-09-18 03:50:55,2026-09-18 05:06:23
pretrained,0,0.01,0.01,36,0,0.0,,0.0030342945567654,,,0.013933171672592,True,0,14.132439893928677,,2.5,C_ref,2026-09-18 03:50:55,2026-09-18 05:06:23
pretrained,0,0.01,0.01,37,0,0.0,,0.0027408205891279,,,0.0118182755518507,True,0,10.73310543894695,,2.5,C_ref,2026-09-18 03:50:55,2026-09-18 05:06:23
pretrained,0,0.01,0.01,38,0,0.0,,0.0029929868574316,,,0.013634266309908,True,0,10.02957566679106,,2.5,C_ref,2026-09-18 03:50:55,2026-09-18 05:06:23
pretrained,0,0.01,0.01,39,0,0.0,,0.0034529098757288,,,0.0166964094035346,True,0,12.2264938620865,,2.5,C_ref,2026-09-18 03:50:55,2026-09-18 05:06:23
pretrained,0,0.01,0.01,40,0,0.0,,0.0033056687410914,,,0.0158310248129634,True,0,5.887625540573936,,2.5,C_ref,2026-09-18 03:50:55,2026-09-18 05:06:23
pretrained,0,0.01,0.01,41,0,0.0,,0.004031755849854,,,0.0204832110470369,True,0,9.427532534347849,,2.5,C_ref,2026-09-18 03:50:55,2026-09-18 05:06:23
pretrained,0,0.01,0.01,42,0,0.0,,0.0031608978775581,,,0.0148292853203564,True,0,9.274679215719516,,2.5,C_ref,2026-09-18 03:50:55,2026-09-18 05:06:23
pretrained,0,0.01,0.01,43,0,0.0,,0.0051841776266387,,,0.0277307370244032,True,0,10.148326060629188,,2.5,C_ref,2026-09-18 03:50:55,2026-09-18 05:06:23
pretrained,0,0.01,0.01,44,0,0.0,,0.0043491564895185,,,0.0227030827016117,True,0,11.905483319416817,,2.5,C_ref,2026-09-18 03:50:55,2026-09-18 05:06:23
pretrained,0,0.01,0.01,45,0,0.0,,0.0045894024740878,,,0.0241711366181557,True,0,12.02010898363369,,2.5,C_ref,2026-09-18 03:50:55,2026-09-18 05:06:23
pretrained,0,0.01,0.01,46,0,0.0,,0.0037677100239595,,,0.018827361231391,True,0,8.542326659542596,,2.5,C_ref,2026-09-18 03:50:55,2026-09-18 05:06:23
pretrained,0,0.01,0.01,47,0,0.0,,0.0033492925395311,,,0.0160901725836042,True,0,12.028537689628138,,2.5,C_ref,2026-09-18 03:50:55,2026-09-18 05:06:23
pretrained,0,0.03,0.03,0,0,0.9945373741547084,0.9850335181651344,1.0467222827039042,0.0616887645387699,0.9303828320748366,1.1672937246385249,False,0,5.740748029616952,0.0,0.4,C_ref,2026-09-18 05:26:33,2026-09-18 06:48:58
pretrained,0,0.03,0.03,1,0,0.99953685587551,0.9805115548199808,1.0781812497574588,0.097669694937478,0.9495607872748072,1.2148500618882796,False,0,26.73573688085889,0.0,0.4,C_ref,2026-09-18 05:26:33,2026-09-18 06:48:58
pretrained,0,0.03,0.03,2,0,0.8547159546053541,0.8384803408611848,0.9346520359702252,0.0961716951090403,0.8086603004243443,1.115987766504705,False,0,12.319860589261223,0.0,0.4,C_ref,2026-09-18 05:26:33,2026-09-18 06:48:58
pretrained,0,0.03,0.03,3,0,1.0046630207533485,0.9888105426349167,1.0842506918463022,0.0954401492113854,0.9845711881763236,1.2229820987258953,False,0,18.17531345277166,0.0,0.4,C_ref,2026-09-18 05:26:33,2026-09-18 06:48:58
pretrained,0,0.03,0.03,4,0,0.9943873060658154,0.9834313019396952,1.0480273887292657,0.0645960867895701,0.9305827840657216,1.1687490346642186,False,0,10.641391418372224,0.0,0.4,C_ref,2026-09-18 05:26:33,2026-09-18 06:48:58
pretrained,0,0.03,0.03,5,0,0.9944286663535422,0.9847472237609494,1.0470082380394212,0.0622610142784718,0.8882038180358972,1.1713460749410158,False,0,5.556786488617945,0.0,0.4,C_ref,2026-09-18 05:26:33,2026-09-18 06:48:58
pretrained,0,0.03,0.03,6,0,0.9979084482814656,0.9853442756238464,1.0582865076267918,0.0729422320029452,0.8692597316670301,1.1840163315535233,False,0,25.07848456919237,0.0,0.4,C_ref,2026-09-18 05:26:33,2026-09-18 06:48:58
pretrained,0,0.03,0.03,7,0,0.9948788213646445,0.987266599383168,1.0562999185884434,0.0690333192052755,0.9729135574994696,1.183547080858396,False,0,8.889371652836417,0.0,0.4,C_ref,2026-09-18 05:26:33,2026-09-18 06:48:58
pretrained,0,0.03,0.03,8,0,1.0010560167096094,0.9817425963176524,1.0932843848011526,0.1115417884835001,0.9453289386748036,1.2379493545596274,False,0,38.68565667503208,0.0,0.4,C_ref,2026-09-18 05:26:33,2026-09-18 06:48:58
pretrained,0,0.03,0.03,9,0,0.9849043007276213,0.9769588800095824,1.048581644838277,0.0716227648286944,0.9155722944175102,1.1754132653884837,False,0,10.976159287172775,0.0,0.4,C_ref,2026-09-18 05:26:33,2026-09-18 06:48:58
pretrained,0,0.03,0.03,10,0,1.0913868216864988,1.007202696303486,1.2173390368678123,0.2101363405643261,0.9849912284153776,1.3797856397831372,False,0,89.15620705361653,0.0,0.4,C_ref,2026-09-18 05:26:33,2026-09-18 06:48:58
pretrained,0,0.03,0.03,11,0,0.9932282200560152,0.9539917342003188,1.0432342773538394,0.0892425431535205,0.803575360823997,1.16885110624655,False,0,14.2839778114394,0.0,0.4,C_ref,2026-09-18 05:26:33,2026-09-18 06:48:58
pretrained,0,0.03,0.03,12,0,0.9744424327501822,0.9399618655219,1.046910830578257,0.1069489650563569,0.931098611866618,1.1886780034303213,False,0,33.029059111941024,0.0,0.4,C_ref,2026-09-18 05:26:33,2026-09-18 06:48:58
pretrained,0,0.03,0.03,13,0,0.9247063867893442,0.899573094067482,1.0075052524299914,0.1079321583625094,0.8390163137366732,1.1604885822519306,False,0,19.072814988685423,0.0,0.4,C_ref,2026-09-18 05:26:33,2026-09-18 06:48:58
pretrained,0,0.03,0.03,14,0,0.9961894593450114,0.9868245129932092,1.0632912414001623,0.0764667284069532,0.8122689927571161,1.194159336553246,False,0,21.3934417018354,0.0,0.4,C_ref,2026-09-18 05:26:33,2026-09-18 06:48:58
pretrained,0,0.03,0.03,15,0,0.993193754870642,0.941068760538216,1.044888506028527,0.103819745490311,0.6735351206554718,1.1738408979533594,False,0,11.95565666058974,0.0,0.4,C_ref,2026-09-18 05:26:33,2026-09-18 06:48:58
pretrained,0,0.03,0.03,16,0,0.9969127707127594,0.9519932748357496,1.1071413107750636,0.1551480359393141,0.9472692103208852,1.2665184901176794,False,0,49.13451020074717,0.0,0.4,C_ref,2026-09-18 05:26:33,2026-09-18 06:48:58
pretrained,0,0.03,0.03,17,0,0.9844991580494532,0.9740267294701492,1.041445979162224,0.0674192496920746,0.8769480568064664,1.166427909521907,False,0,14.694201121539663,0.0,0.4,C_ref,2026-09-18 05:26:33,2026-09-18 06:48:58
pretrained,0,0.03,0.03,18,0,0.9899828215264028,0.9744921359506052,1.0598524292169365,0.0853602932663313,0.9508775074351729,1.195513011730524,False,0,13.56625992395493,0.0,0.4,C_ref,2026-09-18 05:26:33,2026-09-18 06:48:58
pretrained,0,0.03,0.03,19,0,0.9846464548119938,0.9737573551647768,1.0487735980437949,0.0750162428790177,0.905706786987029,1.183125208080115,False,0,17.589108359767124,0.0,0.4,C_ref,2026-09-18 05:26:33,2026-09-18 06:48:58
pretrained,0,0.03,0.03,20,0,0.8547292858378345,0.8424804685155587,0.926060731465818,0.0835802629502592,0.6551915639014855,1.07041315534602,False,0,20.59212110270164,0.0,0.4,C_ref,2026-09-18 05:26:33,2026-09-18 06:48:58
pretrained,0,0.03,0.03,21,0,0.9834241566729108,0.9052255167424658,1.0394896196454828,0.134264102903017,0.8124403322418728,1.1740886041111251,False,0,23.683904974353936,0.0,0.4,C_ref,2026-09-18 05:26:33,2026-09-18 06:48:58
pretrained,0,0.03,0.03,22,0,0.9547293689208568,0.929837491644682,1.0382867297310874,0.1084492380864052,0.8793388305623391,1.1757201566808708,False,0,25.976027817971044,0.0,0.4,C_ref,2026-09-18 05:26:33,2026-09-18 06:48:58
pretrained,0,0.03,0.03,23,0,1.011119188136266,0.9797870146152268,1.0934850197261348,0.1136980051109078,0.9776220836462692,1.227375646381066,False,0,26.12373422228848,0.0,0.4,C_ref,2026-09-18 05:26:33,2026-09-18 06:48:58
pretrained,0,0.03,0.03,24,0,0.9631583962265368,0.948423702524742,1.0331119449628672,0.0846882424381252,0.9428810069941096,1.161991783160149,False,0,10.799321652117214,0.0,0.4,C_ref,2026-09-18 05:26:33,2026-09-18 06:48:58
pretrained,0,0.03,0.03,25,0,0.996359368895947,0.9800310992487304,1.0467893931832253,0.0667582939344949,0.5510229309211273,1.1619843765802365,False,0,3.6542897947947495,0.0,0.4,C_ref,2026-09-18 05:26:33,2026-09-18 06:48:58
pretrained,0,0.03,0.03,26,0,0.9761447586591884,0.9590699079113624,1.046455224427166,0.0873853165158036,0.9542308351089084,1.173839495316894,False,0,17.541630273401097,0.0,0.4,C_ref,2026-09-18 05:26:33,2026-09-18 06:48:58
pretrained,0,0.03,0.03,27,0,0.9951183565237666,0.9788037653655772,1.0685012783424193,0.089697512976842,0.9730941110953092,1.1986246711568127,False,0,20.52447543607559,0.0,0.4,C_ref,2026-09-18 05:26:33,2026-09-18 06:48:58
pretrained,0,0.03,0.03,28,0,0.9981108062003692,0.98565105996519,1.0628483321620166,0.0771972721968266,0.9074881445202516,1.1939263829424818,False,0,14.41579703982643,0.0,0.4,C_ref,2026-09-18 05:26:33,2026-09-18 06:48:58
pretrained,0,0.03,0.03,29,0,0.9978826332847316,0.9877186094160256,1.064454897217539,0.0767362878015134,0.9806304036369368,1.1920198304171918,False,0,16.13863569719615,0.0,0.4,C_ref,2026-09-18 05:26:33,2026-09-18 06:48:58
pretrained,0,0.03,0.03,30,0,0.9943497478837248,0.9838908134032004,1.048159458462402,0.0642686450592016,0.9058447266425592,1.1724738101216154,False,0,15.072295328744076,0.0,0.4,C_ref,2026-09-18 05:26:33,2026-09-18 06:48:58
pretrained,0,0.03,0.03,31,0,1.007108034032463,0.988102420707131,1.0894435994290412,0.1013411787219102,0.9807093343566968,1.2284328911784008,False,0,29.755654387445247,0.0,0.4,C_ref,2026-09-18 05:26:33,2026-09-18 06:48:58
pretrained,0,0.03,0.03,32,0,0.9819527845312036,0.966693033414829,1.0449494388473324,0.0782564054325033,0.9149926684689076,1.1754443737515985,False,0,13.541829867732304,0.0,0.4,C_ref,2026-09-18 05:26:33,2026-09-18 06:48:58
pretrained,0,0.03,0.03,33,0,0.9544170578748804,0.9437220181111284,1.0139838334623927,0.0702618153512644,0.7128091005245698,1.1505040593498792,False,0,21.07417939785228,0.0,0.4,C_ref,2026-09-18 05:26:33,2026-09-18 06:48:58
pretrained,0,0.03,0.03,34,0,0.9993829781169978,0.9879564731728426,1.062057409318897,0.0741009361460544,0.9813880675890668,1.1861750682460266,False,0,9.61230719140076,0.0,0.4,C_ref,2026-09-18 05:26:33,2026-09-18 06:48:58
pretrained,0,0.03,0.03,35,0,0.9918907536985836,0.9263200243058276,1.0591785379114151,0.1328585136055874,0.916279767005422,1.198115501549175,False,0,25.77124083253875,0.0,0.4,C_ref,2026-09-18 05:26:33,2026-09-18 06:48:58
pretrained,0,0.03,0.03,36,0,0.9828991549846992,0.9438848527014976,1.0790137805133173,0.1351289278118196,0.937906423340383,1.2253452004501906,False,0,38.3630064970348,0.0,0.4,C_ref,2026-09-18 05:26:33,2026-09-18 06:48:58
pretrained,0,0.03,0.03,37,0,1.0001055378292576,0.9828855363848564,1.0737854459362173,0.0908999095513607,0.975927974746066,1.203831021657142,False,0,15.079102615676677,0.0,0.4,C_ref,2026-09-18 05:26:33,2026-09-18 06:48:58
pretrained,0,0.03,0.03,38,0,0.9628462525024112,0.9365387047324658,1.0537110260115834,0.1171723212791175,0.92739711654573,1.2016398591847466,False,0,20.327305656832323,0.0,0.4,C_ref,2026-09-18 05:26:33,2026-09-18 06:48:58
pretrained,0,0.03,0.03,39,0,1.013112074344224,0.9887363267840704,1.1012618285606073,0.1125255017765368,0.9820665262814826,1.2409792994731976,False,0,40.91654257402115,0.0,0.4,C_ref,2026-09-18 05:26:33,2026-09-18 06:48:58
pretrained,0,0.03,0.03,40,0,1.007908790881893,0.9786543001694424,1.0994504616111231,0.1207961614416807,0.9723873143841834,1.2409624959047114,False,0,33.55721738489956,0.0,0.4,C_ref,2026-09-18 05:26:33,2026-09-18 06:48:58
pretrained,0,0.03,0.03,41,0,0.8466968248416303,0.8338340832465242,0.9369690681186847,0.1031349848721606,0.7881730546629833,1.0901232383252413,False,0,19.238605708444084,0.0,0.4,C_ref,2026-09-18 05:26:33,2026-09-18 06:48:58
pretrained,0,0.03,0.03,42,0,0.904216814510639,0.8920991681297974,0.960257503077836,0.0681583349480385,0.6340840273899963,1.0914883651439606,False,0,10.838776149670592,0.0,0.4,C_ref,2026-09-18 05:26:33,2026-09-18 06:48:58
pretrained,0,0.03,0.03,43,0,0.9742387568727836,0.9622752106767196,1.0286400944674274,0.0663648837907077,0.8140895688360511,1.154763221066595,False,0,9.046760836634348,0.0,0.4,C_ref,2026-09-18 05:26:33,2026-09-18 06:48:58
pretrained,0,0.03,0.03,44,0,0.9940055019989128,0.9595160001686548,1.0681266557768878,0.1086106556082331,0.8558066360648287,1.215089596468507,False,0,52.85197549191798,0.0,0.4,C_ref,2026-09-18 05:26:33,2026-09-18 06:48:58
pretrained,0,0.03,0.03,45,0,0.9356879272610136,0.8433185176643749,0.9900713959352508,0.1467528782708759,0.6241932749284526,1.1116418720799646,False,0,4.407652620211593,0.0,0.4,C_ref,2026-09-18 05:26:33,2026-09-18 06:48:58
pretrained,0,0.03,0.03,46,0,0.9907353400784976,0.9693373881998012,1.066569988627429,0.0972326004276278,0.9651962851088256,1.200364369744903,False,0,23.55860687051245,0.0,0.4,C_ref,2026-09-18 05:26:33,2026-09-18 06:48:58
pretrained,0,0.03,0.03,47,0,1.008757096922931,0.986925905475858,1.0900038447180669,0.1030779392422087,0.9788899633989872,1.226808777794044,False,0,20.78276697129695,0.0,0.4,C_ref,2026-09-18 05:26:33,2026-09-18 06:48:58
pretrained,0,0.03,0.03,0,0,0.0,,0.000534537689615,,,0.0021381507584601,True,0,34.78384627208652,,2.5,C_ref,2026-09-18 05:26:33,2026-09-18 06:48:58
pretrained,0,0.03,0.03,1,0,0.0,,0.0002657635201009,,,0.0010630540804039,True,0,30.49510793874288,,2.5,C_ref,2026-09-18 05:26:33,2026-09-18 06:48:58
pretrained,0,0.03,0.03,2,0,0.0,,0.0023975449763205,,,0.0095901799052823,True,0,34.30201000653324,,2.5,C_ref,2026-09-18 05:26:33,2026-09-18 06:48:58
pretrained,0,0.03,0.03,3,0,0.0,,0.0003703550912467,,,0.0014814203649869,True,0,28.59877534056432,,2.5,C_ref,2026-09-18 05:26:33,2026-09-18 06:48:58
pretrained,0,0.03,0.03,4,0,0.0,,0.0006127191614188,,,0.0024508766456754,True,0,39.27773186976265,,2.5,C_ref,2026-09-18 05:26:33,2026-09-18 06:48:58
pretrained,0,0.03,0.03,5,0,0.0,,0.000559436149915,,,0.00223774459966,True,0,34.38056118558234,,2.5,C_ref,2026-09-18 05:26:33,2026-09-18 06:48:58
pretrained,0,0.03,0.03,6,0,0.0,,0.0009017826502052,,,0.0036071306008208,True,0,35.36007795119804,,2.5,C_ref,2026-09-18 05:26:33,2026-09-18 06:48:58
pretrained,0,0.03,0.03,7,0,0.0,,0.0008711046388117,,,0.0034844185552469,True,0,30.60799581396349,,2.5,C_ref,2026-09-18 05:26:33,2026-09-18 06:48:58
pretrained,0,0.03,0.03,8,0,0.0,,0.0002501823227435,,,0.0010007292909743,True,0,29.02536350067021,,2.5,C_ref,2026-09-18 05:26:33,2026-09-18 06:48:58
pretrained,0,0.03,0.03,9,0,0.0,,0.0004520481462253,,,0.0018081925849013,True,0,33.633060351865424,,2.5,C_ref,2026-09-18 05:26:33,2026-09-18 06:48:58
pretrained,0,0.03,0.03,10,0,0.0,,0.0001038968719416,,,0.0004155874877666,True,0,18.736559578002925,,2.5,C_ref,2026-09-18 05:26:33,2026-09-18 06:48:58
pretrained,0,0.03,0.03,11,0,0.0,,0.0009553024185663,,,0.0038212096742653,True,0,33.5581822215463,,2.5,C_ref,2026-09-18 05:26:33,2026-09-18 06:48:58
pretrained,0,0.03,0.03,12,0,0.0,,0.0007029081279925,,,0.0028116325119702,True,0,32.80619338904944,,2.5,C_ref,2026-09-18 05:26:33,2026-09-18 06:48:58
pretrained,0,0.03,0.03,13,0,0.0,,0.0014274544814966,,,0.0057098179259867,True,0,29.574188252619933,,2.5,C_ref,2026-09-18 05:26:33,2026-09-18 06:48:58
pretrained,0,0.03,0.03,14,0,0.0,,0.0013041892906963,,,0.0052167571627854,True,0,34.21458373577843,,2.5,C_ref,2026-09-18 05:26:33,2026-09-18 06:48:58
pretrained,0,0.03,0.03,15,0,0.0,,0.0014881366411534,,,0.0059525465646137,True,0,34.71356291244592,,2.5,C_ref,2026-09-18 05:26:33,2026-09-18 06:48:58
pretrained,0,0.03,0.03,16,0,0.0,,0.0002457001472356,,,0.0009828005889427,True,0,21.90298372322286,,2.5,C_ref,2026-09-18 05:26:33,2026-09-18 06:48:58
pretrained,0,0.03,0.03,17,0,0.0,,0.0006535013316424,,,0.0026140053265697,True,0,31.58317207567597,,2.5,C_ref,2026-09-18 05:26:33,2026-09-18 06:48:58
pretrained,0,0.03,0.03,18,0,0.0,,0.0004553881413104,,,0.0018215525652419,True,0,29.66267054443233,,2.5,C_ref,2026-09-18 05:26:33,2026-09-18 06:48:58
pretrained,0,0.03,0.03,19,0,0.0,,0.0008639105973848,,,0.0034556423895393,True,0,31.45666911822628,,2.5,C_ref,2026-09-18 05:26:33,2026-09-18 06:48:58
pretrained,0,0.03,0.03,20,0,0.0093207591794347,,0.0206817582159423,,,0.0272104346758269,False,0,33.854646487994614,,2.5,C_ref,2026-09-18 05:26:33,2026-09-18 06:48:58
pretrained,0,0.03,0.03,21,0,0.0,,0.0010474776445939,,,0.0041899105783759,True,0,35.04488458876949,,2.5,C_ref,2026-09-18 05:26:33,2026-09-18 06:48:58
pretrained,0,0.03,0.03,22,0,0.0,,0.000346244854159,,,0.0013849794166362,True,0,30.98701843440722,,2.5,C_ref,2026-09-18 05:26:33,2026-09-18 06:48:58
pretrained,0,0.03,0.03,23,0,0.0,,0.0002521871813136,,,0.0010087487252545,True,0,28.75029278868533,,2.5,C_ref,2026-09-18 05:26:33,2026-09-18 06:48:58
pretrained,0,0.03,0.03,24,0,0.0,,0.0007462377975103,,,0.0029849511900414,True,0,36.63016675233303,,2.5,C_ref,2026-09-18 05:26:33,2026-09-18 06:48:58
pretrained,0,0.03,0.03,25,0,0.0,,0.0018495188218753,,,0.0073980752875014,True,0,35.11777254503977,,2.5,C_ref,2026-09-18 05:26:33,2026-09-18 06:48:58
pretrained,0,0.03,0.03,26,0,0.0,,0.0004201983919353,,,0.0016807935677415,True,0,31.388944066438853,,2.5,C_ref,2026-09-18 05:26:33,2026-09-18 06:48:58
pretrained,0,0.03,0.03,27,0,0.0,,0.0004228084967616,,,0.0016912339870465,True,0,30.965156805425067,,2.5,C_ref,2026-09-18 05:26:33,2026-09-18 06:48:58
pretrained,0,0.03,0.03,28,0,0.0,,0.0002733130051618,,,0.0010932520206475,True,0,29.84749364232266,,2.5,C_ref,2026-09-18 05:26:33,2026-09-18 06:48:58
pretrained,0,0.03,0.03,29,0,0.0,,0.0002986060096402,,,0.001194424038561,True,0,33.18410220676378,,2.5,C_ref,2026-09-18 05:26:33,2026-09-18 06:48:58
pretrained,0,0.03,0.03,30,0,0.0,,0.0005317472659299,,,0.0021269890637199,True,0,34.22664711894322,,2.5,C_ref,2026-09-18 05:26:33,2026-09-18 06:48:58
pretrained,0,0.03,0.03,31,0,0.0,,0.0002382453870028,,,0.0009529815480115,True,0,27.84984903773875,,2.5,C_ref,2026-09-18 05:26:33,2026-09-18 06:48:58
pretrained,0,0.03,0.03,32,0,0.0,,0.0005298563947108,,,0.0021194255788434,True,0,32.834136495075654,,2.5,C_ref,2026-09-18 05:26:33,2026-09-18 06:48:58
pretrained,0,0.03,0.03,33,0,0.0,,0.0020677565540793,,,0.0082710262163174,True,0,30.846580279358022,,2.5,C_ref,2026-09-18 05:26:33,2026-09-18 06:48:58
pretrained,0,0.03,0.03,34,0,0.0,,0.000489030950595,,,0.0019561238023802,True,0,34.15167387494148,,2.5,C_ref,2026-09-18 05:26:33,2026-09-18 06:48:58
pretrained,0,0.03,0.03,35,0,0.0,,0.0004978397668049,,,0.0019913590672198,True,0,30.12293910830704,,2.5,C_ref,2026-09-18 05:26:33,2026-09-18 06:48:58
pretrained,0,0.03,0.03,36,0,0.0,,0.0002060319184612,,,0.0008241276738449,True,0,27.21578837521156,,2.5,C_ref,2026-09-18 05:26:33,2026-09-18 06:48:58
pretrained,0,0.03,0.03,37,0,0.0,,0.0002796935516973,,,0.0011187742067895,True,0,32.81305878583589,,2.5,C_ref,2026-09-18 05:26:33,2026-09-18 06:48:58
pretrained,0,0.03,0.03,38,0,0.0,,0.0004535373636654,,,0.0018141494546618,True,0,29.94380644377816,,2.5,C_ref,2026-09-18 05:26:33,2026-09-18 06:48:58
pretrained,0,0.03,0.03,39,0,0.0,,0.0001667107111354,,,0.0006668428445417,True,0,26.93714713994996,,2.5,C_ref,2026-09-18 05:26:33,2026-09-18 06:48:58
pretrained,0,0.03,0.03,40,0,0.0,,0.0002048877954451,,,0.0008195511817805,True,0,27.86831447009172,,2.5,C_ref,2026-09-18 05:26:33,2026-09-18 06:48:58
pretrained,0,0.03,0.03,41,0,0.0,,0.0118836074115088,,,0.0190140416656936,True,0,29.17240135492466,,2.5,C_ref,2026-09-18 05:26:33,2026-09-18 06:48:58
pretrained,0,0.03,0.03,42,0,0.0056789410967406,,0.0125902141504618,,,0.0202003101147359,False,0,36.819611567512766,,2.5,C_ref,2026-09-18 05:26:33,2026-09-18 06:48:58
pretrained,0,0.03,0.03,43,0,0.0,,0.0008516673782446,,,0.0034066695129784,True,0,32.32655528509349,,2.5,C_ref,2026-09-18 05:26:33,2026-09-18 06:48:58
pretrained,0,0.03,0.03,44,0,0.0,,0.0006280516041996,,,0.0025122064167986,True,0,27.13109777552017,,2.5,C_ref,2026-09-18 05:26:33,2026-09-18 06:48:58
pretrained,0,0.03,0.03,45,0,0.0,,0.0035130654914194,,,0.0203440392281118,True,0,37.30319882556796,,2.5,C_ref,2026-09-18 05:26:33,2026-09-18 06:48:58
pretrained,0,0.03,0.03,46,0,0.0,,0.0004199922551246,,,0.0016799690204987,True,0,32.927335096868774,,2.5,C_ref,2026-09-18 05:26:33,2026-09-18 06:48:58
pretrained,0,0.03,0.03,47,0,0.0,,0.0003174103666913,,,0.0012696414667655,True,0,27.39226297246205,,2.5,C_ref,2026-09-18 05:26:33,2026-09-18 06:48:58
pretrained,0,0.1,0.1,0,0,0.9549299467840056,0.8414801558423988,1.1026821739294246,0.2612020180870258,0.3767561592501667,1.360701184467988,False,0,3.627069727070193,0.0,0.4,C_ref,2026-09-18 07:26:27,2026-09-18 09:12:50
pretrained,0,0.1,0.1,1,0,0.9739738737182574,0.5903480724547391,1.112149878919403,0.5218018064646642,0.0270348858421678,1.3746325606974732,False,0,2.1133679892955115,0.0,0.4,C_ref,2026-09-18 07:26:27,2026-09-18 09:12:50
pretrained,0,0.1,0.1,2,0,0.8682275328609006,0.8316601809169434,1.1028690097785236,0.2712088288615802,0.510904310088461,1.4031501058343778,False,0,5.914644632099225,0.0,0.4,C_ref,2026-09-18 07:26:27,2026-09-18 09:12:50
pretrained,0,0.1,0.1,3,0,0.9812023967029032,0.9092272148915804,1.2013499293653482,0.2921227144737678,0.9013945144051528,1.47438480924756,False,0,19.73960017324498,0.0,0.4,C_ref,2026-09-18 07:26:27,2026-09-18 09:12:50
pretrained,0,0.1,0.1,4,0,0.9047721546187923,0.8278447722113926,1.0739810513987669,0.246136279187374,0.7724123317028704,1.3446652941467665,False,0,6.070274733570841,0.0,0.4,C_ref,2026-09-18 07:26:27,2026-09-18 09:12:50
pretrained,0,0.1,0.1,5,0,0.9252876252621308,0.8929708637333293,1.0947025332263032,0.2017316694929738,0.0552928947630314,1.364711980770449,False,0,3.0045982260853634,0.0,0.4,C_ref,2026-09-18 07:26:27,2026-09-18 09:12:50
pretrained,0,0.1,0.1,6,0,0.8842523214711031,0.7963744404136642,1.0727214551220514,0.2763470147083872,0.6721614302599913,1.3501045493422734,False,0,13.207870953036036,0.0,0.4,C_ref,2026-09-18 07:26:27,2026-09-18 09:12:50
pretrained,0,0.1,0.1,7,0,0.9279652561199392,0.8896018834460018,1.128342609792814,0.2387407263468122,0.5277848512248164,1.405799790242734,False,0,5.260563053627266,0.0,0.4,C_ref,2026-09-18 07:26:27,2026-09-18 09:12:50
pretrained,0,0.1,0.1,8,0,1.0110165476874804,0.9245256025594158,1.233549422204005,0.3090238196445894,0.8589227865790575,1.5009574107299593,False,0,28.953747325700533,0.0,0.4,C_ref,2026-09-18 07:26:27,2026-09-18 09:12:50
pretrained,0,0.1,0.1,9,0,0.8776020145558295,0.8084036174060842,1.107278976387286,0.2988753589812016,0.8010503115429224,1.3894892204067055,False,0,11.335155037388176,0.0,0.4,C_ref,2026-09-18 07:26:27,2026-09-18 09:12:50
pretrained,0,0.1,0.1,10,0,1.0925110814991563,0.9082221614289272,1.3487310825384533,0.4405089211095262,0.8367721186937606,1.6255197798200445,False,0,21.153121925941377,0.0,0.4,C_ref,2026-09-18 07:26:27,2026-09-18 09:12:50
pretrained,0,0.1,0.1,11,0,0.9280132126619288,0.8657882505806407,1.1587879799173038,0.2929997293366631,0.8019224972091921,1.4361033093565387,False,0,11.840509936511808,0.0,0.4,C_ref,2026-09-18 07:26:27,2026-09-18 09:12:50
pretrained,0,0.1,0.1,12,0,0.8537683993170541,0.7324306649999268,1.1194050683153458,0.386974403315419,0.7237026364674799,1.4177623289611023,False,0,18.44629693013485,0.0,0.4,C_ref,2026-09-18 07:26:27,2026-09-18 09:12:50
pretrained,0,0.1,0.1,13,0,0.9839615157276972,0.9190807188193996,1.2054731039965407,0.286392385177141,0.9125329728071068,1.4870573396046756,False,0,7.070025560715294,0.0,0.4,C_ref,2026-09-18 07:26:27,2026-09-18 09:12:50
pretrained,0,0.1,0.1,14,0,0.7858558489658319,0.7187458737482029,1.025662098820252,0.3069162250720492,0.6764041494337676,1.3197269415160604,False,0,8.20346986248478,0.0,0.4,C_ref,2026-09-18 07:26:27,2026-09-18 09:12:50
pretrained,0,0.1,0.1,15,0,0.953952599378584,0.864715039400467,1.178656660131,0.313941620730533,0.8534239440394291,1.465160340398984,False,0,10.860330761130172,0.0,0.4,C_ref,2026-09-18 07:26:27,2026-09-18 09:12:50
pretrained,0,0.1,0.1,16,0,1.016504306015371,0.8549547966693275,1.28098678301997,0.4260319863506424,0.6876231407464456,1.5646253885760917,False,0,37.3067320259579,0.0,0.4,C_ref,2026-09-18 07:26:27,2026-09-18 09:12:50
pretrained,0,0.1,0.1,17,0,0.7854868757915291,0.6791177295641084,1.0141729064781688,0.3350551769140604,0.4781638614540708,1.3022783870412915,False,0,6.094819142650522,0.0,0.4,C_ref,2026-09-18 07:26:27,2026-09-18 09:12:50
pretrained,0,0.1,0.1,18,0,0.8784145964033576,0.7615859449841402,1.1276269398269494,0.3660409948428091,0.7266373733510054,1.4208396835535977,False,0,10.15785793561372,0.0,0.4,C_ref,2026-09-18 07:26:27,2026-09-18 09:12:50
pretrained,0,0.1,0.1,19,0,0.8640148509654243,0.6498643158173814,1.083102109731059,0.4332377939136775,0.6095679991742894,1.3747210902124538,False,0,14.618505478152656,0.0,0.4,C_ref,2026-09-18 07:26:27,2026-09-18 09:12:50
pretrained,0,0.1,0.1,20,0,0.9348716307782692,0.8483582204492807,1.155459479128874,0.3071012586795932,0.8289701348495412,1.428454455656554,False,0,15.54397836078715,0.0,0.4,C_ref,2026-09-18 07:26:27,2026-09-18 09:12:50
pretrained,0,0.1,0.1,21,0,0.8928490140722649,0.7963543396195094,1.1591640811630508,0.3628097415435414,0.5517684607529092,1.4568794100594948,False,0,13.463464575885157,0.0,0.4,C_ref,2026-09-18 07:26:27,2026-09-18 09:12:50
pretrained,0,0.1,0.1,22,0,0.9257190039939458,0.8690702810637679,1.1254375782126154,0.2563672971488474,0.8641220888482455,1.3953306399317136,False,0,12.116929335050372,0.0,0.4,C_ref,2026-09-18 07:26:27,2026-09-18 09:12:50
pretrained,0,0.1,0.1,23,0,0.9059247711145052,0.7914020424304983,1.141969724299129,0.3505676818686306,0.7397793756953682,1.4158662843379164,False,0,24.0443057913144,0.0,0.4,C_ref,2026-09-18 07:26:27,2026-09-18 09:12:50
pretrained,0,0.1,0.1,24,0,0.954448831722252,0.8993638172536275,1.1425433157816824,0.2431794985280549,0.8942964202563077,1.4033483135758382,False,0,9.504782212425198,0.0,0.4,C_ref,2026-09-18 07:26:27,2026-09-18 09:12:50
pretrained,0,0.1,0.1,25,0,0.1767689920547293,0.1174860474164823,0.2773794765678954,0.159893429151413,0.0476231080677738,1.3016537644650452,False,0,2.0288558206921152,0.0,0.4,C_ref,2026-09-18 07:26:27,2026-09-18 09:12:50
pretrained,0,0.1,0.1,26,0,0.9255259573799708,0.8653770042127944,1.116234374819146,0.2508573706063515,0.8554534778760204,1.3757083463897637,False,0,17.118700347353297,0.0,0.4,C_ref,2026-09-18 07:26:27,2026-09-18 09:12:50
pretrained,0,0.1,0.1,27,0,0.836512232269161,0.8173653896712711,1.0042815735226691,0.1869161838513982,0.0502232018632931,1.2761574109339695,False,0,1.6546660040330607,0.0,0.4,C_ref,2026-09-18 07:26:27,2026-09-18 09:12:50
pretrained,0,0.1,0.1,28,0,0.843794627458888,0.7869621392479825,1.0733427331031835,0.286380593855201,0.7047420232118141,1.372190028684702,False,0,5.533212102800462,0.0,0.4,C_ref,2026-09-18 07:26:27,2026-09-18 09:12:50
pretrained,0,0.1,0.1,29,0,0.9143375739278758,0.8923016710956234,1.0832815074633306,0.1909798363677072,0.6911787469813122,1.3533633259212234,False,0,4.830353831261164,0.0,0.4,C_ref,2026-09-18 07:26:27,2026-09-18 09:12:50
pretrained,0,0.1,0.1,30,0,0.8082844400018493,0.6903755119283896,1.0129645039436863,0.3225889920152966,0.6149371478601494,1.304999458933101,False,0,6.998331102851807,0.0,0.4,C_ref,2026-09-18 07:26:27,2026-09-18 09:12:50
pretrained,0,0.1,0.1,31,0,0.8944869697257213,0.8633008069542301,1.1008232495597206,0.2375224426054905,0.6997023774908763,1.3809308342922215,False,0,9.4509603894694,0.0,0.4,C_ref,2026-09-18 07:26:27,2026-09-18 09:12:50
pretrained,0,0.1,0.1,32,0,0.9798390697613888,0.9030541579339884,1.184121456739263,0.2810672988052747,0.8959229546052613,1.449474775847553,False,0,15.408048902707378,0.0,0.4,C_ref,2026-09-18 07:26:27,2026-09-18 09:12:50
pretrained,0,0.1,0.1,33,0,0.8812800597778628,0.8190263696534036,1.0880705602546168,0.2690441906012132,0.8133806111623617,1.359283562549042,False,0,8.535537392570404,0.0,0.4,C_ref,2026-09-18 07:26:27,2026-09-18 09:12:50
pretrained,0,0.1,0.1,34,0,0.977431290696366,0.9195511506472728,1.1621379966997127,0.2425868460524399,0.9147621995867292,1.4191565700808153,False,0,13.22735134992763,0.0,0.4,C_ref,2026-09-18 07:26:27,2026-09-18 09:12:50
pretrained,0,0.1,0.1,35,0,0.884253759385209,0.8269417679025306,1.084842606654135,0.2579008387516044,0.4673909784681302,1.3712886192455975,False,0,7.393211738399259,0.0,0.4,C_ref,2026-09-18 07:26:27,2026-09-18 09:12:50
pretrained,0,0.1,0.1,36,0,0.892179134217996,0.8378249505580295,1.1280826911153512,0.2902577405573217,0.6542386728413239,1.4171255885753702,False,0,10.82258103911954,0.0,0.4,C_ref,2026-09-18 07:26:27,2026-09-18 09:12:50
pretrained,0,0.1,0.1,37,0,0.856479093425508,0.826138712180641,1.0552266886241377,0.2290879764434964,0.0561505934926852,1.342657118218955,False,0,3.3240565643100126,0.0,0.4,C_ref,2026-09-18 07:26:27,2026-09-18 09:12:50
pretrained,0,0.1,0.1,38,0,0.9660242807684816,0.9044133113278272,1.1721047473636552,0.2676914360358279,0.8963034981864999,1.4456859806653086,False,0,11.045282267947186,0.0,0.4,C_ref,2026-09-18 07:26:27,2026-09-18 09:12:50
pretrained,0,0.1,0.1,39,0,0.8566087086140478,0.8162706371688755,1.0614191572025449,0.2451485200336693,0.4992523256293005,1.3480148562757908,False,0,7.17478269343701,0.0,0.4,C_ref,2026-09-18 07:26:27,2026-09-18 09:12:50
pretrained,0,0.1,0.1,40,0,0.9818782366844044,0.879142352975907,1.2166126381521558,0.3374702851762488,0.8253079076790988,1.4913069376458503,False,0,21.510724329295044,0.0,0.4,C_ref,2026-09-18 07:26:27,2026-09-18 09:12:50
pretrained,0,0.1,0.1,41,0,0.975624870810741,0.8969008068711345,1.1669274920060897,0.2700266851349552,0.8877256008360304,1.420766104438172,False,0,12.521290332566425,0.0,0.4,C_ref,2026-09-18 07:26:27,2026-09-18 09:12:50
pretrained,0,0.1,0.1,42,0,0.8675287614379955,0.8452007967720816,1.0584322120628116,0.2132314152907299,0.5232921202606712,1.344813349040636,False,0,4.492272457835497,0.0,0.4,C_ref,2026-09-18 07:26:27,2026-09-18 09:12:50
pretrained,0,0.1,0.1,43,0,0.899225319785951,0.8837441839212068,1.0649524721720869,0.1812082882508801,0.5849115506422313,1.330782794983156,False,0,5.868858220466791,0.0,0.4,C_ref,2026-09-18 07:26:27,2026-09-18 09:12:50
pretrained,0,0.1,0.1,44,0,0.9560382279527982,0.7648600918893118,1.1060123450595305,0.3411522531702187,0.5543187987596948,1.3673710177231568,False,0,5.027891890131286,0.0,0.4,C_ref,2026-09-18 07:26:27,2026-09-18 09:12:50
pretrained,0,0.1,0.1,45,0,0.185368587781492,0.1169117904069428,0.2072609001983744,0.0903491097914316,0.0470433109964625,1.1902912581207112,False,0,0.6494460189096571,0.0,0.4,C_ref,2026-09-18 07:26:27,2026-09-18 09:12:50
pretrained,0,0.1,0.1,46,0,0.957545759213463,0.9086768836398108,1.1478873453510454,0.2392104617112347,0.9026631929114856,1.409285999174163,False,0,11.482208618235743,0.0,0.4,C_ref,2026-09-18 07:26:27,2026-09-18 09:12:50
pretrained,0,0.1,0.1,47,0,0.8336815581757052,0.7080778348594027,1.1004506495352024,0.3923728146757997,0.6312184069427459,1.3976751078539738,False,0,17.624669785174774,0.0,0.4,C_ref,2026-09-18 07:26:27,2026-09-18 09:12:50
pretrained,0,0.1,0.1,0,0,2.168592097255559,1.863136171440352,2.477823330597226,0.6146871591568739,1.5576565610493531,2.793071820110967,False,0,1.1469414414459609,0.0,2.5,C_ref,2026-09-18 07:26:27,2026-09-18 09:12:50
pretrained,0,0.1,0.1,1,0,2.208022173375676,1.901603606256472,2.517973657336812,0.6163700510803398,1.594611349228624,2.833807902987544,False,0,0.8880991140213155,1.0,2.5,C_ref,2026-09-18 07:26:27,2026-09-18 09:12:50
pretrained,0,0.1,0.1,2,0,2.312073826161513,2.0102985512219025,2.61883986548401,0.6085413142621077,1.7107442236818382,2.932330875540183,False,0,0.3780928148953535,1.0,2.5,C_ref,2026-09-18 07:26:27,2026-09-18 09:12:50
pretrained,0,0.1,0.1,3,0,2.335505663317293,2.037252188194826,2.640198175972712,0.6029459877778862,1.7436369112324677,2.952446985283597,False,0,0.2944356725602119,1.0,2.5,C_ref,2026-09-18 07:26:27,2026-09-18 09:12:50
pretrained,0,0.1,0.1,4,0,2.189093007416189,1.885585429088588,2.4962975093289868,0.6107120802403991,1.5818605252534768,2.8095255844055465,False,0,1.0237917237645888,0.0,2.5,C_ref,2026-09-18 07:26:27,2026-09-18 09:12:50
pretrained,0,0.1,0.1,5,0,2.1965209095729947,1.893747014380362,2.503298005402132,0.6095509910217696,1.591192384674133,2.816265004746925,False,0,0.9785812643858662,1.0,2.5,C_ref,2026-09-18 07:26:27,2026-09-18 09:12:50
pretrained,0,0.1,0.1,6,0,2.164125336829852,1.8593064130082408,2.472808305559202,0.6135018925509614,1.5548921050274973,2.7875180594222964,False,0,1.18188600502981,0.0,2.5,C_ref,2026-09-18 07:26:27,2026-09-18 09:12:50
pretrained,0,0.1,0.1,7,0,2.252033188827439,1.9526981740367235,2.5567350765702264,0.6040369025335028,1.6560629993861298,2.868479798232657,False,0,0.6647153887497552,1.0,2.5,C_ref,2026-09-18 07:26:27,2026-09-18 09:12:50
pretrained,0,0.1,0.1,8,0,2.29970421055416,2.002603347455636,2.603338321879796,0.6007349744241597,1.710359791545372,2.9147355065778773,False,0,0.4385927788353001,1.0,2.5,C_ref,2026-09-18 07:26:27,2026-09-18 09:12:50
pretrained,0,0.1,0.1,9,0,2.2402675063101176,1.9408864945149813,2.5450094842078057,0.6041229896928242,1.6443279512242122,2.8568160049738047,False,0,0.7285089328470349,1.0,2.5,C_ref,2026-09-18 07:26:27,2026-09-18 09:12:50
pretrained,0,0.1,0.1,10,0,2.427332341932409,2.133254858388326,2.7288179533637096,0.5955630949753834,1.8452865782580528,3.038589793946322,False,0,0.0591744594094052,1.0,2.5,C_ref,2026-09-18 07:26:27,2026-09-18 09:12:50
pretrained,0,0.1,0.1,11,0,2.231340165456274,1.931505173014968,2.537044248354737,0.6055390753397694,1.635511174595497,2.850071722938828,False,0,0.7742391374486033,1.0,2.5,C_ref,2026-09-18 07:26:27,2026-09-18 09:12:50
pretrained,0,0.1,0.1,12,0,2.33350594686368,2.0321687942654707,2.640642421147865,0.6084736268823945,1.7342778094129898,2.954996212703996,False,0,0.2966673906703363,1.0,2.5,C_ref,2026-09-18 07:26:27,2026-09-18 09:12:50
pretrained,0,0.1,0.1,13,0,2.37226417443944,2.073528582589227,2.6773112822055523,0.6037826996163251,1.779106930708626,2.98998257182929,False,0,0.1776186220813542,1.0,2.5,C_ref,2026-09-18 07:26:27,2026-09-18 09:12:50
pretrained,0,0.1,0.1,14,0,2.191339774162794,1.891594328015684,2.495640482594916,0.6040461545792319,1.5931011459245503,2.8065207812675115,False,0,1.0283073789832995,0.0,2.5,C_ref,2026-09-18 07:26:27,2026-09-18 09:12:50
pretrained,0,0.1,0.1,15,0,2.364066676506885,2.065879039455662,2.6683680591600765,0.6024890197044144,1.7716758648833746,2.980112791823496,False,0,0.2018710692282184,1.0,2.5,C_ref,2026-09-18 07:26:27,2026-09-18 09:12:50
pretrained,0,0.1,0.1,16,0,2.4542852038856044,2.16069204263652,2.7552473258702066,0.5945552832336864,1.8732949780544568,3.064501145420143,False,0,0.0233786486278404,1.0,2.5,C_ref,2026-09-18 07:26:27,2026-09-18 09:12:50
pretrained,0,0.1,0.1,17,0,2.10017416780566,1.7986861168704062,2.4057921389154577,0.6071060220450515,1.4976168664060454,2.717764122045437,False,0,1.7010494741007278,0.0,2.5,C_ref,2026-09-18 07:26:27,2026-09-18 09:12:50
pretrained,0,0.1,0.1,18,0,2.3186313716295635,2.019511851542327,2.62328087996535,0.6037690284230233,1.7235879983280424,2.935046915668052,False,0,0.3573852972695022,1.0,2.5,C_ref,2026-09-18 07:26:27,2026-09-18 09:12:50
pretrained,0,0.1,0.1,19,0,2.248166292697817,1.9466059353298464,2.554692472405295,0.6080865370754489,1.6472077869681474,2.8679634574548234,False,0,0.6772002445941325,1.0,2.5,C_ref,2026-09-18 07:26:27,2026-09-18 09:12:50
pretrained,0,0.1,0.1,20,0,2.221090910719446,1.9212151518761165,2.5264580317088523,0.6052428798327358,1.6245229584334775,2.838928259583917,False,0,0.8355699056846788,1.0,2.5,C_ref,2026-09-18 07:26:27,2026-09-18 09:12:50
pretrained,0,0.1,0.1,21,0,2.3658027159239463,2.068761555592007,2.669324541056465,0.6005629854644585,1.7762991468115217,2.9805371072815,False,0,0.1979027659763232,1.0,2.5,C_ref,2026-09-18 07:26:27,2026-09-18 09:12:50
pretrained,0,0.1,0.1,22,0,2.215531651350906,1.9105025163276763,2.524801711636562,0.6142991953088859,1.606664765039082,2.840323281055216,False,0,0.8470313030047691,1.0,2.5,C_ref,2026-09-18 07:26:27,2026-09-18 09:12:50
pretrained,0,0.1,0.1,23,0,2.204882857776876,1.908098231511395,2.507562139742277,0.5994639082308819,1.6151593879443258,2.817525262444809,False,0,0.9509969929385989,1.0,2.5,C_ref,2026-09-18 07:26:27,2026-09-18 09:12:50
pretrained,0,0.1,0.1,24,0,2.1969285872238684,1.89639473770527,2.502032656509546,0.605637918804276,1.5973680710630414,2.8135938976111143,False,0,0.9866808655278874,1.0,2.5,C_ref,2026-09-18 07:26:27,2026-09-18 09:12:50
pretrained,0,0.1,0.1,25,0,2.0056784175449884,1.69949540032562,2.313626939376267,0.6141315390506472,1.3892780460531702,2.6264932115285458,False,0,2.553432231128681,0.0,2.5,C_ref,2026-09-18 07:26:27,2026-09-18 09:12:50
pretrained,0,0.1,0.1,26,0,2.172214765816685,1.872793951110312,2.476743361997735,0.6039494108874226,1.5759822516973927,2.788104090522801,False,0,1.1564879942925472,0.0,2.5,C_ref,2026-09-18 07:26:27,2026-09-18 09:12:50
pretrained,0,0.1,0.1,27,0,2.145698854945463,1.839064176546388,2.4549136600194825,0.6158494834730945,1.530185663131033,2.7694643031899764,False,0,1.3097070124313177,0.0,2.5,C_ref,2026-09-18 07:26:27,2026-09-18 09:12:50
pretrained,0,0.1,0.1,28,0,2.292707751628019,1.9935343723483827,2.5971798655124947,0.603645493164112,1.696821009418482,2.908676507922316,False,0,0.4664801855287805,1.0,2.5,C_ref,2026-09-18 07:26:27,2026-09-18 09:12:50
pretrained,0,0.1,0.1,29,0,2.1810885933403465,1.875994233941587,2.4900610985152616,0.6140668645736747,1.571047444771503,2.805022349105599,False,0,1.0647633319240413,0.0,2.5,C_ref,2026-09-18 07:26:27,2026-09-18 09:12:50
pretrained,0,0.1,0.1,30,0,2.1911369377391527,1.890060066214153,2.4961888023737275,0.6061287361595742,1.589248751938484,2.807475489465914,False,0,1.024659518843691,0.0,2.5,C_ref,2026-09-18 07:26:27,2026-09-18 09:12:50
pretrained,0,0.1,0.1,31,0,2.2420932949801133,1.9401427963480715,2.549093224098188,0.6089504277501165,1.6404763013119663,2.862875659976273,False,0,0.7079583835620724,1.0,2.5,C_ref,2026-09-18 07:26:27,2026-09-18 09:12:50
pretrained,0,0.1,0.1,32,0,2.277073760521448,1.977581932574235,2.582333288828748,0.6047513562545128,1.681778064546588,2.8947800834906032,False,0,0.5363086627367011,1.0,2.5,C_ref,2026-09-18 07:26:27,2026-09-18 09:12:50
pretrained,0,0.1,0.1,33,0,2.155430394036812,1.8535152769631915,2.461883084385689,0.6083678074224976,1.5530826674674807,2.774734295603704,False,0,1.2610605069894518,0.0,2.5,C_ref,2026-09-18 07:26:27,2026-09-18 09:12:50
pretrained,0,0.1,0.1,34,0,2.1902139352652705,1.886300963587308,2.4986942882222904,0.6123933246349824,1.5841001353235644,2.813570992864592,False,0,1.0082869308098452,0.0,2.5,C_ref,2026-09-18 07:26:27,2026-09-18 09:12:50
pretrained,0,0.1,0.1,35,0,2.19580698599664,1.8939419536493425,2.502324567955608,0.6083826143062652,1.5934262150261782,2.8153955549075054,False,0,0.9848539386257472,1.0,2.5,C_ref,2026-09-18 07:26:27,2026-09-18 09:12:50
pretrained,0,0.1,0.1,36,0,2.3210755905228457,2.0245953582488103,2.623926149841556,0.5993307915927453,1.7324384633068957,2.93448531887639,False,0,0.352326894608268,1.0,2.5,C_ref,2026-09-18 07:26:27,2026-09-18 09:12:50
pretrained,0,0.1,0.1,37,0,2.257882366529461,1.953028620702468,2.567228870993481,0.6142002502910133,1.649418936754085,2.8830089004981687,False,0,0.6149157947220374,1.0,2.5,C_ref,2026-09-18 07:26:27,2026-09-18 09:12:50
pretrained,0,0.1,0.1,38,0,2.343765906344809,2.044925164702653,2.648408558635285,0.6034833939326321,1.7495650556310205,2.960287139949884,False,0,0.2656542093718599,1.0,2.5,C_ref,2026-09-18 07:26:27,2026-09-18 09:12:50
pretrained,0,0.1,0.1,39,0,2.219929605259425,1.919703071399356,2.5249118840306024,0.6052088126312467,1.6211272539061723,2.836635161135646,False,0,0.8444658038861235,1.0,2.5,C_ref,2026-09-18 07:26:27,2026-09-18 09:12:50
pretrained,0,0.1,0.1,40,0,2.3068335986834705,2.0115516406723786,2.6087513781958287,0.5971997375234501,1.7211234961824973,2.9184922624157648,False,0,0.4128259392091422,1.0,2.5,C_ref,2026-09-18 07:26:27,2026-09-18 09:12:50
pretrained,0,0.1,0.1,41,0,2.187343715137464,1.890059457234312,2.4903485587813163,0.6002891015470049,1.5964058359681812,2.800530211679868,False,0,1.0639343142065627,0.0,2.5,C_ref,2026-09-18 07:26:27,2026-09-18 09:12:50
pretrained,0,0.1,0.1,42,0,2.2766023042966466,1.9719966345870288,2.5853500009526167,0.6133533663655875,1.667983307407198,2.900384165137176,False,0,0.5259373388216773,1.0,2.5,C_ref,2026-09-18 07:26:27,2026-09-18 09:12:50
pretrained,0,0.1,0.1,43,0,2.1392704660028192,1.8345427770386595,2.447545142821653,0.6130023657829942,1.5291618783767669,2.7617538688657395,False,0,1.3649796395438898,0.0,2.5,C_ref,2026-09-18 07:26:27,2026-09-18 09:12:50
pretrained,0,0.1,0.1,44,0,2.16080415164925,1.855894025401836,2.4698298184007985,0.6139357929989624,1.551326327195659,2.785047625748997,False,0,1.2026193829224212,0.0,2.5,C_ref,2026-09-18 07:26:27,2026-09-18 09:12:50
pretrained,0,0.1,0.1,45,0,2.0798016618327484,1.76925546313542,2.3916499907248263,0.6223945275894063,1.453647356524676,2.7081388428606803,False,0,1.807163046105416,0.0,2.5,C_ref,2026-09-18 07:26:27,2026-09-18 09:12:50
pretrained,0,0.1,0.1,46,0,2.2115599905295382,1.9094221136504093,2.518430338271094,0.6090082246206854,1.6092138777467375,2.831864002900126,False,0,0.8844015852700977,1.0,2.5,C_ref,2026-09-18 07:26:27,2026-09-18 09:12:50
pretrained,0,0.1,0.1,47,0,2.2989552192472376,2.0008932403410777,2.6026379789669734,0.6017447386258956,1.705963049000933,2.913563580469912,False,0,0.4414102794398786,1.0,2.5,C_ref,2026-09-18 07:26:27,2026-09-18 09:12:50
pretrained,0,0.3,0.3,0,0,0.7773326799549852,0.1781615560744982,1.0591939546280174,0.8810323985535191,0.0420306805026676,1.3905840431576972,False,0,0.3602570220609777,1.0,0.4,C_ref,2026-09-18 10:40:35,2026-09-18 13:35:02
pretrained,0,0.3,0.3,1,0,0.7473331603957957,0.6913635792909567,1.072588252031372,0.3812246727404151,0.0386872372201025,1.411013622836119,False,0,2.6057324328285176,0.0,0.4,C_ref,2026-09-18 10:40:35,2026-09-18 13:35:02
pretrained,0,0.3,0.3,2,0,0.9806651376884662,0.8617759135155866,1.2499572270976058,0.3881813135820192,0.8062980729013991,1.5444567915309566,False,0,13.233407138966868,0.0,0.4,C_ref,2026-09-18 10:40:35,2026-09-18 13:35:02
pretrained,0,0.3,0.3,3,0,0.8889859466941538,0.6557693189627779,1.212512540211672,0.5567432212488942,0.5977775187412776,1.526783186758998,False,0,10.795864824656746,0.0,0.4,C_ref,2026-09-18 10:40:35,2026-09-18 13:35:02
pretrained,0,0.3,0.3,4,0,0.8886878295900232,0.709895842432405,1.1208714467832104,0.4109756043508054,0.0270161271302548,1.429249946408908,False,0,2.278311656329606,0.0,0.4,C_ref,2026-09-18 10:40:35,2026-09-18 13:35:02
pretrained,0,0.3,0.3,5,0,0.9748688587147164,0.8972879329278014,1.201992713100161,0.3047047801723599,0.8309404383146266,1.4898648239293024,False,0,4.718482627053163,0.0,0.4,C_ref,2026-09-18 10:40:35,2026-09-18 13:35:02
pretrained,0,0.3,0.3,6,0,0.7122690088592397,0.5843224301159323,1.043051966899193,0.4587295367832608,0.0412743226005004,1.3812516216756152,False,0,1.1460023178842675,0.0,0.4,C_ref,2026-09-18 10:40:35,2026-09-18 13:35:02
pretrained,0,0.3,0.3,7,0,0.3233829833126607,0.1264146983214133,0.9902444294937768,0.8638297311723635,0.0417752708417974,1.362385368915465,False,0,0.0307161872005963,1.0,0.4,C_ref,2026-09-18 10:40:35,2026-09-18 13:35:02
pretrained,0,0.3,0.3,8,0,0.9036534420788036,0.7542796329951885,1.192181313405023,0.4379016804098344,0.7444538646162678,1.496174148212837,False,0,9.018671158435607,0.0,0.4,C_ref,2026-09-18 10:40:35,2026-09-18 13:35:02
pretrained,0,0.3,0.3,9,0,1.011554343893123,0.9199924153348512,1.2358950035280485,0.3159025881931974,0.91644257370634,1.5110694108123337,False,0,9.96709945598559,0.0,0.4,C_ref,2026-09-18 10:40:35,2026-09-18 13:35:02
pretrained,0,0.3,0.3,10,0,0.9348111049545632,0.7091991255678582,1.2261622491605302,0.5169631235926719,0.6463755354390469,1.534457591042307,False,0,8.311472106670408,0.0,0.4,C_ref,2026-09-18 10:40:35,2026-09-18 13:35:02
pretrained,0,0.3,0.3,11,0,0.8674966853374759,0.7356729158692003,1.1496309892957075,0.4139580734265072,0.6559720649344212,1.4570255717115337,False,0,7.866726713000389,0.0,0.4,C_ref,2026-09-18 10:40:35,2026-09-18 13:35:02
pretrained,0,0.3,0.3,12,0,0.8046552748453065,0.4605882191325467,1.143316128516797,0.6827279093842502,0.0253938753230471,1.4770909449470726,False,0,1.8694105058530115,0.0,0.4,C_ref,2026-09-18 10:40:35,2026-09-18 13:35:02
pretrained,0,0.3,0.3,13,0,0.921960876799499,0.5499386182719126,1.1912648639383934,0.6413262456664808,0.0228161349499858,1.5098644000513843,False,0,3.467670546458976,0.0,0.4,C_ref,2026-09-18 10:40:35,2026-09-18 13:35:02
pretrained,0,0.3,0.3,14,0,0.855604594537292,0.7673327682540558,1.1273138409772887,0.3599810727232329,0.634072668610288,1.4360382779323055,False,0,5.183219609145453,0.0,0.4,C_ref,2026-09-18 10:40:35,2026-09-18 13:35:02
pretrained,0,0.3,0.3,15,0,0.9136918640959462,0.8565606857426924,1.1958363981900049,0.3392757124473124,0.0645776590550416,1.50924733523666,False,0,2.380732140256441,0.0,0.4,C_ref,2026-09-18 10:40:35,2026-09-18 13:35:02
pretrained,0,0.3,0.3,16,0,0.9785614840824578,0.7741094003954285,1.289147239742762,0.5150378393473334,0.6571561770266838,1.5937290206682555,False,0,7.375474735425087,0.0,0.4,C_ref,2026-09-18 10:40:35,2026-09-18 13:35:02
pretrained,0,0.3,0.3,17,0,0.4016695073159319,0.1595850843306695,0.8763965464956741,0.7168114621650046,0.0574388005013129,1.2578647611893758,False,0,0.0,1.0,0.4,C_ref,2026-09-18 10:40:35,2026-09-18 13:35:02
pretrained,0,0.3,0.3,18,0,0.9363713149287888,0.8232997724652134,1.2247686440428085,0.4014688715775951,0.7733242895413479,1.5262433451869075,False,0,6.401769966272696,0.0,0.4,C_ref,2026-09-18 10:40:35,2026-09-18 13:35:02
pretrained,0,0.3,0.3,19,0,0.8004901208191489,0.72508652260127,1.1071736896012538,0.3820871669999838,0.0283370804326625,1.4335744114894866,False,0,2.2584498223623086,0.0,0.4,C_ref,2026-09-18 10:40:35,2026-09-18 13:35:02
pretrained,0,0.3,0.3,20,0,0.9565042142232718,0.8403464401158853,1.2044586596358746,0.3641122195199893,0.833737153421119,1.4902476157976292,False,0,14.572533163776823,0.0,0.4,C_ref,2026-09-18 10:40:35,2026-09-18 13:35:02
pretrained,0,0.3,0.3,21,0,0.917955779147504,0.7863302929137399,1.2211902500387544,0.4348599571250144,0.7264745102961877,1.5307883338252688,False,0,4.888126583584381,0.0,0.4,C_ref,2026-09-18 10:40:35,2026-09-18 13:35:02
pretrained,0,0.3,0.3,22,0,0.7005408713413085,0.551137579915161,1.0930289982953447,0.5418914183801837,0.0385076127915887,1.4219430810542386,False,0,1.3050674477490247,0.0,0.4,C_ref,2026-09-18 10:40:35,2026-09-18 13:35:02
pretrained,0,0.3,0.3,23,0,0.8974827618228025,0.7158951403602514,1.178032399723877,0.4621372593636257,0.696736346485867,1.4732918438078444,False,0,13.764061361103812,0.0,0.4,C_ref,2026-09-18 10:40:35,2026-09-18 13:35:02
pretrained,0,0.3,0.3,24,0,0.917126034995105,0.8736266134753344,1.1583457761395382,0.2847191626642037,0.0492356852505928,1.466743653255976,False,0,2.167349923292932,0.0,0.4,C_ref,2026-09-18 10:40:35,2026-09-18 13:35:02
pretrained,0,0.3,0.3,25,0,0.5849614810221608,0.2220634085313678,0.9859127228035852,0.7638493142722176,0.0448998301373538,1.2839585696264637,False,0,0.6403949185551028,1.0,0.4,C_ref,2026-09-18 10:40:35,2026-09-18 13:35:02
pretrained,0,0.3,0.3,26,0,0.4054939168818539,0.1524067999802388,0.907708748877638,0.7553019488973992,0.0523643654665906,1.2957246992226703,False,0,5.32357553311158e-05,1.0,0.4,C_ref,2026-09-18 10:40:35,2026-09-18 13:35:02
pretrained,0,0.3,0.3,27,0,0.9840639217846292,0.9622353597813168,1.1573523593138535,0.195116999532537,0.0965926071974893,1.4328184810325788,False,0,2.223394927139452,0.0,0.4,C_ref,2026-09-18 10:40:35,2026-09-18 13:35:02
pretrained,0,0.3,0.3,28,0,0.8516839752646842,0.8039098877750945,1.1231805394731855,0.319270651698091,0.597338531441116,1.4352531434541156,False,0,5.265331490416429,0.0,0.4,C_ref,2026-09-18 10:40:35,2026-09-18 13:35:02
pretrained,0,0.3,0.3,29,0,0.7949398143038421,0.4262118828426595,1.0664027834841814,0.6401909006415218,0.0386959650510387,1.3823482929989392,False,0,1.8701074664495536,0.0,0.4,C_ref,2026-09-18 10:40:35,2026-09-18 13:35:02
pretrained,0,0.3,0.3,30,0,0.829195033169234,0.7141182368145441,1.140972438099101,0.4268542012845572,0.4346589330462079,1.4488855239397245,False,0,4.437828339247062,0.0,0.4,C_ref,2026-09-18 10:40:35,2026-09-18 13:35:02
pretrained,0,0.3,0.3,31,0,0.8788693244765917,0.8442512836260342,1.142328501552152,0.2980772179261178,0.0493222106348774,1.455507683652963,False,0,1.907508282107301,0.0,0.4,C_ref,2026-09-18 10:40:35,2026-09-18 13:35:02
pretrained,0,0.3,0.3,32,0,0.955771199294376,0.9236230433477268,1.1963876793224713,0.2727646359747443,0.1243338994078873,1.4963534252627682,False,0,3.0645432338496903,0.0,0.4,C_ref,2026-09-18 10:40:35,2026-09-18 13:35:02
pretrained,0,0.3,0.3,33,0,0.9562357293905216,0.8535470831922456,1.1917596500674148,0.3382125668751692,0.8463557038590351,1.470237793009382,False,0,10.796991338400405,0.0,0.4,C_ref,2026-09-18 10:40:35,2026-09-18 13:35:02
pretrained,0,0.3,0.3,34,0,0.9428374799634536,0.8979826552962038,1.1662858375566174,0.2683031822604136,0.8903050924935043,1.4566344486824256,False,0,3.7991651204574737,0.0,0.4,C_ref,2026-09-18 10:40:35,2026-09-18 13:35:02
pretrained,0,0.3,0.3,35,0,0.8490530674399721,0.784940275276039,1.1414975103764675,0.3565572351004287,0.0651643934137935,1.4554169875677978,False,0,3.4399117826069414,0.0,0.4,C_ref,2026-09-18 10:40:35,2026-09-18 13:35:02
pretrained,0,0.3,0.3,36,0,0.9506342401616306,0.8943573471806755,1.217659155571355,0.3233018083906794,0.5525276978891716,1.5191998661374624,False,0,4.155959936302679,0.0,0.4,C_ref,2026-09-18 10:40:35,2026-09-18 13:35:02
pretrained,0,0.3,0.3,37,0,0.2747098219369742,0.106291772837281,0.909592004916465,0.803300232079184,0.033055869348625,1.333655406391092,False,0,0.1094401015980111,1.0,0.4,C_ref,2026-09-18 10:40:35,2026-09-18 13:35:02
pretrained,0,0.3,0.3,38,0,0.9222417137071772,0.1104182807708024,1.1673102920333305,1.056892011262528,0.0303775755527698,1.4812857303325493,False,0,0.3621151540173741,1.0,0.4,C_ref,2026-09-18 10:40:35,2026-09-18 13:35:02
pretrained,0,0.3,0.3,39,0,0.7140208668405132,0.554282255383529,1.0603743554627816,0.5060921000792525,0.3651641118662055,1.38766907058723,False,0,1.4588747385932948,0.0,0.4,C_ref,2026-09-18 10:40:35,2026-09-18 13:35:02
pretrained,0,0.3,0.3,40,0,0.8993929757465173,0.7210386959683305,1.1456793370670846,0.4246406410987541,0.0346268967168008,1.4604610494196602,False,0,0.9899341317723156,0.0,0.4,C_ref,2026-09-18 10:40:35,2026-09-18 13:35:02
pretrained,0,0.3,0.3,41,0,0.4085318475813046,0.1478748267498465,0.9294764908938123,0.7816016641439658,0.0501850553141324,1.30070894610139,False,0,0.0002971969515783,1.0,0.4,C_ref,2026-09-18 10:40:35,2026-09-18 13:35:02
pretrained,0,0.3,0.3,42,0,0.7795141946310264,0.6420795694575903,1.1020714247039112,0.4599918552463209,0.0315728012724881,1.432940700013564,False,0,2.48539503516804,0.0,0.4,C_ref,2026-09-18 10:40:35,2026-09-18 13:35:02
pretrained,0,0.3,0.3,43,0,0.9390322545392348,0.9044042739471814,1.1518722104953838,0.2474679365482024,0.62858200958418,1.432748570886308,False,0,11.830005543382867,0.0,0.4,C_ref,2026-09-18 10:40:35,2026-09-18 13:35:02
pretrained,0,0.3,0.3,44,0,0.8795428529734465,0.8437098650741561,1.1051941733386024,0.2614843082644462,0.233128568043724,1.400891319999218,False,0,2.430050926112017,0.0,0.4,C_ref,2026-09-18 10:40:35,2026-09-18 13:35:02
pretrained,0,0.3,0.3,45,0,0.8641526946425037,0.6361389528490765,1.059865096926319,0.4237261440772425,0.0702630900458269,1.355591956106401,False,0,2.491448318942276,0.0,0.4,C_ref,2026-09-18 10:40:35,2026-09-18 13:35:02
pretrained,0,0.3,0.3,46,0,1.1902755339327626,0.9905920681898672,1.4370502472752096,0.4464581790853424,0.8858522035329276,1.705508748456116,False,0,41.62535481224768,0.0,0.4,C_ref,2026-09-18 10:40:35,2026-09-18 13:35:02
pretrained,0,0.3,0.3,47,0,0.8293979514105094,0.4475716525337321,1.1870566070082722,0.7394849544745401,0.0289398234667365,1.5059948838469126,False,0,1.3735362079787592,0.0,0.4,C_ref,2026-09-18 10:40:35,2026-09-18 13:35:02
pretrained,0,0.3,0.3,0,0,2.3211303399988763,2.0269075463009303,2.621037851836152,0.5941303055352214,1.7356739002870147,2.9281867386014144,False,0,0.3588473737763706,1.0,2.5,C_ref,2026-09-18 10:40:35,2026-09-18 13:35:02
pretrained,0,0.3,0.3,1,0,2.3604529914559795,2.0659885800767825,2.660471793661818,0.5944832135850353,1.7743796386892765,2.9675801722538537,False,0,0.2188237899208616,1.0,2.5,C_ref,2026-09-18 10:40:35,2026-09-18 13:35:02
pretrained,0,0.3,0.3,2,0,2.4424793563681817,2.151720990280438,2.7399125123475816,0.5881915220671434,1.86581537495962,3.0451122012480254,False,0,0.0380737215418776,1.0,2.5,C_ref,2026-09-18 10:40:35,2026-09-18 13:35:02
pretrained,0,0.3,0.3,3,0,2.467743377655059,2.1764146075464894,2.765816423599815,0.5894018160533254,1.8900190563183688,3.0718027203091363,False,0,0.0119094397377921,1.0,2.5,C_ref,2026-09-18 10:40:35,2026-09-18 13:35:02
pretrained,0,0.3,0.3,4,0,2.352880734444464,2.0588978485764247,2.6526405489245524,0.5937427003481277,1.768161735126603,2.959729931089337,False,0,0.2434979272074997,1.0,2.5,C_ref,2026-09-18 10:40:35,2026-09-18 13:35:02
pretrained,0,0.3,0.3,5,0,2.3416002752016536,2.050319180709141,2.6389818894123547,0.5886627087032132,1.7629886180564849,2.9438294460992585,False,0,0.2867583497245505,1.0,2.5,C_ref,2026-09-18 10:40:35,2026-09-18 13:35:02
pretrained,0,0.3,0.3,6,0,2.298627486487096,2.003454386765976,2.599242510032956,0.5957881232669804,1.7108341241875216,2.9068835580652665,False,0,0.4518595589433971,1.0,2.5,C_ref,2026-09-18 10:40:35,2026-09-18 13:35:02
pretrained,0,0.3,0.3,7,0,2.354829917024914,2.0628597108410154,2.6526206670493764,0.589760956208361,1.7743132042734522,2.957655545113365,False,0,0.2401249219037708,1.0,2.5,C_ref,2026-09-18 10:40:35,2026-09-18 13:35:02
pretrained,0,0.3,0.3,8,0,2.3876432232765548,2.096159384701947,2.6858750064854737,0.5897156217835269,1.8095187264229664,2.992053296673653,False,0,0.1440494833877892,1.0,2.5,C_ref,2026-09-18 10:40:35,2026-09-18 13:35:02
pretrained,0,0.3,0.3,9,0,2.3523934638285846,2.061889874664363,2.649230862154095,0.587340987489732,1.7756178693743612,2.953662643004685,False,0,0.250177036254172,1.0,2.5,C_ref,2026-09-18 10:40:35,2026-09-18 13:35:02
pretrained,0,0.3,0.3,10,0,2.4729739081025413,2.182740325253209,2.770171485436709,0.5874311601834998,1.897741470457155,3.075333263117571,False,0,0.0083596418153319,1.0,2.5,C_ref,2026-09-18 10:40:35,2026-09-18 13:35:02
pretrained,0,0.3,0.3,11,0,2.3407669047761352,2.046977747619979,2.6407183582607936,0.5937406106408147,1.7571102997670511,2.948159077245908,False,0,0.2848591752735956,1.0,2.5,C_ref,2026-09-18 10:40:35,2026-09-18 13:35:02
pretrained,0,0.3,0.3,12,0,2.4596010637726327,2.1649720991049617,2.760605187349525,0.5956330882445635,1.874571582167169,3.0692332771401256,False,0,0.018377201657131,1.0,2.5,C_ref,2026-09-18 10:40:35,2026-09-18 13:35:02
pretrained,0,0.3,0.3,13,0,2.477855043556033,2.183300918216508,2.778802197151528,0.59550127893502,1.893108830611388,3.0873597060779625,False,0,0.0054805974614282,1.0,2.5,C_ref,2026-09-18 10:40:35,2026-09-18 13:35:02
pretrained,0,0.3,0.3,14,0,2.3309682531410374,2.0414100252976475,2.626404199673716,0.5849941743760687,1.7553469839821816,2.929227059200144,False,0,0.3304742055406677,1.0,2.5,C_ref,2026-09-18 10:40:35,2026-09-18 13:35:02
pretrained,0,0.3,0.3,15,0,2.460736299845441,2.1675646651780327,2.7603958036033647,0.592831138425332,1.8788884434601525,3.067716700545028,False,0,0.0175183869323518,1.0,2.5,C_ref,2026-09-18 10:40:35,2026-09-18 13:35:02
pretrained,0,0.3,0.3,16,0,2.548620132821866,2.2596781646438577,2.844966254922411,0.5852880902785533,1.9768698655833288,3.149704413852908,False,0,0.027722130438633,1.0,2.5,C_ref,2026-09-18 10:40:35,2026-09-18 13:35:02
pretrained,0,0.3,0.3,17,0,2.2109595743845487,1.9152895926642235,2.5111303550171846,0.5958407623529611,1.620532082672291,2.8177617519146136,False,0,0.9277879169821972,1.0,2.5,C_ref,2026-09-18 10:40:35,2026-09-18 13:35:02
pretrained,0,0.3,0.3,18,0,2.4341520167708564,2.1451166912060766,2.7300473203881945,0.5849306291821179,1.8611176754087764,3.0338042728277426,False,0,0.0503023373566975,1.0,2.5,C_ref,2026-09-18 10:40:35,2026-09-18 13:35:02
pretrained,0,0.3,0.3,19,0,2.380978926036498,2.0886451617768884,2.6794753470530432,0.5908301852761548,1.8002263558725573,2.9854674773218544,False,0,0.1611995302082505,1.0,2.5,C_ref,2026-09-18 10:40:35,2026-09-18 13:35:02
pretrained,0,0.3,0.3,20,0,2.32167844818993,2.029431873438781,2.620136256257512,0.590704382818731,1.7413094567024112,2.926096369692338,False,0,0.3603343953873263,1.0,2.5,C_ref,2026-09-18 10:40:35,2026-09-18 13:35:02
pretrained,0,0.3,0.3,21,0,2.464195285011885,2.173075486413872,2.7623154917673336,0.5892400053534623,1.8871694606060048,3.0685691853491552,False,0,0.0145472583535593,1.0,2.5,C_ref,2026-09-18 10:40:35,2026-09-18 13:35:02
pretrained,0,0.3,0.3,22,0,2.349216239983178,2.0551422266481616,2.6490822553547018,0.5939400287065402,1.764334997259714,2.9561928000319906,False,0,0.2556093372004397,1.0,2.5,C_ref,2026-09-18 10:40:35,2026-09-18 13:35:02
pretrained,0,0.3,0.3,23,0,2.318855467169329,2.0296597026392265,2.6143735886732853,0.5847138860340588,1.7447498780670128,2.9176068794191115,False,0,0.3791513128635415,1.0,2.5,C_ref,2026-09-18 10:40:35,2026-09-18 13:35:02
pretrained,0,0.3,0.3,24,0,2.357906832825716,2.0629138678462486,2.6586586685857605,0.5957448007395119,1.7711045448537188,2.9666606962999107,False,0,0.2257553755698609,1.0,2.5,C_ref,2026-09-18 10:40:35,2026-09-18 13:35:02
pretrained,0,0.3,0.3,25,0,2.1452042865006984,1.8497024546707128,2.444507250062249,0.5948047953915363,1.5540137151180613,2.749914233686274,False,0,1.400084337190492,0.0,2.5,C_ref,2026-09-18 10:40:35,2026-09-18 13:35:02
pretrained,0,0.3,0.3,26,0,2.279256988747375,1.9843906263079685,2.579119947740997,0.5947293214330289,1.6912947325021903,2.8857634039136166,False,0,0.5447982178156963,1.0,2.5,C_ref,2026-09-18 10:40:35,2026-09-18 13:35:02
pretrained,0,0.3,0.3,27,0,2.298033965016088,2.005600554764078,2.5958616744862173,0.5902611197221392,1.7157965174855978,2.900759391719628,False,0,0.4629096894641407,1.0,2.5,C_ref,2026-09-18 10:40:35,2026-09-18 13:35:02
pretrained,0,0.3,0.3,28,0,2.369417892480244,2.076159270448155,2.6685337037625207,0.5923744333143657,1.7862970209500428,2.97496098043838,False,0,0.1929629623882647,1.0,2.5,C_ref,2026-09-18 10:40:35,2026-09-18 13:35:02
pretrained,0,0.3,0.3,29,0,2.292779631987958,1.996790050385242,2.5939930708110097,0.5972030204257677,1.7030877463618752,2.902165927958773,False,0,0.4762091061529645,1.0,2.5,C_ref,2026-09-18 10:40:35,2026-09-18 13:35:02
pretrained,0,0.3,0.3,30,0,2.349716461121683,2.0630019081293733,2.64311195306801,0.5801100449386367,1.7809920791811524,2.9444309837126794,False,0,0.265541904620477,1.0,2.5,C_ref,2026-09-18 10:40:35,2026-09-18 13:35:02
pretrained,0,0.3,0.3,31,0,2.3750032342319303,2.081898271099724,2.6741344365561965,0.5922361654564732,1.792583265558777,2.980692832624088,False,0,0.1766588063474046,1.0,2.5,C_ref,2026-09-18 10:40:35,2026-09-18 13:35:02
pretrained,0,0.3,0.3,32,0,2.4004145726889856,2.10945582445254,2.6979613811077443,0.5885055566552042,1.8230907710237287,3.003435844683481,False,0,0.1138384287078224,1.0,2.5,C_ref,2026-09-18 10:40:35,2026-09-18 13:35:02
pretrained,0,0.3,0.3,33,0,2.2800713788813263,1.9901418417954428,2.576304517003138,0.5861626752076952,1.7044917274483904,2.880252302758308,False,0,0.5544824251010141,1.0,2.5,C_ref,2026-09-18 10:40:35,2026-09-18 13:35:02
pretrained,0,0.3,0.3,34,0,2.3164113206328314,2.021705188919177,2.616560005567118,0.594854816647941,1.7298120660795495,2.923762023145572,False,0,0.3770633509520849,1.0,2.5,C_ref,2026-09-18 10:40:35,2026-09-18 13:35:02
pretrained,0,0.3,0.3,35,0,2.3317911233046416,2.03817995245576,2.631321036471244,0.593141084015484,1.7480545228170066,2.9382172361488013,False,0,0.3184455488953972,1.0,2.5,C_ref,2026-09-18 10:40:35,2026-09-18 13:35:02
pretrained,0,0.3,0.3,36,0,2.435684181161976,2.144628656451642,2.7332866385362387,0.5886579820845967,1.858209151593928,3.038626025264304,False,0,0.0473755348102713,1.0,2.5,C_ref,2026-09-18 10:40:35,2026-09-18 13:35:02
pretrained,0,0.3,0.3,37,0,2.3863897367964744,2.0915327606269445,2.687103612769633,0.5955708521426883,1.8001307115177536,2.99516739839024,False,0,0.1445609224028885,1.0,2.5,C_ref,2026-09-18 10:40:35,2026-09-18 13:35:02
pretrained,0,0.3,0.3,38,0,2.425527419947472,2.1379547350622885,2.7123964812946744,0.5744417462323859,1.85242401411256,2.911588546889253,False,0,0.0664011986991681,1.0,2.5,C_ref,2026-09-18 10:40:35,2026-09-18 13:35:02
pretrained,0,0.3,0.3,39,0,2.2863210594106995,1.9969906140064344,2.581267104497717,0.5842764904912827,1.7108869088589465,2.8831081742229734,False,0,0.527886365314771,1.0,2.5,C_ref,2026-09-18 10:40:35,2026-09-18 13:35:02
pretrained,0,0.3,0.3,40,0,2.3929299278900205,2.099586458452807,2.692532851997824,0.592946393545017,1.8104142951663564,2.9997526594875032,False,0,0.1295350997643254,1.0,2.5,C_ref,2026-09-18 10:40:35,2026-09-18 13:35:02
pretrained,0,0.3,0.3,41,0,2.2647866851822225,1.97166579050232,2.563178523983064,0.5915127334807437,1.680930511058356,2.8685450844116445,False,0,0.6239489793442772,1.0,2.5,C_ref,2026-09-18 10:40:35,2026-09-18 13:35:02
pretrained,0,0.3,0.3,42,0,2.4077773866616647,2.1148621991961427,2.7067966681645474,0.5919344689684047,1.82591176818239,3.013139732675316,False,0,0.0965471465424343,1.0,2.5,C_ref,2026-09-18 10:40:35,2026-09-18 13:35:02
pretrained,0,0.3,0.3,43,0,2.271072001973792,1.978210127112336,2.569580671583776,0.5913705444714403,1.6884069316808843,2.875250578331138,False,0,0.5911624544896767,1.0,2.5,C_ref,2026-09-18 10:40:35,2026-09-18 13:35:02
pretrained,0,0.3,0.3,44,0,2.258933350842281,1.9639716452740368,2.5591514307693384,0.5951797854953016,1.6712681995798229,2.866309445704836,False,0,0.6474010672536679,1.0,2.5,C_ref,2026-09-18 10:40:35,2026-09-18 13:35:02
pretrained,0,0.3,0.3,45,0,2.2193010859332643,1.922633993962484,2.520576007624841,0.5979420136623574,1.6271287822218372,2.8283600975830865,False,0,0.8691887238892377,1.0,2.5,C_ref,2026-09-18 10:40:35,2026-09-18 13:35:02
pretrained,0,0.3,0.3,46,0,2.4560302533898213,2.168884942942712,2.75081430226962,0.5819293593269088,1.888245655393816,3.053980863071448,False,0,0.022587393545109,1.0,2.5,C_ref,2026-09-18 10:40:35,2026-09-18 13:35:02
pretrained,0,0.3,0.3,47,0,2.442469087786001,2.1538513867010822,2.7380973684335324,0.5842459817324501,1.8704654826246088,3.041820625797171,False,0,0.038584833015193,1.0,2.5,C_ref,2026-09-18 10:40:35,2026-09-18 13:35:02
pretrained,0,1.0,1.0,0,0,1.1118123393339905,0.974352370445005,1.3441890198395523,0.3698366493945475,0.9575554262523388,1.6080057749004133,False,0,27.11917788259961,0.0,0.4,C_ref,2026-09-18 17:53:32,2026-09-19 00:48:16
pretrained,0,1.0,1.0,1,0,1.0755735314269643,0.9649134135672736,1.323451709545968,0.3585382959786946,0.9054673878914344,1.599667666791142,False,0,18.116891289671912,0.0,0.4,C_ref,2026-09-18 17:53:32,2026-09-19 00:48:16
pretrained,0,1.0,1.0,2,0,1.0905959150190618,0.9428299688544208,1.358258666451874,0.4154286975974529,0.8775036111388146,1.6409008326779853,False,0,18.08586751587427,0.0,0.4,C_ref,2026-09-18 17:53:32,2026-09-19 00:48:16
pretrained,0,1.0,1.0,3,0,1.111632492296116,0.9325115335612983,1.3725802898321715,0.4400687562708734,0.9080223188021171,1.6516697686291812,False,0,19.72982632539424,0.0,0.4,C_ref,2026-09-18 17:53:32,2026-09-19 00:48:16
pretrained,0,1.0,1.0,4,0,1.0759210718562602,0.9288990780829948,1.3504000446332047,0.4215009665502098,0.8681150820413643,1.6368044925553489,False,0,10.793297117932523,0.0,0.4,C_ref,2026-09-18 17:53:32,2026-09-19 00:48:16
pretrained,0,1.0,1.0,5,0,1.057836724537727,0.9419549293931004,1.316076538695132,0.3741216093020316,0.858779754763892,1.5954992257909648,False,0,19.067756820400973,0.0,0.4,C_ref,2026-09-18 17:53:32,2026-09-19 00:48:16
pretrained,0,1.0,1.0,6,0,1.0489086588620973,0.9268065865605196,1.303399979910642,0.3765933933501223,0.8920992740988668,1.5831090021763885,False,0,13.220185343820049,0.0,0.4,C_ref,2026-09-18 17:53:32,2026-09-19 00:48:16
pretrained,0,1.0,1.0,7,0,1.1031928029320748,0.9282993720028596,1.3592916801277106,0.4309923081248509,0.9077271787473306,1.6327381955465374,False,0,23.742941905111365,0.0,0.4,C_ref,2026-09-18 17:53:32,2026-09-19 00:48:16
pretrained,0,1.0,1.0,8,0,1.218852114540078,1.018177706614254,1.461533462636029,0.4433557560217751,0.9448167040910856,1.7236964184624892,False,0,59.943029559177376,0.0,0.4,C_ref,2026-09-18 17:53:32,2026-09-19 00:48:16
pretrained,0,1.0,1.0,9,0,1.131407671184605,0.9696818611136852,1.3768221508269285,0.4071402897132433,0.94804423838358,1.646109961181003,False,0,30.224477530973672,0.0,0.4,C_ref,2026-09-18 17:53:32,2026-09-19 00:48:16
pretrained,0,1.0,1.0,10,0,1.180322416116426,0.9853457348340982,1.433316878731185,0.4479711438970868,0.951621960952532,1.7054177705715767,False,0,30.753186689653376,0.0,0.4,C_ref,2026-09-18 17:53:32,2026-09-19 00:48:16
pretrained,0,1.0,1.0,11,0,1.0986479674956504,0.95756160708495,1.3538589552880835,0.3962973482031336,0.905525063881394,1.6295268524248816,False,0,22.92778226856899,0.0,0.4,C_ref,2026-09-18 17:53:32,2026-09-19 00:48:16
pretrained,0,1.0,1.0,12,0,1.1795547567377327,0.9687044117571996,1.4421888291093263,0.4734844173521267,0.9436845738166982,1.6843091923840534,False,0,29.894280967724622,0.0,0.4,C_ref,2026-09-18 17:53:32,2026-09-19 00:48:16
pretrained,0,1.0,1.0,13,0,1.251745878255082,1.0125655796518798,1.5140116943048758,0.501446114652996,0.9252828125882102,1.7873550048550155,False,0,43.83963758518803,0.0,0.4,C_ref,2026-09-18 17:53:32,2026-09-19 00:48:16
pretrained,0,1.0,1.0,14,0,1.0820234178773835,0.95884295859806,1.3336502496430505,0.3748072910449904,0.947322026670642,1.6099460363351097,False,0,20.439929650587143,0.0,0.4,C_ref,2026-09-18 17:53:32,2026-09-19 00:48:16
pretrained,0,1.0,1.0,15,0,1.075891231295905,0.9558793095465457,1.3547347447573672,0.3988554352108215,0.856271799419158,1.6445981048733158,False,0,12.203751934641332,0.0,0.4,C_ref,2026-09-18 17:53:32,2026-09-19 00:48:16
pretrained,0,1.0,1.0,16,0,1.25440960320733,1.0355540456349166,1.5046511505973192,0.4690971049624026,0.9339985547826218,1.7663308864237146,False,0,56.77081526676557,0.0,0.4,C_ref,2026-09-18 17:53:32,2026-09-19 00:48:16
pretrained,0,1.0,1.0,17,0,1.055241671969657,0.9575815668606984,1.2862632495571702,0.3286816826964718,0.923490314805018,1.5527314017483604,False,0,19.786901180254063,0.0,0.4,C_ref,2026-09-18 17:53:32,2026-09-19 00:48:16
pretrained,0,1.0,1.0,18,0,1.1313999659630405,0.9555248958430328,1.3953319804073507,0.4398070845643178,0.8698075647648533,1.669444719045304,False,0,26.70065580420851,0.0,0.4,C_ref,2026-09-18 17:53:32,2026-09-19 00:48:16
pretrained,0,1.0,1.0,19,0,1.1795101520147897,1.0088254760254427,1.4146419440592866,0.4058164680338438,0.9643412089767732,1.6764179859440012,False,0,42.43561278416382,0.0,0.4,C_ref,2026-09-18 17:53:32,2026-09-19 00:48:16
pretrained,0,1.0,1.0,20,0,1.1980170581531664,0.9980810578958786,1.444510399081909,0.4464293411860304,0.9470732471727196,1.7098163424630943,False,0,37.35515919808313,0.0,0.4,C_ref,2026-09-18 17:53:32,2026-09-19 00:48:16
pretrained,0,1.0,1.0,21,0,1.1321392212731076,0.9664221962817804,1.3945090404330391,0.4280868441512587,0.9289910273838944,1.6726199998463025,False,0,20.629293687881727,0.0,0.4,C_ref,2026-09-18 17:53:32,2026-09-19 00:48:16
pretrained,0,1.0,1.0,22,0,1.1164685553676332,0.9689168914630624,1.3683011671270728,0.3993842756640103,0.9460195151919982,1.6424013120770151,False,0,26.564285735352318,0.0,0.4,C_ref,2026-09-18 17:53:32,2026-09-19 00:48:16
pretrained,0,1.0,1.0,23,0,1.0201197795601378,0.8800364777145869,1.2844225414514605,0.4043860637368736,0.8687012058212997,1.5673699965665195,False,0,14.234143474281154,0.0,0.4,C_ref,2026-09-18 17:53:32,2026-09-19 00:48:16
pretrained,0,1.0,1.0,24,0,1.0840727671834192,0.9450802561503724,1.339434593722687,0.3943543375723147,0.8497724913484929,1.6137964681674737,False,0,21.19461826769475,0.0,0.4,C_ref,2026-09-18 17:53:32,2026-09-19 00:48:16
pretrained,0,1.0,1.0,25,0,1.0272658508359953,0.9580310035035906,1.252796901494779,0.2947658979911884,0.9049370386707276,1.5216803796166225,False,0,13.003227879904443,0.0,0.4,C_ref,2026-09-18 17:53:32,2026-09-19 00:48:16
pretrained,0,1.0,1.0,26,0,0.9828917980689464,0.896269038168028,1.230485879760852,0.3342168415928239,0.7854950369553687,1.512661393142695,False,0,14.527994008491078,0.0,0.4,C_ref,2026-09-18 17:53:32,2026-09-19 00:48:16
pretrained,0,1.0,1.0,27,0,1.071653228999513,0.9149625556956504,1.323346398672421,0.4083838429767705,0.8644524922806367,1.595380139985196,False,0,22.84077422186237,0.0,0.4,C_ref,2026-09-18 17:53:32,2026-09-19 00:48:16
pretrained,0,1.0,1.0,28,0,1.0216554277790582,0.97671726398347,1.2555645552555683,0.2788472912720983,0.7825947923877619,1.5389950199039224,False,0,8.179765840730397,0.0,0.4,C_ref,2026-09-18 17:53:32,2026-09-19 00:48:16
pretrained,0,1.0,1.0,29,0,0.99708712391446,0.9315507145065608,1.2583564057343497,0.3268056912277886,0.800930486299689,1.5446266740531378,False,0,16.835655929327913,0.0,0.4,C_ref,2026-09-18 17:53:32,2026-09-19 00:48:16
pretrained,0,1.0,1.0,30,0,1.1176612166286972,0.9753204788703792,1.356337413530997,0.3810169346606175,0.936318983129899,1.6202220861708132,False,0,27.08409229185781,0.0,0.4,C_ref,2026-09-18 17:53:32,2026-09-19 00:48:16
pretrained,0,1.0,1.0,31,0,1.223393561275106,1.0212674934100328,1.47131490648748,0.4500474130774472,0.9597802116997988,1.7375024173925986,False,0,45.791533273895766,0.0,0.4,C_ref,2026-09-18 17:53:32,2026-09-19 00:48:16
pretrained,0,1.0,1.0,32,0,1.1647246184191404,0.9820517088363282,1.4115916941122384,0.4295399852759102,0.943898190216922,1.6801476487167637,False,0,30.363242119779898,0.0,0.4,C_ref,2026-09-18 17:53:32,2026-09-19 00:48:16
pretrained,0,1.0,1.0,33,0,1.081879257643756,0.9722862733774472,1.3139330203053128,0.3416467469278655,0.9087772650327114,1.5789614528721647,False,0,25.25550466582717,0.0,0.4,C_ref,2026-09-18 17:53:32,2026-09-19 00:48:16
pretrained,0,1.0,1.0,34,0,1.0790028078681102,0.9536407955358808,1.3415876183579185,0.3879468228220377,0.8769052934658282,1.6209959252146735,False,0,19.38524941349533,0.0,0.4,C_ref,2026-09-18 17:53:32,2026-09-19 00:48:16
pretrained,0,1.0,1.0,35,0,1.1296070810081598,0.975131794559203,1.3617802600018345,0.3866484654426315,0.9562374987487549,1.6228864272082175,False,0,30.145821015445108,0.0,0.4,C_ref,2026-09-18 17:53:32,2026-09-19 00:48:16
pretrained,0,1.0,1.0,36,0,1.0351895792262755,0.8187187984520556,1.321337857302792,0.5026190588507364,0.7825290510507354,1.6118454341647654,False,0,15.548908440516245,0.0,0.4,C_ref,2026-09-18 17:53:32,2026-09-19 00:48:16
pretrained,0,1.0,1.0,37,0,1.163397559806485,0.9711749060730538,1.40999897984481,0.4388240737717562,0.9249813273012428,1.6686369712862106,False,0,32.23140028590569,0.0,0.4,C_ref,2026-09-18 17:53:32,2026-09-19 00:48:16
pretrained,0,1.0,1.0,38,0,1.2038861988846623,0.9648000067663636,1.4685025907390443,0.5037025839726811,0.8829278888693749,1.7427383030607564,False,0,30.16396173909743,0.0,0.4,C_ref,2026-09-18 17:53:32,2026-09-19 00:48:16
pretrained,0,1.0,1.0,39,0,1.1646542042176176,1.0000329378858503,1.3899425125541427,0.3899095746682923,0.9498407900429522,1.643903157695807,False,0,42.98761100620322,0.0,0.4,C_ref,2026-09-18 17:53:32,2026-09-19 00:48:16
pretrained,0,1.0,1.0,40,0,1.0913101595633543,0.9392974873790384,1.352486636594446,0.4131891492154076,0.918043480656379,1.632041135257729,False,0,20.930094254159485,0.0,0.4,C_ref,2026-09-18 17:53:32,2026-09-19 00:48:16
pretrained,0,1.0,1.0,41,0,1.1335471863895763,0.9758758023459916,1.3698791984110523,0.3940033960650609,0.9510988003289964,1.6312771055275737,False,0,38.45755993464263,0.0,0.4,C_ref,2026-09-18 17:53:32,2026-09-19 00:48:16
pretrained,0,1.0,1.0,42,0,1.1292020331586023,0.9841915018082036,1.3716226168499417,0.387431115041738,0.9317036113102488,1.6373480239402904,False,0,29.149253785923065,0.0,0.4,C_ref,2026-09-18 17:53:32,2026-09-19 00:48:16
pretrained,0,1.0,1.0,43,0,1.0744558545151297,0.9660911236369952,1.308885116594374,0.3427939929573788,0.947153244293534,1.5775263775971975,False,0,19.615740411431037,0.0,0.4,C_ref,2026-09-18 17:53:32,2026-09-19 00:48:16
pretrained,0,1.0,1.0,44,0,1.119820139677811,0.97177622317653,1.347998644666784,0.3762224214902541,0.9484599736520788,1.6080905724271182,False,0,29.28755303292928,0.0,0.4,C_ref,2026-09-18 17:53:32,2026-09-19 00:48:16
pretrained,0,1.0,1.0,45,0,1.0656313578398524,0.9299170079401666,1.3144993676341463,0.3845823596939797,0.8628764052481939,1.5838088430656434,False,0,30.30784152304841,0.0,0.4,C_ref,2026-09-18 17:53:32,2026-09-19 00:48:16
pretrained,0,1.0,1.0,46,0,1.2547173941876204,1.0284925700764191,1.5048849908554074,0.4763924207789882,0.8869872037100252,1.7681424183993035,False,0,63.81599336185173,0.0,0.4,C_ref,2026-09-18 17:53:32,2026-09-19 00:48:16
pretrained,0,1.0,1.0,47,0,1.176876497813332,0.9837038656076263,1.4265223853129596,0.4428185197053331,0.946868499979352,1.6952402557575967,False,0,33.056489476610295,0.0,0.4,C_ref,2026-09-18 17:53:32,2026-09-19 00:48:16
pretrained,0,1.0,1.0,0,0,2.239141814582811,2.047166477607126,2.2756773319392485,0.2285108543321223,1.6838702853705854,2.758854423845686,False,0,2.668036517832661,0.0,2.5,C_ref,2026-09-18 17:53:32,2026-09-19 00:48:16
pretrained,0,1.0,1.0,1,0,2.1181242803561995,1.995487447378883,2.136634089978008,0.141146642599125,1.783738704985326,3.0166241504345,False,0,0.3121482650167309,0.0,2.5,C_ref,2026-09-18 17:53:32,2026-09-19 00:48:16
pretrained,0,1.0,1.0,2,0,2.520575490023491,2.2377711573450654,2.8112519408784213,0.573480783533356,1.9616998726246575,3.1105618746559864,False,0,0.00515720203839,1.0,2.5,C_ref,2026-09-18 17:53:32,2026-09-19 00:48:16
pretrained,0,1.0,1.0,3,0,2.4933377729011403,2.2261807553847976,2.6897569204315874,0.4635761650467898,1.9572065351298111,2.762120673288708,False,0,0.0004899483137705,1.0,2.5,C_ref,2026-09-18 17:53:32,2026-09-19 00:48:16
pretrained,0,1.0,1.0,4,0,2.495798380718865,2.213544402069425,2.7857508313691417,0.5722064292997162,1.93767497984934,3.084267210633503,False,0,0.0,1.0,2.5,C_ref,2026-09-18 17:53:32,2026-09-19 00:48:16
pretrained,0,1.0,1.0,5,0,2.436411223834807,2.154184134240742,2.7263758161455365,0.5721916819047945,1.8783993751989732,3.024933073366831,False,0,0.0489998086450214,1.0,2.5,C_ref,2026-09-18 17:53:32,2026-09-19 00:48:16
pretrained,0,1.0,1.0,6,0,2.3999012598000795,2.1164780790325866,2.690770216101157,0.5742921370685705,1.8390451497570823,2.9900145417990363,False,0,0.1205530586012173,1.0,2.5,C_ref,2026-09-18 17:53:32,2026-09-19 00:48:16
pretrained,0,1.0,1.0,7,0,2.4500826148674637,2.174542748880323,2.7009936098269884,0.5264508609466656,1.9032618092811693,2.923134195728663,False,0,0.0327481965759943,1.0,2.5,C_ref,2026-09-18 17:53:32,2026-09-19 00:48:16
pretrained,0,1.0,1.0,8,0,2.5223063029839707,2.244062939502422,2.809688537937709,0.5656255984352874,1.883637832299651,3.106559422978209,False,0,0.0061704921390628,1.0,2.5,C_ref,2026-09-18 17:53:32,2026-09-19 00:48:16
pretrained,0,1.0,1.0,9,0,2.470951640892982,2.190350185492475,2.759813106416876,0.5694629209244009,1.9171024099077825,3.057582200605421,False,0,0.0103787499247118,1.0,2.5,C_ref,2026-09-18 17:53:32,2026-09-19 00:48:16
pretrained,0,1.0,1.0,10,0,2.578320400792344,2.297284978718381,2.8679893563558183,0.5707043776374374,2.0241124251594185,3.166854881984056,False,0,0.0759590096968167,1.0,2.5,C_ref,2026-09-18 17:53:32,2026-09-19 00:48:16
pretrained,0,1.0,1.0,11,0,2.45074355638496,2.167339984641487,2.7421940896183896,0.5748541049769025,1.890888569825426,3.042452894605653,False,0,0.0292478064548049,1.0,2.5,C_ref,2026-09-18 17:53:32,2026-09-19 00:48:16
pretrained,0,1.0,1.0,12,0,2.4853803943432773,2.276042419522224,2.5183275969929944,0.2422851774707703,1.9797588408216211,3.110701534262878,False,0,0.0167280218629457,1.0,2.5,C_ref,2026-09-18 17:53:32,2026-09-19 00:48:16
pretrained,0,1.0,1.0,13,0,2.633569918584437,2.3528335751832783,2.923148337410251,0.5703147622269729,2.0802449534975263,3.2220714224060707,False,0,0.2225798572289932,1.0,2.5,C_ref,2026-09-18 17:53:32,2026-09-19 00:48:16
pretrained,0,1.0,1.0,14,0,2.439706951334008,2.158708763629818,2.7284480101641893,0.5697392465343714,1.8841794574102608,3.025807545668195,False,0,0.0445884586188185,1.0,2.5,C_ref,2026-09-18 17:53:32,2026-09-19 00:48:16
pretrained,0,1.0,1.0,15,0,2.5404902049008986,2.2613034663393434,2.8170534460007106,0.5557499796613672,1.9867151179541076,2.9457474651943727,False,0,0.0208024355306406,1.0,2.5,C_ref,2026-09-18 17:53:32,2026-09-19 00:48:16
pretrained,0,1.0,1.0,16,0,2.641798954076551,2.362196579539253,2.9304960516625225,0.5682994721232699,2.0911392000105478,3.2286573354081503,False,0,0.2530988477810751,1.0,2.5,C_ref,2026-09-18 17:53:32,2026-09-19 00:48:16
pretrained,0,1.0,1.0,17,0,2.3273577873437445,2.0454595032900005,2.6167306624863915,0.571271159196391,1.7695929485379571,2.914533884196964,False,0,0.3597859477631573,1.0,2.5,C_ref,2026-09-18 17:53:32,2026-09-19 00:48:16
pretrained,0,1.0,1.0,18,0,2.539230726402744,2.258187715510632,2.8284048570012774,0.5702171414906458,1.984284313893124,3.126406907063582,False,0,0.0190104053581308,1.0,2.5,C_ref,2026-09-18 17:53:32,2026-09-19 00:48:16
pretrained,0,1.0,1.0,19,0,2.484424953004288,2.2044104641263758,2.773038751569533,0.5686282874431576,1.932268104652736,3.0707862656809013,False,0,0.0027565918499021,1.0,2.5,C_ref,2026-09-18 17:53:32,2026-09-19 00:48:16
pretrained,0,1.0,1.0,20,0,2.470684066839129,2.190972895798188,2.759044294933473,0.5680713991352855,1.9191405020015155,3.056626860708369,False,0,0.0106242189140175,1.0,2.5,C_ref,2026-09-18 17:53:32,2026-09-19 00:48:16
pretrained,0,1.0,1.0,21,0,2.2363066597848573,2.107971643333646,2.257231790246582,0.149260146912936,1.8919848323596824,3.115082818117665,False,0,0.3396040812440333,0.0,2.5,C_ref,2026-09-18 17:53:32,2026-09-19 00:48:16
pretrained,0,1.0,1.0,22,0,2.4619783671493747,2.179266499138254,2.7526413218113484,0.5733748226730944,1.9034931969252584,3.0520546153582377,False,0,0.0174960886033659,1.0,2.5,C_ref,2026-09-18 17:53:32,2026-09-19 00:48:16
pretrained,0,1.0,1.0,23,0,2.4053131268166017,2.122897743373104,2.695239605012301,0.5723418616391975,1.8465895196084303,2.993607037208012,False,0,0.1083915548006189,1.0,2.5,C_ref,2026-09-18 17:53:32,2026-09-19 00:48:16
pretrained,0,1.0,1.0,24,0,2.4259013043085083,2.145329824987429,2.71433781247634,0.5690079874889111,1.871410196454552,3.0114589351826204,False,0,0.0672071806948224,1.0,2.5,C_ref,2026-09-18 17:53:32,2026-09-19 00:48:16
pretrained,0,1.0,1.0,25,0,2.295597570430203,2.014397732849929,2.583849638938056,0.5694519060881271,1.7385558213432917,2.880251398071267,False,0,0.506498234335595,1.0,2.5,C_ref,2026-09-18 17:53:32,2026-09-19 00:48:16
pretrained,0,1.0,1.0,26,0,2.3563565926236234,1.9436175839752936,2.642687174493457,0.6990695905181639,1.7184150376367722,2.86377435507186,False,0,0.2527478674855956,1.0,2.5,C_ref,2026-09-18 17:53:32,2026-09-19 00:48:16
pretrained,0,1.0,1.0,27,0,2.3948322935388258,2.1181291601744645,2.677570290308048,0.5594411301335835,1.708910159241781,2.9652077283525875,False,0,0.139895457206876,1.0,2.5,C_ref,2026-09-18 17:53:32,2026-09-19 00:48:16
pretrained,0,1.0,1.0,28,0,2.419306832315387,2.133059404832441,2.7128413059694547,0.5797819011370136,1.8525222396653411,3.0146888930259323,False,0,0.0770223241488565,1.0,2.5,C_ref,2026-09-18 17:53:32,2026-09-19 00:48:16
pretrained,0,1.0,1.0,29,0,2.3837968661050555,2.103578302842868,2.575406060830256,0.4718277579873882,1.8256677148174087,2.939459245461229,False,0,0.1920753833546769,1.0,2.5,C_ref,2026-09-18 17:53:32,2026-09-19 00:48:16
pretrained,0,1.0,1.0,30,0,2.1377836819037865,2.014237918317302,2.158562936411173,0.1443250180938711,1.8018119153444707,3.007572092374758,False,0,0.1940840988609125,0.0,2.5,C_ref,2026-09-18 17:53:32,2026-09-19 00:48:16
pretrained,0,1.0,1.0,31,0,2.519026500959631,2.238579668632429,2.807991309094854,0.569411640462425,1.965892195602856,3.1060784903749545,False,0,0.0044634506921283,1.0,2.5,C_ref,2026-09-18 17:53:32,2026-09-19 00:48:16
pretrained,0,1.0,1.0,32,0,2.5105076634798227,2.2296105661359373,2.7999660225029057,0.5703554563669684,1.9565601296207769,3.098526188093366,False,0,0.0013556351077568,1.0,2.5,C_ref,2026-09-18 17:53:32,2026-09-19 00:48:16
pretrained,0,1.0,1.0,33,0,2.366539373299336,2.084278284100056,2.656487329534785,0.5722090454347302,1.8085008040919128,2.954934540549809,False,0,0.214922884661064,1.0,2.5,C_ref,2026-09-18 17:53:32,2026-09-19 00:48:16
pretrained,0,1.0,1.0,34,0,2.441883609573165,2.160219790690751,2.73158769877174,0.5713679080809886,1.8855672100934588,3.030129311492296,False,0,0.0411476410918112,1.0,2.5,C_ref,2026-09-18 17:53:32,2026-09-19 00:48:16
pretrained,0,1.0,1.0,35,0,2.1509032730470907,2.001857317122372,2.1753125397620505,0.1734552226396783,1.7755509400983915,2.8995959834887337,False,0,1.2068939566233894,0.0,2.5,C_ref,2026-09-18 17:53:32,2026-09-19 00:48:16
pretrained,0,1.0,1.0,36,0,2.5034129739638886,2.223608794136522,2.785780710905554,0.562171916769032,1.9487967321735011,2.964301443367396,False,0,0.0,1.0,2.5,C_ref,2026-09-18 17:53:32,2026-09-19 00:48:16
pretrained,0,1.0,1.0,37,0,2.5369143289144227,2.256368698090493,2.8260008830961025,0.5696321850056094,1.983582260830168,3.124217010534408,False,0,0.0167522012343397,1.0,2.5,C_ref,2026-09-18 17:53:32,2026-09-19 00:48:16
pretrained,0,1.0,1.0,38,0,2.6068399769032458,2.328883502233271,2.8931778833313646,0.5642943810980938,2.0588154782279204,3.1880429045801506,False,0,0.1449389640074514,1.0,2.5,C_ref,2026-09-18 17:53:32,2026-09-19 00:48:16
pretrained,0,1.0,1.0,39,0,2.4069630197840977,2.129403668667283,2.69347288381533,0.5640692151480473,1.86028871533062,2.989470301936464,False,0,0.1076341721454809,1.0,2.5,C_ref,2026-09-18 17:53:32,2026-09-19 00:48:16
pretrained,0,1.0,1.0,40,0,2.496657029474265,2.213716737242424,2.7876560524339915,0.5739393151915677,1.9377071863226183,3.087456075896846,False,0,0.0,1.0,2.5,C_ref,2026-09-18 17:53:32,2026-09-19 00:48:16
pretrained,0,1.0,1.0,41,0,2.414407914376212,2.135799399980898,2.701502470066636,0.5657030700857373,1.8648371684486664,2.99763047638493,False,0,0.0905764677809202,1.0,2.5,C_ref,2026-09-18 17:53:32,2026-09-19 00:48:16
pretrained,0,1.0,1.0,42,0,2.504277119190492,2.222362644267509,2.7944076300939367,0.5720449858264276,1.9477850059898167,3.0934002702596657,False,0,0.0,1.0,2.5,C_ref,2026-09-18 17:53:32,2026-09-19 00:48:16
pretrained,0,1.0,1.0,43,0,2.3739161545641494,2.0931180187643075,2.659337889916189,0.5662198711518815,1.8178362827080343,2.848763227106392,False,0,0.1958555962664832,1.0,2.5,C_ref,2026-09-18 17:53:32,2026-09-19 00:48:16
pretrained,0,1.0,1.0,44,0,2.3787335514226915,2.097637132629798,2.6679696326731714,0.5703325000433734,1.8237428912218605,2.96605444058447,False,0,0.1787612285515933,1.0,2.5,C_ref,2026-09-18 17:53:32,2026-09-19 00:48:16
pretrained,0,1.0,1.0,45,0,2.3521075185710503,2.071261892905937,2.640677410523604,0.5694155176176667,1.714443650108263,2.937813878428774,False,0,0.2662607055717672,1.0,2.5,C_ref,2026-09-18 17:53:32,2026-09-19 00:48:16
pretrained,0,1.0,1.0,46,0,2.5340411747376983,2.2532336230323917,2.8233655781755425,0.5701319551431512,1.9801326390329437,3.121781286414785,False,0,0.0141176812539924,1.0,2.5,C_ref,2026-09-18 17:53:32,2026-09-19 00:48:16
pretrained,0,1.0,1.0,47,0,2.5394188428976547,2.259671364494801,2.827831706505328,0.5681603420105259,1.9879090729184417,3.1255065153296213,False,0,0.0193384483136469,1.0,2.5,C_ref,2026-09-18 17:53:32,2026-09-19 00:48:16
pretrained_e01,0,0.03,0.03,0,0,0.43133948884838524,0.13726986295041044,1.0023448494891203,0.8650749865387098,0.042232199731705354,1.3951562709864713,False,0,0.0029058744112262502,1.0,0.4,C_ref,2026-09-19 01:27:49,2026-09-18 06:48:58
pretrained_e01,0,0.03,0.03,1,0,0.276308987990197,0.10011204087444862,0.986789152297021,0.8866771114225724,0.02809193674225255,1.4261958801514876,False,0,0.0928613679461705,1.0,0.4,C_ref,2026-09-19 01:27:49,2026-09-18 06:48:58
pretrained_e01,0,0.03,0.03,2,0,0.8065814393097192,0.09453671834471404,1.2198441131773103,1.1253073948325962,0.023694414883767553,1.5678125938604115,False,0,0.2046870822487108,1.0,0.4,C_ref,2026-09-19 01:27:49,2026-09-18 06:48:58
pretrained_e01,0,0.03,0.03,3,0,0.8959458407960517,0.10948718607354484,1.2739828216415976,1.1644956355680527,0.02411566736034269,1.6124136069202528,False,0,0.5693572297932405,1.0,0.4,C_ref,2026-09-19 01:27:49,2026-09-18 06:48:58
pretrained_e01,0,0.03,0.03,4,0,0.2753730544989318,0.10189162847377424,1.1061596316845885,1.0042680032108142,0.028755583843412303,1.4711976511462554,False,0,0.10293030081811594,1.0,0.4,C_ref,2026-09-19 01:27:49,2026-09-18 06:48:58
pretrained_e01,0,0.03,0.03,5,0,0.3735078870585845,0.12047445437494309,1.0257855941838623,0.9053111398089192,0.035068513680656034,1.4243336805804971,False,0,0.002086787841108162,1.0,0.4,C_ref,2026-09-19 01:27:49,2026-09-18 06:48:58
pretrained_e01,0,0.03,0.03,6,0,0.3642830652125735,0.12469426159401442,0.9871999896883049,0.8625057280942905,0.037706503709883814,1.3950934225116676,False,0,0.004965894029737683,1.0,0.4,C_ref,2026-09-19 01:27:49,2026-09-18 06:48:58
pretrained_e01,0,0.03,0.03,7,0,0.6944788485507734,0.16525418710485126,1.1350356775193216,0.9697814904144703,0.04750740138961857,1.4928600551548226,False,0,0.17854410568907042,1.0,0.4,C_ref,2026-09-19 01:27:49,2026-09-18 06:48:58
pretrained_e01,0,0.03,0.03,8,0,0.23496573792990347,0.08143366203079058,1.1157465430940614,1.034312881063271,0.0199612776324392,1.5132894577866123,False,0,0.14730677010811632,1.0,0.4,C_ref,2026-09-19 01:27:49,2026-09-18 06:48:58
pretrained_e01,0,0.03,0.03,9,0,0.575268639901478,0.12873876191823136,1.1119593107558334,0.983220548837602,0.03841025694805375,1.4805234295475351,False,0,0.016678675721777836,1.0,0.4,C_ref,2026-09-19 01:27:49,2026-09-18 06:48:58
pretrained_e01,0,0.03,0.03,10,0,0.7342508009441936,0.09508680402959122,1.1866882577247646,1.0916014536951735,0.024803315710965432,1.545600586084184,False,0,0.06937373455366469,1.0,0.4,C_ref,2026-09-19 01:27:49,2026-09-18 06:48:58
pretrained_e01,0,0.03,0.03,11,0,0.7000161251352702,0.12244824512548223,1.1395702732027282,1.017122028077246,0.03239597063031986,1.4996251252275463,False,0,0.5196504119339806,1.0,0.4,C_ref,2026-09-19 01:27:49,2026-09-18 06:48:58
pretrained_e01,0,0.03,0.03,12,0,0.17023926256524738,0.06782014406461723,0.9293064881948571,0.8614863441302398,0.016004414665913843,1.4608369241484427,False,0,0.7777555902030144,1.0,0.4,C_ref,2026-09-19 01:27:49,2026-09-18 06:48:58
pretrained_e01,0,0.03,0.03,13,0,0.7407164189142433,0.09799055976286289,1.201992523625842,1.104001963862979,0.025531030880261124,1.5623051256468832,False,0,0.037107080195710296,1.0,0.4,C_ref,2026-09-19 01:27:49,2026-09-18 06:48:58
pretrained_e01,0,0.03,0.03,14,0,0.25784143418610445,0.09751018860507753,0.8897936985302682,0.7922835099251907,0.027967616846052156,1.3814471041317558,False,0,0.16416424344788538,1.0,0.4,C_ref,2026-09-19 01:27:49,2026-09-18 06:48:58
pretrained_e01,0,0.03,0.03,15,0,0.22923405877383984,0.08171359067801484,1.0541573091819754,0.9724437185039605,0.020319058933484926,1.4900041689249572,False,0,0.1906022713483253,1.0,0.4,C_ref,2026-09-19 01:27:49,2026-09-18 06:48:58
pretrained_e01,0,0.03,0.03,16,0,0.6798539267648525,0.5066540163781541,1.1419045565126336,0.6352505401344795,0.02313033887299952,1.513056713034449,False,0,2.1635912381134403,0.0,0.4,C_ref,2026-09-19 01:27:49,2026-09-18 06:48:58
pretrained_e01,0,0.03,0.03,17,0,0.6334218073571467,0.1980823674187889,1.0699144113680386,0.8718320439492496,0.062402540693344485,1.4295287968758832,False,0,0.18298911911915638,1.0,0.4,C_ref,2026-09-19 01:27:49,2026-09-18 06:48:58
pretrained_e01,0,0.03,0.03,18,0,0.28335590261924376,0.09843251882476406,1.0885185401739654,0.9900860213492013,0.027266665393264295,1.4820602660016058,False,0,0.05859988996598986,1.0,0.4,C_ref,2026-09-19 01:27:49,2026-09-18 06:48:58
pretrained_e01,0,0.03,0.03,19,0,0.7560396153590679,0.09066804397193312,1.1986504001171758,1.1079823561452427,0.023075815457350483,1.5536968999176626,False,0,0.060782572742027696,1.0,0.4,C_ref,2026-09-19 01:27:49,2026-09-18 06:48:58
pretrained_e01,0,0.03,0.03,20,0,0.5764261277303873,0.11894462612861294,1.1036252477623782,0.9846806216337654,0.03441822718993165,1.4750688184590934,False,0,0.017989693264098605,1.0,0.4,C_ref,2026-09-19 01:27:49,2026-09-18 06:48:58
pretrained_e01,0,0.03,0.03,21,0,0.2690293116017965,0.09745235791092265,0.9841542684156469,0.8867019105047242,0.026972245644527378,1.4447092050830097,False,0,0.11267665352352196,1.0,0.4,C_ref,2026-09-19 01:27:49,2026-09-18 06:48:58
pretrained_e01,0,0.03,0.03,22,0,0.49299824431302214,0.12429996460042664,1.1060157991962072,0.9817158345957806,0.0362253732409455,1.4779633647863302,False,0,0.0046250838167907204,1.0,0.4,C_ref,2026-09-19 01:27:49,2026-09-18 06:48:58
pretrained_e01,0,0.03,0.03,23,0,0.37059640333875643,0.12598125321429773,0.9667001879574095,0.8407189347431118,0.03860257636767739,1.3709278748569138,False,0,0.0033240119519177824,1.0,0.4,C_ref,2026-09-19 01:27:49,2026-09-18 06:48:58
pretrained_e01,0,0.03,0.03,24,0,0.27980978116573907,0.10370318440060862,0.9183340480229132,0.8146308636223045,0.02986167306746483,1.3795403736650729,False,0,0.09937244266257039,1.0,0.4,C_ref,2026-09-19 01:27:49,2026-09-18 06:48:58
pretrained_e01,0,0.03,0.03,25,0,0.587452578122135,0.4730730773953172,1.0158682815106705,0.5427952041153534,0.05067753616539012,1.3839676684649378,False,0,1.3890127803970245,0.0,0.4,C_ref,2026-09-19 01:27:49,2026-09-18 06:48:58
pretrained_e01,0,0.03,0.03,26,0,0.56281876601628,0.24794408523538683,0.9689147080307258,0.720970622795339,0.04107059680307371,1.3568561105353087,False,0,0.8284979948330147,1.0,0.4,C_ref,2026-09-19 01:27:49,2026-09-18 06:48:58
pretrained_e01,0,0.03,0.03,27,0,0.526573759575476,0.1301865158510698,1.0330353193076631,0.9028488034565934,0.03981784556325806,1.4147991316539192,False,0,0.2969514694341342,1.0,0.4,C_ref,2026-09-19 01:27:49,2026-09-18 06:48:58
pretrained_e01,0,0.03,0.03,28,0,0.7470928808832495,0.12231726238809174,1.171658369582926,1.0493411071948342,0.032550456785076565,1.5232493053574483,False,0,0.1757518618760514,1.0,0.4,C_ref,2026-09-19 01:27:49,2026-09-18 06:48:58
pretrained_e01,0,0.03,0.03,29,0,0.6806323118362338,0.11134162920448352,1.15224080989442,1.0408991806899364,0.029500693739889557,1.5136423742067133,False,0,0.04933926587909809,1.0,0.4,C_ref,2026-09-19 01:27:49,2026-09-18 06:48:58
pretrained_e01,0,0.03,0.03,30,0,0.2936934540456901,0.11617016373695203,0.7573449068366658,0.6411747430997138,0.03689670996118288,1.2239324854483122,False,0,0.10108933176888968,1.0,0.4,C_ref,2026-09-19 01:27:49,2026-09-18 06:48:58
pretrained_e01,0,0.03,0.03,31,0,0.797507638580005,0.11703962091921472,1.2065056029275611,1.0894659820083463,0.02458952125591432,1.561701941794067,False,0,0.40367689861523104,1.0,0.4,C_ref,2026-09-19 01:27:49,2026-09-18 06:48:58
pretrained_e01,0,0.03,0.03,32,0,0.27786854040572084,0.09944411049903362,0.9671863965891719,0.8677422860901383,0.027834491795087672,1.4077593271685676,False,0,0.08745720656952471,1.0,0.4,C_ref,2026-09-19 01:27:49,2026-09-18 06:48:58
pretrained_e01,0,0.03,0.03,33,0,0.585547472123596,0.16156481276223014,1.070228673326323,0.908663860564093,0.04994606093223169,1.4385827738774366,False,0,0.07465588351260521,1.0,0.4,C_ref,2026-09-19 01:27:49,2026-09-18 06:48:58
pretrained_e01,0,0.03,0.03,34,0,0.5203512875887794,0.13725342713670624,1.0373521617359396,0.9000987345992333,0.03184785529753756,1.4332169256728973,False,0,0.317682432669244,1.0,0.4,C_ref,2026-09-19 01:27:49,2026-09-18 06:48:58
pretrained_e01,0,0.03,0.03,35,0,0.3564342821504255,0.12549427951984968,0.9842833245455155,0.8587890450256658,0.03848709872702832,1.3947611661722847,False,0,0.008213053082727129,1.0,0.4,C_ref,2026-09-19 01:27:49,2026-09-18 06:48:58
pretrained_e01,0,0.03,0.03,36,0,0.22550629981632878,0.0811370865450523,1.0328671592146892,0.9517300726696369,0.020289133643195352,1.4748778588401128,False,0,0.2203667543726624,1.0,0.4,C_ref,2026-09-19 01:27:49,2026-09-18 06:48:58
pretrained_e01,0,0.03,0.03,37,0,0.2917199727716089,0.09475839414010892,1.1671189675705191,1.0723605734304102,0.024649392997407538,1.5376637332642615,False,0,0.034075651252351236,1.0,0.4,C_ref,2026-09-19 01:27:49,2026-09-18 06:48:58
pretrained_e01,0,0.03,0.03,38,0,0.2300890334842758,0.08331697195828358,0.9910381803711348,0.9077212084128512,0.021248101926933893,1.4597772646488523,False,0,0.2226996469835285,1.0,0.4,C_ref,2026-09-19 01:27:49,2026-09-18 06:48:58
pretrained_e01,0,0.03,0.03,39,0,0.3065309362098351,0.11003604437926634,0.9311555726751356,0.8211195282958692,0.03225176854059196,1.3740484580042047,False,0,0.04783668083473458,1.0,0.4,C_ref,2026-09-19 01:27:49,2026-09-18 06:48:58
pretrained_e01,0,0.03,0.03,40,0,0.28653221286147984,0.09766651680154588,1.1186300474204556,1.0209635306189098,0.0265679614519335,1.5014421478318132,False,0,0.04682250709447544,1.0,0.4,C_ref,2026-09-19 01:27:49,2026-09-18 06:48:58
pretrained_e01,0,0.03,0.03,41,0,0.7003806659918755,0.5241357331639342,1.103941073776296,0.5798053406123618,0.04900184092566454,1.4555836429852058,False,0,1.5539971057150979,0.0,0.4,C_ref,2026-09-19 01:27:49,2026-09-18 06:48:58
pretrained_e01,0,0.03,0.03,42,0,0.3133258494914948,0.10498246281896846,1.091272773519052,0.9862903107000834,0.029149548236670354,1.4761351184365668,False,0,0.02475950053849374,1.0,0.4,C_ref,2026-09-19 01:27:49,2026-09-18 06:48:58
pretrained_e01,0,0.03,0.03,43,0,0.4655005274097242,0.15287666024321056,0.9949574661273782,0.8420808058841677,0.04888734749407163,1.3808605665885951,False,0,0.014486428619420622,1.0,0.4,C_ref,2026-09-19 01:27:49,2026-09-18 06:48:58
pretrained_e01,0,0.03,0.03,44,0,0.6573652654149187,0.1819591729899257,1.1009315871460896,0.9189724141561639,0.05314174338029659,1.4631758822310794,False,0,0.17754739972951938,1.0,0.4,C_ref,2026-09-19 01:27:49,2026-09-18 06:48:58
pretrained_e01,0,0.03,0.03,45,0,0.3972618581377034,0.14344823217961936,0.920884892817775,0.7774366606381556,0.045729853482725014,1.3325463781895621,False,0,0.0,1.0,0.4,C_ref,2026-09-19 01:27:49,2026-09-18 06:48:58
pretrained_e01,0,0.03,0.03,46,0,0.7636719145126261,0.1469980492988463,1.1719851305280193,1.024987081229173,0.037557121465582495,1.519911974905059,False,0,0.2842880572025024,1.0,0.4,C_ref,2026-09-19 01:27:49,2026-09-18 06:48:58
pretrained_e01,0,0.03,0.03,47,0,0.5791584279070124,0.11375431965772557,1.0833271180097162,0.9695727983519906,0.03377425791114591,1.4583277254068567,False,0,0.49119680326475645,1.0,0.4,C_ref,2026-09-19 01:27:49,2026-09-18 06:48:58
pretrained_e01,0,0.03,0.03,0,0,2.2311071243041503,1.914436662338245,2.549347501605598,0.634910839267353,1.593529079504303,2.8721302783942524,False,0,0.7151442968133779,1.0,2.5,C_ref,2026-09-19 01:27:49,2026-09-18 06:48:58
pretrained_e01,0,0.03,0.03,1,0,2.31663220065126,2.002496054926695,2.633331594809288,0.6308355398825931,1.6863585874771194,2.955121909337196,False,0,0.3369298899488058,1.0,2.5,C_ref,2026-09-19 01:27:49,2026-09-18 06:48:58
pretrained_e01,0,0.03,0.03,2,0,2.3964334879753966,2.0889401533997427,2.7081434556350374,0.6192033022352947,1.7824197737097702,3.025976709252143,False,0,0.11150612628262024,1.0,2.5,C_ref,2026-09-19 01:27:49,2026-09-18 06:48:58
pretrained_e01,0,0.03,0.03,3,0,2.439269361924334,2.132660693653129,2.7505455561639067,0.6178848625107776,1.8277669740150808,3.0681881732137106,False,0,0.03860418161275447,1.0,2.5,C_ref,2026-09-19 01:27:49,2026-09-18 06:48:58
pretrained_e01,0,0.03,0.03,4,0,2.3254704107990443,2.0165420988347,2.6373383645308297,0.6207962656961299,1.706187048656454,2.954544737965211,False,0,0.314932082186715,1.0,2.5,C_ref,2026-09-19 01:27:49,2026-09-18 06:48:58
pretrained_e01,0,0.03,0.03,5,0,2.285516246039662,1.9703795803496555,2.6026103563661827,0.6322307760165271,1.6521724676708367,2.9244297660103933,False,0,0.45909414399648085,1.0,2.5,C_ref,2026-09-19 01:27:49,2026-09-18 06:48:58
pretrained_e01,0,0.03,0.03,6,0,2.2412975478019135,1.9262920786330888,2.557973036578835,0.6316809579457463,1.6073879081308393,2.879257923550539,False,0,0.6686901717621367,1.0,2.5,C_ref,2026-09-19 01:27:49,2026-09-18 06:48:58
pretrained_e01,0,0.03,0.03,7,0,2.3192861723817875,2.0081820268658546,2.6336215001625765,0.6254394732967219,1.6962382117097252,2.9535183516836696,False,0,0.33252159475159715,1.0,2.5,C_ref,2026-09-19 01:27:49,2026-09-18 06:48:58
pretrained_e01,0,0.03,0.03,8,0,2.3657348511366676,2.0556115034166047,2.679343097454227,0.6237315940376225,1.7450463603698771,2.998561780424667,False,0,0.18471152761412668,1.0,2.5,C_ref,2026-09-19 01:27:49,2026-09-18 06:48:58
pretrained_e01,0,0.03,0.03,9,0,2.32332667111601,2.0131073241681454,2.6366666855169014,0.623559361348756,1.7018079538944648,2.9554741951328767,False,0,0.31978550356143387,1.0,2.5,C_ref,2026-09-19 01:27:49,2026-09-18 06:48:58
pretrained_e01,0,0.03,0.03,10,0,2.411814561013297,2.1016166289954983,2.7259271974009063,0.624310568405408,1.7919090976945802,3.045998085415625,False,0,0.0796705792308785,1.0,2.5,C_ref,2026-09-19 01:27:49,2026-09-18 06:48:58
pretrained_e01,0,0.03,0.03,11,0,2.3068264679601045,1.9936308059251868,2.6228815264071477,0.6292507204819608,1.6789324409325144,2.9442123707001007,False,0,0.3754398538112582,1.0,2.5,C_ref,2026-09-19 01:27:49,2026-09-18 06:48:58
pretrained_e01,0,0.03,0.03,12,0,2.4403123009471455,2.12689879748315,2.7574008013176794,0.6305020038345295,1.8135207786194862,3.080282125785314,False,0,0.03585508597097942,1.0,2.5,C_ref,2026-09-19 01:27:49,2026-09-18 06:48:58
pretrained_e01,0,0.03,0.03,13,0,2.4232034285451207,2.1120536902190516,2.7383392472426515,0.6262855570235999,1.8014751935469524,3.0594310389153017,False,0,0.05999582743970677,1.0,2.5,C_ref,2026-09-19 01:27:49,2026-09-18 06:48:58
pretrained_e01,0,0.03,0.03,14,0,0.0,,0.004461777695888645,,,0.024048142175651464,True,0,0.8572909277645522,,2.5,C_ref,2026-09-19 01:27:49,2026-09-18 06:48:58
pretrained_e01,0,0.03,0.03,15,0,2.4119260159734113,2.101617470358021,2.72596330229545,0.6243458319374291,1.7914138190903248,3.0458635164505483,False,0,0.07947926807173644,1.0,2.5,C_ref,2026-09-19 01:27:49,2026-09-18 06:48:58
pretrained_e01,0,0.03,0.03,16,0,2.4382515422878255,2.1256718393948226,2.7544082169822914,0.6287363775874688,1.81300340258451,3.076278510826389,False,0,0.03855832013505278,1.0,2.5,C_ref,2026-09-19 01:27:49,2026-09-18 06:48:58
pretrained_e01,0,0.03,0.03,17,0,2.1944605192723836,1.880927532281321,2.509685506831054,0.6287579745497331,1.5635715938143193,2.8294690542977645,False,0,0.9398035956328386,1.0,2.5,C_ref,2026-09-19 01:27:49,2026-09-18 06:48:58
pretrained_e01,0,0.03,0.03,18,0,2.3686643690590548,2.059560914572505,2.681310548904966,0.6217496343324607,1.7502570093080145,2.999676707026367,False,0,0.1779988729467732,1.0,2.5,C_ref,2026-09-19 01:27:49,2026-09-18 06:48:58
pretrained_e01,0,0.03,0.03,19,0,2.374921604676001,2.065416116341339,2.6880328307843713,0.6226167144430321,1.755843633482369,3.006801988509178,False,0,0.16080482707184274,1.0,2.5,C_ref,2026-09-19 01:27:49,2026-09-18 06:48:58
pretrained_e01,0,0.03,0.03,20,0,2.295829267976181,1.9837138141433734,2.6107373078198868,0.6270234936765133,1.6698405736939832,2.9308544156754097,False,0,0.4222734411378042,1.0,2.5,C_ref,2026-09-19 01:27:49,2026-09-18 06:48:58
pretrained_e01,0,0.03,0.03,21,0,2.3990128799827835,2.0854201743419045,2.715694872040843,0.6302746976989386,1.7707685315454924,3.0378225502369873,False,0,0.1026098998299858,1.0,2.5,C_ref,2026-09-19 01:27:49,2026-09-18 06:48:58
pretrained_e01,0,0.03,0.03,22,0,2.311455510488618,1.999258316648829,2.6265020795363165,0.6272437628874876,1.6856261151081422,2.9468658355465136,False,0,0.3600678113216418,1.0,2.5,C_ref,2026-09-19 01:27:49,2026-09-18 06:48:58
pretrained_e01,0,0.03,0.03,23,0,2.232241222336718,1.9183487497992637,2.5478575256786677,0.629508775879404,1.6006743814571933,2.8681342155683054,False,0,0.720900952055672,1.0,2.5,C_ref,2026-09-19 01:27:49,2026-09-18 06:48:58
pretrained_e01,0,0.03,0.03,24,0,0.0,,0.004707216806411706,,,0.025797165585574836,True,0,0.5214098563264997,,2.5,C_ref,2026-09-19 01:27:49,2026-09-18 06:48:58
pretrained_e01,0,0.03,0.03,25,0,2.162555980301853,1.8497637096476849,2.476413946743558,0.6266502370958733,1.5319413041594896,2.794582482254919,False,0,1.154713759187871,0.0,2.5,C_ref,2026-09-19 01:27:49,2026-09-18 06:48:58
pretrained_e01,0,0.03,0.03,26,0,2.2100593888109183,1.8921532414077127,2.528864932454649,0.6367116910469364,1.5688414962460449,2.851812030176001,False,0,0.8277956549354712,1.0,2.5,C_ref,2026-09-19 01:27:49,2026-09-18 06:48:58
pretrained_e01,0,0.03,0.03,27,0,2.2704506597015706,1.9585290039862415,2.5847337369065415,0.6262047329203,1.644171804416337,2.9040701292904703,False,0,0.5352273708049324,1.0,2.5,C_ref,2026-09-19 01:27:49,2026-09-18 06:48:58
pretrained_e01,0,0.03,0.03,28,0,2.345251571840499,2.0356158567080023,2.6585750788189717,0.6229592221109694,1.7258814134263658,2.977660392946782,False,0,0.24567221485631308,1.0,2.5,C_ref,2026-09-19 01:27:49,2026-09-18 06:48:58
pretrained_e01,0,0.03,0.03,29,0,2.3197847489096506,2.008809831433327,2.633918302918457,0.62510847148513,1.6968851313543862,2.9535883444032063,False,0,0.33110283213318326,1.0,2.5,C_ref,2026-09-19 01:27:49,2026-09-18 06:48:58
pretrained_e01,0,0.03,0.03,30,0,0.0,,0.005440315989452505,,,0.030337697986314048,True,0,3.776296409945644,,2.5,C_ref,2026-09-19 01:27:49,2026-09-18 06:48:58
pretrained_e01,0,0.03,0.03,31,0,2.387589354223212,2.076669022675656,2.7022441160953394,0.6255750934196835,1.7658750984103588,3.022702243421422,False,0,0.12882605330014485,1.0,2.5,C_ref,2026-09-19 01:27:49,2026-09-18 06:48:58
pretrained_e01,0,0.03,0.03,32,0,2.320558921796924,2.007653963906446,2.6361629202700163,0.6285089563635702,1.6928491337572333,2.9570380451684017,False,0,0.3250753679203626,1.0,2.5,C_ref,2026-09-19 01:27:49,2026-09-18 06:48:58
pretrained_e01,0,0.03,0.03,33,0,2.229019178435719,1.9147896685793018,2.545245212916374,0.6304555443370721,1.5972137735195264,2.8663290802339434,False,0,0.7354544721492857,1.0,2.5,C_ref,2026-09-19 01:27:49,2026-09-18 06:48:58
pretrained_e01,0,0.03,0.03,34,0,2.27041474325438,1.9549330001332588,2.58781749498085,0.6328844948475911,1.6360011721625225,2.910005313533141,False,0,0.5248451130864851,1.0,2.5,C_ref,2026-09-19 01:27:49,2026-09-18 06:48:58
pretrained_e01,0,0.03,0.03,35,0,2.2481812272803054,1.9344596510113552,2.5638524877845397,0.6293928367731845,1.6173583669053968,2.8843280792702943,False,0,0.6377901279520302,1.0,2.5,C_ref,2026-09-19 01:27:49,2026-09-18 06:48:58
pretrained_e01,0,0.03,0.03,36,0,2.4080121734593756,2.0988442479118996,2.721192325768191,0.6223480778562913,1.7902922589557126,3.0403617460857704,False,0,0.08721475770289544,1.0,2.5,C_ref,2026-09-19 01:27:49,2026-09-18 06:48:58
pretrained_e01,0,0.03,0.03,37,0,2.411211100563277,2.1008016185501455,2.725270427737064,0.6244688091869186,1.7905052094618235,3.0451159392894285,False,0,0.0807673546296428,1.0,2.5,C_ref,2026-09-19 01:27:49,2026-09-18 06:48:58
pretrained_e01,0,0.03,0.03,38,0,2.4250432982385477,2.1149357025485322,2.739096317561364,0.6241606150128316,1.8053085145040026,3.0590070384054804,False,0,0.05740771527780453,1.0,2.5,C_ref,2026-09-19 01:27:49,2026-09-18 06:48:58
pretrained_e01,0,0.03,0.03,39,0,0.0,,0.004892970864615808,,,0.02714759805949742,True,0,0.7783608047939197,,2.5,C_ref,2026-09-19 01:27:49,2026-09-18 06:48:58
pretrained_e01,0,0.03,0.03,40,0,2.369049971092433,2.059302305264951,2.682605494259009,0.6233031889940581,1.7497496126399465,3.0020959603659128,False,0,0.17600140760623617,1.0,2.5,C_ref,2026-09-19 01:27:49,2026-09-18 06:48:58
pretrained_e01,0,0.03,0.03,41,0,2.246776291313767,1.9348602978115537,2.56151423203456,0.6266539342230062,1.6211595567250108,2.8815327574767493,False,0,0.6489986348096863,1.0,2.5,C_ref,2026-09-19 01:27:49,2026-09-18 06:48:58
pretrained_e01,0,0.03,0.03,42,0,2.358873340390926,2.0486089091173603,2.67255572002274,0.6239468109053798,1.7378951240981557,2.99189383383483,False,0,0.20403709608581266,1.0,2.5,C_ref,2026-09-19 01:27:49,2026-09-18 06:48:58
pretrained_e01,0,0.03,0.03,43,0,2.208545619954998,1.8936479953832772,2.524898035618854,0.6312500402355767,1.5743757638320648,2.84578298499692,False,0,0.849348518615443,1.0,2.5,C_ref,2026-09-19 01:27:49,2026-09-18 06:48:58
pretrained_e01,0,0.03,0.03,44,0,2.2545504297776993,1.9390766793234206,2.5721857728158057,0.6331090934923851,1.6208117531717983,2.8946721357910707,False,0,0.5986584337333625,1.0,2.5,C_ref,2026-09-19 01:27:49,2026-09-18 06:48:58
pretrained_e01,0,0.03,0.03,45,0,2.173174272944804,1.8543961531861983,2.4922291629880275,0.6378330098018292,1.5288700077673871,2.8150766607213566,False,0,1.04889980378357,0.0,2.5,C_ref,2026-09-19 01:27:49,2026-09-18 06:48:58
pretrained_e01,0,0.03,0.03,46,0,2.3147602350462617,2.0054969023143117,2.627471244930476,0.6219743426161641,1.695759974622683,2.945801504874745,False,0,0.35288236134510953,1.0,2.5,C_ref,2026-09-19 01:27:49,2026-09-18 06:48:58
pretrained_e01,0,0.03,0.03,47,0,2.329225488787083,2.018192608350314,2.643188625707973,0.6249960173576588,1.705779594765585,2.9625366138391755,False,0,0.2976901022484526,1.0,2.5,C_ref,2026-09-19 01:27:49,2026-09-18 06:48:58
pretrained_e01,0,1.0,1.0,0,0,0.38892359401614784,0.1462133675156868,1.006077676084059,0.8598643085683723,0.04991927247817862,1.3947747947611717,False,0,0.0005913284367125016,1.0,0.4,C_ref,2026-09-19 02:00:58,2026-09-19 00:48:16
pretrained_e01,0,1.0,1.0,1,0,0.26759342488785,0.10483549198798853,1.0082796567003387,0.9034441647123501,0.03214533115565156,1.4443940627185947,False,0,0.14134519537401502,1.0,0.4,C_ref,2026-09-19 02:00:58,2026-09-19 00:48:16
pretrained_e01,0,1.0,1.0,2,0,0.2508253932604257,0.09712417081082492,1.0745597494708512,0.9774355786600263,0.02861139141869443,1.4953747771458326,False,0,0.18370116006553872,1.0,0.4,C_ref,2026-09-19 02:00:58,2026-09-19 00:48:16
pretrained_e01,0,1.0,1.0,3,0,0.26751600312294316,0.09958961412901995,1.1548600376321927,1.0552704235031727,0.02893873274467578,1.5297188202674181,False,0,0.10691496224535513,1.0,0.4,C_ref,2026-09-19 02:00:58,2026-09-19 00:48:16
pretrained_e01,0,1.0,1.0,4,0,0.275050832485917,0.10823418658989827,1.0791584695521108,0.9709242829622126,0.034411428391325286,1.4739099782629042,False,0,0.11293522746564122,1.0,0.4,C_ref,2026-09-19 02:00:58,2026-09-19 00:48:16
pretrained_e01,0,1.0,1.0,5,0,0.3763527748462479,0.13818033331308618,1.0388040304363209,0.9006236971232346,0.045839256396426796,1.4235540733618697,False,0,0.002381135185714811,1.0,0.4,C_ref,2026-09-19 02:00:58,2026-09-19 00:48:16
pretrained_e01,0,1.0,1.0,6,0,0.3798419466298935,0.1396844841979993,1.0431707127334127,0.9034862285354134,0.04689405938147676,1.426019241607654,False,0,0.0017546178096381482,1.0,0.4,C_ref,2026-09-19 02:00:58,2026-09-19 00:48:16
pretrained_e01,0,1.0,1.0,7,0,0.7120053060851798,0.15984494530143056,1.1512361653757412,0.9913912200743107,0.051148832715558784,1.4952665064407538,False,0,0.1191164628653496,1.0,0.4,C_ref,2026-09-19 02:00:58,2026-09-19 00:48:16
pretrained_e01,0,1.0,1.0,8,0,0.24112397663595733,0.09557830388544694,0.9212534122590601,0.8256751083736131,0.02831038911711333,1.4363019392175187,False,0,0.2557620091320132,1.0,0.4,C_ref,2026-09-19 02:00:58,2026-09-19 00:48:16
pretrained_e01,0,1.0,1.0,9,0,0.3838240715478954,0.13367191311699236,1.119182027633062,0.9855101145160696,0.04395783877661829,1.47594026154624,False,0,0.0006673271855106577,1.0,0.4,C_ref,2026-09-19 02:00:58,2026-09-19 00:48:16
pretrained_e01,0,1.0,1.0,10,0,0.2895993611472331,0.10439176416162424,1.2241547782057314,1.119763014044107,0.03035405382765536,1.5634142201862802,False,0,0.05099918497217004,1.0,0.4,C_ref,2026-09-19 02:00:58,2026-09-19 00:48:16
pretrained_e01,0,1.0,1.0,11,0,0.5436648683973728,0.15190862728703247,1.0987184487599368,0.9468098214729044,0.04903522402524685,1.4607709627523762,False,0,0.026014098944870057,1.0,0.4,C_ref,2026-09-19 02:00:58,2026-09-19 00:48:16
pretrained_e01,0,1.0,1.0,12,0,0.24535691435161863,0.09303011660027313,1.0932100045973026,1.0001798879970294,0.02641296047960541,1.506463047620065,False,0,0.1885685431334423,1.0,0.4,C_ref,2026-09-19 02:00:58,2026-09-19 00:48:16
pretrained_e01,0,1.0,1.0,13,0,0.25189979972009047,0.09405348433130484,1.191690026148483,1.0976365418171783,0.02671141552607708,1.552737440197984,False,0,0.1433651603074395,1.0,0.4,C_ref,2026-09-19 02:00:58,2026-09-19 00:48:16
pretrained_e01,0,1.0,1.0,14,0,0.2612971993218186,0.10450065450017972,0.9987041910700839,0.8942035365699041,0.03287802985695336,1.4383631948807205,False,0,0.1682643210151582,1.0,0.4,C_ref,2026-09-19 02:00:58,2026-09-19 00:48:16
pretrained_e01,0,1.0,1.0,15,0,0.2723839694816283,0.10127200820438201,1.2076128853495174,1.1063408771451353,0.029593014619488673,1.5589389298322567,False,0,0.0905908243257727,1.0,0.4,C_ref,2026-09-19 02:00:58,2026-09-19 00:48:16
pretrained_e01,0,1.0,1.0,16,0,0.8907079417243179,0.09727771758885875,1.2777157829414665,1.1804380653526076,0.02674255015989282,1.6104336423966064,False,0,0.19136046028506826,1.0,0.4,C_ref,2026-09-19 02:00:58,2026-09-19 00:48:16
pretrained_e01,0,1.0,1.0,17,0,0.45105506183131017,0.16554948563503055,1.0052391217037973,0.8396896360687667,0.058692153846725666,1.3789374631815075,False,0,0.01049627617248916,1.0,0.4,C_ref,2026-09-19 02:00:58,2026-09-19 00:48:16
pretrained_e01,0,1.0,1.0,18,0,0.32484105239506605,0.11744133917221271,1.1616393681329094,1.0441980289606967,0.03665499838109487,1.519069831344268,False,0,0.02166673933606944,1.0,0.4,C_ref,2026-09-19 02:00:58,2026-09-19 00:48:16
pretrained_e01,0,1.0,1.0,19,0,0.30691529082681424,0.11419179000328211,1.0964036222100972,0.9822118322068152,0.03535981508553059,1.478078359912108,False,0,0.04516557336683036,1.0,0.4,C_ref,2026-09-19 02:00:58,2026-09-19 00:48:16
pretrained_e01,0,1.0,1.0,20,0,0.3407010821921478,0.12959379008807845,1.008966290691532,0.8793725006034535,0.042610734656008994,1.413355307356192,False,0,0.019695324612257537,1.0,0.4,C_ref,2026-09-19 02:00:58,2026-09-19 00:48:16
pretrained_e01,0,1.0,1.0,21,0,0.2360413560393134,0.09182397293201909,1.0683803310349531,0.9765563581029341,0.026650047179094923,1.501302979472889,False,0,0.2464194193125877,1.0,0.4,C_ref,2026-09-19 02:00:58,2026-09-19 00:48:16
pretrained_e01,0,1.0,1.0,22,0,0.614389977567513,0.13533240711026978,1.128006114534143,0.9926737074238732,0.04293588162076617,1.4795024999777524,False,0,0.010395487362984568,1.0,0.4,C_ref,2026-09-19 02:00:58,2026-09-19 00:48:16
pretrained_e01,0,1.0,1.0,23,0,0.6221266824634224,0.13586633660709405,1.130121027295659,0.994254690688565,0.04337296671916893,1.4793061107703638,False,0,0.012400639974657679,1.0,0.4,C_ref,2026-09-19 02:00:58,2026-09-19 00:48:16
pretrained_e01,0,1.0,1.0,24,0,0.3468113867526956,0.12973193294811583,1.0959714445420234,0.9662395115939076,0.042986084296129164,1.4660919932702245,False,0,0.012661670123634394,1.0,0.4,C_ref,2026-09-19 02:00:58,2026-09-19 00:48:16
pretrained_e01,0,1.0,1.0,25,0,0.46478851478192656,0.17380644226240258,0.9883858594567546,0.814579417194352,0.0628157166343585,1.3611762665999014,False,0,0.018528175809478853,1.0,0.4,C_ref,2026-09-19 02:00:58,2026-09-19 00:48:16
pretrained_e01,0,1.0,1.0,26,0,0.35117724240927334,0.13356497557776179,1.0077649175754961,0.8741999419977343,0.04460416036654468,1.4033963140014392,False,0,0.012705660497886129,1.0,0.4,C_ref,2026-09-19 02:00:58,2026-09-19 00:48:16
pretrained_e01,0,1.0,1.0,27,0,0.33886338489604106,0.12750163221524133,1.0418616711696427,0.9143600389544013,0.04182863052213889,1.4279808998826855,False,0,0.018612216463225195,1.0,0.4,C_ref,2026-09-19 02:00:58,2026-09-19 00:48:16
pretrained_e01,0,1.0,1.0,28,0,0.38935728608741765,0.13192253665150158,1.1106648548314069,0.9787423181799053,0.042260062741873765,1.4725009592305909,False,0,0.00029457312484737486,1.0,0.4,C_ref,2026-09-19 02:00:58,2026-09-19 00:48:16
pretrained_e01,0,1.0,1.0,29,0,0.3439811927454348,0.12659469067809592,1.0509201590781097,0.9243254684000137,0.0405942280910349,1.4342893363876978,False,0,0.014003900152602,1.0,0.4,C_ref,2026-09-19 02:00:58,2026-09-19 00:48:16
pretrained_e01,0,1.0,1.0,30,0,0.390214578653317,0.14079173860061797,1.0607704895790815,0.9199787509784635,0.047701867209797896,1.4307883207086194,False,0,0.0003564267244655639,1.0,0.4,C_ref,2026-09-19 02:00:58,2026-09-19 00:48:16
pretrained_e01,0,1.0,1.0,31,0,0.2889800704386504,0.1063832891093896,1.1446538904198316,1.038270601310442,0.03169858226449715,1.5112300480891714,False,0,0.06201276390493149,1.0,0.4,C_ref,2026-09-19 02:00:58,2026-09-19 00:48:16
pretrained_e01,0,1.0,1.0,32,0,0.3547292073997565,0.12536968120303393,1.1482349345805134,1.0228652533774794,0.03963944284439235,1.5028961716799414,False,0,0.006285308143560542,1.0,0.4,C_ref,2026-09-19 02:00:58,2026-09-19 00:48:16
pretrained_e01,0,1.0,1.0,33,0,0.46238195977411445,0.15654714241343112,1.0531686772131592,0.8966215347997281,0.05347249347536101,1.4192434683079889,False,0,0.010449518780660583,1.0,0.4,C_ref,2026-09-19 02:00:58,2026-09-19 00:48:16
pretrained_e01,0,1.0,1.0,34,0,0.333593760835058,0.1273262061076577,1.0329244416817278,0.9055982355740702,0.04161451684716751,1.429782532251596,False,0,0.024307023828441743,1.0,0.4,C_ref,2026-09-19 02:00:58,2026-09-19 00:48:16
pretrained_e01,0,1.0,1.0,35,0,0.314058805137052,0.12400515513217311,0.9792241628860584,0.8552190077538853,0.040696879598324624,1.4041382782001126,False,0,0.05152573156374274,1.0,0.4,C_ref,2026-09-19 02:00:58,2026-09-19 00:48:16
pretrained_e01,0,1.0,1.0,36,0,0.25302522830034696,0.09830134661511053,1.0918902690930001,0.9935889224778895,0.029268057511847318,1.4953111561454724,False,0,0.1720359261635167,1.0,0.4,C_ref,2026-09-19 02:00:58,2026-09-19 00:48:16
pretrained_e01,0,1.0,1.0,37,0,0.28070682980977957,0.10405425418470544,1.1336561128202896,1.0296018586355842,0.03073173017725884,1.5072822482558683,False,0,0.07817776483716443,1.0,0.4,C_ref,2026-09-19 02:00:58,2026-09-19 00:48:16
pretrained_e01,0,1.0,1.0,38,0,0.24602611728122348,0.09370620252594702,1.1779646121589054,1.0842584096329584,0.0271970657326589,1.5451060213485632,False,0,0.17108400116558187,1.0,0.4,C_ref,2026-09-19 02:00:58,2026-09-19 00:48:16
pretrained_e01,0,1.0,1.0,39,0,0.2702359149719891,0.10923458241107174,0.9536983472878727,0.844463764876801,0.0353445984081357,1.4108147369549888,False,0,0.1505637176669552,1.0,0.4,C_ref,2026-09-19 02:00:58,2026-09-19 00:48:16
pretrained_e01,0,1.0,1.0,40,0,0.2976872022276874,0.11024577687125928,1.126361725652975,1.0161159487817157,0.03371186205082582,1.4970803943159148,False,0,0.05318851588526741,1.0,0.4,C_ref,2026-09-19 02:00:58,2026-09-19 00:48:16
pretrained_e01,0,1.0,1.0,41,0,0.4035056320579334,0.15199410557075774,0.9573594314572996,0.8053653258865419,0.0524074147312251,1.346498429231226,False,0,0.0,1.0,0.4,C_ref,2026-09-19 02:00:58,2026-09-19 00:48:16
pretrained_e01,0,1.0,1.0,42,0,0.30699796952044844,0.11253094353640469,1.1157413585789089,1.003210415042504,0.034477033703581655,1.4883931353618376,False,0,0.040705823768803384,1.0,0.4,C_ref,2026-09-19 02:00:58,2026-09-19 00:48:16
pretrained_e01,0,1.0,1.0,43,0,0.49678430780277905,0.1581055841296803,1.0602721874838192,0.9021666033541389,0.05380783226181093,1.419435130990726,False,0,0.01956926562343142,1.0,0.4,C_ref,2026-09-19 02:00:58,2026-09-19 00:48:16
pretrained_e01,0,1.0,1.0,44,0,0.4386982488301823,0.15587790256028505,1.0184896385302762,0.8626117359699912,0.05331918668830306,1.394244595941695,False,0,0.005363053373002913,1.0,0.4,C_ref,2026-09-19 02:00:58,2026-09-19 00:48:16
pretrained_e01,0,1.0,1.0,45,0,0.42507948444448806,0.16019645376058034,0.9755403189087353,0.8153438651481549,0.05649456984728839,1.3584453281047735,False,0,0.0028961138159502298,1.0,0.4,C_ref,2026-09-19 02:00:58,2026-09-19 00:48:16
pretrained_e01,0,1.0,1.0,46,0,0.3415517435298933,0.12728741917963668,1.0525275831049223,0.9252401639252856,0.041125866660042074,1.437480817174422,False,0,0.016484150048199808,1.0,0.4,C_ref,2026-09-19 02:00:58,2026-09-19 00:48:16
pretrained_e01,0,1.0,1.0,47,0,0.28614037037825946,0.10714562079659945,1.1287178222293037,1.0215722014327042,0.03262081080250321,1.494988253345642,False,0,0.06945351692775148,1.0,0.4,C_ref,2026-09-19 02:00:58,2026-09-19 00:48:16
pretrained_e01,0,1.0,1.0,0,0,2.341191695418934,2.0416819968187285,2.6472660600033966,0.6055840631846681,1.74608033573039,2.9614816142357823,False,0,0.27232603317679605,1.0,2.5,C_ref,2026-09-19 02:00:58,2026-09-19 00:48:16
pretrained_e01,0,1.0,1.0,1,0,2.428886782169077,2.1314793981400504,2.7333557394470245,0.6018763413069741,1.838964073776242,3.046237614623453,False,0,0.0556040121409751,1.0,2.5,C_ref,2026-09-19 02:00:58,2026-09-19 00:48:16
pretrained_e01,0,1.0,1.0,2,0,2.497309176317144,2.2004681169493923,2.8014652591283875,0.6009971421789952,1.9090712414463258,3.114111751265449,False,0,0.0,1.0,2.5,C_ref,2026-09-19 02:00:58,2026-09-19 00:48:16
pretrained_e01,0,1.0,1.0,3,0,2.5190174332184583,2.220744942328982,2.8245921597329486,0.6038472174039669,1.9279540768390382,3.1387054474617897,False,0,0.0039667292148806155,1.0,2.5,C_ref,2026-09-19 02:00:58,2026-09-19 00:48:16
pretrained_e01,0,1.0,1.0,4,0,2.438242365715553,2.1441727074166415,2.739638309195649,0.5954656017790074,1.8553455762118012,3.049532516645772,False,0,0.042839734047447564,1.0,2.5,C_ref,2026-09-19 02:00:58,2026-09-19 00:48:16
pretrained_e01,0,1.0,1.0,5,0,2.3791310527611618,2.0807261543129596,2.684039841269011,0.6033136869560516,1.7863736394031493,2.9970004553219285,False,0,0.1593994667127845,1.0,2.5,C_ref,2026-09-19 02:00:58,2026-09-19 00:48:16
pretrained_e01,0,1.0,1.0,6,0,2.3587933478818703,2.0602580500344847,2.6638190066568246,0.6035609566223399,1.7657076740435742,2.976911727606323,False,0,0.21704784466783167,1.0,2.5,C_ref,2026-09-19 02:00:58,2026-09-19 00:48:16
pretrained_e01,0,1.0,1.0,7,0,2.428576835728458,2.131108238320122,2.7330623538514547,0.6019541155313326,1.8385655047786482,3.045888900657989,False,0,0.05606666264066007,1.0,2.5,C_ref,2026-09-19 02:00:58,2026-09-19 00:48:16
pretrained_e01,0,1.0,1.0,8,0,2.4629583513441835,2.1644619778211194,2.7685646279680935,0.6041026501469742,1.8708990721902805,3.082519314253733,False,0,0.01492573726864066,1.0,2.5,C_ref,2026-09-19 02:00:58,2026-09-19 00:48:16
pretrained_e01,0,1.0,1.0,9,0,2.4147864691471135,2.1172340466175386,2.7192988716943804,0.6020648250768419,1.8244375919710778,3.0319949175889964,False,0,0.07949446887869271,1.0,2.5,C_ref,2026-09-19 02:00:58,2026-09-19 00:48:16
pretrained_e01,0,1.0,1.0,10,0,2.5269659334884613,2.2293591132747537,2.83214770975624,0.6027885964814863,1.9376591973525383,3.145990538373932,False,0,0.007931030871986877,1.0,2.5,C_ref,2026-09-19 02:00:58,2026-09-19 00:48:16
pretrained_e01,0,1.0,1.0,11,0,2.3902739851387014,2.0885925386888133,2.6983568549052315,0.6097643162164181,1.7907769624024632,3.0143439269154872,False,0,0.1287591012660414,1.0,2.5,C_ref,2026-09-19 02:00:58,2026-09-19 00:48:16
pretrained_e01,0,1.0,1.0,12,0,2.529680878778072,2.2303108483053347,2.836446569507097,0.6061357212017624,1.9365792697425381,3.151813122112649,False,0,0.009623783469578484,1.0,2.5,C_ref,2026-09-19 02:00:58,2026-09-19 00:48:16
pretrained_e01,0,1.0,1.0,13,0,2.530573159710364,2.232521551677784,2.8362163215340574,0.6036947698562733,1.940321954629664,3.1505763756553375,False,0,0.010291251015587477,1.0,2.5,C_ref,2026-09-19 02:00:58,2026-09-19 00:48:16
pretrained_e01,0,1.0,1.0,14,0,2.419035507768252,2.125424125031822,2.7199084868917653,0.5944843618599434,1.8369028555682931,3.029240165989527,False,0,0.07380641889903927,1.0,2.5,C_ref,2026-09-19 02:00:58,2026-09-19 00:48:16
pretrained_e01,0,1.0,1.0,15,0,2.530819708876148,2.2337699310956944,2.835460515218582,0.6016905841228875,1.9425485243141403,3.1488212997335294,False,0,0.010524244400585303,1.0,2.5,C_ref,2026-09-19 02:00:58,2026-09-19 00:48:16
pretrained_e01,0,1.0,1.0,16,0,2.595758206782429,2.2985937360487303,2.9007756652234895,0.6021819291747592,2.0077990399126935,3.2145368497368256,False,0,0.10192329072015127,1.0,2.5,C_ref,2026-09-19 02:00:58,2026-09-19 00:48:16
pretrained_e01,0,1.0,1.0,17,0,2.2884026449049717,1.9906441883271897,2.5923299753817837,0.601685787054594,1.6962372905398566,2.9040985757940208,False,0,0.4881125009669631,1.0,2.5,C_ref,2026-09-19 02:00:58,2026-09-19 00:48:16
pretrained_e01,0,1.0,1.0,18,0,2.491759722133736,2.194718138604522,2.7960496093078726,0.6013314707033506,1.9029534441473008,3.1088155233390005,False,0,0.0007181618057074957,1.0,2.5,C_ref,2026-09-19 02:00:58,2026-09-19 00:48:16
pretrained_e01,0,1.0,1.0,19,0,2.446250475729619,2.1492095033535867,2.7503329770090246,0.6011234736554378,1.857135644428103,3.062670920598038,False,0,0.03174904244951904,1.0,2.5,C_ref,2026-09-19 02:00:58,2026-09-19 00:48:16
pretrained_e01,0,1.0,1.0,20,0,2.3761204141666634,2.0772528026531187,2.6815644218988095,0.6043116192456908,1.7824038846535646,2.9950283096180277,False,0,0.16671172182395821,1.0,2.5,C_ref,2026-09-19 02:00:58,2026-09-19 00:48:16
pretrained_e01,0,1.0,1.0,21,0,2.522803827606233,2.225484300933689,2.8277050091665346,0.6022207082328457,1.9339284833815984,3.1412844325750697,False,0,0.005665769222105155,1.0,2.5,C_ref,2026-09-19 02:00:58,2026-09-19 00:48:16
pretrained_e01,0,1.0,1.0,22,0,2.4048974708348623,2.1061608814371193,2.7104788144279826,0.6043179329908632,1.8119671697481827,3.0241446951548365,False,0,0.09827253205730813,1.0,2.5,C_ref,2026-09-19 02:00:58,2026-09-19 00:48:16
pretrained_e01,0,1.0,1.0,23,0,2.3961603847943316,2.1003144799350753,2.6989809644673968,0.5986664845323215,1.8092745844337763,3.010091060594034,False,0,0.11941153785664937,1.0,2.5,C_ref,2026-09-19 02:00:58,2026-09-19 00:48:16
pretrained_e01,0,1.0,1.0,24,0,2.387754985693298,2.091801765079472,2.690630202312067,0.5988284372325952,1.8004585742283534,3.0017471756413796,False,0,0.13948816370975692,1.0,2.5,C_ref,2026-09-19 02:00:58,2026-09-19 00:48:16
pretrained_e01,0,1.0,1.0,25,0,2.2620959344700218,1.9653820655958893,2.564721752078175,0.5993396864822855,1.6714401585994116,2.8750432942466966,False,0,0.62091168513507,1.0,2.5,C_ref,2026-09-19 02:00:58,2026-09-19 00:48:16
pretrained_e01,0,1.0,1.0,26,0,2.359549257815734,2.0621266365326205,2.663545343293543,0.6014187067609225,1.768724624449917,2.975648304479554,False,0,0.2162317106158298,1.0,2.5,C_ref,2026-09-19 02:00:58,2026-09-19 00:48:16
pretrained_e01,0,1.0,1.0,27,0,2.39301495697535,2.096664588197737,2.696182636865927,0.5995180486681901,1.8047900322946526,3.007575978089338,False,0,0.12644178119080607,1.0,2.5,C_ref,2026-09-19 02:00:58,2026-09-19 00:48:16
pretrained_e01,0,1.0,1.0,28,0,2.4376269945637428,2.1392334081091913,2.7428832853846807,0.6036498772754895,1.8455460751095178,3.0563763559108605,False,0,0.04251533960996312,1.0,2.5,C_ref,2026-09-19 02:00:58,2026-09-19 00:48:16
pretrained_e01,0,1.0,1.0,29,0,2.3771867912431768,2.0782630102382593,2.6827352516527596,0.6044722414145003,1.783519060687559,2.9963759345764855,False,0,0.16382247612273204,1.0,2.5,C_ref,2026-09-19 02:00:58,2026-09-19 00:48:16
pretrained_e01,0,1.0,1.0,30,0,2.38694259157746,2.09120413871838,2.689452334229823,0.5982481955114429,1.7998802383236188,3.000102255882744,False,0,0.14177288062273874,1.0,2.5,C_ref,2026-09-19 02:00:58,2026-09-19 00:48:16
pretrained_e01,0,1.0,1.0,31,0,2.458921162367992,2.1607242151380603,2.764261547958383,0.6035373328203226,1.867675634332033,3.078061860572983,False,0,0.018488325731595978,1.0,2.5,C_ref,2026-09-19 02:00:58,2026-09-19 00:48:16
pretrained_e01,0,1.0,1.0,32,0,2.450958951663446,2.1533077615016807,2.755865468132814,0.6025577066311332,1.8608457873181738,3.069309244933923,False,0,0.02642206586097018,1.0,2.5,C_ref,2026-09-19 02:00:58,2026-09-19 00:48:16
pretrained_e01,0,1.0,1.0,33,0,2.335600322417724,2.036760167542844,2.6409194253998125,0.6041592578569683,1.7417463788519716,2.9541590823485486,False,0,0.29299325465763104,1.0,2.5,C_ref,2026-09-19 02:00:58,2026-09-19 00:48:16
pretrained_e01,0,1.0,1.0,34,0,2.3724033633347945,2.0733786126917306,2.6780814081713804,0.6047027954796498,1.778467628731176,2.9918645930366337,False,0,0.17665589584430563,1.0,2.5,C_ref,2026-09-19 02:00:58,2026-09-19 00:48:16
pretrained_e01,0,1.0,1.0,35,0,2.3711471145348457,2.072858637754625,2.6759860293964106,0.6031273916417854,1.7785326300782671,2.9889233981138257,False,0,0.1811327885116043,1.0,2.5,C_ref,2026-09-19 02:00:58,2026-09-19 00:48:16
pretrained_e01,0,1.0,1.0,36,0,2.5029492846254424,2.2073060098472026,2.806217857272839,0.5989118474256365,1.9175074452269814,3.1182339126105414,False,0,0.0,1.0,2.5,C_ref,2026-09-19 02:00:58,2026-09-19 00:48:16
pretrained_e01,0,1.0,1.0,37,0,2.4969215901251487,2.1996381810399255,2.801502914457699,0.6018647334177736,1.9078037334770488,3.114556088473507,False,0,0.0,1.0,2.5,C_ref,2026-09-19 02:00:58,2026-09-19 00:48:16
pretrained_e01,0,1.0,1.0,38,0,2.5315817442413455,2.236548635015107,2.8343307033557696,0.5977820683406625,1.9475213605291382,3.1458844330756444,False,0,0.011177757922268938,1.0,2.5,C_ref,2026-09-19 02:00:58,2026-09-19 00:48:16
pretrained_e01,0,1.0,1.0,39,0,2.4004043886808106,2.105052145529389,2.7029391978473636,0.5978870523179745,1.814608826130295,3.013998884827446,False,0,0.11026395278895507,1.0,2.5,C_ref,2026-09-19 02:00:58,2026-09-19 00:48:16
pretrained_e01,0,1.0,1.0,40,0,2.4611900518720433,2.1634111660428186,2.7662809699056936,0.602869803862875,1.870916513927727,3.0799429496645714,False,0,0.01653504259593319,1.0,2.5,C_ref,2026-09-19 02:00:58,2026-09-19 00:48:16
pretrained_e01,0,1.0,1.0,41,0,2.3085043707674586,2.0095842743905212,2.613504515666278,0.6039202412757567,1.7139464641339102,2.9262991195064467,False,0,0.39753308788567665,1.0,2.5,C_ref,2026-09-19 02:00:58,2026-09-19 00:48:16
pretrained_e01,0,1.0,1.0,42,0,2.481789824362984,2.1840183561320576,2.7867892922775748,0.6027709361455171,1.891470256977532,3.1002549796862957,False,0,0.0036167950856906828,1.0,2.5,C_ref,2026-09-19 02:00:58,2026-09-19 00:48:16
pretrained_e01,0,1.0,1.0,43,0,2.334111504603549,2.036645619723153,2.6381984214654937,0.6015528017423408,1.7432546764017869,2.9503522516097433,False,0,0.3007676632114453,1.0,2.5,C_ref,2026-09-19 02:00:58,2026-09-19 00:48:16
pretrained_e01,0,1.0,1.0,44,0,2.3219311428894787,2.021887700174628,2.6281744131439946,0.6062867129693665,1.725225040466447,2.9422491595150757,False,0,0.3413512978586368,1.0,2.5,C_ref,2026-09-19 02:00:58,2026-09-19 00:48:16
pretrained_e01,0,1.0,1.0,45,0,2.278741293807686,1.9797305267218204,2.5837599281461654,0.604029401424345,1.6837807025076288,2.8965680771980375,False,0,0.529449716956151,1.0,2.5,C_ref,2026-09-19 02:00:58,2026-09-19 00:48:16
pretrained_e01,0,1.0,1.0,46,0,2.400490272671673,2.1019218280128067,2.705825226662977,0.6039033986501705,1.8078135985055335,3.0193694078523885,False,0,0.10796359087908058,1.0,2.5,C_ref,2026-09-19 02:00:58,2026-09-19 00:48:16
pretrained_e01,0,1.0,1.0,47,0,2.4662594865708627,2.169572046907354,2.770301493649958,0.6007294467426041,1.8783642447689435,3.082815773729599,False,0,0.012451099923055153,1.0,2.5,C_ref,2026-09-19 02:00:58,2026-09-19 00:48:16
pretrained_e02,0,0.03,0.03,0,0,0.6402787417443673,0.5728429103739898,1.0100270512636451,0.4371841408896553,0.035035255479244284,1.3533133096183017,False,0,1.2068650961227831,0.0,0.4,C_ref,2026-09-19 01:35:30,2026-09-18 06:48:58
pretrained_e02,0,0.03,0.03,1,0,0.22524143896237575,0.08784092554811541,0.9429171085011868,0.8550761829530714,0.02584036785299315,1.368626291120644,False,0,0.26406219328782754,1.0,0.4,C_ref,2026-09-19 01:35:30,2026-09-18 06:48:58
pretrained_e02,0,0.03,0.03,2,0,0.2138482503743931,0.08025603902147357,1.1352303542745152,1.0549743152530418,0.022013691863657113,1.4787038454336774,False,0,0.20570000165389501,1.0,0.4,C_ref,2026-09-19 01:35:30,2026-09-18 06:48:58
pretrained_e02,0,0.03,0.03,3,0,0.8852464775440129,0.7065961244716842,1.2241287301471102,0.517532605675426,0.020309972756588385,1.5393529690303003,False,0,2.3726577565830667,0.0,0.4,C_ref,2026-09-19 01:35:30,2026-09-18 06:48:58
pretrained_e02,0,0.03,0.03,4,0,0.6209521247500072,0.5330934481367002,1.0695288291843348,0.5364353810476346,0.02137119904834127,1.4159697040233081,False,0,1.1780350281878782,0.0,0.4,C_ref,2026-09-19 01:35:30,2026-09-18 06:48:58
pretrained_e02,0,0.03,0.03,5,0,0.28850947738417504,0.10629680793469778,0.9772763485131158,0.8709795405784181,0.03236516887710257,1.3674531528317906,False,0,0.06524564642313635,1.0,0.4,C_ref,2026-09-19 01:35:30,2026-09-18 06:48:58
pretrained_e02,0,0.03,0.03,6,0,0.28586090865091407,0.10971492346452266,0.9031444254862572,0.7934295020217346,0.03569958748316913,1.3001593297006513,False,0,0.0630628512808471,1.0,0.4,C_ref,2026-09-19 01:35:30,2026-09-18 06:48:58
pretrained_e02,0,0.03,0.03,7,0,0.6120041008558214,0.13177910880122035,1.0704466313333934,0.938667522532173,0.041998642409541306,1.4101835857970613,False,0,0.03611445100614219,1.0,0.4,C_ref,2026-09-19 01:35:30,2026-09-18 06:48:58
pretrained_e02,0,0.03,0.03,8,0,0.20224130797913648,0.07800833554952108,0.9161918124454211,0.8381834768959,0.02146027580527047,1.3734558072928482,False,0,0.36484663824376184,1.0,0.4,C_ref,2026-09-19 01:35:30,2026-09-18 06:48:58
pretrained_e02,0,0.03,0.03,9,0,0.7751921705406629,0.5687270364544487,1.130953133005189,0.5622260965507403,0.39843858680066246,1.454864533010008,False,0,3.9673204985519988,0.0,0.4,C_ref,2026-09-19 01:35:30,2026-09-18 06:48:58
pretrained_e02,0,0.03,0.03,10,0,0.817880370672623,0.6981275683158383,1.1599832598696984,0.4618556915538601,0.021119479123045144,1.4831068502454805,False,0,2.2361120502464473,0.0,0.4,C_ref,2026-09-19 01:35:30,2026-09-18 06:48:58
pretrained_e02,0,0.03,0.03,11,0,0.6615421322266865,0.09839880918717396,1.092168239395763,0.9937694302085891,0.028696472154574743,1.431769892001254,False,0,0.6104407339007594,1.0,0.4,C_ref,2026-09-19 01:35:30,2026-09-18 06:48:58
pretrained_e02,0,0.03,0.03,12,0,0.16263034026844728,0.06399622034221875,0.23919087340482548,0.17519465306260673,0.01612891163715867,1.3727359306095264,False,0,2.4127906574758526,0.0,0.4,C_ref,2026-09-19 01:35:30,2026-09-18 06:48:58
pretrained_e02,0,0.03,0.03,13,0,0.23118846760591064,0.08541390407540335,1.1289377109194965,1.043523806844093,0.02368007339141418,1.478629916084113,False,0,0.16925753920077113,1.0,0.4,C_ref,2026-09-19 01:35:30,2026-09-18 06:48:58
pretrained_e02,0,0.03,0.03,14,0,0.21934052060304998,0.08751055831224298,0.8166213927079918,0.7291108343957489,0.026320457295180878,1.318290601041521,False,0,0.34278057180563337,1.0,0.4,C_ref,2026-09-19 01:35:30,2026-09-18 06:48:58
pretrained_e02,0,0.03,0.03,15,0,0.20096180595006624,0.0766357594349364,0.913497505295135,0.8368617458601986,0.020406994457616057,1.3931134698681036,False,0,0.3932843652437441,1.0,0.4,C_ref,2026-09-19 01:35:30,2026-09-18 06:48:58
pretrained_e02,0,0.03,0.03,16,0,0.2238721349351391,0.08243783343762298,1.0820458135368596,0.9996079800992366,0.02245458459367477,1.4549455483630862,False,0,0.20653260783001315,1.0,0.4,C_ref,2026-09-19 01:35:30,2026-09-18 06:48:58
pretrained_e02,0,0.03,0.03,17,0,0.6712272246214868,0.17255164077790688,1.0713896351328567,0.8988379943549498,0.05515862459052752,1.4004178188119625,False,0,0.17832806440492277,1.0,0.4,C_ref,2026-09-19 01:35:30,2026-09-18 06:48:58
pretrained_e02,0,0.03,0.03,18,0,0.21955806046579832,0.0814492290686679,1.1458760286170986,1.0644267995484307,0.022544813701155197,1.4821122580994117,False,0,0.19003052519110497,1.0,0.4,C_ref,2026-09-19 01:35:30,2026-09-18 06:48:58
pretrained_e02,0,0.03,0.03,19,0,0.22097295666827318,0.08086318980912605,1.1167944332105373,1.0359312434014112,0.021882845119994956,1.470048885138527,False,0,0.19757181394743384,1.0,0.4,C_ref,2026-09-19 01:35:30,2026-09-18 06:48:58
pretrained_e02,0,0.03,0.03,20,0,0.2955737659230406,0.10642449383804303,1.0205561852923886,0.9141316914543456,0.03268778666071819,1.389649068311555,False,0,0.042335034180723596,1.0,0.4,C_ref,2026-09-19 01:35:30,2026-09-18 06:48:58
pretrained_e02,0,0.03,0.03,21,0,0.22585642483615465,0.08770516123537794,0.9032579066376978,0.8155527454023198,0.025622698908828415,1.3669005606358342,False,0,0.26831279635371175,1.0,0.4,C_ref,2026-09-19 01:35:30,2026-09-18 06:48:58
pretrained_e02,0,0.03,0.03,22,0,0.31438303844956395,0.10690514598590148,1.06680860247398,0.9599034564880785,0.032582225243699095,1.4156727768385977,False,0,0.016342849212378496,1.0,0.4,C_ref,2026-09-19 01:35:30,2026-09-18 06:48:58
pretrained_e02,0,0.03,0.03,23,0,0.6792474016887904,0.10078630263013287,1.081349108550651,0.9805628059205181,0.03015397721638748,1.411100411364341,False,0,0.35821087462682044,1.0,0.4,C_ref,2026-09-19 01:35:30,2026-09-18 06:48:58
pretrained_e02,0,0.03,0.03,24,0,0.21633314550586294,0.08937494588576812,0.3163377213014501,0.226962775415682,0.02734057263350412,1.3248485531325178,False,0,1.5557154284178978,0.0,0.4,C_ref,2026-09-19 01:35:30,2026-09-18 06:48:58
pretrained_e02,0,0.03,0.03,25,0,0.37290796319050434,0.13849892905971384,0.9113854132295575,0.7728864841698436,0.04844392403470729,1.2817824939602667,False,0,0.003317449263704475,1.0,0.4,C_ref,2026-09-19 01:35:30,2026-09-18 06:48:58
pretrained_e02,0,0.03,0.03,26,0,0.4300868832529216,0.11292352098297664,0.98048747578759,0.8675639548046133,0.036223872237927966,1.3338297607341212,False,0,0.001334144933935022,1.0,0.4,C_ref,2026-09-19 01:35:30,2026-09-18 06:48:58
pretrained_e02,0,0.03,0.03,27,0,0.30718747120393797,0.11653735056691461,0.9410121355292036,0.824474784962289,0.038340667676753995,1.3274739081550095,False,0,0.04529037162865279,1.0,0.4,C_ref,2026-09-19 01:35:30,2026-09-18 06:48:58
pretrained_e02,0,0.03,0.03,28,0,0.6978363091688642,0.09720608568990902,1.1139053667086487,1.0166992810187396,0.02874445346676809,1.4469835927263288,False,0,0.05108232948987279,1.0,0.4,C_ref,2026-09-19 01:35:30,2026-09-18 06:48:58
pretrained_e02,0,0.03,0.03,29,0,0.7222763591471364,0.5176586120198636,1.1022310088412592,0.5845723968213956,0.02581857165747418,1.4318429854685326,False,0,2.782837122977071,0.0,0.4,C_ref,2026-09-19 01:35:30,2026-09-18 06:48:58
pretrained_e02,0,0.03,0.03,30,0,0.25039756216172854,0.10162390494903392,0.7526650875823437,0.6510411826333098,0.03274043780917381,1.2203076933076864,False,0,0.2164780590828741,1.0,0.4,C_ref,2026-09-19 01:35:30,2026-09-18 06:48:58
pretrained_e02,0,0.03,0.03,31,0,0.21968075123306713,0.08058930801216335,1.1542975851456776,1.0737082771335142,0.02189634118527535,1.4893018962337368,False,0,0.17893662896676688,1.0,0.4,C_ref,2026-09-19 01:35:30,2026-09-18 06:48:58
pretrained_e02,0,0.03,0.03,32,0,0.2315670621605798,0.08871111642852267,0.9211805804177764,0.8324694639892537,0.025965519244158172,1.3558921601084188,False,0,0.23074351778632263,1.0,0.4,C_ref,2026-09-19 01:35:30,2026-09-18 06:48:58
pretrained_e02,0,0.03,0.03,33,0,0.635389651143747,0.13589761551628135,1.0549628402256215,0.9190652247093402,0.044100711897404124,1.3931662032290575,False,0,0.25911525464834995,1.0,0.4,C_ref,2026-09-19 01:35:30,2026-09-18 06:48:58
pretrained_e02,0,0.03,0.03,34,0,0.2643104842429278,0.0993854138006449,0.9738465533668136,0.8744611395661687,0.02988778414432489,1.3664019539963936,False,0,0.10769584837544244,1.0,0.4,C_ref,2026-09-19 01:35:30,2026-09-18 06:48:58
pretrained_e02,0,0.03,0.03,35,0,0.29913894662827845,0.11101842737363997,0.9700508133739237,0.8590323860002838,0.035121784061251285,1.3572274853629582,False,0,0.052250452030421,1.0,0.4,C_ref,2026-09-19 01:35:30,2026-09-18 06:48:58
pretrained_e02,0,0.03,0.03,36,0,0.19603411207771004,0.07428848736999641,1.1030797960211751,1.0287913086511786,0.0158976847986186,1.457521398557199,False,0,0.4050246475089807,1.0,0.4,C_ref,2026-09-19 01:35:30,2026-09-18 06:48:58
pretrained_e02,0,0.03,0.03,37,0,0.22678564315173108,0.08341398589126588,1.0951478944923303,1.0117339086010644,0.022937693181365043,1.4551856132376195,False,0,0.16824628578251577,1.0,0.4,C_ref,2026-09-19 01:35:30,2026-09-18 06:48:58
pretrained_e02,0,0.03,0.03,38,0,0.16925253495919954,0.06403648539742443,1.1330703545098102,1.0690338691123857,0.016270602895367674,1.4873930476205566,False,0,0.4478719857506803,1.0,0.4,C_ref,2026-09-19 01:35:30,2026-09-18 06:48:58
pretrained_e02,0,0.03,0.03,39,0,0.2462492548610364,0.0976763507086546,0.8474044368275397,0.7497280861188851,0.030111373423531304,1.2992872825953523,False,0,0.20639787762775086,1.0,0.4,C_ref,2026-09-19 01:35:30,2026-09-18 06:48:58
pretrained_e02,0,0.03,0.03,40,0,0.2105806074061363,0.08184752479407767,1.1004494665280202,1.0186019417339425,0.02316676473831993,1.44597363697571,False,0,0.23367968230013503,1.0,0.4,C_ref,2026-09-19 01:35:30,2026-09-18 06:48:58
pretrained_e02,0,0.03,0.03,41,0,0.6355414183862175,0.14089123213222657,1.0624662607317399,0.9215750285995133,0.04426592444273209,1.3978097850453175,False,0,0.08684729001106462,1.0,0.4,C_ref,2026-09-19 01:35:30,2026-09-18 06:48:58
pretrained_e02,0,0.03,0.03,42,0,0.24939418200429364,0.09264134218878131,1.0462500619971746,0.9536087198083933,0.027080806674635662,1.4163211202818533,False,0,0.13211304628566722,1.0,0.4,C_ref,2026-09-19 01:35:30,2026-09-18 06:48:58
pretrained_e02,0,0.03,0.03,43,0,0.5337081896463834,0.12596573284124038,1.039460817500435,0.9134950846591946,0.040535907056677443,1.3755821945618842,False,0,0.0059371657043811865,1.0,0.4,C_ref,2026-09-19 01:35:30,2026-09-18 06:48:58
pretrained_e02,0,0.03,0.03,44,0,0.6305350127215446,0.14544465399831358,1.043672717981616,0.8982280639833025,0.04642399945703044,1.3809427005976205,False,0,0.6913466936712211,1.0,0.4,C_ref,2026-09-19 01:35:30,2026-09-18 06:48:58
pretrained_e02,0,0.03,0.03,45,0,0.24937899083164358,0.11622475314073531,0.9299611431096384,0.8137363899689031,0.03902431917421735,1.298388456536662,False,0,0.5740164920352981,1.0,0.4,C_ref,2026-09-19 01:35:30,2026-09-18 06:48:58
pretrained_e02,0,0.03,0.03,46,0,0.7338203865741477,0.11009473969126632,1.1195955679113254,1.009500828220059,0.032287355985318095,1.4451227725646172,False,0,0.17788638783895294,1.0,0.4,C_ref,2026-09-19 01:35:30,2026-09-18 06:48:58
pretrained_e02,0,0.03,0.03,47,0,0.2671669859172743,0.10122416885767922,1.02497743000651,0.9237532611488307,0.03139400648438402,1.3932377313988482,False,0,0.09470410557332798,1.0,0.4,C_ref,2026-09-19 01:35:30,2026-09-18 06:48:58
pretrained_e02,0,0.03,0.03,0,0,2.206548073386724,1.914378980768764,2.5037450370080796,0.5893660562393157,1.6239717066085808,2.8078291024983457,False,0,0.9749669659213396,1.0,2.5,C_ref,2026-09-19 01:35:30,2026-09-18 06:48:58
pretrained_e02,0,0.03,0.03,1,0,2.2891920108411883,1.9977265067106655,2.5861790536245866,0.588452546913921,1.709077451482606,2.8903407280857483,False,0,0.5069382268011395,1.0,2.5,C_ref,2026-09-19 01:35:30,2026-09-18 06:48:58
pretrained_e02,0,0.03,0.03,2,0,2.364007343215809,2.075701868484613,2.658541631061924,0.582839762577311,1.791391290243238,2.9606015173189677,False,0,0.21573668729615747,1.0,2.5,C_ref,2026-09-19 01:35:30,2026-09-18 06:48:58
pretrained_e02,0,0.03,0.03,3,0,2.4027288800153657,2.1151895621911883,2.696867216869034,0.5816776546778457,1.8323026142128085,2.9988150692594076,False,0,0.11107072002778295,1.0,2.5,C_ref,2026-09-19 01:35:30,2026-09-18 06:48:58
pretrained_e02,0,0.03,0.03,4,0,2.2952544488586883,2.007753971698191,2.5884010139118447,0.5806470422136538,1.7232819212821442,2.8887087528551723,False,0,0.4909380104545562,1.0,2.5,C_ref,2026-09-19 01:35:30,2026-09-18 06:48:58
pretrained_e02,0,0.03,0.03,5,0,2.27509408835241,1.9829850393003459,2.5722665237163236,0.5892814844159777,1.692949376614209,2.876203040240383,False,0,0.5754528090656095,1.0,2.5,C_ref,2026-09-19 01:35:30,2026-09-18 06:48:58
pretrained_e02,0,0.03,0.03,6,0,2.1925916364508926,1.8992558051629598,2.4904113548191837,0.591155549656224,1.606848478404342,2.794683161836551,False,0,1.0647057089881855,0.0,2.5,C_ref,2026-09-19 01:35:30,2026-09-18 06:48:58
pretrained_e02,0,0.03,0.03,7,0,2.277549375433371,1.9875674496704971,2.5731579986601587,0.5855905489896616,1.7005329697492755,2.8759828844734403,False,0,0.5692684538953472,1.0,2.5,C_ref,2026-09-19 01:35:30,2026-09-18 06:48:58
pretrained_e02,0,0.03,0.03,8,0,2.302439630451239,2.0117064401149634,2.5987984892950022,0.5870920491800389,1.723919458113291,2.902345538926965,False,0,0.4476096942635195,1.0,2.5,C_ref,2026-09-19 01:35:30,2026-09-18 06:48:58
pretrained_e02,0,0.03,0.03,9,0,2.3026035106935163,2.0133743837775793,2.5976953730633743,0.584320989285795,1.7275205646972605,2.900136421343872,False,0,0.4507440862362273,1.0,2.5,C_ref,2026-09-19 01:35:30,2026-09-18 06:48:58
pretrained_e02,0,0.03,0.03,10,0,2.3657223893820207,2.075844786717605,2.661823013447435,0.5859782267298304,1.7899830284092146,2.9654193723836664,False,0,0.2080999010868254,1.0,2.5,C_ref,2026-09-19 01:35:30,2026-09-18 06:48:58
pretrained_e02,0,0.03,0.03,11,0,2.2808523490558756,1.989166182016272,2.577998481050386,0.5888322990341142,1.7002373124572463,2.8822473163720237,False,0,0.5469495699471736,1.0,2.5,C_ref,2026-09-19 01:35:30,2026-09-18 06:48:58
pretrained_e02,0,0.03,0.03,12,0,2.3966627165483945,2.1037734821777727,2.695554007005841,0.5917805248280681,1.8145800053593406,3.0018635613852966,False,0,0.12116837482244591,1.0,2.5,C_ref,2026-09-19 01:35:30,2026-09-18 06:48:58
pretrained_e02,0,0.03,0.03,13,0,2.380951044046721,2.090357281190934,2.6777009360188124,0.5873436548278783,1.8037800432218163,2.982004951347302,False,0,0.16316729099708027,1.0,2.5,C_ref,2026-09-19 01:35:30,2026-09-18 06:48:58
pretrained_e02,0,0.03,0.03,14,0,2.266223380550463,1.9786238706852464,2.5593909115441633,0.580767040858917,1.6938434860740135,2.8596989046567134,False,0,0.6386810120638984,1.0,2.5,C_ref,2026-09-19 01:35:30,2026-09-18 06:48:58
pretrained_e02,0,0.03,0.03,15,0,2.3774825211045316,2.0881497796116157,2.6728950308260226,0.5847452512144069,1.802622084951445,2.975798191207784,False,0,0.17425630495563382,1.0,2.5,C_ref,2026-09-19 01:35:30,2026-09-18 06:48:58
pretrained_e02,0,0.03,0.03,16,0,2.417876165998495,2.1276342687899503,2.7144138392593447,0.5867795704693943,1.8416189515841412,3.01857635626968,False,0,0.07794372335774824,1.0,2.5,C_ref,2026-09-19 01:35:30,2026-09-18 06:48:58
pretrained_e02,0,0.03,0.03,17,0,2.196457484505958,1.9081362026924569,2.490145384289779,0.5820091815973223,1.62220455414531,2.790833949634988,False,0,1.0674299767961202,0.0,2.5,C_ref,2026-09-19 01:35:30,2026-09-18 06:48:58
pretrained_e02,0,0.03,0.03,18,0,2.3690594880154796,2.082072096808132,2.6624033269820684,0.5803312301739365,1.7993204770530602,2.9634229422171603,False,0,0.20188087831775192,1.0,2.5,C_ref,2026-09-19 01:35:30,2026-09-18 06:48:58
pretrained_e02,0,0.03,0.03,19,0,2.34569922771398,2.0580930314380996,2.6394418981564436,0.581348866718344,1.7743742923100554,2.940624145977119,False,0,0.27885563179734163,1.0,2.5,C_ref,2026-09-19 01:35:30,2026-09-18 06:48:58
pretrained_e02,0,0.03,0.03,20,0,2.264361769047657,1.9731252445745755,2.560850921400494,0.5877256768259185,1.6841927668984022,2.8642193676359304,False,0,0.6342909987506573,1.0,2.5,C_ref,2026-09-19 01:35:30,2026-09-18 06:48:58
pretrained_e02,0,0.03,0.03,21,0,2.3616355855231888,2.069611933972675,2.6592747262275087,0.5896627922548339,1.7806521947787861,2.9640634422459304,False,0,0.21860901829859358,1.0,2.5,C_ref,2026-09-19 01:35:30,2026-09-18 06:48:58
pretrained_e02,0,0.03,0.03,22,0,2.28356002819756,1.993409450408172,2.579352895147772,0.5859434447395999,1.7062089948565191,2.8822862307329014,False,0,0.5385392458265414,1.0,2.5,C_ref,2026-09-19 01:35:30,2026-09-18 06:48:58
pretrained_e02,0,0.03,0.03,23,0,2.2511017712793944,1.9638335621998677,2.5440935895433396,0.5802600273434719,1.6796331401608477,2.844398340008677,False,0,0.7239632387900201,1.0,2.5,C_ref,2026-09-19 01:35:30,2026-09-18 06:48:58
pretrained_e02,0,0.03,0.03,24,0,2.2469596732937087,1.9582759991165932,2.5408285993932354,0.5825526002766421,1.6717629557375198,2.841592893110814,False,0,0.7435693110746797,1.0,2.5,C_ref,2026-09-19 01:35:30,2026-09-18 06:48:58
pretrained_e02,0,0.03,0.03,25,0,2.1277063628131696,1.8373116565217333,2.4223202260766556,0.5850085695549223,1.5472484748209492,2.723297789089812,False,0,1.5882057820817863,0.0,2.5,C_ref,2026-09-19 01:35:30,2026-09-18 06:48:58
pretrained_e02,0,0.03,0.03,26,0,2.2000448133839003,1.9094157813607777,2.4957552606074,0.5863394792466223,1.6207903637003334,2.7984238600993905,False,0,1.0283218053009477,0.0,2.5,C_ref,2026-09-19 01:35:30,2026-09-18 06:48:58
pretrained_e02,0,0.03,0.03,27,0,2.227243457552218,1.936956677352714,2.5225769300514194,0.5856202526987053,1.6485578952753086,2.8247609929788187,False,0,0.8541475351303234,1.0,2.5,C_ref,2026-09-19 01:35:30,2026-09-18 06:48:58
pretrained_e02,0,0.03,0.03,28,0,2.3142337179724697,2.0242203602615594,2.610158506787108,0.5859381465255487,1.7376244199854838,2.913344812936418,False,0,0.39729768986580893,1.0,2.5,C_ref,2026-09-19 01:35:30,2026-09-18 06:48:58
pretrained_e02,0,0.03,0.03,29,0,2.2661487997717127,1.9765768346426467,2.5614565845632984,0.5848797499206517,1.6901186519348828,2.863981518194223,False,0,0.6299075220158556,1.0,2.5,C_ref,2026-09-19 01:35:30,2026-09-18 06:48:58
pretrained_e02,0,0.03,0.03,30,0,2.1909863023130924,1.9018061613643003,2.484938662658507,0.5831325012942066,1.6140578805481756,2.785628096355983,False,0,1.1036103947189986,0.0,2.5,C_ref,2026-09-19 01:35:30,2026-09-18 06:48:58
pretrained_e02,0,0.03,0.03,31,0,2.3462846978629437,2.0566116577631304,2.642149554704499,0.5855378969413687,1.7708676052385126,2.9455338706369214,False,0,0.27282821378321387,1.0,2.5,C_ref,2026-09-19 01:35:30,2026-09-18 06:48:58
pretrained_e02,0,0.03,0.03,32,0,2.3002963339707936,2.009922049565716,2.596270500961122,0.586348451395406,1.7225528760722186,2.8995217368327673,False,0,0.45847154552757274,1.0,2.5,C_ref,2026-09-19 01:35:30,2026-09-18 06:48:58
pretrained_e02,0,0.03,0.03,33,0,2.2161008130651494,1.92503120175945,2.5123244199373445,0.5872932181778945,1.6359995135055998,2.815445100239875,False,0,0.9191495406084869,1.0,2.5,C_ref,2026-09-19 01:35:30,2026-09-18 06:48:58
pretrained_e02,0,0.03,0.03,34,0,2.2445864489825555,1.9521122288690513,2.542226063627293,0.5901138347582418,1.6617818417911705,2.8467504297127375,False,0,0.7384131402359344,1.0,2.5,C_ref,2026-09-19 01:35:30,2026-09-18 06:48:58
pretrained_e02,0,0.03,0.03,35,0,2.2398258025374256,1.9484310362475838,2.5362069319694296,0.5877758957218457,1.6588884900525163,2.839454516825765,False,0,0.7723783644287323,1.0,2.5,C_ref,2026-09-19 01:35:30,2026-09-18 06:48:58
pretrained_e02,0,0.03,0.03,36,0,2.3748228891418197,2.0874216267161327,2.6686661498517474,0.5812445231356147,1.8043798417665842,2.9701763684792737,False,0,0.18377273374790093,1.0,2.5,C_ref,2026-09-19 01:35:30,2026-09-18 06:48:58
pretrained_e02,0,0.03,0.03,37,0,2.364098806046094,2.073720806660655,2.6604271094251097,0.5867063027644548,1.786949809277806,2.964011087063406,False,0,0.21275860118839773,1.0,2.5,C_ref,2026-09-19 01:35:30,2026-09-18 06:48:58
pretrained_e02,0,0.03,0.03,38,0,2.411559034258683,2.1233443050824232,2.706303692001365,0.5829593869189416,1.8396787425271683,3.0088322243024583,False,0,0.09153342413264909,1.0,2.5,C_ref,2026-09-19 01:35:30,2026-09-18 06:48:58
pretrained_e02,0,0.03,0.03,39,0,2.232060481323712,1.9406680960593243,2.528492561999503,0.5878244659401786,1.6512049661857628,2.831780534543168,False,0,0.8185441019159043,1.0,2.5,C_ref,2026-09-19 01:35:30,2026-09-18 06:48:58
pretrained_e02,0,0.03,0.03,40,0,2.32971665333431,2.0405040545816235,2.6249992150457397,0.5844951604641162,1.7551143852615734,2.927837632433999,False,0,0.33578788865270326,1.0,2.5,C_ref,2026-09-19 01:35:30,2026-09-18 06:48:58
pretrained_e02,0,0.03,0.03,41,0,2.2404354358956313,1.9504315584017504,2.5359614325936057,0.5855298741918553,1.6632450197503876,2.838713344907438,False,0,0.7733409678403405,1.0,2.5,C_ref,2026-09-19 01:35:30,2026-09-18 06:48:58
pretrained_e02,0,0.03,0.03,42,0,2.337385873263194,2.048976647865449,2.631851244109393,0.5828745962439439,1.764345042478927,2.9337793145973734,False,0,0.30806635668704985,1.0,2.5,C_ref,2026-09-19 01:35:30,2026-09-18 06:48:58
pretrained_e02,0,0.03,0.03,43,0,2.2087577478432934,1.919685239151624,2.503203820093613,0.5835185809419892,1.6331361755876634,2.804773439382872,False,0,0.978359591379558,1.0,2.5,C_ref,2026-09-19 01:35:30,2026-09-18 06:48:58
pretrained_e02,0,0.03,0.03,44,0,2.208789444168805,1.9165278050515886,2.5061287076099465,0.589600902558358,1.626181864459847,2.8103961302085123,False,0,0.959375291968172,1.0,2.5,C_ref,2026-09-19 01:35:30,2026-09-18 06:48:58
pretrained_e02,0,0.03,0.03,45,0,2.1571356870661877,1.8643337327228564,2.454292381672123,0.5899586489492665,1.5721319852052242,2.7579042256412847,False,0,1.326906744408916,0.0,2.5,C_ref,2026-09-19 01:35:30,2026-09-18 06:48:58
pretrained_e02,0,0.03,0.03,46,0,2.2850611263388263,1.9971466076077824,2.579055550930687,0.5819089433229048,1.7129457033834283,2.880467370581823,False,0,0.537722916691564,1.0,2.5,C_ref,2026-09-19 01:35:30,2026-09-18 06:48:58
pretrained_e02,0,0.03,0.03,47,0,2.300254925926054,2.01150334577231,2.5947795000229172,0.5832761542506071,1.725993840178387,2.8966668626301244,False,0,0.4632170322438469,1.0,2.5,C_ref,2026-09-19 01:35:30,2026-09-18 06:48:58
pretrained_e02,0,1.0,1.0,0,0,0.715404664608089,0.5315844979061355,1.129338489145662,0.5977539912395264,0.053848563766886424,1.5059502776024536,False,0,1.3064306070191378,0.0,0.4,C_ref,2026-09-19 02:10:57,2026-09-19 00:48:16
pretrained_e02,0,1.0,1.0,1,0,0.2862683528798631,0.11391650932482507,1.044553559241504,0.930637049916679,0.03470654668310205,1.4771239459087364,False,0,0.2570964685983199,1.0,0.4,C_ref,2026-09-19 02:10:57,2026-09-19 00:48:16
pretrained_e02,0,1.0,1.0,2,0,0.2593265303980222,0.10016315133481249,1.1551972618359723,1.0550341105011598,0.028821828075102484,1.5546198532831055,False,0,0.0729760324320523,1.0,0.4,C_ref,2026-09-19 02:10:57,2026-09-19 00:48:16
pretrained_e02,0,1.0,1.0,3,0,0.7093450399893394,0.11673736674728176,1.201457365555644,1.0847199988083622,0.03183807995099505,1.590437669513113,False,0,0.34579824652610114,1.0,0.4,C_ref,2026-09-19 02:10:57,2026-09-19 00:48:16
pretrained_e02,0,1.0,1.0,4,0,0.782444645100849,0.598312226844991,1.1825068268107957,0.5841945999658047,0.03541678584692876,1.5564225909266707,False,0,2.586300586004654,0.0,0.4,C_ref,2026-09-19 02:10:57,2026-09-19 00:48:16
pretrained_e02,0,1.0,1.0,5,0,0.707301786517273,0.1693465835201696,1.1246268349652824,0.9552802514451127,0.04919807949096384,1.5009583597231169,False,0,0.32936661732310313,1.0,0.4,C_ref,2026-09-19 02:10:57,2026-09-19 00:48:16
pretrained_e02,0,1.0,1.0,6,0,0.6583369180318674,0.16614398904380154,1.096214026842517,0.9300700377987153,0.05103203877921693,1.479308324250147,False,0,0.20112641016748967,1.0,0.4,C_ref,2026-09-19 02:10:57,2026-09-19 00:48:16
pretrained_e02,0,1.0,1.0,7,0,0.9743155688145605,0.4821534261020139,1.2358308457866338,0.7536774196846199,0.07673639473150137,1.5746092821025728,False,0,1.145538387223496,0.0,0.4,C_ref,2026-09-19 02:10:57,2026-09-19 00:48:16
pretrained_e02,0,1.0,1.0,8,0,0.7854158688078023,0.5023983011356414,1.2234463408189427,0.7210480396833012,0.024087233368031615,1.6001282793536828,False,0,1.1747922255235608,0.0,0.4,C_ref,2026-09-19 02:10:57,2026-09-19 00:48:16
pretrained_e02,0,1.0,1.0,9,0,0.8424111945792473,0.4659380635879346,1.183363371734117,0.7174253081461823,0.0652259051324547,1.5444747176675566,False,0,1.0718226317185326,0.0,0.4,C_ref,2026-09-19 02:10:57,2026-09-19 00:48:16
pretrained_e02,0,1.0,1.0,10,0,0.7477660584619855,0.13927648006270585,1.2008997385090783,1.0616232584463725,0.0368978520885121,1.5813372930394767,False,0,0.24915094286916428,1.0,0.4,C_ref,2026-09-19 02:10:57,2026-09-19 00:48:16
pretrained_e02,0,1.0,1.0,11,0,0.746987795748846,0.48860708417259485,1.1449707080195173,0.6563636238469224,0.05425640113254701,1.5166913254492462,False,0,2.345592398534791,0.0,0.4,C_ref,2026-09-19 02:10:57,2026-09-19 00:48:16
pretrained_e02,0,1.0,1.0,12,0,0.7064597980772388,0.09918750704975228,1.206580008095966,1.1073925010462138,0.026611758089274663,1.599688032164289,False,0,0.058056914880580734,1.0,0.4,C_ref,2026-09-19 02:10:57,2026-09-19 00:48:16
pretrained_e02,0,1.0,1.0,13,0,0.6632459386966594,0.11122343931691661,1.1937387782021505,1.0825153388852338,0.03017626212753908,1.5898208084265082,False,0,0.03809754314352176,1.0,0.4,C_ref,2026-09-19 02:10:57,2026-09-19 00:48:16
pretrained_e02,0,1.0,1.0,14,0,0.2674092360959224,0.10797841482972635,1.0530092814780274,0.945030866648301,0.03388732042609658,1.4629284143087422,False,0,0.08599602971298737,1.0,0.4,C_ref,2026-09-19 02:10:57,2026-09-19 00:48:16
pretrained_e02,0,1.0,1.0,15,0,0.6459626005747904,0.12419120853592157,1.1814859247008973,1.0572947161649757,0.03524062851039411,1.5785691977738887,False,0,0.052903249161317945,1.0,0.4,C_ref,2026-09-19 02:10:57,2026-09-19 00:48:16
pretrained_e02,0,1.0,1.0,16,0,0.962415770810635,0.18788875773052618,1.3496501270487649,1.1617613693182387,0.03323717222623768,1.7038075243042432,False,0,0.9175502039543062,1.0,0.4,C_ref,2026-09-19 02:10:57,2026-09-19 00:48:16
pretrained_e02,0,1.0,1.0,17,0,0.6048892412787675,0.19780950268102132,1.0333719246449284,0.8355624219639071,0.06626577430620265,1.4210778918768696,False,0,0.18117986246215878,1.0,0.4,C_ref,2026-09-19 02:10:57,2026-09-19 00:48:16
pretrained_e02,0,1.0,1.0,18,0,0.7025797925799054,0.1496368670241755,1.1725700817017404,1.022933214677565,0.042740497196735255,1.5611581940419688,False,0,0.18774188019961002,1.0,0.4,C_ref,2026-09-19 02:10:57,2026-09-19 00:48:16
pretrained_e02,0,1.0,1.0,19,0,0.6511061763287801,0.13135035603855189,1.1357625325705916,1.0044121765320397,0.03843750623884766,1.5270140457373815,False,0,0.0991043698413705,1.0,0.4,C_ref,2026-09-19 02:10:57,2026-09-19 00:48:16
pretrained_e02,0,1.0,1.0,20,0,0.44141880658750837,0.15351365534124709,0.9918721287426713,0.8383584734014242,0.049388722831769684,1.427154433634794,False,0,0.006866389132483164,1.0,0.4,C_ref,2026-09-19 02:10:57,2026-09-19 00:48:16
pretrained_e02,0,1.0,1.0,21,0,0.2720121074248747,0.09786656009129739,1.1715169266387457,1.0736503665474484,0.02703401645886702,1.5795178910602723,False,0,0.059680073623894714,1.0,0.4,C_ref,2026-09-19 02:10:57,2026-09-19 00:48:16
pretrained_e02,0,1.0,1.0,22,0,0.5702279609977735,0.1648068405049176,1.0833221710530156,0.9185153305480981,0.05122747252925707,1.4862137461412206,False,0,0.06892200059155584,1.0,0.4,C_ref,2026-09-19 02:10:57,2026-09-19 00:48:16
pretrained_e02,0,1.0,1.0,23,0,0.7042902363362045,0.1620913549713521,1.1245524072057693,0.9624610522344172,0.04871936323859907,1.4999367109872475,False,0,0.2926274214296427,1.0,0.4,C_ref,2026-09-19 02:10:57,2026-09-19 00:48:16
pretrained_e02,0,1.0,1.0,24,0,0.6359917935395151,0.15934666551641258,1.0969963730515557,0.9376497075351431,0.04911645410095879,1.4887951407732642,False,0,0.16353692815027898,1.0,0.4,C_ref,2026-09-19 02:10:57,2026-09-19 00:48:16
pretrained_e02,0,1.0,1.0,25,0,0.5813085174291126,0.19602725340857735,0.9908811643138621,0.7948539109052848,0.06909416905640027,1.3719243907493783,False,0,0.15867227927446947,1.0,0.4,C_ref,2026-09-19 02:10:57,2026-09-19 00:48:16
pretrained_e02,0,1.0,1.0,26,0,0.9794676926401522,0.16795552341877515,1.1914406707287668,1.0234851473099917,0.051445278431531564,1.515254513305211,False,0,0.33313527521750075,1.0,0.4,C_ref,2026-09-19 02:10:57,2026-09-19 00:48:16
pretrained_e02,0,1.0,1.0,27,0,0.4344174723421784,0.14933178744356296,0.9913343263325921,0.8420025388890291,0.048959197425670294,1.417755326956238,False,0,0.0037336042332754005,1.0,0.4,C_ref,2026-09-19 02:10:57,2026-09-19 00:48:16
pretrained_e02,0,1.0,1.0,28,0,0.6659983841537082,0.1611181853115407,1.1164022284307111,0.9552840431191705,0.0483657734981233,1.505657539026348,False,0,0.26628321345560835,1.0,0.4,C_ref,2026-09-19 02:10:57,2026-09-19 00:48:16
pretrained_e02,0,1.0,1.0,29,0,0.6311071475899432,0.14670791819443202,1.0911933448545366,0.9444854266601046,0.044791742358949,1.4821573772825287,False,0,0.1582060292494134,1.0,0.4,C_ref,2026-09-19 02:10:57,2026-09-19 00:48:16
pretrained_e02,0,1.0,1.0,30,0,0.6832193636870036,0.16569588754806086,1.1028757322532132,0.9371798447051524,0.051821791793651976,1.4767303423487763,False,0,0.2526199891726719,1.0,0.4,C_ref,2026-09-19 02:10:57,2026-09-19 00:48:16
pretrained_e02,0,1.0,1.0,31,0,0.3636000386171623,0.12313606634420324,1.1122904410579555,0.9891543747137522,0.03671727811766418,1.5195961295191687,False,0,0.002529640511056641,1.0,0.4,C_ref,2026-09-19 02:10:57,2026-09-19 00:48:16
pretrained_e02,0,1.0,1.0,32,0,0.6691994365678957,0.15790354124070854,1.1510426420871465,0.9931391008464379,0.04666055766007569,1.5392235710088384,False,0,0.14110073681513313,1.0,0.4,C_ref,2026-09-19 02:10:57,2026-09-19 00:48:16
pretrained_e02,0,1.0,1.0,33,0,0.8939479616697465,0.8363163717763686,1.1913575946061843,0.35504122282981565,0.13160095390158727,1.536433641412272,False,0,3.366572985018138,0.0,0.4,C_ref,2026-09-19 02:10:57,2026-09-19 00:48:16
pretrained_e02,0,1.0,1.0,34,0,0.6709466114984762,0.14879950841568834,1.1335475746069603,0.984748066191272,0.04480354023343836,1.5219247700020213,False,0,0.4435173208476044,1.0,0.4,C_ref,2026-09-19 02:10:57,2026-09-19 00:48:16
pretrained_e02,0,1.0,1.0,35,0,0.7591210828335451,0.13754540681192368,1.1753530924198676,1.037807685607944,0.039599093663696974,1.5432315852459046,False,0,0.31621857291611377,1.0,0.4,C_ref,2026-09-19 02:10:57,2026-09-19 00:48:16
pretrained_e02,0,1.0,1.0,36,0,0.9501255257264638,0.9200057059609802,1.2445166740358216,0.32451096807484137,0.042376163672746076,1.600233575794496,False,0,1.012033942151902,0.0,0.4,C_ref,2026-09-19 02:10:57,2026-09-19 00:48:16
pretrained_e02,0,1.0,1.0,37,0,0.5810068929407977,0.11483133726098912,1.1120050994363797,0.9971737621753906,0.03443711472260582,1.515729438965276,False,0,0.02219617274022312,1.0,0.4,C_ref,2026-09-19 02:10:57,2026-09-19 00:48:16
pretrained_e02,0,1.0,1.0,38,0,0.3095364920972841,0.1083407809404515,1.1499596205082143,1.0416188395677628,0.030857663927537485,1.5583053008286798,False,0,0.025106460834649624,1.0,0.4,C_ref,2026-09-19 02:10:57,2026-09-19 00:48:16
pretrained_e02,0,1.0,1.0,39,0,0.3152790421869286,0.11970821420188571,0.9810999608810983,0.8613917466792126,0.03819704181266076,1.4228476414985973,False,0,0.03078158147764043,1.0,0.4,C_ref,2026-09-19 02:10:57,2026-09-19 00:48:16
pretrained_e02,0,1.0,1.0,40,0,0.42663306323158606,0.13112561212280277,1.0712086783246966,0.9400830662018937,0.0395981302565152,1.4915666959857459,False,0,0.001183752086944878,1.0,0.4,C_ref,2026-09-19 02:10:57,2026-09-19 00:48:16
pretrained_e02,0,1.0,1.0,41,0,0.6039682582084718,0.1816175320274243,1.0484999433528335,0.8668824113254092,0.0569593026224639,1.4348283211085369,False,0,0.14876821642974392,1.0,0.4,C_ref,2026-09-19 02:10:57,2026-09-19 00:48:16
pretrained_e02,0,1.0,1.0,42,0,0.8572078945731322,0.8116733317881831,1.184224103649095,0.3725507718609119,0.057316629874778924,1.5480339934744618,False,0,1.2549451238046458,0.0,0.4,C_ref,2026-09-19 02:10:57,2026-09-19 00:48:16
pretrained_e02,0,1.0,1.0,43,0,0.6502163670501725,0.19473345102179318,1.0777022770912683,0.8829688260694751,0.061250247614835274,1.4599348105030823,False,0,0.2431189111666754,1.0,0.4,C_ref,2026-09-19 02:10:57,2026-09-19 00:48:16
pretrained_e02,0,1.0,1.0,44,0,0.9845711244983786,0.9635395814910457,1.2083236883375237,0.244784106846478,0.116092646839982,1.5309583286397286,False,0,2.0639895245767548,0.0,0.4,C_ref,2026-09-19 02:10:57,2026-09-19 00:48:16
pretrained_e02,0,1.0,1.0,45,0,0.686010743454506,0.2997436793266348,1.0847515164960613,0.7850078371694265,0.06087148913279631,1.454192384355688,False,0,0.7614690809205058,1.0,0.4,C_ref,2026-09-19 02:10:57,2026-09-19 00:48:16
pretrained_e02,0,1.0,1.0,46,0,0.616761386910683,0.15155211132611185,1.0956619758658535,0.9441098645397417,0.04576115497699057,1.4880624702243483,False,0,0.10565163034334546,1.0,0.4,C_ref,2026-09-19 02:10:57,2026-09-19 00:48:16
pretrained_e02,0,1.0,1.0,47,0,0.7231420468869673,0.12431569608175141,1.1712672849959282,1.046951588914177,0.03548165113464371,1.5474630989451594,False,0,0.17879949870257406,1.0,0.4,C_ref,2026-09-19 02:10:57,2026-09-19 00:48:16
pretrained_e02,0,1.0,1.0,0,0,2.5252941537340257,2.2036111207841453,2.8520699285371856,0.6484588077530402,1.883941575050251,3.1857020548465176,False,0,0.005896313581615686,1.0,2.5,C_ref,2026-09-19 02:10:57,2026-09-19 00:48:16
pretrained_e02,0,1.0,1.0,1,0,2.572135858838997,2.2508774948716463,2.8982908188496443,0.647413323977998,1.9313945617341362,3.231212732577247,False,0,0.0498944095124898,1.0,2.5,C_ref,2026-09-19 02:10:57,2026-09-19 00:48:16
pretrained_e02,0,1.0,1.0,2,0,2.652584109427145,2.3325691465648735,2.978023311314754,0.6454541647498804,2.0153046724615384,3.31051445204423,False,0,0.22561971134564374,1.0,2.5,C_ref,2026-09-19 02:10:57,2026-09-19 00:48:16
pretrained_e02,0,1.0,1.0,3,0,2.6870070962910337,2.3673671359319113,3.0123981090585206,0.6450309731266093,2.051025721937617,3.345041477166516,False,0,0.3400714785493619,1.0,2.5,C_ref,2026-09-19 02:10:57,2026-09-19 00:48:16
pretrained_e02,0,1.0,1.0,4,0,2.601841236431824,2.283337018560725,2.9257193123520606,0.6423822937913357,1.9674265704394553,3.2566755173125337,False,0,0.10121873696698458,1.0,2.5,C_ref,2026-09-19 02:10:57,2026-09-19 00:48:16
pretrained_e02,0,1.0,1.0,5,0,2.5339509441738257,2.2134939020986057,2.8593367976170225,0.6458428955184168,1.8948492164098254,3.1914229391511033,False,0,0.010946961188892601,1.0,2.5,C_ref,2026-09-19 02:10:57,2026-09-19 00:48:16
pretrained_e02,0,1.0,1.0,6,0,2.4991536927860727,2.177603546800159,2.8253074005087537,0.6477038537085948,1.8573066624576537,3.158075965786974,False,0,0.0,1.0,2.5,C_ref,2026-09-19 02:10:57,2026-09-19 00:48:16
pretrained_e02,0,1.0,1.0,7,0,2.571442185716861,2.2521084282257977,2.8960323680594695,0.6439239398336718,1.9352585862423743,3.227605052907827,False,0,0.04948939238965977,1.0,2.5,C_ref,2026-09-19 02:10:57,2026-09-19 00:48:16
pretrained_e02,0,1.0,1.0,8,0,2.639074080775635,2.3199635937466057,2.9639297162652394,0.6439661225186337,2.004184413186821,3.2961291937459496,False,0,0.18830408428766532,1.0,2.5,C_ref,2026-09-19 02:10:57,2026-09-19 00:48:16
pretrained_e02,0,1.0,1.0,9,0,2.56265965636482,2.2432931867984784,2.8873045313736796,0.6440113445752012,1.9263508029121947,3.2189418040149005,False,0,0.037993120447936235,1.0,2.5,C_ref,2026-09-19 02:10:57,2026-09-19 00:48:16
pretrained_e02,0,1.0,1.0,10,0,2.6653276435827156,2.3454162599506945,2.9909897374090484,0.6455734774583539,2.0287620248609977,3.323833234783228,False,0,0.26494797682971694,1.0,2.5,C_ref,2026-09-19 02:10:57,2026-09-19 00:48:16
pretrained_e02,0,1.0,1.0,11,0,2.530369451186102,2.2068571464768096,2.8585923282965027,0.651735181819693,1.8848352252069602,3.193404674862335,False,0,0.008714149553270545,1.0,2.5,C_ref,2026-09-19 02:10:57,2026-09-19 00:48:16
pretrained_e02,0,1.0,1.0,12,0,2.7079796770631996,2.3863833790246995,3.035340208169204,0.6489568291445043,2.0680973347478875,3.370010265070295,False,0,0.4159590605231642,1.0,2.5,C_ref,2026-09-19 02:10:57,2026-09-19 00:48:16
pretrained_e02,0,1.0,1.0,13,0,2.6977391700707436,2.377418725183078,3.02384947130184,0.646430746118762,2.060452345983831,3.3572745480183137,False,0,0.37881418323740945,1.0,2.5,C_ref,2026-09-19 02:10:57,2026-09-19 00:48:16
pretrained_e02,0,1.0,1.0,14,0,2.541702005450161,2.2233354321499883,2.864901560242327,0.6415661280923386,1.906580599083897,3.1948585548865056,False,0,0.01694148703973042,1.0,2.5,C_ref,2026-09-19 02:10:57,2026-09-19 00:48:16
pretrained_e02,0,1.0,1.0,15,0,2.6852351088148367,2.3656197119857962,3.0106692218953612,0.645049509909565,2.0493346452120678,3.3433296035949387,False,0,0.3335589272719517,1.0,2.5,C_ref,2026-09-19 02:10:57,2026-09-19 00:48:16
pretrained_e02,0,1.0,1.0,16,0,2.7726916159595016,2.456102517259093,3.096038440785698,0.6399359235266049,2.1444829136677277,3.427307494725342,False,0,0.7398044840629154,1.0,2.5,C_ref,2026-09-19 02:10:57,2026-09-19 00:48:16
pretrained_e02,0,1.0,1.0,17,0,2.4302765612058117,2.1072697148628365,2.7570551599782833,0.6497854451154468,1.7839482505175384,3.089953574716954,False,0,0.04606041103033931,1.0,2.5,C_ref,2026-09-19 02:10:57,2026-09-19 00:48:16
pretrained_e02,0,1.0,1.0,18,0,2.65233249960955,2.3326732482978354,2.977417081276049,0.6447438329782136,2.0158020374383216,3.3095586024389925,False,0,0.22537568588813883,1.0,2.5,C_ref,2026-09-19 02:10:57,2026-09-19 00:48:16
pretrained_e02,0,1.0,1.0,19,0,2.5944502624637082,2.275041108294271,2.919180454012178,0.6441393457179068,1.9581100717459794,3.250846410550237,False,0,0.08640630657100701,1.0,2.5,C_ref,2026-09-19 02:10:57,2026-09-19 00:48:16
pretrained_e02,0,1.0,1.0,20,0,2.522050894342463,2.197728731425538,2.850438441722375,0.6527097102968371,1.8736679151493372,3.1850098449208626,False,0,0.004541432710539084,1.0,2.5,C_ref,2026-09-19 02:10:57,2026-09-19 00:48:16
pretrained_e02,0,1.0,1.0,21,0,2.6932793295551827,2.3747243861077725,3.0178285975514285,0.643104211443656,2.0597687262577145,3.3498156541722985,False,0,0.3657136613401235,1.0,2.5,C_ref,2026-09-19 02:10:57,2026-09-19 00:48:16
pretrained_e02,0,1.0,1.0,22,0,2.54810675192662,2.2253196140381375,2.8754634820520373,0.6501438680138998,1.9037541567229068,3.2093813387318995,False,0,0.021960485479212366,1.0,2.5,C_ref,2026-09-19 02:10:57,2026-09-19 00:48:16
pretrained_e02,0,1.0,1.0,23,0,2.5205900413997533,2.2003929632196098,2.8456350400305266,0.6452420768109168,1.8819563804713138,3.17746692056298,False,0,0.00408208126827958,1.0,2.5,C_ref,2026-09-19 02:10:57,2026-09-19 00:48:16
pretrained_e02,0,1.0,1.0,24,0,2.5271189550663635,2.207004849506862,2.8519211023824314,0.6449162528755692,1.8882577769963804,3.1833283291698327,False,0,0.007017632087809034,1.0,2.5,C_ref,2026-09-19 02:10:57,2026-09-19 00:48:16
pretrained_e02,0,1.0,1.0,25,0,2.366072102907054,2.043419916382848,2.6918577090963387,0.6484377927134908,1.7192765161217907,3.0232965170301966,False,0,0.17025252938765334,1.0,2.5,C_ref,2026-09-19 02:10:57,2026-09-19 00:48:16
pretrained_e02,0,1.0,1.0,26,0,2.4860511010913204,2.165088673739073,2.8115761379168247,0.6464874641777518,1.8453009664750322,3.143592283306735,False,0,0.0017163161137432326,1.0,2.5,C_ref,2026-09-19 02:10:57,2026-09-19 00:48:16
pretrained_e02,0,1.0,1.0,27,0,2.515365501403525,2.194413965593004,2.8407234869775064,0.6463095213845023,1.8743149958609326,3.172448246001554,False,0,0.0020619754068320617,1.0,2.5,C_ref,2026-09-19 02:10:57,2026-09-19 00:48:16
pretrained_e02,0,1.0,1.0,28,0,2.588810438442644,2.267284564473736,2.9153343955747726,0.6480498311010368,1.947770213953307,3.2486936220072202,False,0,0.07557462293334538,1.0,2.5,C_ref,2026-09-19 02:10:57,2026-09-19 00:48:16
pretrained_e02,0,1.0,1.0,29,0,2.5263826982526223,2.2035205408470184,2.8539052297644423,0.6503846889174238,1.882051319362967,3.188020243095581,False,0,0.006480492003902327,1.0,2.5,C_ref,2026-09-19 02:10:57,2026-09-19 00:48:16
pretrained_e02,0,1.0,1.0,30,0,2.5222495565058227,2.2040557714938385,2.8453712995780305,0.641315528084192,1.887686027290284,3.175283689645897,False,0,0.004780135084729409,1.0,2.5,C_ref,2026-09-19 02:10:57,2026-09-19 00:48:16
pretrained_e02,0,1.0,1.0,31,0,2.6036498609816063,2.2814243981549907,2.9308982991452477,0.649473900990257,1.9612808426885744,3.2648952745263378,False,0,0.10247233114569099,1.0,2.5,C_ref,2026-09-19 02:10:57,2026-09-19 00:48:16
pretrained_e02,0,1.0,1.0,32,0,2.604937168669045,2.2850966037619647,2.930308784194379,0.6452121804324142,1.9680385378947713,3.2627303886951977,False,0,0.10637951906755916,1.0,2.5,C_ref,2026-09-19 02:10:57,2026-09-19 00:48:16
pretrained_e02,0,1.0,1.0,33,0,2.5011171626988764,2.1803353355400996,2.82660490381754,0.6462695682774404,1.8610635201816033,3.158782300586894,False,0,0.0,1.0,2.5,C_ref,2026-09-19 02:10:57,2026-09-19 00:48:16
pretrained_e02,0,1.0,1.0,34,0,2.545648130256195,2.2238225413398784,2.872340499749125,0.6485179584092466,1.9037196147348174,3.205716229339906,False,0,0.019725309699424542,1.0,2.5,C_ref,2026-09-19 02:10:57,2026-09-19 00:48:16
pretrained_e02,0,1.0,1.0,35,0,2.536239552697646,2.2175143888625386,2.8603579132992643,0.6428435244367257,1.9013792912710723,3.1914719098481235,False,0,0.012625475759705296,1.0,2.5,C_ref,2026-09-19 02:10:57,2026-09-19 00:48:16
pretrained_e02,0,1.0,1.0,36,0,2.6624447132833637,2.3438451198025407,2.986756769022669,0.6429116492201281,2.0284307261413077,3.318334789025863,False,0,0.25798039873916423,1.0,2.5,C_ref,2026-09-19 02:10:57,2026-09-19 00:48:16
pretrained_e02,0,1.0,1.0,37,0,2.6307909914278196,2.3099360352931173,2.956885200889006,0.6469491655958888,1.9916119329764086,3.2899754477962113,False,0,0.16485282813664526,1.0,2.5,C_ref,2026-09-19 02:10:57,2026-09-19 00:48:16
pretrained_e02,0,1.0,1.0,38,0,2.678335801086639,2.3601999801537334,3.0022591471490285,0.6420591669952951,2.0454873036653844,3.3335060371070915,False,0,0.3121232316298119,1.0,2.5,C_ref,2026-09-19 02:10:57,2026-09-19 00:48:16
pretrained_e02,0,1.0,1.0,39,0,2.52834138187788,2.2089193144930093,2.8526887455913763,0.643769431098367,1.8911770405224289,3.1838976072162524,False,0,0.0077534266929433215,1.0,2.5,C_ref,2026-09-19 02:10:57,2026-09-19 00:48:16
pretrained_e02,0,1.0,1.0,40,0,2.598993910819674,2.27702909554063,2.9259550029702863,0.6489259074296565,1.957021005496236,3.25976512840844,False,0,0.09369670914747985,1.0,2.5,C_ref,2026-09-19 02:10:57,2026-09-19 00:48:16
pretrained_e02,0,1.0,1.0,41,0,2.478764707538495,2.1564050955990863,2.8054216421746707,0.6490165465755844,1.8347460383819278,3.138496964712732,False,0,0.004275064362445846,1.0,2.5,C_ref,2026-09-19 02:10:57,2026-09-19 00:48:16
pretrained_e02,0,1.0,1.0,42,0,2.6223597996598955,2.3020554887903284,2.948084834444642,0.6460293456543136,1.984496684370991,3.2808696021441697,False,0,0.1446098666128819,1.0,2.5,C_ref,2026-09-19 02:10:57,2026-09-19 00:48:16
pretrained_e02,0,1.0,1.0,43,0,2.4840713825032026,2.162162006071703,2.810467861351381,0.6483058552796779,1.8412702823364029,3.1432861715106197,False,0,0.0022615746202063747,1.0,2.5,C_ref,2026-09-19 02:10:57,2026-09-19 00:48:16
pretrained_e02,0,1.0,1.0,44,0,2.4739384560491966,2.1507063588370845,2.8014394365967425,0.650733077759658,1.828191400150829,3.1352724069977875,False,0,0.006280068373598624,1.0,2.5,C_ref,2026-09-19 02:10:57,2026-09-19 00:48:16
pretrained_e02,0,1.0,1.0,45,0,2.4391646223370986,2.117552248382723,2.76512413610599,0.647571887723267,1.7967425583837344,3.0975377254392624,False,0,0.03528902462494443,1.0,2.5,C_ref,2026-09-19 02:10:57,2026-09-19 00:48:16
pretrained_e02,0,1.0,1.0,46,0,2.5522091217618383,2.230646813215646,2.8786071238849744,0.6479603106693284,1.9108413597797338,3.2116913917921828,False,0,0.026043430327263195,1.0,2.5,C_ref,2026-09-19 02:10:57,2026-09-19 00:48:16
pretrained_e02,0,1.0,1.0,47,0,2.6132902193763345,2.294722977925139,2.9376533163083547,0.6429303383832159,1.9794221284496387,3.269329123724778,False,0,0.1250931445720198,1.0,2.5,C_ref,2026-09-19 02:10:57,2026-09-19 00:48:16
pretrained_e03,0,0.03,0.03,0,0,0.4532192539628111,0.13888319271121982,1.0165233104752964,0.8776401177640766,0.04240479224482307,1.4129108112552906,False,0,0.007565778596472228,1.0,0.4,C_ref,2026-09-19 01:43:16,2026-09-18 06:48:58
pretrained_e03,0,0.03,0.03,1,0,0.28987397349363564,0.106522643379125,0.9133491571504185,0.8068265137712936,0.03026118757266328,1.3946024730227373,False,0,0.08292904892732622,1.0,0.4,C_ref,2026-09-19 01:43:16,2026-09-18 06:48:58
pretrained_e03,0,0.03,0.03,2,0,0.563978735004105,0.0925687493312455,1.0699713631774013,0.9774026138461558,0.02651900283011508,1.4764871865290778,False,0,0.2767998028866714,1.0,0.4,C_ref,2026-09-19 01:43:16,2026-09-18 06:48:58
pretrained_e03,0,0.03,0.03,3,0,0.2910426113020544,0.09809786722195325,1.1352301062141275,1.0371322389921742,0.026310065801143402,1.5353288253782316,False,0,0.045564154839667026,1.0,0.4,C_ref,2026-09-19 01:43:16,2026-09-18 06:48:58
pretrained_e03,0,0.03,0.03,4,0,0.2835340115595705,0.10813411274507276,0.8575119855524316,0.7493778728073588,0.032493760321449544,1.3545002964638337,False,0,0.10616362580913119,1.0,0.4,C_ref,2026-09-19 01:43:16,2026-09-18 06:48:58
pretrained_e03,0,0.03,0.03,5,0,0.39761945646877167,0.12346270113689409,1.0428147089145114,0.9193520077776174,0.03546275971081055,1.4478249746136782,False,0,0.0,1.0,0.4,C_ref,2026-09-19 01:43:16,2026-09-18 06:48:58
pretrained_e03,0,0.03,0.03,6,0,0.36004970519076,0.13013987088232765,0.9393589951413643,0.8092191242590367,0.03992383950048318,1.3755171013709357,False,0,0.008672521533299005,1.0,0.4,C_ref,2026-09-19 01:43:16,2026-09-18 06:48:58
pretrained_e03,0,0.03,0.03,7,0,0.4987419582942805,0.15826381832222647,1.0453175747000993,0.8870537563778729,0.04973903070303522,1.4401510028653777,False,0,0.0289189217837702,1.0,0.4,C_ref,2026-09-19 01:43:16,2026-09-18 06:48:58
pretrained_e03,0,0.03,0.03,8,0,0.25428235474926647,0.09048737442674655,0.9883888588687205,0.8979014844419739,0.023769433319159525,1.4638997095698645,False,0,0.13896388377906987,1.0,0.4,C_ref,2026-09-19 01:43:16,2026-09-18 06:48:58
pretrained_e03,0,0.03,0.03,9,0,0.44852566867156146,0.13360934921483797,1.0813997509784086,0.9477904017635705,0.04022905186715972,1.474124091377522,False,0,0.004231366448948393,1.0,0.4,C_ref,2026-09-19 01:43:16,2026-09-18 06:48:58
pretrained_e03,0,0.03,0.03,10,0,0.7313100510537139,0.4867908235829787,1.1783437229479627,0.691552899364984,0.025432782867504878,1.5479349866439296,False,0,2.293103950916702,0.0,0.4,C_ref,2026-09-19 01:43:16,2026-09-18 06:48:58
pretrained_e03,0,0.03,0.03,11,0,0.4091448256460997,0.12509174593093453,1.0600866995108167,0.9349949535798822,0.03565556228857771,1.4653723724172754,False,0,0.00018623659343575127,1.0,0.4,C_ref,2026-09-19 01:43:16,2026-09-18 06:48:58
pretrained_e03,0,0.03,0.03,12,0,0.21552629829663741,0.07791649289952302,0.7658839541084215,0.6879674612088984,0.018711870536371578,1.4054486103613653,False,0,0.3351553756147041,1.0,0.4,C_ref,2026-09-19 01:43:16,2026-09-18 06:48:58
pretrained_e03,0,0.03,0.03,13,0,0.3167269670821152,0.10627480680293251,1.0900795334520192,0.9838047266490867,0.028787594394214095,1.507120186620858,False,0,0.027115668413898675,1.0,0.4,C_ref,2026-09-19 01:43:16,2026-09-18 06:48:58
pretrained_e03,0,0.03,0.03,14,0,0.26042729839901047,0.0976513272180654,0.8960902055013332,0.7984388782832679,0.028009183902894412,1.3812423494071546,False,0,0.14737490866173175,1.0,0.4,C_ref,2026-09-19 01:43:16,2026-09-18 06:48:58
pretrained_e03,0,0.03,0.03,15,0,0.2518828733727461,0.09413577730202734,0.8141797972597813,0.7200440199577539,0.025894528039141204,1.3703175708605666,False,0,0.19395366828757687,1.0,0.4,C_ref,2026-09-19 01:43:16,2026-09-18 06:48:58
pretrained_e03,0,0.03,0.03,16,0,0.28847715027770576,0.09342486400363341,1.1884139309134711,1.0949890669098377,0.023787778269816123,1.5687423073029474,False,0,0.03815223339915974,1.0,0.4,C_ref,2026-09-19 01:43:16,2026-09-18 06:48:58
pretrained_e03,0,0.03,0.03,17,0,0.5269502232642149,0.19181578572712074,1.0024365978454044,0.8106208121182836,0.06522111357943867,1.3921086395714954,False,0,0.07549603609004407,1.0,0.4,C_ref,2026-09-19 01:43:16,2026-09-18 06:48:58
pretrained_e03,0,0.03,0.03,18,0,0.3008059515589434,0.10129989190313428,1.11469109838267,1.0133912064795358,0.027620325876377146,1.5150592588134901,False,0,0.036648939494625665,1.0,0.4,C_ref,2026-09-19 01:43:16,2026-09-18 06:48:58
pretrained_e03,0,0.03,0.03,19,0,0.2934621191379502,0.1027858152587807,1.0058900680991087,0.903104252840328,0.028240175590476264,1.4498556867981123,False,0,0.060357792222930584,1.0,0.4,C_ref,2026-09-19 01:43:16,2026-09-18 06:48:58
pretrained_e03,0,0.03,0.03,20,0,0.3940991345938781,0.12584680745079696,1.0692470331634678,0.9434002257126708,0.0368282572838454,1.4719590797130058,False,0,5.3813335398444906e-05,1.0,0.4,C_ref,2026-09-19 01:43:16,2026-09-18 06:48:58
pretrained_e03,0,0.03,0.03,21,0,0.2766423105877533,0.1014722697767374,0.9311120195229268,0.8296397497461894,0.0284724745837348,1.425129921993171,False,0,0.10670356409536907,1.0,0.4,C_ref,2026-09-19 01:43:16,2026-09-18 06:48:58
pretrained_e03,0,0.03,0.03,22,0,0.5874819125461299,0.12982445322413527,1.1217606737761667,0.9919362205520315,0.037031134024429466,1.5005346789177811,False,0,0.02988208789975033,1.0,0.4,C_ref,2026-09-19 01:43:16,2026-09-18 06:48:58
pretrained_e03,0,0.03,0.03,23,0,0.3848028948745435,0.12602531842604373,1.0211395433129369,0.8951142248868932,0.03780451646003966,1.4212725333225344,False,0,0.0006372380521497689,1.0,0.4,C_ref,2026-09-19 01:43:16,2026-09-18 06:48:58
pretrained_e03,0,0.03,0.03,24,0,0.2912450739259293,0.11262904260920466,0.8011414552119592,0.6885124126027545,0.03426313553616813,1.306914343042588,False,0,0.10210598142293748,1.0,0.4,C_ref,2026-09-19 01:43:16,2026-09-18 06:48:58
pretrained_e03,0,0.03,0.03,25,0,0.4212614720364477,0.1636921756188676,0.900641339346778,0.7369491637279104,0.0563268166795082,1.31207173772499,False,0,0.0028657187140197493,1.0,0.4,C_ref,2026-09-19 01:43:16,2026-09-18 06:48:58
pretrained_e03,0,0.03,0.03,26,0,0.41569980953714647,0.1383396298010549,0.965361497756421,0.827021867955366,0.042878648680394094,1.3712452269159923,False,0,0.0008641057866043411,1.0,0.4,C_ref,2026-09-19 01:43:16,2026-09-18 06:48:58
pretrained_e03,0,0.03,0.03,27,0,0.36891896746969055,0.1388356954046416,0.9143380380995184,0.7755023426948768,0.04512525123755663,1.3509400430406509,False,0,0.005916584523220081,1.0,0.4,C_ref,2026-09-19 01:43:16,2026-09-18 06:48:58
pretrained_e03,0,0.03,0.03,28,0,0.4403639065168965,0.12292341961594248,1.1118339763328942,0.9889105567169517,0.03501098058738115,1.4991018951848545,False,0,0.0019283485016785562,1.0,0.4,C_ref,2026-09-19 01:43:16,2026-09-18 06:48:58
pretrained_e03,0,0.03,0.03,29,0,0.38465350210535737,0.11269948670346473,1.0852969106713362,0.9725974239678714,0.031353370248389814,1.4760016310942763,False,0,0.0003071813771384768,1.0,0.4,C_ref,2026-09-19 01:43:16,2026-09-18 06:48:58
pretrained_e03,0,0.03,0.03,30,0,0.3005533255084044,0.11744570639449298,0.7793183812144954,0.6618726748200023,0.036714435537399996,1.2562440224535774,False,0,0.08607448415568797,1.0,0.4,C_ref,2026-09-19 01:43:16,2026-09-18 06:48:58
pretrained_e03,0,0.03,0.03,31,0,0.30404692915641246,0.10266636213337207,1.0925077020066192,0.9898413398732471,0.027819291943194595,1.5042311213580957,False,0,0.036174949462292716,1.0,0.4,C_ref,2026-09-19 01:43:16,2026-09-18 06:48:58
pretrained_e03,0,0.03,0.03,32,0,0.2870394912532156,0.10312091988647505,0.9678433586282109,0.8647224387417358,0.02863521622646802,1.4313062547160365,False,0,0.0784831724158721,1.0,0.4,C_ref,2026-09-19 01:43:16,2026-09-18 06:48:58
pretrained_e03,0,0.03,0.03,33,0,0.5934896732343953,0.16914538076559268,1.0711238903660385,0.9019785096004458,0.051490895707343706,1.4473252046018403,False,0,0.09860403900893289,1.0,0.4,C_ref,2026-09-19 01:43:16,2026-09-18 06:48:58
pretrained_e03,0,0.03,0.03,34,0,0.3482466812543229,0.11730150247111679,1.0314647047076064,0.9141632022364896,0.033660505555140705,1.4524845475604873,False,0,0.010374016495916294,1.0,0.4,C_ref,2026-09-19 01:43:16,2026-09-18 06:48:58
pretrained_e03,0,0.03,0.03,35,0,0.40718736143143414,0.12773574490426687,1.070917130382731,0.9431813854784641,0.03758842040891762,1.4686301931624155,False,0,0.00010024059156421572,1.0,0.4,C_ref,2026-09-19 01:43:16,2026-09-18 06:48:58
pretrained_e03,0,0.03,0.03,36,0,0.2370042144195184,0.08718898074334183,0.9386888174267383,0.8514998366833965,0.022854386623527283,1.4398932800259765,False,0,0.19137403059357894,1.0,0.4,C_ref,2026-09-19 01:43:16,2026-09-18 06:48:58
pretrained_e03,0,0.03,0.03,37,0,0.6135372582208101,0.09381400721899369,1.1411050133237344,1.0472910061047407,0.02488774709648535,1.521280048677737,False,0,0.0178174666580162,1.0,0.4,C_ref,2026-09-19 01:43:16,2026-09-18 06:48:58
pretrained_e03,0,0.03,0.03,38,0,0.8200539573051351,0.6197950435173191,1.1985605931652343,0.5787655496479153,0.6148933390919334,1.557028142964992,False,0,6.684221773939498,0.0,0.4,C_ref,2026-09-19 01:43:16,2026-09-18 06:48:58
pretrained_e03,0,0.03,0.03,39,0,0.2999641039944439,0.11398572926386573,0.8614689379665105,0.7474832087026447,0.03449899280274966,1.3468949444431693,False,0,0.07561793869899702,1.0,0.4,C_ref,2026-09-19 01:43:16,2026-09-18 06:48:58
pretrained_e03,0,0.03,0.03,40,0,0.32085433742815034,0.10333835983643797,1.0735905008431341,0.9702521410066962,0.028099826122299894,1.4754443223479305,False,0,0.017901136750879232,1.0,0.4,C_ref,2026-09-19 01:43:16,2026-09-18 06:48:58
pretrained_e03,0,0.03,0.03,41,0,0.6002007266130716,0.16945684923613955,1.0842693041752132,0.9148124549390736,0.05124821788681014,1.4611446711531013,False,0,0.09895373933613882,1.0,0.4,C_ref,2026-09-19 01:43:16,2026-09-18 06:48:58
pretrained_e03,0,0.03,0.03,42,0,0.3297171749587559,0.11038160567950409,1.0705959640235796,0.9602143583440755,0.0307688787460344,1.4805328734584877,False,0,0.018281987820955692,1.0,0.4,C_ref,2026-09-19 01:43:16,2026-09-18 06:48:58
pretrained_e03,0,0.03,0.03,43,0,0.444345598685465,0.15492895132371307,0.970654488071993,0.8157255367482799,0.05027383275180106,1.374032353032129,False,0,0.008303580456413329,1.0,0.4,C_ref,2026-09-19 01:43:16,2026-09-18 06:48:58
pretrained_e03,0,0.03,0.03,44,0,0.5919867347816908,0.17739158560907253,1.0653368490621649,0.8879452634530923,0.05408523563226865,1.4439308856344026,False,0,0.11100572312352597,1.0,0.4,C_ref,2026-09-19 01:43:16,2026-09-18 06:48:58
pretrained_e03,0,0.03,0.03,45,0,0.38569761227233557,0.14534376818209913,0.8914858145728446,0.7461420463907454,0.04716497995981688,1.3185220567857714,False,0,0.0011581992730498314,1.0,0.4,C_ref,2026-09-19 01:43:16,2026-09-18 06:48:58
pretrained_e03,0,0.03,0.03,46,0,0.4170333288092741,0.13457896666123367,1.0222767891432876,0.8876978224820539,0.04061498884048336,1.4249202572838184,False,0,0.00083072679626639,1.0,0.4,C_ref,2026-09-19 01:43:16,2026-09-18 06:48:58
pretrained_e03,0,0.03,0.03,47,0,0.35924212025109103,0.12330553360044672,1.0405451325955928,0.9172395989951461,0.036879371347996,1.4555698430022068,False,0,0.006523069536342518,1.0,0.4,C_ref,2026-09-19 01:43:16,2026-09-18 06:48:58
pretrained_e03,0,0.03,0.03,0,0,2.3596596604531266,2.0416469849565675,2.681613241335194,0.6399662563786266,1.7235438443825513,3.0097935311436124,False,0,0.1917375957709737,1.0,2.5,C_ref,2026-09-19 01:43:16,2026-09-18 06:48:58
pretrained_e03,0,0.03,0.03,1,0,2.429170927470146,2.1106203231524003,2.751748938076907,0.6411286149245066,1.7923547030272513,3.08054440283756,False,0,0.04880190258700168,1.0,2.5,C_ref,2026-09-19 01:43:16,2026-09-18 06:48:58
pretrained_e03,0,0.03,0.03,2,0,2.4823313525289965,2.166185915322733,2.8030134872556225,0.6368275719328893,1.851211162612012,3.1302148002798527,False,0,0.0030309252251754515,1.0,2.5,C_ref,2026-09-19 01:43:16,2026-09-18 06:48:58
pretrained_e03,0,0.03,0.03,3,0,2.5379589633289266,2.2231454223219296,2.8579437946365673,0.6347983723146378,1.910616675532504,3.184808059056713,False,0,0.014317062235932099,1.0,2.5,C_ref,2026-09-19 01:43:16,2026-09-18 06:48:58
pretrained_e03,0,0.03,0.03,4,0,2.40773130221452,2.091896244700663,2.727335648075912,0.6354394033752491,1.775842202058458,3.052996695651141,False,0,0.08421062685738434,1.0,2.5,C_ref,2026-09-19 01:43:16,2026-09-18 06:48:58
pretrained_e03,0,0.03,0.03,5,0,2.4167062129923913,2.0987705973812347,2.7384809096548586,0.6397103122736238,1.7808463776964327,3.066282615519752,False,0,0.06767312320880592,1.0,2.5,C_ref,2026-09-19 01:43:16,2026-09-18 06:48:58
pretrained_e03,0,0.03,0.03,6,0,2.3584950063816237,2.0388536108915907,2.681499382412049,0.6426457715204585,1.718215305703194,3.010314921142774,False,0,0.19347934459437965,1.0,2.5,C_ref,2026-09-19 01:43:16,2026-09-18 06:48:58
pretrained_e03,0,0.03,0.03,7,0,2.4134225203630595,2.097359595864732,2.733646213460222,0.63628661759549,1.781751840315091,3.060180392969056,False,0,0.07385715987766162,1.0,2.5,C_ref,2026-09-19 01:43:16,2026-09-18 06:48:58
pretrained_e03,0,0.03,0.03,8,0,2.4815350875149913,2.1649432044066566,2.802693949444461,0.6377507450378044,1.849503137365992,3.1304061194531854,False,0,0.0033357976135448553,1.0,2.5,C_ref,2026-09-19 01:43:16,2026-09-18 06:48:58
pretrained_e03,0,0.03,0.03,9,0,2.437867351681205,2.1223944761068503,2.7578246158646564,0.6354301397578062,1.8079267379906607,3.0842731313383074,False,0,0.038185014491318725,1.0,2.5,C_ref,2026-09-19 01:43:16,2026-09-18 06:48:58
pretrained_e03,0,0.03,0.03,10,0,2.529089251097741,2.2145429729442747,2.848882685444685,0.6343397125004104,1.9023583371880703,3.1755947555354043,False,0,0.008431820049736416,1.0,2.5,C_ref,2026-09-19 01:43:16,2026-09-18 06:48:58
pretrained_e03,0,0.03,0.03,11,0,2.427988899610699,2.1088989060012047,2.7510331411768427,0.6421342351756381,1.7900045171177934,3.0801952328123994,False,0,0.05025649610252003,1.0,2.5,C_ref,2026-09-19 01:43:16,2026-09-18 06:48:58
pretrained_e03,0,0.03,0.03,12,0,2.55676848443941,2.23717101174105,2.8811190067507244,0.6439479950096745,1.9191894300952517,3.21202699216314,False,0,0.03113664443299058,1.0,2.5,C_ref,2026-09-19 01:43:16,2026-09-18 06:48:58
pretrained_e03,0,0.03,0.03,13,0,2.5355966666947674,2.2184486002318433,2.857709067976295,0.6392604677444518,1.903333749678978,3.186540697535494,False,0,0.012262524589459645,1.0,2.5,C_ref,2026-09-19 01:43:16,2026-09-18 06:48:58
pretrained_e03,0,0.03,0.03,14,0,2.406215859298789,2.093459409599744,2.7234966865161363,0.6300372769163922,1.7816954678285235,3.047330504519095,False,0,0.08831211770666414,1.0,2.5,C_ref,2026-09-19 01:43:16,2026-09-18 06:48:58
pretrained_e03,0,0.03,0.03,15,0,2.4999018469506145,2.1831053483306873,2.821193624421192,0.6380882760905049,1.867358855214751,3.148956914461599,False,0,0.0,1.0,2.5,C_ref,2026-09-19 01:43:16,2026-09-18 06:48:58
pretrained_e03,0,0.03,0.03,16,0,2.5975266619555133,2.284101021505127,2.91672474861493,0.6326237271098027,1.9739829347643125,3.243209969371107,False,0,0.09569442892461666,1.0,2.5,C_ref,2026-09-19 01:43:16,2026-09-18 06:48:58
pretrained_e03,0,0.03,0.03,17,0,2.306874609406547,1.988388025053039,2.628348396482809,0.6399603714297701,1.6681593284354612,2.9553898541421697,False,0,0.36286372151153046,1.0,2.5,C_ref,2026-09-19 01:43:16,2026-09-18 06:48:58
pretrained_e03,0,0.03,0.03,18,0,2.5175065829381786,2.2044377068464436,2.835712741376162,0.6312750345297182,1.8936197487109347,3.160812813799426,False,0,0.003022040647920221,1.0,2.5,C_ref,2026-09-19 01:43:16,2026-09-18 06:48:58
pretrained_e03,0,0.03,0.03,19,0,2.4631945692404393,2.1478098071376928,2.78304184229284,0.635232035155147,1.83347962192976,3.1093709786476906,False,0,0.013339069690118777,1.0,2.5,C_ref,2026-09-19 01:43:16,2026-09-18 06:48:58
pretrained_e03,0,0.03,0.03,20,0,2.422687656903385,2.1069724504613148,2.7427823851577977,0.635809934696483,1.792040220739903,3.0693358716506496,False,0,0.05901412307866849,1.0,2.5,C_ref,2026-09-19 01:43:16,2026-09-18 06:48:58
pretrained_e03,0,0.03,0.03,21,0,2.5171688504493335,2.1995216671918363,2.8393475412453086,0.6398258740534724,1.8831454955941198,3.1679765648018234,False,0,0.0028105684687034227,1.0,2.5,C_ref,2026-09-19 01:43:16,2026-09-18 06:48:58
pretrained_e03,0,0.03,0.03,22,0,2.4406423049175796,2.1253501961094177,2.7606638897691362,0.6353136936597186,1.8114519052958755,3.0872816557535714,False,0,0.034895846190920565,1.0,2.5,C_ref,2026-09-19 01:43:16,2026-09-18 06:48:58
pretrained_e03,0,0.03,0.03,23,0,2.376920773011396,2.0631713471605813,2.6949932829770393,0.6318219358164581,1.750082142890304,3.019514437378859,False,0,0.15120737616234692,1.0,2.5,C_ref,2026-09-19 01:43:16,2026-09-18 06:48:58
pretrained_e03,0,0.03,0.03,24,0,2.3646285583512,2.0464692583681217,2.685968817715268,0.6394995593471462,1.7269825671129544,3.0129829353426443,False,0,0.1787343453397625,1.0,2.5,C_ref,2026-09-19 01:43:16,2026-09-18 06:48:58
pretrained_e03,0,0.03,0.03,25,0,2.2510867027634767,1.9329288825333861,2.5715847745976186,0.6386558920642325,1.6116698799748121,2.8972951951161674,False,0,0.6048990024464729,1.0,2.5,C_ref,2026-09-19 01:43:16,2026-09-18 06:48:58
pretrained_e03,0,0.03,0.03,26,0,2.3441948315265098,2.0267987280294446,2.6653207650039414,0.6385220369744968,1.7090158704464666,2.9924966917236113,False,0,0.23714387237851042,1.0,2.5,C_ref,2026-09-19 01:43:16,2026-09-18 06:48:58
pretrained_e03,0,0.03,0.03,27,0,2.358767296058104,2.040724576407301,2.6801599133427993,0.6394353369354984,1.7216304685754218,3.007316580283155,False,0,0.1946999136453087,1.0,2.5,C_ref,2026-09-19 01:43:16,2026-09-18 06:48:58
pretrained_e03,0,0.03,0.03,28,0,2.471813355467381,2.155877245611151,2.7924447001999506,0.6365674545887998,1.841341579031976,3.1196991028479366,False,0,0.00781876759356237,1.0,2.5,C_ref,2026-09-19 01:43:16,2026-09-18 06:48:58
pretrained_e03,0,0.03,0.03,29,0,2.42110094633505,2.1053642191410336,2.741353177387837,0.6359889582468035,1.7906261450033754,3.068107658569448,False,0,0.061472606990719214,1.0,2.5,C_ref,2026-09-19 01:43:16,2026-09-18 06:48:58
pretrained_e03,0,0.03,0.03,30,0,2.3217117133237424,2.0057813250082637,2.6409403579988693,0.6351590329906056,1.6885546280509216,2.9659239059071822,False,0,0.3139508036329062,1.0,2.5,C_ref,2026-09-19 01:43:16,2026-09-18 06:48:58
pretrained_e03,0,0.03,0.03,31,0,2.4885946971288515,2.1720874828090184,2.809931118704889,0.6378436358958708,1.8572229121774475,3.1379027794494223,False,0,0.0012622082576854154,1.0,2.5,C_ref,2026-09-19 01:43:16,2026-09-18 06:48:58
pretrained_e03,0,0.03,0.03,32,0,2.470525481009876,2.1550628612839793,2.790711434401745,0.6356485731177659,1.8409249646605974,3.117521330028062,False,0,0.008607301260781242,1.0,2.5,C_ref,2026-09-19 01:43:16,2026-09-18 06:48:58
pretrained_e03,0,0.03,0.03,33,0,2.351028382483638,2.033859400447321,2.6720297811832268,0.6381703807359056,1.7164261287516147,2.9991587128751935,False,0,0.21719104367002728,1.0,2.5,C_ref,2026-09-19 01:43:16,2026-09-18 06:48:58
pretrained_e03,0,0.03,0.03,34,0,2.407284039157392,2.0886264069051292,2.729884061988181,0.6412576550830518,1.7699911774198498,3.058587021504965,False,0,0.08346816006815061,1.0,2.5,C_ref,2026-09-19 01:43:16,2026-09-18 06:48:58
pretrained_e03,0,0.03,0.03,35,0,2.406335834217797,2.090984664728066,2.725949877260537,0.634965212532471,1.7763126379783556,3.051951058570804,False,0,0.0867682532298204,1.0,2.5,C_ref,2026-09-19 01:43:16,2026-09-18 06:48:58
pretrained_e03,0,0.03,0.03,36,0,2.5211538597921868,2.2073688610849804,2.8401500317953685,0.6327811707103881,1.8958285918819753,3.166037390055993,False,0,0.004470601830689702,1.0,2.5,C_ref,2026-09-19 01:43:16,2026-09-18 06:48:58
pretrained_e03,0,0.03,0.03,37,0,2.5059907344341688,2.1900803818613035,2.8267746850615407,0.6366943032002372,1.8761598940345314,3.154242700894349,False,0,0.000195862401596969,1.0,2.5,C_ref,2026-09-19 01:43:16,2026-09-18 06:48:58
pretrained_e03,0,0.03,0.03,38,0,2.541647233293024,2.227027945000058,2.8615697457063645,0.6345418007063066,1.9149728350965385,3.188437735381289,False,0,0.017274175654165447,1.0,2.5,C_ref,2026-09-19 01:43:16,2026-09-18 06:48:58
pretrained_e03,0,0.03,0.03,39,0,2.38649911179406,2.0687108169906954,2.7080804470694195,0.6393696300787242,1.750653523879871,3.035736150934643,False,0,0.12572080771133187,1.0,2.5,C_ref,2026-09-19 01:43:16,2026-09-18 06:48:58
pretrained_e03,0,0.03,0.03,40,0,2.462132624061945,2.1459002868217234,2.7831215189987315,0.6372212321770081,1.8311357875897054,3.110796807498593,False,0,0.014088803090999136,1.0,2.5,C_ref,2026-09-19 01:43:16,2026-09-18 06:48:58
pretrained_e03,0,0.03,0.03,41,0,2.3940600235856033,2.0784217911208005,2.714159337411896,0.6357375462910957,1.7637639445729205,3.0407753759117906,False,0,0.11064545368935796,1.0,2.5,C_ref,2026-09-19 01:43:16,2026-09-18 06:48:58
pretrained_e03,0,0.03,0.03,42,0,2.4964597751978017,2.1822504690088196,2.8156840905366463,0.6334336215278267,1.8700513790228643,3.141735931940556,False,0,0.0,1.0,2.5,C_ref,2026-09-19 01:43:16,2026-09-18 06:48:58
pretrained_e03,0,0.03,0.03,43,0,2.3357370594533253,2.01792571620113,2.6570250434469633,0.6390993272458334,1.6992688358650687,2.9841938409516793,False,0,0.26317032107544946,1.0,2.5,C_ref,2026-09-19 01:43:16,2026-09-18 06:48:58
pretrained_e03,0,0.03,0.03,44,0,2.3566456526736292,2.0379472175426523,2.67914061929026,0.6411934017476075,1.718964040929843,3.0076740276631746,False,0,0.19923490077417227,1.0,2.5,C_ref,2026-09-19 01:43:16,2026-09-18 06:48:58
pretrained_e03,0,0.03,0.03,45,0,2.2867358604636854,1.9661536048923536,2.6099312840167137,0.6437776791243601,1.6429654759474925,2.938434854997573,False,0,0.4373626220767619,1.0,2.5,C_ref,2026-09-19 01:43:16,2026-09-18 06:48:58
pretrained_e03,0,0.03,0.03,46,0,2.400725634917654,2.0843635670878813,2.7212992077211746,0.6369356406332933,1.7684661748212127,3.0481798545887084,False,0,0.09698975818173494,1.0,2.5,C_ref,2026-09-19 01:43:16,2026-09-18 06:48:58
pretrained_e03,0,0.03,0.03,47,0,2.465263438267631,2.1501409535711797,2.785002773790231,0.6348618202190512,1.8364329440942164,3.111330684225569,False,0,0.011763836617319612,1.0,2.5,C_ref,2026-09-19 01:43:16,2026-09-18 06:48:58
pretrained_e03,0,1.0,1.0,0,0,0.8516633600388458,0.6877813303050736,1.1171389575104065,0.4293576272053329,0.040494498063068804,1.4251989282809487,False,0,1.4080171224850346,0.0,0.4,C_ref,2026-09-19 02:20:48,2026-09-19 00:48:16
pretrained_e03,0,1.0,1.0,1,0,0.9655408851159586,0.7999093605770431,1.2446646735116809,0.44475531293463777,0.7675596045104259,1.5361250034342588,False,0,13.5952090845567,0.0,0.4,C_ref,2026-09-19 02:20:48,2026-09-19 00:48:16
pretrained_e03,0,1.0,1.0,2,0,0.9719496566796505,0.8491478255623722,1.2579345604352234,0.4087867348728512,0.8411010101475436,1.5561100247405264,False,0,5.7908198155564605,0.0,0.4,C_ref,2026-09-19 02:20:48,2026-09-19 00:48:16
pretrained_e03,0,1.0,1.0,3,0,0.9310822779921173,0.5695658829963973,1.260891303306446,0.6913254203100486,0.025987490393933374,1.5678663145407339,False,0,2.810770120129746,0.0,0.4,C_ref,2026-09-19 02:20:48,2026-09-19 00:48:16
pretrained_e03,0,1.0,1.0,4,0,0.9228069748151174,0.11526342504357298,1.255491265136568,1.140227840092995,0.030499247952113784,1.5609770758747208,False,0,0.6743658562809287,1.0,0.4,C_ref,2026-09-19 02:20:48,2026-09-19 00:48:16
pretrained_e03,0,1.0,1.0,5,0,0.9072052185205183,0.8458322911886557,1.1831787035104062,0.33734641232175056,0.5716012867774726,1.485523716616704,False,0,4.268905329769041,0.0,0.4,C_ref,2026-09-19 02:20:48,2026-09-19 00:48:16
pretrained_e03,0,1.0,1.0,6,0,0.7323219159099308,0.12935483309369467,1.0896812367009634,0.9603264036072687,0.04141300974020742,1.4192574067553978,False,0,0.04505464177054819,1.0,0.4,C_ref,2026-09-19 02:20:48,2026-09-19 00:48:16
pretrained_e03,0,1.0,1.0,7,0,0.8366388335521662,0.6307516374624238,1.1772661083485993,0.5465144708861756,0.04869893803530455,1.4887422572720415,False,0,1.3717469181356137,0.0,0.4,C_ref,2026-09-19 02:20:48,2026-09-19 00:48:16
pretrained_e03,0,1.0,1.0,8,0,0.9883708435972708,0.7597596358962386,1.284354035902093,0.5245944000058544,0.7500400148628696,1.5780501599974717,False,0,6.085897635904985,0.0,0.4,C_ref,2026-09-19 02:20:48,2026-09-19 00:48:16
pretrained_e03,0,1.0,1.0,9,0,0.9040691076549896,0.649845162236152,1.2075932223050068,0.5577480600688548,0.6251512494433349,1.5055483250853299,False,0,7.307497543712088,0.0,0.4,C_ref,2026-09-19 02:20:48,2026-09-19 00:48:16
pretrained_e03,0,1.0,1.0,10,0,0.9248008024647553,0.808766665299528,1.229404961740981,0.420638296441453,0.12832517491470832,1.5340650162231282,False,0,3.5885347332987294,0.0,0.4,C_ref,2026-09-19 02:20:48,2026-09-19 00:48:16
pretrained_e03,0,1.0,1.0,11,0,0.8234908129278627,0.6763662540998311,1.1493454769962914,0.4729792228964603,0.04446319630072675,1.4608857731125846,False,0,2.334110028037685,0.0,0.4,C_ref,2026-09-19 02:20:48,2026-09-19 00:48:16
pretrained_e03,0,1.0,1.0,12,0,0.9136799580864484,0.6891220072569901,1.2490928548594873,0.5599708476024972,0.020720549508840416,1.5611838223691659,False,0,3.172026174292114,0.0,0.4,C_ref,2026-09-19 02:20:48,2026-09-19 00:48:16
pretrained_e03,0,1.0,1.0,13,0,0.9573228016086526,0.7007042564912452,1.2726669462509672,0.571962689759722,0.02478393619032459,1.57705363102826,False,0,3.3058047676531714,0.0,0.4,C_ref,2026-09-19 02:20:48,2026-09-19 00:48:16
pretrained_e03,0,1.0,1.0,14,0,0.9337120578341704,0.8770203648494878,1.1942567840348295,0.31723641918534173,0.07409533151883567,1.489993977140637,False,0,2.6014164141924994,0.0,0.4,C_ref,2026-09-19 02:20:48,2026-09-19 00:48:16
pretrained_e03,0,1.0,1.0,15,0,0.8963743749767289,0.4045895635742693,1.2448150948272214,0.8402255312529521,0.028701829322091945,1.5579923814938441,False,0,1.1616771726476145,0.0,0.4,C_ref,2026-09-19 02:20:48,2026-09-19 00:48:16
pretrained_e03,0,1.0,1.0,16,0,0.9898109498708805,0.5878214744976469,1.305913481573887,0.7180920070762402,0.0273911252568833,1.6071508378022232,False,0,1.3833915263712697,0.0,0.4,C_ref,2026-09-19 02:20:48,2026-09-19 00:48:16
pretrained_e03,0,1.0,1.0,17,0,0.651929422673621,0.1529353835559974,1.053696844651702,0.9007614610957047,0.05337433071659184,1.3820897258465643,False,0,0.2683358856229461,1.0,0.4,C_ref,2026-09-19 02:20:48,2026-09-19 00:48:16
pretrained_e03,0,1.0,1.0,18,0,0.8546608409625751,0.6185308933976151,1.190996841273867,0.5724659478762518,0.034002477875709265,1.5076777036579112,False,0,3.39808385253491,0.0,0.4,C_ref,2026-09-19 02:20:48,2026-09-19 00:48:16
pretrained_e03,0,1.0,1.0,19,0,0.9392447520837832,0.8941177730276835,1.2062382892571062,0.3121205162294227,0.05470015560723583,1.5070290308136176,False,0,3.199847247931757,0.0,0.4,C_ref,2026-09-19 02:20:48,2026-09-19 00:48:16
pretrained_e03,0,1.0,1.0,20,0,0.9324064529297816,0.8477134552565218,1.1952714576488763,0.34755800239235457,0.8201369786839162,1.4879496973842667,False,0,9.091559239474009,0.0,0.4,C_ref,2026-09-19 02:20:48,2026-09-19 00:48:16
pretrained_e03,0,1.0,1.0,21,0,0.9320836173166772,0.07334939882695368,1.2651147977057624,1.1917653988788088,0.019778097090931236,1.5716565074644042,False,0,0.5709004998097953,1.0,0.4,C_ref,2026-09-19 02:20:48,2026-09-19 00:48:16
pretrained_e03,0,1.0,1.0,22,0,0.7722112972175884,0.13339936087873625,1.1454756110451894,1.012076250166453,0.04011896822883104,1.46634582666863,False,0,0.2391077586726169,1.0,0.4,C_ref,2026-09-19 02:20:48,2026-09-19 00:48:16
pretrained_e03,0,1.0,1.0,23,0,0.8713623959548411,0.7676520414909571,1.1719302436185943,0.4042782021276372,0.14979772035789976,1.4764197352198867,False,0,3.2876390474302752,0.0,0.4,C_ref,2026-09-19 02:20:48,2026-09-19 00:48:16
pretrained_e03,0,1.0,1.0,24,0,0.9388245874080156,0.5568704639982155,1.1734616179982733,0.6165911540000578,0.0497850039722866,1.4711835589315185,False,0,1.2985332320458838,0.0,0.4,C_ref,2026-09-19 02:20:48,2026-09-19 00:48:16
pretrained_e03,0,1.0,1.0,25,0,0.8695458644110683,0.8511276571968036,1.0723456561649076,0.221217998968104,0.07042980441966304,1.3627165558794057,False,0,0.4142690976514132,0.0,0.4,C_ref,2026-09-19 02:20:48,2026-09-19 00:48:16
pretrained_e03,0,1.0,1.0,26,0,0.8862808388416383,0.7598819615737379,1.153306992969062,0.39342503139532414,0.7558783538716144,1.4463417071495952,False,0,8.020150025284238,0.0,0.4,C_ref,2026-09-19 02:20:48,2026-09-19 00:48:16
pretrained_e03,0,1.0,1.0,27,0,0.9739907392065842,0.8958895754779772,1.2310327482070866,0.33514317272910943,0.679052715190491,1.5130402665670903,False,0,20.661530915524054,0.0,0.4,C_ref,2026-09-19 02:20:48,2026-09-19 00:48:16
pretrained_e03,0,1.0,1.0,28,0,0.7850242471537388,0.12593345191455751,1.1497527346967913,1.0238192827822337,0.038416625162511195,1.4683202417861363,False,0,0.704763856556383,1.0,0.4,C_ref,2026-09-19 02:20:48,2026-09-19 00:48:16
pretrained_e03,0,1.0,1.0,29,0,0.7681886891276829,0.5291009256621034,1.0925166952284908,0.5634157695663874,0.034791336280014275,1.4168641082007072,False,0,1.6349686307730735,0.0,0.4,C_ref,2026-09-19 02:20:48,2026-09-19 00:48:16
pretrained_e03,0,1.0,1.0,30,0,0.7795571836942361,0.5480627963201083,1.1278377973838825,0.5797750010637741,0.04230968685170687,1.4416708892808554,False,0,2.8638307481160155,0.0,0.4,C_ref,2026-09-19 02:20:48,2026-09-19 00:48:16
pretrained_e03,0,1.0,1.0,31,0,0.8727165713216251,0.6988766593813965,1.1958415532195197,0.49696489383812315,0.6259567267124124,1.5066802006798077,False,0,5.383146949327056,0.0,0.4,C_ref,2026-09-19 02:20:48,2026-09-19 00:48:16
pretrained_e03,0,1.0,1.0,32,0,0.9389355804373636,0.8385607192968708,1.221229132779958,0.3826684134830872,0.15011546466315095,1.5182883466926285,False,0,3.674486422110931,0.0,0.4,C_ref,2026-09-19 02:20:48,2026-09-19 00:48:16
pretrained_e03,0,1.0,1.0,33,0,0.756130448825913,0.5850074557465671,1.1103235368499562,0.5253160811033891,0.049114014464798954,1.4287940641419303,False,0,1.7991195643990068,0.0,0.4,C_ref,2026-09-19 02:20:48,2026-09-19 00:48:16
pretrained_e03,0,1.0,1.0,34,0,0.8692668400369407,0.1553950950299613,1.185834758234002,1.030439663204041,0.0353985575421719,1.4940457361698516,False,0,0.8783189428868354,1.0,0.4,C_ref,2026-09-19 02:20:48,2026-09-19 00:48:16
pretrained_e03,0,1.0,1.0,35,0,0.9896111933498287,0.8986852321268026,1.230736488651786,0.33205125652498335,0.8914043447994594,1.5081060843035983,False,0,13.542356284917332,0.0,0.4,C_ref,2026-09-19 02:20:48,2026-09-19 00:48:16
pretrained_e03,0,1.0,1.0,36,0,0.9436290188304127,0.8603353263471152,1.2478362079265697,0.3875008815794545,0.45596039468326877,1.5505419163271044,False,0,4.462373605652829,0.0,0.4,C_ref,2026-09-19 02:20:48,2026-09-19 00:48:16
pretrained_e03,0,1.0,1.0,37,0,0.24785470259507766,0.09320911318061069,1.1721755976200983,1.0789664844394875,0.02752702822587862,1.498735441283539,False,0,0.12761479146865895,1.0,0.4,C_ref,2026-09-19 02:20:48,2026-09-19 00:48:16
pretrained_e03,0,1.0,1.0,38,0,1.0253829205673035,0.8969607586433663,1.3083817515555785,0.4114209929122121,0.8635754984586268,1.6003797744269774,False,0,5.394320874882396,0.0,0.4,C_ref,2026-09-19 02:20:48,2026-09-19 00:48:16
pretrained_e03,0,1.0,1.0,39,0,1.0071684446085973,0.8411275759692732,1.265851998734088,0.4247244227648147,0.826161813320891,1.542149625633343,False,0,10.201220350008953,0.0,0.4,C_ref,2026-09-19 02:20:48,2026-09-19 00:48:16
pretrained_e03,0,1.0,1.0,40,0,0.8851711627407262,0.813324507061902,1.192981363978,0.3796568569160981,0.028687212130361,1.501390802257153,False,0,1.738729756372777,0.0,0.4,C_ref,2026-09-19 02:20:48,2026-09-19 00:48:16
pretrained_e03,0,1.0,1.0,41,0,0.6219523463608674,0.14382714797381763,1.0577410411567898,0.9139138931829722,0.046890824974603916,1.3902869154184097,False,0,0.06330714651267044,1.0,0.4,C_ref,2026-09-19 02:20:48,2026-09-19 00:48:16
pretrained_e03,0,1.0,1.0,42,0,0.8138077431776478,0.6472187327590273,1.1621230306771888,0.5149042979181615,0.029354108740166973,1.4798158057690967,False,0,2.4587980060205155,0.0,0.4,C_ref,2026-09-19 02:20:48,2026-09-19 00:48:16
pretrained_e03,0,1.0,1.0,43,0,0.9526968015896579,0.9144397935365082,1.1838848287724313,0.2694450352359231,0.5752539833889548,1.4708853374997308,False,0,5.330142808830715,0.0,0.4,C_ref,2026-09-19 02:20:48,2026-09-19 00:48:16
pretrained_e03,0,1.0,1.0,44,0,0.8042789798204937,0.6766400992904995,1.1185079478915525,0.441867848601053,0.18984311762513614,1.4278545397405822,False,0,3.5413144777958223,0.0,0.4,C_ref,2026-09-19 02:20:48,2026-09-19 00:48:16
pretrained_e03,0,1.0,1.0,45,0,0.8250706377748535,0.7905905807533974,1.0810754983485906,0.29048491759519324,0.04664025871560425,1.3885730662998037,False,0,0.7849820455194276,0.0,0.4,C_ref,2026-09-19 02:20:48,2026-09-19 00:48:16
pretrained_e03,0,1.0,1.0,46,0,0.8999992076387742,0.7201401896476631,1.1645711330478155,0.4444309434001523,0.7115905296994421,1.4674670224741058,False,0,6.716214399857563,0.0,0.4,C_ref,2026-09-19 02:20:48,2026-09-19 00:48:16
pretrained_e03,0,1.0,1.0,47,0,0.9207783983444426,0.4778460958482129,1.2395689255217446,0.7617228296735317,0.02930913666242652,1.5413220260748137,False,0,1.0719407388933178,0.0,0.4,C_ref,2026-09-19 02:20:48,2026-09-19 00:48:16
pretrained_e03,0,1.0,1.0,0,0,2.3019938040315187,2.01437542213233,2.596846986588786,0.5824715644564562,1.73192680807145,2.9001815489288965,False,0,0.45484824567029136,1.0,2.5,C_ref,2026-09-19 02:20:48,2026-09-19 00:48:16
pretrained_e03,0,1.0,1.0,1,0,2.3915392330155676,2.106195107357847,2.6847905516840256,0.5785954443261785,1.8273183447328454,2.986905229261889,False,0,0.13922378515417222,1.0,2.5,C_ref,2026-09-19 02:20:48,2026-09-19 00:48:16
pretrained_e03,0,1.0,1.0,2,0,2.453473666682506,2.1676995874498957,2.747009506430735,0.5793099189808393,1.8882226874779249,3.0492682836464398,False,0,0.02557942948624259,1.0,2.5,C_ref,2026-09-19 02:20:48,2026-09-19 00:48:16
pretrained_e03,0,1.0,1.0,3,0,2.4899171844839,2.204384993921206,2.7835264399627517,0.5791414460415458,1.9255673336681343,3.086102212711831,False,0,0.001213376919622533,1.0,2.5,C_ref,2026-09-19 02:20:48,2026-09-19 00:48:16
pretrained_e03,0,1.0,1.0,4,0,2.435966649963651,2.1524359612877064,2.727375031412666,0.5749390701249597,1.8753055254888658,3.0275943281288273,False,0,0.04918100960640004,1.0,2.5,C_ref,2026-09-19 02:20:48,2026-09-19 00:48:16
pretrained_e03,0,1.0,1.0,5,0,2.3632630408051063,2.076997173276773,2.6568263698043943,0.5798291965276214,1.796203450664468,2.958833289233131,False,0,0.2199544897666783,1.0,2.5,C_ref,2026-09-19 02:20:48,2026-09-19 00:48:16
pretrained_e03,0,1.0,1.0,6,0,2.3092931570951762,2.0219394580332284,2.603616373600062,0.5816769155668338,1.739434286398179,2.9062262894422894,False,0,0.4236335113819223,1.0,2.5,C_ref,2026-09-19 02:20:48,2026-09-19 00:48:16
pretrained_e03,0,1.0,1.0,7,0,2.3893145359615513,2.10351899089927,2.6826003449288796,0.5790813540296096,1.823505148570237,2.984441049896816,False,0,0.14485073290052242,1.0,2.5,C_ref,2026-09-19 02:20:48,2026-09-19 00:48:16
pretrained_e03,0,1.0,1.0,8,0,2.4388881894070713,2.1552787817421004,2.730883343444642,0.5756045617025416,1.8787575520067157,3.0320233273638535,False,0,0.04484069667523727,1.0,2.5,C_ref,2026-09-19 02:20:48,2026-09-19 00:48:16
pretrained_e03,0,1.0,1.0,9,0,2.3764647535087557,2.0916718181748326,2.669014793574891,0.5773429754000583,1.8131105803007257,2.9702586368303656,False,0,0.18110987927138922,1.0,2.5,C_ref,2026-09-19 02:20:48,2026-09-19 00:48:16
pretrained_e03,0,1.0,1.0,10,0,2.4638121038551515,2.1774353612776314,2.758095882987983,0.5806605217103518,1.8975460582930679,3.061171272133446,False,0,0.015331578404584434,1.0,2.5,C_ref,2026-09-19 02:20:48,2026-09-19 00:48:16
pretrained_e03,0,1.0,1.0,11,0,2.337618872747614,2.04875887931205,2.6336518590520033,0.5848929797399531,1.76523692703641,2.938066368582171,False,0,0.3043822083163832,1.0,2.5,C_ref,2026-09-19 02:20:48,2026-09-19 00:48:16
pretrained_e03,0,1.0,1.0,12,0,2.5016900365224117,2.2136771546212937,2.797676037270278,0.5839988826489844,1.932206284110373,3.1025341616263384,False,0,0.0,1.0,2.5,C_ref,2026-09-19 02:20:48,2026-09-19 00:48:16
pretrained_e03,0,1.0,1.0,13,0,2.4995739918513205,2.213142652112157,2.794073889701409,0.5809312375892519,1.933464688511583,3.0975330144374027,False,0,0.0,1.0,2.5,C_ref,2026-09-19 02:20:48,2026-09-19 00:48:16
pretrained_e03,0,1.0,1.0,14,0,2.3631889163693827,2.079643437217837,2.654222614168975,0.5745791769511381,1.8019427912370507,2.953872239696419,False,0,0.22411666805055575,1.0,2.5,C_ref,2026-09-19 02:20:48,2026-09-19 00:48:16
pretrained_e03,0,1.0,1.0,15,0,2.4955143365375685,2.209497805926599,2.7895033141882557,0.5800055082616566,1.9301139642606642,3.0922848958946867,False,0,0.0,1.0,2.5,C_ref,2026-09-19 02:20:48,2026-09-19 00:48:16
pretrained_e03,0,1.0,1.0,16,0,2.552497068455437,2.2670351132139057,2.8462784484882846,0.5792433352743789,1.9887519560697693,3.1491625944446002,False,0,0.03297500751068583,1.0,2.5,C_ref,2026-09-19 02:20:48,2026-09-19 00:48:16
pretrained_e03,0,1.0,1.0,17,0,2.2468400757375986,1.9600480583596882,2.5403240145464543,0.5802759561867661,1.677679248443719,2.8418375974845653,False,0,0.7466724190744571,1.0,2.5,C_ref,2026-09-19 02:20:48,2026-09-19 00:48:16
pretrained_e03,0,1.0,1.0,18,0,2.447390928327026,2.160402632483083,2.741855063641965,0.581452431158882,1.879318830077312,3.044834935495594,False,0,0.032559675608354155,1.0,2.5,C_ref,2026-09-19 02:20:48,2026-09-19 00:48:16
pretrained_e03,0,1.0,1.0,19,0,2.400967575824893,2.1152847383017015,2.6942397205467494,0.5789549822450479,1.835544989701892,2.9961547643632427,False,0,0.11610250053126947,1.0,2.5,C_ref,2026-09-19 02:20:48,2026-09-19 00:48:16
pretrained_e03,0,1.0,1.0,20,0,2.3323811871287967,2.045795206202196,2.626307713919943,0.5805125077177471,1.7648026582967793,2.928659298979588,False,0,0.3288840404966322,1.0,2.5,C_ref,2026-09-19 02:20:48,2026-09-19 00:48:16
pretrained_e03,0,1.0,1.0,21,0,2.4944779731690057,2.2097581227194,2.787404820022048,0.5776466973026482,1.9320884099437332,3.0893649859046914,False,0,0.00012547914593596943,1.0,2.5,C_ref,2026-09-19 02:20:48,2026-09-19 00:48:16
pretrained_e03,0,1.0,1.0,22,0,2.364086616139583,2.0764621623604196,2.6589642675040355,0.5825021051436159,1.7942122232881836,2.9621661968232456,False,0,0.21534083133883541,1.0,2.5,C_ref,2026-09-19 02:20:48,2026-09-19 00:48:16
pretrained_e03,0,1.0,1.0,23,0,2.344607272612544,2.059363523123317,2.6372464709218733,0.5778829477985563,1.7797825708386124,2.938396394994478,False,0,0.28537866736223805,1.0,2.5,C_ref,2026-09-19 02:20:48,2026-09-19 00:48:16
pretrained_e03,0,1.0,1.0,24,0,2.333085015409273,2.047784637905566,2.625555062545273,0.5777704246397066,1.767732089856013,2.92640417141847,False,0,0.32932045629422646,1.0,2.5,C_ref,2026-09-19 02:20:48,2026-09-19 00:48:16
pretrained_e03,0,1.0,1.0,25,0,2.1911947600569226,1.9037649035429252,2.484578899982339,0.5808139964394137,1.619373059802788,2.7856095722812744,False,0,1.1061775591369951,0.0,2.5,C_ref,2026-09-19 02:20:48,2026-09-19 00:48:16
pretrained_e03,0,1.0,1.0,26,0,2.302004512478024,2.0163704304559444,2.5949298364053552,0.5785594059494108,1.7361680797149073,2.8963263620019375,False,0,0.46076591827659286,1.0,2.5,C_ref,2026-09-19 02:20:48,2026-09-19 00:48:16
pretrained_e03,0,1.0,1.0,27,0,2.3510618533918435,2.0681671399646806,2.6418374716394815,0.5736703316748009,1.7917080245679453,2.9414476586031104,False,0,0.2660274727313663,1.0,2.5,C_ref,2026-09-19 02:20:48,2026-09-19 00:48:16
pretrained_e03,0,1.0,1.0,28,0,2.393458965835992,2.106872924589694,2.687583250485775,0.5807103258960806,1.826132177311588,2.990296874566489,False,0,0.1333859074911743,1.0,2.5,C_ref,2026-09-19 02:20:48,2026-09-19 00:48:16
pretrained_e03,0,1.0,1.0,29,0,2.3183709519854645,2.0293811137775846,2.6142113411249213,0.5848302273473367,1.7451710233583968,2.9182613037921694,False,0,0.38058357924455777,1.0,2.5,C_ref,2026-09-19 02:20:48,2026-09-19 00:48:16
pretrained_e03,0,1.0,1.0,30,0,2.3425520452686963,2.058354665072443,2.634002736067074,0.5756480709946312,1.7795716497833332,2.933891843355777,False,0,0.2953746248676907,1.0,2.5,C_ref,2026-09-19 02:20:48,2026-09-19 00:48:16
pretrained_e03,0,1.0,1.0,31,0,2.4048906243473676,2.117474627441026,2.699801310151448,0.5823266827104221,1.835872450225465,3.0031372189610193,False,0,0.10568619316836703,1.0,2.5,C_ref,2026-09-19 02:20:48,2026-09-19 00:48:16
pretrained_e03,0,1.0,1.0,32,0,2.4040245931838733,2.1183629092902585,2.6975688341553803,0.5792059248651218,1.839141222503246,2.9999354343303533,False,0,0.10877962459562696,1.0,2.5,C_ref,2026-09-19 02:20:48,2026-09-19 00:48:16
pretrained_e03,0,1.0,1.0,33,0,2.3056766451380244,2.0189372263235152,2.5994720238741538,0.5805347975506385,1.7372401869136938,2.901491784512261,False,0,0.4412748970935354,1.0,2.5,C_ref,2026-09-19 02:20:48,2026-09-19 00:48:16
pretrained_e03,0,1.0,1.0,34,0,2.3529995705994047,2.0665354661769335,2.646968031896707,0.5804325657197733,1.7858318087144467,2.9495284589954265,False,0,0.25338453091535484,1.0,2.5,C_ref,2026-09-19 02:20:48,2026-09-19 00:48:16
pretrained_e03,0,1.0,1.0,35,0,2.3221143894783625,2.037290921319982,2.614678957653683,0.577388036333701,1.7587420226879777,2.915979512029856,False,0,0.373680375450931,1.0,2.5,C_ref,2026-09-19 02:20:48,2026-09-19 00:48:16
pretrained_e03,0,1.0,1.0,36,0,2.470217884191709,2.1857293023900826,2.762773569300222,0.5770442669101397,1.9079039009077146,3.064287947560387,False,0,0.010636779919877881,1.0,2.5,C_ref,2026-09-19 02:20:48,2026-09-19 00:48:16
pretrained_e03,0,1.0,1.0,37,0,2.44815709281283,2.162172750326624,2.7418726945097998,0.5796999441831758,1.8823590609693757,3.044299235628219,False,0,0.03183973264458473,1.0,2.5,C_ref,2026-09-19 02:20:48,2026-09-19 00:48:16
pretrained_e03,0,1.0,1.0,38,0,2.5080094322303954,2.224178056086589,2.8002017311989915,0.5760236751124026,1.9474736799390395,3.101454577288434,False,0,0.0007258256373461336,1.0,2.5,C_ref,2026-09-19 02:20:48,2026-09-19 00:48:16
pretrained_e03,0,1.0,1.0,39,0,2.357906527828488,2.0779028050564365,2.646533996371661,0.5686311913152244,1.8054472256312692,2.9445493874234705,False,0,0.24614035620106733,1.0,2.5,C_ref,2026-09-19 02:20:48,2026-09-19 00:48:16
pretrained_e03,0,1.0,1.0,40,0,2.4057786066006046,2.1186899882633514,2.7004896956632107,0.5817997073998593,1.8376218736267598,3.0037610001348978,False,0,0.10395991299446905,1.0,2.5,C_ref,2026-09-19 02:20:48,2026-09-19 00:48:16
pretrained_e03,0,1.0,1.0,41,0,2.3025241258142453,2.01555587539959,2.5963770290778316,0.5808211536782415,1.7332884473526486,2.898434916031776,False,0,0.4553346211905591,1.0,2.5,C_ref,2026-09-19 02:20:48,2026-09-19 00:48:16
pretrained_e03,0,1.0,1.0,42,0,2.4266826070914096,2.1398292028257937,2.72109308339185,0.5812638805660564,1.8589756865462599,3.0240638091451153,False,0,0.06318386916973395,1.0,2.5,C_ref,2026-09-19 02:20:48,2026-09-19 00:48:16
pretrained_e03,0,1.0,1.0,43,0,2.3072843636829985,2.01969763678261,2.601855781304238,0.5821581445216277,1.7371539492578554,2.9046582228570066,False,0,0.4317929117460153,1.0,2.5,C_ref,2026-09-19 02:20:48,2026-09-19 00:48:16
pretrained_e03,0,1.0,1.0,44,0,2.2850844089358544,1.9981683762695335,2.577692030553239,0.5795236542837054,1.7157575267508864,2.828819759386437,False,0,0.5416381702561921,1.0,2.5,C_ref,2026-09-19 02:20:48,2026-09-19 00:48:16
pretrained_e03,0,1.0,1.0,45,0,2.2448455851927687,1.9571969591870872,2.539051656094365,0.5818546969072775,1.6736693444312383,2.8411640076542395,False,0,0.7545430171812768,1.0,2.5,C_ref,2026-09-19 02:20:48,2026-09-19 00:48:16
pretrained_e03,0,1.0,1.0,46,0,2.361933536787631,2.0736561807819234,2.6574205218899696,0.5837643411080462,1.790703344687855,2.961274681694278,False,0,0.2213507203559857,1.0,2.5,C_ref,2026-09-19 02:20:48,2026-09-19 00:48:16
pretrained_e03,0,1.0,1.0,47,0,2.447121901993166,2.1624520505265328,2.7398993546872616,0.5774473041607289,1.88451510367596,3.041575145513718,False,0,0.03331251647614408,1.0,2.5,C_ref,2026-09-19 02:20:48,2026-09-19 00:48:16
pretrained_e04,0,0.03,0.03,0,0,0.7298319297166477,0.645812194149772,1.0784199959852963,0.4326078018355243,0.09887340609100019,1.4368206216242274,False,0,2.108919027068623,0.0,0.4,C_ref,2026-09-19 01:51:03,2026-09-18 06:48:58
pretrained_e04,0,0.03,0.03,1,0,0.33047721014473663,0.11477690081951275,0.910940477805036,0.7961635769855232,0.03236760151281132,1.3568100838037451,False,0,0.025874831939290743,1.0,0.4,C_ref,2026-09-19 01:51:03,2026-09-18 06:48:58
pretrained_e04,0,0.03,0.03,2,0,0.7476929900783815,0.13563750413476486,1.1203091403309478,0.9846716361961829,0.027146962848557325,1.4978326356601481,False,0,0.31859301069562207,1.0,0.4,C_ref,2026-09-19 01:51:03,2026-09-18 06:48:58
pretrained_e04,0,0.03,0.03,3,0,0.838376084183706,0.7655954803508153,1.176081941167254,0.4104864608164388,0.06291455978081557,1.531445800331425,False,0,2.182008281637536,0.0,0.4,C_ref,2026-09-19 01:51:03,2026-09-18 06:48:58
pretrained_e04,0,0.03,0.03,4,0,0.3262814398513965,0.11410335542476098,0.8863668995111923,0.7722635440864313,0.03374498280069203,1.3265888388326916,False,0,0.026658556511392817,1.0,0.4,C_ref,2026-09-19 01:51:03,2026-09-18 06:48:58
pretrained_e04,0,0.03,0.03,5,0,0.6005199997240905,0.138203008600956,1.0889801960959415,0.9507771874949855,0.03653394870262584,1.470094740164785,False,0,0.07404476235751645,1.0,0.4,C_ref,2026-09-19 01:51:03,2026-09-18 06:48:58
pretrained_e04,0,0.03,0.03,6,0,0.6171231223113959,0.5259665814309129,1.0005788491720995,0.4746122677411866,0.03862886129629662,1.3784936808866166,False,0,2.060092346280726,0.0,0.4,C_ref,2026-09-19 01:51:03,2026-09-18 06:48:58
pretrained_e04,0,0.03,0.03,7,0,0.5921684771893831,0.17980974852494372,1.0531270903927097,0.873317341867766,0.053312411493419525,1.4329907948116984,False,0,0.12304261285316898,1.0,0.4,C_ref,2026-09-19 01:51:03,2026-09-18 06:48:58
pretrained_e04,0,0.03,0.03,8,0,0.5997754366029109,0.17382752269865479,1.0267534466180535,0.8529259239193987,0.02246790803245718,1.4318475774324348,False,0,0.8195337168399419,1.0,0.4,C_ref,2026-09-19 01:51:03,2026-09-18 06:48:58
pretrained_e04,0,0.03,0.03,9,0,0.7383812674323764,0.609529879980982,1.1014162918695591,0.4918864118885772,0.18210145839313946,1.462017485370859,False,0,3.3214111289271386,0.0,0.4,C_ref,2026-09-19 01:51:03,2026-09-18 06:48:58
pretrained_e04,0,0.03,0.03,10,0,0.8392301018820109,0.7474898808464013,1.1867658031700528,0.4392759223236514,0.07666996964619358,1.5424488154887972,False,0,2.3108509089579456,0.0,0.4,C_ref,2026-09-19 01:51:03,2026-09-18 06:48:58
pretrained_e04,0,0.03,0.03,11,0,0.48130358634706727,0.1380602182116532,1.0146342337977678,0.8765740155861146,0.03861275380878376,1.4150871124802034,False,0,0.017584607176104328,1.0,0.4,C_ref,2026-09-19 01:51:03,2026-09-18 06:48:58
pretrained_e04,0,0.03,0.03,12,0,0.22612438372853377,0.07953794698923472,0.8470440527492578,0.767506105760023,0.01876882747280202,1.3762664929866741,False,0,0.2463987833398278,1.0,0.4,C_ref,2026-09-19 01:51:03,2026-09-18 06:48:58
pretrained_e04,0,0.03,0.03,13,0,0.39998525680009234,0.11481109112732266,1.0654087265071461,0.9505976353798234,0.030288941443826253,1.4670748180484934,False,0,0.0,1.0,0.4,C_ref,2026-09-19 01:51:03,2026-09-18 06:48:58
pretrained_e04,0,0.03,0.03,14,0,0.5479130348073319,0.4174654927950411,0.9842785193459062,0.5668130265508651,0.02590469794387678,1.3766457199441149,False,0,2.92579343583202,0.0,0.4,C_ref,2026-09-19 01:51:03,2026-09-18 06:48:58
pretrained_e04,0,0.03,0.03,15,0,0.2803605505113932,0.09691256707234154,0.9073930271812426,0.8104804601089011,0.02549864695562242,1.3787940299241652,False,0,0.08401619188225595,1.0,0.4,C_ref,2026-09-19 01:51:03,2026-09-18 06:48:58
pretrained_e04,0,0.03,0.03,16,0,0.7290947504395217,0.10966760256793769,1.1881832591736756,1.078515656605738,0.025703158205142913,1.5622751632098595,False,0,0.12805107063104515,1.0,0.4,C_ref,2026-09-19 01:51:03,2026-09-18 06:48:58
pretrained_e04,0,0.03,0.03,17,0,0.578084035643313,0.2143669483986775,1.0085260291363407,0.7941590807376632,0.06961500879523189,1.3855668687846365,False,0,0.1628460058964265,1.0,0.4,C_ref,2026-09-19 01:51:03,2026-09-18 06:48:58
pretrained_e04,0,0.03,0.03,18,0,0.6343384067127739,0.11078026649912012,1.1289239785180543,1.018143712018934,0.028436491138304605,1.5067259938161321,False,0,0.04248420664589503,1.0,0.4,C_ref,2026-09-19 01:51:03,2026-09-18 06:48:58
pretrained_e04,0,0.03,0.03,19,0,0.3543482909574704,0.10859546978568813,1.0342709114649984,0.9256754416793103,0.028708733072960135,1.444307706520928,False,0,0.005412720143795013,1.0,0.4,C_ref,2026-09-19 01:51:03,2026-09-18 06:48:58
pretrained_e04,0,0.03,0.03,20,0,0.45783231997181356,0.140944940036156,1.002766200426422,0.861821260390266,0.040755156405803974,1.4070893130173219,False,0,0.01054468773145345,1.0,0.4,C_ref,2026-09-19 01:51:03,2026-09-18 06:48:58
pretrained_e04,0,0.03,0.03,21,0,0.322396741007248,0.10936261888073773,0.9527259913759072,0.8433633724951695,0.02965573371181661,1.4042661265695615,False,0,0.02942809460364515,1.0,0.4,C_ref,2026-09-19 01:51:03,2026-09-18 06:48:58
pretrained_e04,0,0.03,0.03,22,0,0.6664747886927039,0.15552218218941805,1.114832020153979,0.9593098379645609,0.04021394983675955,1.4870239151433886,False,0,0.16624058057641378,1.0,0.4,C_ref,2026-09-19 01:51:03,2026-09-18 06:48:58
pretrained_e04,0,0.03,0.03,23,0,0.6361137131742919,0.1424564897187959,1.075129718165119,0.932673228446323,0.03845512740524349,1.4410696129767024,False,0,0.13102692352913436,1.0,0.4,C_ref,2026-09-19 01:51:03,2026-09-18 06:48:58
pretrained_e04,0,0.03,0.03,24,0,0.32845778958783467,0.11858940267100006,0.8556559747452979,0.7370665720742978,0.03492713505521733,1.3048947526365726,False,0,0.032522618836082984,1.0,0.4,C_ref,2026-09-19 01:51:03,2026-09-18 06:48:58
pretrained_e04,0,0.03,0.03,25,0,0.47424935304936383,0.17834773731197395,0.9188478625121782,0.7405001252002043,0.05920161404237374,1.3097265435371936,False,0,0.03271717278767028,1.0,0.4,C_ref,2026-09-19 01:51:03,2026-09-18 06:48:58
pretrained_e04,0,0.03,0.03,26,0,0.7413063029410399,0.5214007404676226,1.0959779809507764,0.5745772404831537,0.5149700022747301,1.4449684605245734,False,0,6.968830862049799,0.0,0.4,C_ref,2026-09-19 01:51:03,2026-09-18 06:48:58
pretrained_e04,0,0.03,0.03,27,0,0.44261282253600487,0.1501622994130153,0.9486588288212672,0.7984965294082519,0.04673822250378123,1.3511823843455795,False,0,0.007850372239772696,1.0,0.4,C_ref,2026-09-19 01:51:03,2026-09-18 06:48:58
pretrained_e04,0,0.03,0.03,28,0,0.6788002818579144,0.1456062891546835,1.1211386565607149,0.9755323674060314,0.03720460315775531,1.4911274296626371,False,0,0.17832940742300707,1.0,0.4,C_ref,2026-09-19 01:51:03,2026-09-18 06:48:58
pretrained_e04,0,0.03,0.03,29,0,0.7773800436467247,0.6686657663767008,1.1183012928156426,0.4496355264389418,0.6011960131780248,1.4721611413161793,False,0,4.09592585136852,0.0,0.4,C_ref,2026-09-19 01:51:03,2026-09-18 06:48:58
pretrained_e04,0,0.03,0.03,30,0,0.33944152466330707,0.11909544874191769,0.872584770962143,0.7534893222202254,0.03535418923111547,1.2941579512812875,False,0,0.019521925925801042,1.0,0.4,C_ref,2026-09-19 01:51:03,2026-09-18 06:48:58
pretrained_e04,0,0.03,0.03,31,0,0.6184922928882288,0.10668389170561896,1.0904250061530436,0.9837411144474246,0.02795977631770812,1.4714301656229782,False,0,0.07271609238523524,1.0,0.4,C_ref,2026-09-19 01:51:03,2026-09-18 06:48:58
pretrained_e04,0,0.03,0.03,32,0,0.3286636892571204,0.10991729753675726,0.9564171491082409,0.8464998515714837,0.029985046039594666,1.388581803685753,False,0,0.02199854320133454,1.0,0.4,C_ref,2026-09-19 01:51:03,2026-09-18 06:48:58
pretrained_e04,0,0.03,0.03,33,0,0.683887163908037,0.21547833757359006,1.0871064736851361,0.8716281361115461,0.05596643308843619,1.4478496971753085,False,0,0.3383000763533346,1.0,0.4,C_ref,2026-09-19 01:51:03,2026-09-18 06:48:58
pretrained_e04,0,0.03,0.03,34,0,0.6582154638865877,0.5428520450537881,1.0834177176321378,0.5405656725783496,0.0335444357411229,1.462400677305328,False,0,1.329004000792338,0.0,0.4,C_ref,2026-09-19 01:51:03,2026-09-18 06:48:58
pretrained_e04,0,0.03,0.03,35,0,0.5178091093534499,0.14326645392318213,1.0402105322457695,0.8969440783225874,0.04053207594520432,1.4309616429859673,False,0,0.03303226800926495,1.0,0.4,C_ref,2026-09-19 01:51:03,2026-09-18 06:48:58
pretrained_e04,0,0.03,0.03,36,0,0.2740941972775779,0.09317616922917213,0.9596783315976996,0.8665021623685274,0.023794426452646518,1.414822306436322,False,0,0.08485883292814833,1.0,0.4,C_ref,2026-09-19 01:51:03,2026-09-18 06:48:58
pretrained_e04,0,0.03,0.03,37,0,0.6786183975420275,0.5563298406306482,1.086442020589922,0.5301121799592737,0.027182618907708428,1.4611525363577433,False,0,2.22380214020086,0.0,0.4,C_ref,2026-09-19 01:51:03,2026-09-18 06:48:58
pretrained_e04,0,0.03,0.03,38,0,0.7851997615112236,0.529853212557049,1.1713271487492787,0.6414739361922297,0.5156855553851027,1.5321384198105925,False,0,6.9601006468437845,0.0,0.4,C_ref,2026-09-19 01:51:03,2026-09-18 06:48:58
pretrained_e04,0,0.03,0.03,39,0,0.7532305593890816,0.46367418875706173,1.1141892944746852,0.6505151057176235,0.40797894786922434,1.465348916051426,False,0,9.898369340993668,0.0,0.4,C_ref,2026-09-19 01:51:03,2026-09-18 06:48:58
pretrained_e04,0,0.03,0.03,40,0,0.6760378914591615,0.11868115395904338,1.1142500146227738,0.9955688606637305,0.02860269268582981,1.4836816583335808,False,0,0.15953052938857581,1.0,0.4,C_ref,2026-09-19 01:51:03,2026-09-18 06:48:58
pretrained_e04,0,0.03,0.03,41,0,0.6050427768816325,0.1892869747958255,1.0537613982924041,0.8644744234965787,0.05576176339283641,1.429998239545182,False,0,0.15183318086201325,1.0,0.4,C_ref,2026-09-19 01:51:03,2026-09-18 06:48:58
pretrained_e04,0,0.03,0.03,42,0,0.5650200040638392,0.12007803027875524,1.0886390001312967,0.9685609698525415,0.031731714830719696,1.4700208504991596,False,0,0.027473466408991953,1.0,0.4,C_ref,2026-09-19 01:51:03,2026-09-18 06:48:58
pretrained_e04,0,0.03,0.03,43,0,0.5726863730130657,0.4039907892581913,0.994232106664042,0.5902413174058507,0.0526127852400127,1.3733362973208538,False,0,1.4691935593618837,0.0,0.4,C_ref,2026-09-19 01:51:03,2026-09-18 06:48:58
pretrained_e04,0,0.03,0.03,44,0,0.710814413346329,0.5472444705568928,1.0909537956894417,0.5437093251325489,0.15782481943258267,1.450980361780494,False,0,2.7541884366073646,0.0,0.4,C_ref,2026-09-19 01:51:03,2026-09-18 06:48:58
pretrained_e04,0,0.03,0.03,45,0,0.45113432774937157,0.15739073920356464,0.9267521150661894,0.7693613758626248,0.048692957957909185,1.3268557586277028,False,0,0.013209043761889916,1.0,0.4,C_ref,2026-09-19 01:51:03,2026-09-18 06:48:58
pretrained_e04,0,0.03,0.03,46,0,0.7091841414697219,0.1711040089532635,1.1107856183135134,0.9396816093602499,0.04103267403001447,1.471882270179677,False,0,0.40331223869361565,1.0,0.4,C_ref,2026-09-19 01:51:03,2026-09-18 06:48:58
pretrained_e04,0,0.03,0.03,47,0,0.48456113090379,0.1328776023206426,1.0280161577941966,0.895138555473554,0.03854966694966373,1.421410634302649,False,0,0.01390789938159287,1.0,0.4,C_ref,2026-09-19 01:51:03,2026-09-18 06:48:58
pretrained_e04,0,0.03,0.03,0,0,2.358973335857522,2.0346676557047325,2.6864810099357217,0.6518133542309892,1.709432982652696,3.01956579632908,False,0,0.18683851224704995,1.0,2.5,C_ref,2026-09-19 01:51:03,2026-09-18 06:48:58
pretrained_e04,0,0.03,0.03,1,0,2.3959173604141766,2.069173727505045,2.7253425637380997,0.6561688362330549,1.7407561674595242,3.0599684456759912,False,0,0.1005023479447118,1.0,2.5,C_ref,2026-09-19 01:51:03,2026-09-18 06:48:58
pretrained_e04,0,0.03,0.03,2,0,2.500353983765616,2.1779810011673484,2.8265391595967433,0.6485581584293949,1.8560327157833012,3.1586057432994297,False,0,0.0,1.0,2.5,C_ref,2026-09-19 01:51:03,2026-09-18 06:48:58
pretrained_e04,0,0.03,0.03,3,0,2.508907860423485,2.1874114526060198,2.834593615335068,0.6471821627290484,1.8669192116889586,3.1664192377538023,False,0,0.0007479655287170317,1.0,2.5,C_ref,2026-09-19 01:51:03,2026-09-18 06:48:58
pretrained_e04,0,0.03,0.03,4,0,0.0,,0.0038210004727421932,,,0.019607631924321356,True,0,0.9246318285768211,,2.5,C_ref,2026-09-19 01:51:03,2026-09-18 06:48:58
pretrained_e04,0,0.03,0.03,5,0,2.429824204705402,2.1075538549329083,2.755479277217658,0.6479254222847497,1.7848554680615032,3.0867834435947596,False,0,0.04693223409776692,1.0,2.5,C_ref,2026-09-19 01:51:03,2026-09-18 06:48:58
pretrained_e04,0,0.03,0.03,6,0,2.326209845514161,1.9998708601812163,2.6548285368164506,0.6549576766352343,1.6711455660436265,2.9884155187845582,False,0,0.28109153093828354,1.0,2.5,C_ref,2026-09-19 01:51:03,2026-09-18 06:48:58
pretrained_e04,0,0.03,0.03,7,0,2.4035036564658747,2.0806449377485787,2.7295902419114784,0.6489453041628996,1.757041446045111,3.0611587812110055,False,0,0.08830284645591746,1.0,2.5,C_ref,2026-09-19 01:51:03,2026-09-18 06:48:58
pretrained_e04,0,0.03,0.03,8,0,2.4408345191550302,2.1149327146972055,2.7696343941653074,0.654701679468102,1.7876936383651016,3.103663166719678,False,0,0.03270025704841828,1.0,2.5,C_ref,2026-09-19 01:51:03,2026-09-18 06:48:58
pretrained_e04,0,0.03,0.03,9,0,2.4156533815143484,2.0939859354901937,2.740871536135551,0.6468856006453572,1.7721075729369293,3.07173821004874,False,0,0.0678048954505357,1.0,2.5,C_ref,2026-09-19 01:51:03,2026-09-18 06:48:58
pretrained_e04,0,0.03,0.03,10,0,2.5242475784942786,2.203244473673414,2.849666211890849,0.6464217382174349,1.883611305076669,3.181242821629561,False,0,0.005473799210449215,1.0,2.5,C_ref,2026-09-19 01:51:03,2026-09-18 06:48:58
pretrained_e04,0,0.03,0.03,11,0,2.397018554982692,2.069514470200203,2.7271235323277723,0.6576090621275692,1.7403249800102965,3.0623341698740534,False,0,0.09803202683178824,1.0,2.5,C_ref,2026-09-19 01:51:03,2026-09-18 06:48:58
pretrained_e04,0,0.03,0.03,12,0,2.5215682034025986,2.1953563417312223,2.851502740064009,0.6561463983327869,1.8692851085369395,3.1872132910681774,False,0,0.004312431236030534,1.0,2.5,C_ref,2026-09-19 01:51:03,2026-09-18 06:48:58
pretrained_e04,0,0.03,0.03,13,0,2.501250752070667,2.177484200134153,2.8289057397708155,0.6514215396366625,1.8541915028543299,3.1624364273774455,False,0,0.0,1.0,2.5,C_ref,2026-09-19 01:51:03,2026-09-18 06:48:58
pretrained_e04,0,0.03,0.03,14,0,2.3737824865959474,2.0518277236591995,2.698618797945083,0.6467910742858836,1.7284237713836474,3.0287668900103957,False,0,0.15205418604091392,1.0,2.5,C_ref,2026-09-19 01:51:03,2026-09-18 06:48:58
pretrained_e04,0,0.03,0.03,15,0,2.487428543091712,2.162999572015668,2.8151547556697403,0.6521551836540724,1.8380371325022447,3.148442730995894,False,0,0.0014276614056143444,1.0,2.5,C_ref,2026-09-19 01:51:03,2026-09-18 06:48:58
pretrained_e04,0,0.03,0.03,16,0,2.605983289002687,2.2856732736385683,2.9311455260189176,0.6454722523803493,1.9675123755808046,3.2627507066243835,False,0,0.10842457704347908,1.0,2.5,C_ref,2026-09-19 01:51:03,2026-09-18 06:48:58
pretrained_e04,0,0.03,0.03,17,0,2.3046123602043243,1.9801931734432239,2.6312626393321747,0.6510694658889509,1.6531518305826556,2.962825393649353,False,0,0.3593618059021537,1.0,2.5,C_ref,2026-09-19 01:51:03,2026-09-18 06:48:58
pretrained_e04,0,0.03,0.03,18,0,2.51366526448238,2.1944037964608674,2.8372422390316916,0.6428384425708242,1.8764004957438023,3.1669642845584356,False,0,0.0016821032913867384,1.0,2.5,C_ref,2026-09-19 01:51:03,2026-09-18 06:48:58
pretrained_e04,0,0.03,0.03,19,0,2.462612341613648,2.1409975391750122,2.7877395148472837,0.6467419756722714,1.8192558344699248,3.118556398436526,False,0,0.013321454636752605,1.0,2.5,C_ref,2026-09-19 01:51:03,2026-09-18 06:48:58
pretrained_e04,0,0.03,0.03,20,0,2.392934597408133,2.0679784743423544,2.7207976175301525,0.6528191431877981,1.7416316029241667,3.0539442950748383,False,0,0.10748178396534058,1.0,2.5,C_ref,2026-09-19 01:51:03,2026-09-18 06:48:58
pretrained_e04,0,0.03,0.03,21,0,2.499247454815759,2.172338508362257,2.8292768027059942,0.6569382943437372,1.8446248054001189,3.164659222546663,False,0,0.0,1.0,2.5,C_ref,2026-09-19 01:51:03,2026-09-18 06:48:58
pretrained_e04,0,0.03,0.03,22,0,2.4337868633603983,2.1117942901688114,2.7596682003373707,0.6478739101685593,1.7901912913686204,3.091409709066281,False,0,0.041646200657851296,1.0,2.5,C_ref,2026-09-19 01:51:03,2026-09-18 06:48:58
pretrained_e04,0,0.03,0.03,23,0,2.37116771109876,2.0520342183871727,2.6940265563917203,0.6419923380045476,1.7330230461094207,3.0227605513838065,False,0,0.16064281431317795,1.0,2.5,C_ref,2026-09-19 01:51:03,2026-09-18 06:48:58
pretrained_e04,0,0.03,0.03,24,0,2.3448313668999994,2.0182997212008504,2.6732193032723366,0.6549195820714862,1.6885542122632065,3.0062598930973348,False,0,0.22432079299687757,1.0,2.5,C_ref,2026-09-19 01:51:03,2026-09-18 06:48:58
pretrained_e04,0,0.03,0.03,25,0,2.2467074157085496,1.9217962724575746,2.5729946954151277,0.6511984229575531,1.5924980956025332,2.903742189399786,False,0,0.6039022658624162,1.0,2.5,C_ref,2026-09-19 01:51:03,2026-09-18 06:48:58
pretrained_e04,0,0.03,0.03,26,0,2.3669369809035503,2.0481948297036374,2.689771043495248,0.6415762137916108,1.7301142341563815,3.0186489121918947,False,0,0.17142047614470357,1.0,2.5,C_ref,2026-09-19 01:51:03,2026-09-18 06:48:58
pretrained_e04,0,0.03,0.03,27,0,2.34123054065196,2.0156937237418435,2.669065433799388,0.6533717100575447,1.6875683033096927,3.001835841306622,False,0,0.23593745447215042,1.0,2.5,C_ref,2026-09-19 01:51:03,2026-09-18 06:48:58
pretrained_e04,0,0.03,0.03,28,0,2.453651340393659,2.131885766467767,2.779467217222507,0.6475814507547399,1.8107893011903489,3.111259731556889,False,0,0.020377820401336066,1.0,2.5,C_ref,2026-09-19 01:51:03,2026-09-18 06:48:58
pretrained_e04,0,0.03,0.03,29,0,2.393128690951482,2.0705385957155267,2.719258139046928,0.6487195433314015,1.7478256302125361,3.0510653133932855,False,0,0.10833938918221975,1.0,2.5,C_ref,2026-09-19 01:51:03,2026-09-18 06:48:58
pretrained_e04,0,0.03,0.03,30,0,2.3177306007026175,1.995988171616365,2.6420997131223425,0.6461115415059775,1.672236234325458,2.9716509450826027,False,0,0.31745708821108565,1.0,2.5,C_ref,2026-09-19 01:51:03,2026-09-18 06:48:58
pretrained_e04,0,0.03,0.03,31,0,2.4593354840503805,2.136691996429701,2.785790115678826,0.6490981192491252,1.8143642628066319,3.118157448915436,False,0,0.015709399955085246,1.0,2.5,C_ref,2026-09-19 01:51:03,2026-09-18 06:48:58
pretrained_e04,0,0.03,0.03,32,0,2.438274597648898,2.1146908837964777,2.7651672607457023,0.6504763769492246,1.7904774502214653,3.097659194097778,False,0,0.03601265015458921,1.0,2.5,C_ref,2026-09-19 01:51:03,2026-09-18 06:48:58
pretrained_e04,0,0.03,0.03,33,0,2.345562699697289,2.022934436062338,2.6713958956686117,0.6484614596062737,1.6993963325593975,3.0027130545022915,False,0,0.22613803900458151,1.0,2.5,C_ref,2026-09-19 01:51:03,2026-09-18 06:48:58
pretrained_e04,0,0.03,0.03,34,0,2.40431667763642,2.0789531442141187,2.7326594332254097,0.653706289011291,1.7525209307434553,3.066336855202688,False,0,0.08552483830135316,1.0,2.5,C_ref,2026-09-19 01:51:03,2026-09-18 06:48:58
pretrained_e04,0,0.03,0.03,35,0,2.3860005739523564,2.06339165353342,2.711678710530505,0.6482870569970851,1.7396444519218361,3.0427642736894365,False,0,0.12344402794406051,1.0,2.5,C_ref,2026-09-19 01:51:03,2026-09-18 06:48:58
pretrained_e04,0,0.03,0.03,36,0,2.498550480813247,2.177738389463864,2.823433993791819,0.6456956043279551,1.857629055401007,3.15440829091338,False,0,0.0,1.0,2.5,C_ref,2026-09-19 01:51:03,2026-09-18 06:48:58
pretrained_e04,0,0.03,0.03,37,0,2.4495090205737253,2.125728639732868,2.776980388271099,0.6512517485382308,1.8020091029632,3.1102825391823337,False,0,0.024056702455709456,1.0,2.5,C_ref,2026-09-19 01:51:03,2026-09-18 06:48:58
pretrained_e04,0,0.03,0.03,38,0,2.530614523748368,2.210022592153928,2.8555684430273525,0.6455458508734244,1.8909207015213272,3.186757727853654,False,0,0.009022551417729119,1.0,2.5,C_ref,2026-09-19 01:51:03,2026-09-18 06:48:58
pretrained_e04,0,0.03,0.03,39,0,2.388051702587499,2.066790631546417,2.712975622278097,0.6461849907316801,1.7455057249362007,3.0437212317298896,False,0,0.11980949698772747,1.0,2.5,C_ref,2026-09-19 01:51:03,2026-09-18 06:48:58
pretrained_e04,0,0.03,0.03,40,0,2.4518843215219848,2.129910565079217,2.7778855274056165,0.6479749623263995,1.808665763653897,3.1099494781130357,False,0,0.0220348228358489,1.0,2.5,C_ref,2026-09-19 01:51:03,2026-09-18 06:48:58
pretrained_e04,0,0.03,0.03,41,0,2.383176733760398,2.061377571769832,2.7084935486890274,0.6471159769191952,1.739228722270692,3.0395463456371563,False,0,0.13006568163109478,1.0,2.5,C_ref,2026-09-19 01:51:03,2026-09-18 06:48:58
pretrained_e04,0,0.03,0.03,42,0,2.4733476197096507,2.1534635789558383,2.7975032207839945,0.6440396418281562,1.8346254095576224,3.127835892402455,False,0,0.006751071301550837,1.0,2.5,C_ref,2026-09-19 01:51:03,2026-09-18 06:48:58
pretrained_e04,0,0.03,0.03,43,0,2.328276369882056,2.0038275665235954,2.655230159315027,0.6514025927914315,1.677219881762927,2.987316904519245,False,0,0.27740655240631895,1.0,2.5,C_ref,2026-09-19 01:51:03,2026-09-18 06:48:58
pretrained_e04,0,0.03,0.03,44,0,2.3547469942111094,2.030930536228225,2.6816845555806954,0.6507540193524703,1.7061422435682019,3.0140745612602875,False,0,0.1987010348966578,1.0,2.5,C_ref,2026-09-19 01:51:03,2026-09-18 06:48:58
pretrained_e04,0,0.03,0.03,45,0,2.2860749759592927,1.959345074647981,2.6145609766658384,0.6552159020178574,1.6290799450078353,2.9477398272111044,False,0,0.425586422890774,1.0,2.5,C_ref,2026-09-19 01:51:03,2026-09-18 06:48:58
pretrained_e04,0,0.03,0.03,46,0,2.418856364325594,2.0982859559871394,2.743341128752762,0.6450551727656224,1.7782038165973375,3.073805890636111,False,0,0.0632310710971069,1.0,2.5,C_ref,2026-09-19 01:51:03,2026-09-18 06:48:58
pretrained_e04,0,0.03,0.03,47,0,2.437255273819865,2.1140649692994464,2.763824620964559,0.6497596516651125,1.7903699774590565,3.096020889677614,False,0,0.03724940266693011,1.0,2.5,C_ref,2026-09-19 01:51:03,2026-09-18 06:48:58
pretrained_e04,0,1.0,1.0,0,0,0.714416812932961,0.1457033701219832,1.0743276027536315,0.9286242326316483,0.04546997750784783,1.3930177568834101,False,0,0.273946514538693,1.0,0.4,C_ref,2026-09-19 02:30:46,2026-09-19 00:48:16
pretrained_e04,0,1.0,1.0,1,0,0.21760513647122026,0.08978724633078045,0.3609510877453138,0.27116384141453337,0.027640491368859803,1.407982717783161,False,0,1.4677406487789995,0.0,0.4,C_ref,2026-09-19 02:30:46,2026-09-19 00:48:16
pretrained_e04,0,1.0,1.0,2,0,0.9119553503289589,0.6107341347568676,1.227219432109761,0.6164852973528934,0.023896443744588294,1.528296354296903,False,0,2.6237445965452935,0.0,0.4,C_ref,2026-09-19 02:30:46,2026-09-19 00:48:16
pretrained_e04,0,1.0,1.0,3,0,0.8741023253556268,0.10173138252022867,1.2098883005233423,1.1081569180031137,0.026199304870136983,1.5195113085164569,False,0,0.6688622585534176,1.0,0.4,C_ref,2026-09-19 02:30:46,2026-09-19 00:48:16
pretrained_e04,0,1.0,1.0,4,0,0.8839639791280032,0.7765144898926356,1.1849152790476607,0.4084007891550251,0.06177139134922388,1.4853208073526314,False,0,2.416805730714259,0.0,0.4,C_ref,2026-09-19 02:30:46,2026-09-19 00:48:16
pretrained_e04,0,1.0,1.0,5,0,0.872622079077895,0.49548284204900805,1.1820128649616646,0.6865300229126565,0.04207366600813448,1.4795874193577572,False,0,1.2472188800311415,0.0,0.4,C_ref,2026-09-19 02:30:46,2026-09-19 00:48:16
pretrained_e04,0,1.0,1.0,6,0,0.7618619885614856,0.46487850343189746,1.1010198333844876,0.6361413299525902,0.04317824144250733,1.413804223057788,False,0,1.5003793644391408,0.0,0.4,C_ref,2026-09-19 02:30:46,2026-09-19 00:48:16
pretrained_e04,0,1.0,1.0,7,0,0.8289671888346095,0.22868873238364487,1.1530644303366702,0.9243756979530253,0.0502444034086991,1.4575173881822427,False,0,0.8434097843928612,1.0,0.4,C_ref,2026-09-19 02:30:46,2026-09-19 00:48:16
pretrained_e04,0,1.0,1.0,8,0,0.8567099589147202,0.4903553520587512,1.191275630584698,0.700920278525947,0.019406895847544306,1.4997085302145599,False,0,1.7837221412228246,0.0,0.4,C_ref,2026-09-19 02:30:46,2026-09-19 00:48:16
pretrained_e04,0,1.0,1.0,9,0,0.8746047211968968,0.4677795916335968,1.1849312818711841,0.7171516902375874,0.041703671437422166,1.4820588793847298,False,0,1.100500217446097,0.0,0.4,C_ref,2026-09-19 02:30:46,2026-09-19 00:48:16
pretrained_e04,0,1.0,1.0,10,0,0.8721944274025129,0.12321408108560307,1.207722263653457,1.084508182567854,0.030279575734807163,1.5166533591323925,False,0,0.7089995539899974,1.0,0.4,C_ref,2026-09-19 02:30:46,2026-09-19 00:48:16
pretrained_e04,0,1.0,1.0,11,0,0.8721484994391316,0.774689037559048,1.1656947281740593,0.3910056906150112,0.08555726089198681,1.4651839928837775,False,0,3.144939193789469,0.0,0.4,C_ref,2026-09-19 02:30:46,2026-09-19 00:48:16
pretrained_e04,0,1.0,1.0,12,0,0.8771951975549326,0.0813839750133471,1.2054032500263938,1.1240192750130467,0.02081426780445271,1.5135073590132087,False,0,0.7895845861567068,1.0,0.4,C_ref,2026-09-19 02:30:46,2026-09-19 00:48:16
pretrained_e04,0,1.0,1.0,13,0,0.8280508480187372,0.09201876376426746,1.184549762798139,1.0925309990338714,0.02486027564032552,1.5021934162638058,False,0,0.38622802177997073,1.0,0.4,C_ref,2026-09-19 02:30:46,2026-09-19 00:48:16
pretrained_e04,0,1.0,1.0,14,0,0.21731223943118463,0.08910007971166455,1.0521868035550106,0.963086723843346,0.028152317044786608,1.3931297978912967,False,0,0.2811073583543475,1.0,0.4,C_ref,2026-09-19 02:30:46,2026-09-19 00:48:16
pretrained_e04,0,1.0,1.0,15,0,0.8839752094360803,0.10866179981020406,1.2133802742381201,1.1047184744279162,0.028169534553608863,1.5214205350616126,False,0,0.8389661235596577,1.0,0.4,C_ref,2026-09-19 02:30:46,2026-09-19 00:48:16
pretrained_e04,0,1.0,1.0,16,0,0.9751747501299997,0.5822171149530593,1.2908315547928242,0.7086144398397649,0.028562712557198416,1.5911469366179378,False,0,2.2831523043605557,0.0,0.4,C_ref,2026-09-19 02:30:46,2026-09-19 00:48:16
pretrained_e04,0,1.0,1.0,17,0,0.6995629001697155,0.1703534725142953,1.106056944330871,0.9357034718165756,0.054791040607487226,1.3956731374156983,False,0,0.28312164047019905,1.0,0.4,C_ref,2026-09-19 02:30:46,2026-09-19 00:48:16
pretrained_e04,0,1.0,1.0,18,0,0.7695703804673318,0.11597063324851029,1.1301140133465544,1.0141433800980442,0.034742945473247494,1.4498850868561692,False,0,0.31159066463442286,1.0,0.4,C_ref,2026-09-19 02:30:46,2026-09-19 00:48:16
pretrained_e04,0,1.0,1.0,19,0,0.8581969168522958,0.1215508206116224,1.181426786867581,1.0598759662559585,0.031127691100770127,1.4853777012990397,False,0,0.8184425212166389,1.0,0.4,C_ref,2026-09-19 02:30:46,2026-09-19 00:48:16
pretrained_e04,0,1.0,1.0,20,0,0.7980833253770372,0.7174614585307445,1.102971811853574,0.38551035332282957,0.06723953442528895,1.4112298123737779,False,0,1.8550862482225057,0.0,0.4,C_ref,2026-09-19 02:30:46,2026-09-19 00:48:16
pretrained_e04,0,1.0,1.0,21,0,0.8887875637527968,0.8008360458522934,1.2056900254941276,0.4048539796418342,0.031608593558543924,1.513934299589421,False,0,1.43813712471092,0.0,0.4,C_ref,2026-09-19 02:30:46,2026-09-19 00:48:16
pretrained_e04,0,1.0,1.0,22,0,0.7133388690065147,0.1395211307940424,1.094430585166345,0.9549094543723026,0.04211931351396787,1.419753019631327,False,0,0.19895489397094934,1.0,0.4,C_ref,2026-09-19 02:30:46,2026-09-19 00:48:16
pretrained_e04,0,1.0,1.0,23,0,0.9645615542308743,0.9344104128184507,1.1829891292906463,0.24857871647219554,0.07286717711465926,1.4653664570260208,False,0,1.9353866109595401,0.0,0.4,C_ref,2026-09-19 02:30:46,2026-09-19 00:48:16
pretrained_e04,0,1.0,1.0,24,0,0.8564593431254401,0.803631144006469,1.138440097840228,0.3348089538337591,0.06603856362741578,1.4395395021670554,False,0,1.7872307455400005,0.0,0.4,C_ref,2026-09-19 02:30:46,2026-09-19 00:48:16
pretrained_e04,0,1.0,1.0,25,0,0.5911789364734712,0.1678157121878844,0.9679760941796958,0.8001603819918114,0.060013378809186536,1.2970755107308531,False,0,0.3996708308441157,1.0,0.4,C_ref,2026-09-19 02:30:46,2026-09-19 00:48:16
pretrained_e04,0,1.0,1.0,26,0,0.6436736014113207,0.11902601589071173,1.0354702410739791,0.9164442251832674,0.03937733289136551,1.3605869083907407,False,0,0.05920456077728886,1.0,0.4,C_ref,2026-09-19 02:30:46,2026-09-19 00:48:16
pretrained_e04,0,1.0,1.0,27,0,0.7710688681051551,0.5863803076272477,1.110397852966037,0.5240175453387893,0.037323926805902644,1.423829117501287,False,0,2.1475123518539476,0.0,0.4,C_ref,2026-09-19 02:30:46,2026-09-19 00:48:16
pretrained_e04,0,1.0,1.0,28,0,0.8678841976942041,0.1988781275683788,1.187456357776147,0.9885782302077681,0.040577275826850175,1.490620962500224,False,0,0.9873772865794308,1.0,0.4,C_ref,2026-09-19 02:30:46,2026-09-19 00:48:16
pretrained_e04,0,1.0,1.0,29,0,0.7338122506676289,0.12327861721874563,1.0951129105717965,0.9718342933530508,0.036901168380903106,1.4135737463794384,False,0,0.2632121175156499,1.0,0.4,C_ref,2026-09-19 02:30:46,2026-09-19 00:48:16
pretrained_e04,0,1.0,1.0,30,0,0.7979351586406049,0.15947873780835514,1.1329229339518636,0.9734441961435085,0.04439808234733901,1.438482809153414,False,0,0.5363705947638664,1.0,0.4,C_ref,2026-09-19 02:30:46,2026-09-19 00:48:16
pretrained_e04,0,1.0,1.0,31,0,0.7977194371863483,0.32393351419735433,1.146749988862189,0.8228164746648348,0.0286686686594262,1.4614806300689365,False,0,0.42799901704711374,1.0,0.4,C_ref,2026-09-19 02:30:46,2026-09-19 00:48:16
pretrained_e04,0,1.0,1.0,32,0,0.8378292545745173,0.5960184286472375,1.165085183281838,0.5690667546346005,0.06693963922558743,1.472193786141131,False,0,2.0673045675939647,0.0,0.4,C_ref,2026-09-19 02:30:46,2026-09-19 00:48:16
pretrained_e04,0,1.0,1.0,33,0,0.8389742819813258,0.6588246548468133,1.1563642927721314,0.4975396379253181,0.12723036034860474,1.4484716186592717,False,0,3.071789127690863,0.0,0.4,C_ref,2026-09-19 02:30:46,2026-09-19 00:48:16
pretrained_e04,0,1.0,1.0,34,0,0.7595556520753414,0.12485491793680448,1.120037051828067,0.9951821338912624,0.03721046729071981,1.4390039206050784,False,0,0.29948052459803876,1.0,0.4,C_ref,2026-09-19 02:30:46,2026-09-19 00:48:16
pretrained_e04,0,1.0,1.0,35,0,0.884970451937667,0.7399323770368558,1.1690059826524437,0.42907360561558794,0.7314088603193405,1.4624124037809185,False,0,5.87050577304035,0.0,0.4,C_ref,2026-09-19 02:30:46,2026-09-19 00:48:16
pretrained_e04,0,1.0,1.0,36,0,0.8526874209237494,0.09016977859921735,1.1900578468570198,1.0998880682578025,0.024903208401350563,1.499935428888927,False,0,0.5783685066526232,1.0,0.4,C_ref,2026-09-19 02:30:46,2026-09-19 00:48:16
pretrained_e04,0,1.0,1.0,37,0,0.7808922956603938,0.6408205324978368,1.1343502657372564,0.4935297332394196,0.028266067364081392,1.4527167258099956,False,0,1.1627681870631932,0.0,0.4,C_ref,2026-09-19 02:30:46,2026-09-19 00:48:16
pretrained_e04,0,1.0,1.0,38,0,0.9342953354625578,0.7176989582840075,1.2476142828825187,0.5299153245985112,0.025210819977993078,1.548404906779795,False,0,2.854358785556542,0.0,0.4,C_ref,2026-09-19 02:30:46,2026-09-19 00:48:16
pretrained_e04,0,1.0,1.0,39,0,0.22102251647038323,0.09298502266566341,1.0296383543639145,0.936653331698251,0.029814401629675975,1.378846036259617,False,0,0.3286598693484848,1.0,0.4,C_ref,2026-09-19 02:30:46,2026-09-19 00:48:16
pretrained_e04,0,1.0,1.0,40,0,0.9064268470070496,0.5503975640157541,1.174938393120206,0.6245408291044519,0.03892905173541769,1.4783162133864516,False,0,1.7918134664614627,0.0,0.4,C_ref,2026-09-19 02:30:46,2026-09-19 00:48:16
pretrained_e04,0,1.0,1.0,41,0,0.7453005237680415,0.16090424221773897,1.0889119141354047,0.9280076719176658,0.04678397799540417,1.4007143882789956,False,0,0.396784332137031,1.0,0.4,C_ref,2026-09-19 02:30:46,2026-09-19 00:48:16
pretrained_e04,0,1.0,1.0,42,0,0.8329456232028929,0.5424472538197512,1.1665079409096981,0.6240606870899469,0.030771053267887344,1.4752167497378887,False,0,1.1675621969370695,0.0,0.4,C_ref,2026-09-19 02:30:46,2026-09-19 00:48:16
pretrained_e04,0,1.0,1.0,43,0,0.8069310094705863,0.582212141706423,1.1204642514468708,0.5382521097404478,0.05104259240773003,1.423337270825079,False,0,1.9425861470153905,0.0,0.4,C_ref,2026-09-19 02:30:46,2026-09-19 00:48:16
pretrained_e04,0,1.0,1.0,44,0,0.753633102277415,0.6719370784591346,1.0744536185607674,0.40251654010163274,0.07413621311069557,1.3864213911347967,False,0,1.3962161708514031,0.0,0.4,C_ref,2026-09-19 02:30:46,2026-09-19 00:48:16
pretrained_e04,0,1.0,1.0,45,0,0.7159703871690907,0.17050439171021048,1.0633449267330903,0.8928405350228799,0.05154789316618159,1.3757584352216274,False,0,0.3484306372520223,1.0,0.4,C_ref,2026-09-19 02:30:46,2026-09-19 00:48:16
pretrained_e04,0,1.0,1.0,46,0,0.8316495484559152,0.18943465659866907,1.1709397322869946,0.9815050756883255,0.04068058877779927,1.4818957235164183,False,0,0.6925335940977675,1.0,0.4,C_ref,2026-09-19 02:30:46,2026-09-19 00:48:16
pretrained_e04,0,1.0,1.0,47,0,0.8699214687562465,0.11866099951115562,1.1961319032210367,1.077470903709881,0.02969684288936757,1.4994329137698184,False,0,0.7600383805001911,1.0,0.4,C_ref,2026-09-19 02:30:46,2026-09-19 00:48:16
pretrained_e04,0,1.0,1.0,0,0,2.299553238865036,2.01510977172425,2.5908025086885167,0.5756927369642666,1.7353542473911732,2.8900896719304883,False,0,0.47745717589350534,1.0,2.5,C_ref,2026-09-19 02:30:46,2026-09-19 00:48:16
pretrained_e04,0,1.0,1.0,1,0,2.3505605916844647,2.0661750372073695,2.6417189644461754,0.5755439272388059,1.7865197947492781,2.9408949000091607,False,0,0.26669616596700507,1.0,2.5,C_ref,2026-09-19 02:30:46,2026-09-19 00:48:16
pretrained_e04,0,1.0,1.0,2,0,2.4441173773859552,2.1620192605829747,2.7337651724863314,0.5717459119033568,1.8860924805611792,3.0319053150501762,False,0,0.03785644981689984,1.0,2.5,C_ref,2026-09-19 02:30:46,2026-09-19 00:48:16
pretrained_e04,0,1.0,1.0,3,0,2.465254068806614,2.1820573773795426,2.7558896593258986,0.5738322819463559,1.9048647082536316,3.054922186159378,False,0,0.014366187027917476,1.0,2.5,C_ref,2026-09-19 02:30:46,2026-09-19 00:48:16
pretrained_e04,0,1.0,1.0,4,0,2.383685224495919,2.10240077337432,2.6722021429423166,0.5698013695679967,1.8266887775383251,2.9690105732540513,False,0,0.1650013012404088,1.0,2.5,C_ref,2026-09-19 02:30:46,2026-09-19 00:48:16
pretrained_e04,0,1.0,1.0,5,0,2.3529349580942216,2.0724433758491663,2.640841968252894,0.5683985924037276,1.79777211851184,2.9371307600023786,False,0,0.26437621365403174,1.0,2.5,C_ref,2026-09-19 02:30:46,2026-09-19 00:48:16
pretrained_e04,0,1.0,1.0,6,0,2.2989003947248614,2.0147584019807168,2.589692325228571,0.5749339232478543,1.7351004993562915,2.888369482378281,False,0,0.48199584392932593,1.0,2.5,C_ref,2026-09-19 02:30:46,2026-09-19 00:48:16
pretrained_e04,0,1.0,1.0,7,0,2.3635226106579483,2.0815448664699856,2.652671787141667,0.5711269206716816,1.8051083983906162,2.950082799482358,False,0,0.22579608779778937,1.0,2.5,C_ref,2026-09-19 02:30:46,2026-09-19 00:48:16
pretrained_e04,0,1.0,1.0,8,0,2.404089013287503,2.1214808836094523,2.6941147087943067,0.5726338251848544,1.844766602799109,2.992587828919704,False,0,0.11117936875598389,1.0,2.5,C_ref,2026-09-19 02:30:46,2026-09-19 00:48:16
pretrained_e04,0,1.0,1.0,9,0,2.366221529200934,2.085492326412835,2.6544956374942537,0.5690033110814188,1.8107947704298402,2.951287919069658,False,0,0.21841118010343052,1.0,2.5,C_ref,2026-09-19 02:30:46,2026-09-19 00:48:16
pretrained_e04,0,1.0,1.0,10,0,2.4649417009335415,2.182085925349338,2.7553317919007396,0.5732458665514018,1.9053640609949525,3.0541893897818757,False,0,0.014636008221714292,1.0,2.5,C_ref,2026-09-19 02:30:46,2026-09-19 00:48:16
pretrained_e04,0,1.0,1.0,11,0,2.333866086747207,2.049073604187184,2.6254472065502177,0.5763736023630335,1.769324047399613,2.92495566122049,False,0,0.32801699611809454,1.0,2.5,C_ref,2026-09-19 02:30:46,2026-09-19 00:48:16
pretrained_e04,0,1.0,1.0,12,0,2.464321288443867,2.1796751753935295,2.7564843627720217,0.5768091873784922,1.9012003270065518,3.057131207417493,False,0,0.015052239192300476,1.0,2.5,C_ref,2026-09-19 02:30:46,2026-09-19 00:48:16
pretrained_e04,0,1.0,1.0,13,0,2.465382855770581,2.18154986048521,2.756440172602767,0.574890312117557,1.9034746624135699,3.0556770065991055,False,0,0.014222095454897499,1.0,2.5,C_ref,2026-09-19 02:30:46,2026-09-19 00:48:16
pretrained_e04,0,1.0,1.0,14,0,2.3289129020309827,2.047223709803794,2.6173377604751473,0.5701140506713531,1.7702181734962392,2.9137776452456867,False,0,0.35549621109021246,1.0,2.5,C_ref,2026-09-19 02:30:46,2026-09-19 00:48:16
pretrained_e04,0,1.0,1.0,15,0,2.4692177574378618,2.186249031508842,2.7597800474800867,0.5735310159712448,1.909340314860519,3.058829642659127,False,0,0.011498654264869401,1.0,2.5,C_ref,2026-09-19 02:30:46,2026-09-19 00:48:16
pretrained_e04,0,1.0,1.0,16,0,2.5487520351715185,2.2493310713155887,2.838697024397473,0.5893659530818844,1.9819008798066726,3.137426961585512,False,0,0.029210114771558437,1.0,2.5,C_ref,2026-09-19 02:30:46,2026-09-19 00:48:16
pretrained_e04,0,1.0,1.0,17,0,2.2402821817355396,1.9569016399019503,2.53008012073578,0.5731784808338296,1.677597246512491,2.8276177429889486,False,0,0.8052702409331687,1.0,2.5,C_ref,2026-09-19 02:30:46,2026-09-19 00:48:16
pretrained_e04,0,1.0,1.0,18,0,2.411924749300074,2.127880198047906,2.7028874787463777,0.5750072806984718,1.8489669009389698,3.0019357709641343,False,0,0.09323479513113853,1.0,2.5,C_ref,2026-09-19 02:30:46,2026-09-19 00:48:16
pretrained_e04,0,1.0,1.0,19,0,2.388406396192384,2.106825570346252,2.677342479969113,0.5705169096228606,1.8309872225908013,2.974667490110192,False,0,0.15163309874333208,1.0,2.5,C_ref,2026-09-19 02:30:46,2026-09-19 00:48:16
pretrained_e04,0,1.0,1.0,20,0,2.283068943138302,2.001646625828538,2.5680854905882438,0.5664388647597058,1.7235796158375918,2.8307966794836803,False,0,0.5799603342456976,1.0,2.5,C_ref,2026-09-19 02:30:46,2026-09-19 00:48:16
pretrained_e04,0,1.0,1.0,21,0,2.4635646109120035,2.1808753281319704,2.7537414451390934,0.572866117007123,1.9042562250477746,3.0524097951986433,False,0,0.015995052446669433,1.0,2.5,C_ref,2026-09-19 02:30:46,2026-09-19 00:48:16
pretrained_e04,0,1.0,1.0,22,0,2.3445426273726198,2.0586708420372384,2.6369564946326918,0.5782856525954534,1.7773369886839907,2.937185567384473,False,0,0.2857081825386558,1.0,2.5,C_ref,2026-09-19 02:30:46,2026-09-19 00:48:16
pretrained_e04,0,1.0,1.0,23,0,2.3203270594176946,2.038050630005322,2.609572207944277,0.5715215779389551,1.7608261505806062,2.906929192857857,False,0,0.3897258064353082,1.0,2.5,C_ref,2026-09-19 02:30:46,2026-09-19 00:48:16
pretrained_e04,0,1.0,1.0,24,0,2.317505708660698,2.035762508741131,2.606088288246721,0.5703257795055898,1.758875083548568,2.9027515701841935,False,0,0.40361580461103586,1.0,2.5,C_ref,2026-09-19 02:30:46,2026-09-19 00:48:16
pretrained_e04,0,1.0,1.0,25,0,2.184017329876488,1.8992279785147559,2.4742158840274104,0.5749879055126546,1.616983961874109,2.7715870228390793,False,0,1.1828875398969103,0.0,2.5,C_ref,2026-09-19 02:30:46,2026-09-19 00:48:16
pretrained_e04,0,1.0,1.0,26,0,2.278407642544125,1.9953889093950852,2.567949038590304,0.5725601291952187,1.7166308220919497,2.865358360732467,False,0,0.5890939047094434,1.0,2.5,C_ref,2026-09-19 02:30:46,2026-09-19 00:48:16
pretrained_e04,0,1.0,1.0,27,0,2.337703057158417,2.0554219733440973,2.6268264329359825,0.5714044595918852,1.7780155083585063,2.9240165926693393,False,0,0.31860251315447385,1.0,2.5,C_ref,2026-09-19 02:30:46,2026-09-19 00:48:16
pretrained_e04,0,1.0,1.0,28,0,2.4046402828376854,2.122066290245244,2.6946490145841597,0.5725827243389157,1.8454671569377812,2.9930737137716776,False,0,0.10986506490371539,1.0,2.5,C_ref,2026-09-19 02:30:46,2026-09-19 00:48:16
pretrained_e04,0,1.0,1.0,29,0,2.3217492367124852,2.0374027650930318,2.612892506677379,0.5754897415843474,1.7578665172692038,2.9120905523358265,False,0,0.3785046598750341,1.0,2.5,C_ref,2026-09-19 02:30:46,2026-09-19 00:48:16
pretrained_e04,0,1.0,1.0,30,0,2.3404528055328484,2.0607956455468006,2.627249751709487,0.5664541061626864,1.7865947689174069,2.9223465961533655,False,0,0.31315677674501785,1.0,2.5,C_ref,2026-09-19 02:30:46,2026-09-19 00:48:16
pretrained_e04,0,1.0,1.0,31,0,2.381725816378906,2.0974014949516606,2.6730713874760066,0.575669892524346,1.8183100955978633,2.972596157876593,False,0,0.16731996511953184,1.0,2.5,C_ref,2026-09-19 02:30:46,2026-09-19 00:48:16
pretrained_e04,0,1.0,1.0,32,0,2.3867252753354453,2.103796045368987,2.676935355702861,0.573139310333874,1.8264548941458292,2.9754893760399126,False,0,0.154735283813352,1.0,2.5,C_ref,2026-09-19 02:30:46,2026-09-19 00:48:16
pretrained_e04,0,1.0,1.0,33,0,2.2960038710755635,2.013886873484496,2.5850307992713155,0.5711439257868194,1.736806737187916,2.8821407993370043,False,0,0.5017881749736262,1.0,2.5,C_ref,2026-09-19 02:30:46,2026-09-19 00:48:16
pretrained_e04,0,1.0,1.0,34,0,2.33998677249613,2.0554962934982077,2.631249873866994,0.5757535803687861,1.7757304404571765,2.9305120929914996,False,0,0.30528230463096406,1.0,2.5,C_ref,2026-09-19 02:30:46,2026-09-19 00:48:16
pretrained_e04,0,1.0,1.0,35,0,2.3219274998413844,2.0403016966005056,2.6107748480985355,0.5704731514980299,1.7642809699726247,2.9079126316406683,False,0,0.3839871766685974,1.0,2.5,C_ref,2026-09-19 02:30:46,2026-09-19 00:48:16
pretrained_e04,0,1.0,1.0,36,0,2.4476899323163233,2.1653110475338755,2.737478118367672,0.5721670708337965,1.8887658508416734,3.035666019959022,False,0,0.03325209412287222,1.0,2.5,C_ref,2026-09-19 02:30:46,2026-09-19 00:48:16
pretrained_e04,0,1.0,1.0,37,0,2.4145980715958126,2.130770207036638,2.705490433427559,0.5747202263909208,1.852376553269893,3.004558692882911,False,0,0.08755292541900417,1.0,2.5,C_ref,2026-09-19 02:30:46,2026-09-19 00:48:16
pretrained_e04,0,1.0,1.0,38,0,2.488458110984112,2.2073430476429685,2.7773473987837693,0.5700043511408008,1.9326744472798814,3.074899693652018,False,0,0.0016116384358610958,1.0,2.5,C_ref,2026-09-19 02:30:46,2026-09-19 00:48:16
pretrained_e04,0,1.0,1.0,39,0,2.318112512915656,2.035713987143193,2.6074134589460365,0.5716994718028436,1.7582120283713474,2.9048426405381877,False,0,0.39904675582874916,1.0,2.5,C_ref,2026-09-19 02:30:46,2026-09-19 00:48:16
pretrained_e04,0,1.0,1.0,40,0,2.398176146624012,2.1139414754866195,2.6895593434599476,0.5756178679733281,1.8350620807724571,2.98914225774156,False,0,0.12419465157290688,1.0,2.5,C_ref,2026-09-19 02:30:46,2026-09-19 00:48:16
pretrained_e04,0,1.0,1.0,41,0,2.298003650932141,2.014675113234195,2.5880179841924016,0.5733428709582067,1.7359598855763034,2.885968933600925,False,0,0.4887924209506309,1.0,2.5,C_ref,2026-09-19 02:30:46,2026-09-19 00:48:16
pretrained_e04,0,1.0,1.0,42,0,2.4220560913067333,2.139798142860792,2.711732951496353,0.5719348086355609,1.8635102083748931,3.009858652312656,False,0,0.07381039903339115,1.0,2.5,C_ref,2026-09-19 02:30:46,2026-09-19 00:48:16
pretrained_e04,0,1.0,1.0,43,0,2.294710048774486,2.0118530436470876,2.5844504047881447,0.5725973611410571,1.73403577825048,2.8822654003379053,False,0,0.5055947616201593,1.0,2.5,C_ref,2026-09-19 02:30:46,2026-09-19 00:48:16
pretrained_e04,0,1.0,1.0,44,0,2.2680769385038184,1.9833802453868958,2.559254425764424,0.575874180377528,1.6537140998672217,2.858230213229523,False,0,0.63759669576757,1.0,2.5,C_ref,2026-09-19 02:30:46,2026-09-19 00:48:16
pretrained_e04,0,1.0,1.0,45,0,2.2453073589184087,1.9626397842503296,2.534544003932948,0.5719042196826185,1.684408125061741,2.8316724105415054,False,0,0.7775002796224726,1.0,2.5,C_ref,2026-09-19 02:30:46,2026-09-19 00:48:16
pretrained_e04,0,1.0,1.0,46,0,2.3826284995259677,2.0986080421459925,2.673646699393256,0.5750386572472634,1.8198272009496648,2.9728292335919835,False,0,0.16511351542067132,1.0,2.5,C_ref,2026-09-19 02:30:46,2026-09-19 00:48:16
pretrained_e04,0,1.0,1.0,47,0,2.4223602404084157,2.1415306621663084,2.7108696733757074,0.569339011209399,1.8669647094932798,3.0079595942751594,False,0,0.07386213152494747,1.0,2.5,C_ref,2026-09-19 02:30:46,2026-09-19 00:48:16
pretrained_e05,0,0.01,0.01,0,0,0.2026380537101728,0.0831395967265995,0.5107000419184313,0.4275604451918318,0.0253822380956167,1.0013540069426947,False,0,0.5641475797383464,1.0,0.4,C_ref,2026-09-18 03:58:32,2026-09-18 05:06:23
pretrained_e05,0,0.01,0.01,1,0,0.1593405486159092,0.0635154467182981,0.3740115209058928,0.3104960741875947,0.0168763746211357,0.8888450617975929,False,0,1.148413395661919,0.0,0.4,C_ref,2026-09-18 03:58:32,2026-09-18 05:06:23
pretrained_e05,0,0.01,0.01,2,0,0.0771026295490037,0.0415621085667245,0.3010636207731551,0.2595015122064305,0.0095242806603123,1.12097616598477,False,0,1.4748966168917832,0.0,0.4,C_ref,2026-09-18 03:58:32,2026-09-18 05:06:23
pretrained_e05,0,0.01,0.01,3,0,0.131441626745986,0.0494819634550193,0.2142657278022866,0.1647837643472673,0.0106458986034826,1.0738183231802303,False,0,1.97964139659598,0.0,0.4,C_ref,2026-09-18 03:58:32,2026-09-18 05:06:23
pretrained_e05,0,0.01,0.01,4,0,0.1620680967560022,0.0755273787481858,0.3997068405012304,0.3241794617530445,0.0228546040263517,1.0429373994087838,False,0,1.0011490603537825,0.0,0.4,C_ref,2026-09-18 03:58:32,2026-09-18 05:06:23
pretrained_e05,0,0.01,0.01,5,0,0.1865031707512062,0.0735735086756581,0.5081411134656941,0.434567604790036,0.0200243668083843,1.0825694283828615,False,0,0.6341932858849759,1.0,0.4,C_ref,2026-09-18 03:58:32,2026-09-18 05:06:23
pretrained_e05,0,0.01,0.01,6,0,0.1155139739635913,0.0620393091998012,0.2468317957506252,0.184792486550824,0.0182352885536795,1.0296876199219165,False,0,1.604388298765116,0.0,0.4,C_ref,2026-09-18 03:58:32,2026-09-18 05:06:23
pretrained_e05,0,0.01,0.01,7,0,0.1331488415868729,0.0522249679424225,0.2530533491656802,0.2008283812232576,0.0123673019973605,0.7446912869618478,False,0,1.750073193674325,0.0,0.4,C_ref,2026-09-18 03:58:32,2026-09-18 05:06:23
pretrained_e05,0,0.01,0.01,8,0,0.1397998659430877,0.0606737154140564,0.1822624754677581,0.1215887600537016,0.0164166529435249,1.0082657507179915,False,0,2.330847860430368,0.0,0.4,C_ref,2026-09-18 03:58:32,2026-09-18 05:06:23
pretrained_e05,0,0.01,0.01,9,0,0.1277812077504864,0.0497393364257355,0.2178648520014177,0.1681255155756821,0.0113249702835828,0.7044726402563817,False,0,2.4682783561620454,0.0,0.4,C_ref,2026-09-18 03:58:32,2026-09-18 05:06:23
pretrained_e05,0,0.01,0.01,10,0,0.1520402946300239,0.0604941172959467,0.4003794171451124,0.3398852998491657,0.0158298004283569,1.037167810508551,False,0,0.9987699246994453,1.0,0.4,C_ref,2026-09-18 03:58:32,2026-09-18 05:06:23
pretrained_e05,0,0.01,0.01,11,0,0.1314373396755976,0.0505152175823364,0.2817930647685574,0.2312778471862209,0.0113035242070397,0.8547612926028034,False,0,1.6407466721539097,0.0,0.4,C_ref,2026-09-18 03:58:32,2026-09-18 05:06:23
pretrained_e05,0,0.01,0.01,12,0,0.1257489563123487,0.0461134712121762,0.2956777776524548,0.2495643064402785,0.0094809915382378,0.7976943894183288,False,0,1.7606348161352798,0.0,0.4,C_ref,2026-09-18 03:58:32,2026-09-18 05:06:23
pretrained_e05,0,0.01,0.01,13,0,0.1339684498932063,0.0503943185180939,0.3227160640859159,0.272321745567822,0.0109555828543784,0.9103827244170476,False,0,1.4355492685390343,0.0,0.4,C_ref,2026-09-18 03:58:32,2026-09-18 05:06:23
pretrained_e05,0,0.01,0.01,14,0,0.1683222417576565,0.0698249101623542,0.3986950215225038,0.3288701113601496,0.0197142475958187,0.89662483815191,False,0,1.0065946178001468,0.0,0.4,C_ref,2026-09-18 03:58:32,2026-09-18 05:06:23
pretrained_e05,0,0.01,0.01,15,0,0.1516792008686925,0.0578758265224105,0.3888094608016292,0.3309336342792187,0.0141766150595246,1.0513581912924466,False,0,1.0485451206259313,0.0,0.4,C_ref,2026-09-18 03:58:32,2026-09-18 05:06:23
pretrained_e05,0,0.01,0.01,16,0,0.1608307928527321,0.0647452582670457,0.3824977938378036,0.3177525355707578,0.017129062171822,1.1171310793574094,False,0,1.0567775505078316,0.0,0.4,C_ref,2026-09-18 03:58:32,2026-09-18 05:06:23
pretrained_e05,0,0.01,0.01,17,0,0.1788076738701711,0.0739527097074394,0.4080064412117333,0.3340537315042938,0.0214153097738449,0.871624337611968,False,0,0.9548091167998792,1.0,0.4,C_ref,2026-09-18 03:58:32,2026-09-18 05:06:23
pretrained_e05,0,0.01,0.01,18,0,0.170274489062624,0.0673658482032307,0.4299758629723713,0.3626100147691405,0.0181237846013838,1.021061678513142,False,0,0.8703157327036024,1.0,0.4,C_ref,2026-09-18 03:58:32,2026-09-18 05:06:23
pretrained_e05,0,0.01,0.01,19,0,0.1386422219487295,0.0523911293667772,0.3335794762229503,0.281188346856173,0.0118441267051894,0.9476403267413512,False,0,1.3888034250012424,0.0,0.4,C_ref,2026-09-18 03:58:32,2026-09-18 05:06:23
pretrained_e05,0,0.01,0.01,20,0,0.1479878114600642,0.0695950309053173,0.1669849428881471,0.0973899119828297,0.0204759104309571,1.0569917346806657,False,0,2.091144493566389,0.0,0.4,C_ref,2026-09-18 03:58:32,2026-09-18 05:06:23
pretrained_e05,0,0.01,0.01,21,0,0.1307947948113728,0.0492944425327629,0.3030035480427254,0.2537091055099625,0.010529425435252,0.8352432780131978,False,0,1.653836892099207,0.0,0.4,C_ref,2026-09-18 03:58:32,2026-09-18 05:06:23
pretrained_e05,0,0.01,0.01,22,0,0.1792493760951236,0.0714171198266095,0.4431335062415194,0.3717163864149098,0.019508172819422,0.9843206844360044,False,0,0.806572824374598,1.0,0.4,C_ref,2026-09-18 03:58:32,2026-09-18 05:06:23
pretrained_e05,0,0.01,0.01,23,0,0.1838278989607298,0.0778867908198159,0.4484828649820355,0.3705960741622195,0.0230429745909442,1.0140652967723012,False,0,0.8045731208549114,1.0,0.4,C_ref,2026-09-18 03:58:32,2026-09-18 05:06:23
pretrained_e05,0,0.01,0.01,24,0,0.1736982670537025,0.0696860054467064,0.4355993058589827,0.3659133004122762,0.0192527435549684,1.0109083797989291,False,0,0.8480754650117888,1.0,0.4,C_ref,2026-09-18 03:58:32,2026-09-18 05:06:23
pretrained_e05,0,0.01,0.01,25,0,0.2113681370382008,0.0769174840750487,0.5208900309245499,0.4439725468495011,0.0254468071648604,1.0202312350005414,False,0,0.5190778011092334,1.0,0.4,C_ref,2026-09-18 03:58:32,2026-09-18 05:06:23
pretrained_e05,0,0.01,0.01,26,0,0.1478752557223967,0.0718115578668737,0.345894747412175,0.2740831895453012,0.0211181947071335,1.0723727163427077,False,0,1.197085570445779,0.0,0.4,C_ref,2026-09-18 03:58:32,2026-09-18 05:06:23
pretrained_e05,0,0.01,0.01,27,0,0.1350454063017936,0.0605059044300791,0.2511682041966588,0.1906622997665796,0.0167842569563228,0.8108488945761332,False,0,1.9833593469265909,0.0,0.4,C_ref,2026-09-18 03:58:32,2026-09-18 05:06:23
pretrained_e05,0,0.01,0.01,28,0,0.1531282912219253,0.0608618908253753,0.30017826170392,0.2393163708785446,0.0159053684106376,1.0279440106282596,False,0,1.455074947236426,0.0,0.4,C_ref,2026-09-18 03:58:32,2026-09-18 05:06:23
pretrained_e05,0,0.01,0.01,29,0,0.1569417412940073,0.0621648050367793,0.3938399738444661,0.3316751688076867,0.0163663913677042,0.9840535541528148,False,0,1.0276026000501588,0.0,0.4,C_ref,2026-09-18 03:58:32,2026-09-18 05:06:23
pretrained_e05,0,0.01,0.01,30,0,0.2022896793259049,0.0848217275877019,0.4780963237460116,0.3932745961583096,0.0264242073404581,0.9563993863716334,False,0,0.6444406045920914,1.0,0.4,C_ref,2026-09-18 03:58:32,2026-09-18 05:06:23
pretrained_e05,0,0.01,0.01,31,0,0.1480332453397235,0.0572318928758061,0.3499223945679077,0.2926905016921016,0.0139715879909002,0.8973970232525352,False,0,1.2949973283684812,0.0,0.4,C_ref,2026-09-18 03:58:32,2026-09-18 05:06:23
pretrained_e05,0,0.01,0.01,32,0,0.1398881233363261,0.0543479231417451,0.3010475111914389,0.2466995880496938,0.0129806313850079,0.8443223785234182,False,0,1.53068521836758,0.0,0.4,C_ref,2026-09-18 03:58:32,2026-09-18 05:06:23
pretrained_e05,0,0.01,0.01,33,0,0.216847722396741,0.0909737808061567,0.5070729279746565,0.4160991471684997,0.0288170363696939,0.9762721632690364,False,0,0.5307323823217303,1.0,0.4,C_ref,2026-09-18 03:58:32,2026-09-18 05:06:23
pretrained_e05,0,0.01,0.01,34,0,0.1070173943826545,0.0591290969772236,0.3903407340948449,0.3312116371176212,0.0169566287624535,1.0500961959139017,False,0,1.036806468218856,0.0,0.4,C_ref,2026-09-18 03:58:32,2026-09-18 05:06:23
pretrained_e05,0,0.01,0.01,35,0,0.1445975793201574,0.0566289453277311,0.3469702466303941,0.290341301302663,0.0142223193325006,0.9328963289468428,False,0,1.2877427588427963,0.0,0.4,C_ref,2026-09-18 03:58:32,2026-09-18 05:06:23
pretrained_e05,0,0.01,0.01,36,0,0.139342614849484,0.0538764506196354,0.320846938826965,0.2669704882073295,0.01275059839025,0.8025418909428028,False,0,1.5456530393967114,0.0,0.4,C_ref,2026-09-18 03:58:32,2026-09-18 05:06:23
pretrained_e05,0,0.01,0.01,37,0,0.12928484537701,0.0479520336442169,0.3097256238704881,0.2617735902262711,0.0098747431456783,0.9095880081145514,False,0,1.5644323375381646,0.0,0.4,C_ref,2026-09-18 03:58:32,2026-09-18 05:06:23
pretrained_e05,0,0.01,0.01,38,0,0.1491922920905753,0.0579395640622706,0.3659498803180593,0.3080103162557887,0.0145708198147291,0.9995617367800214,False,0,1.170440260284522,0.0,0.4,C_ref,2026-09-18 03:58:32,2026-09-18 05:06:23
pretrained_e05,0,0.01,0.01,39,0,0.0989268408956849,0.0493920615401709,0.1184247376611726,0.0690326761210017,0.0128615256232052,0.9678541440003328,False,0,2.994731274811784,0.0,0.4,C_ref,2026-09-18 03:58:32,2026-09-18 05:06:23
pretrained_e05,0,0.01,0.01,40,0,0.1671114091786552,0.0658749950834927,0.2590696887084696,0.1931946936249768,0.0172945228766587,1.1665198059162394,False,0,0.6767260427986912,0.0,0.4,C_ref,2026-09-18 03:58:32,2026-09-18 05:06:23
pretrained_e05,0,0.01,0.01,41,0,0.1911570512821983,0.0765714303506619,0.5113040057825559,0.4347325754318938,0.0219976309432152,1.056914349386301,False,0,0.610697248030192,1.0,0.4,C_ref,2026-09-18 03:58:32,2026-09-18 05:06:23
pretrained_e05,0,0.01,0.01,42,0,0.1630534984896279,0.0641373787516425,0.4041217752119604,0.3399843964603178,0.0168770713712763,0.9886052848331276,False,0,0.981295976373076,1.0,0.4,C_ref,2026-09-18 03:58:32,2026-09-18 05:06:23
pretrained_e05,0,0.01,0.01,43,0,0.2280083869731747,0.0957572807705663,0.546220589760104,0.4504633089895376,0.0308736886092854,1.017014715708486,False,0,0.4257762844608805,1.0,0.4,C_ref,2026-09-18 03:58:32,2026-09-18 05:06:23
pretrained_e05,0,0.01,0.01,44,0,0.1871086673408497,0.0764717424324911,0.4420790316215006,0.3656072891890094,0.0220950709763066,0.9346593038632074,False,0,0.7926974962210807,1.0,0.4,C_ref,2026-09-18 03:58:32,2026-09-18 05:06:23
pretrained_e05,0,0.01,0.01,45,0,0.1872195264252573,0.0771522496736521,0.4495376473502213,0.3723853976765691,0.0227176079293726,0.941604679141105,False,0,0.7661178046364512,1.0,0.4,C_ref,2026-09-18 03:58:32,2026-09-18 05:06:23
pretrained_e05,0,0.01,0.01,46,0,0.1264340681545311,0.0663459388228897,0.4292357304829878,0.3628897916600981,0.0187597610954182,1.0835069667156962,False,0,0.8949099051787925,1.0,0.4,C_ref,2026-09-18 03:58:32,2026-09-18 05:06:23
pretrained_e05,0,0.01,0.01,47,0,0.1561530838485587,0.0632919235444671,0.2741434391970318,0.2108515156525646,0.0169493968183975,0.9060573543238613,False,0,1.716945501713781,0.0,0.4,C_ref,2026-09-18 03:58:32,2026-09-18 05:06:23
pretrained_e05,0,0.01,0.01,0,0,0.0,,0.0046231919839487,,,0.0244052284970794,True,0,11.08794944140027,,2.5,C_ref,2026-09-18 03:58:32,2026-09-18 05:06:23
pretrained_e05,0,0.01,0.01,1,0,0.0,,0.0036049085276503,,,0.017772417747922,True,0,12.848316388903186,,2.5,C_ref,2026-09-18 03:58:32,2026-09-18 05:06:23
pretrained_e05,0,0.01,0.01,2,0,0.0,,0.0028444795435273,,,0.0125666345716165,True,0,8.528769660013495,,2.5,C_ref,2026-09-18 03:58:32,2026-09-18 05:06:23
pretrained_e05,0,0.01,0.01,3,0,0.0,,0.0028142193549125,,,0.0123506933391459,True,0,8.63059414408417,,2.5,C_ref,2026-09-18 03:58:32,2026-09-18 05:06:23
pretrained_e05,0,0.01,0.01,4,0,0.0,,0.0039531005766458,,,0.0198284177884071,True,0,10.72780239286658,,2.5,C_ref,2026-09-18 03:58:32,2026-09-18 05:06:23
pretrained_e05,0,0.01,0.01,5,0,0.0,,0.0037285320749999,,,0.0185993488910686,True,0,7.826964764379227,,2.5,C_ref,2026-09-18 03:58:32,2026-09-18 05:06:23
pretrained_e05,0,0.01,0.01,6,0,0.0,,0.0043699752306639,,,0.022749524728755,True,0,11.07873755300534,,2.5,C_ref,2026-09-18 03:58:32,2026-09-18 05:06:23
pretrained_e05,0,0.01,0.01,7,0,0.0,,0.0032790552684017,,,0.015605174244089,True,0,16.778173312577565,,2.5,C_ref,2026-09-18 03:58:32,2026-09-18 05:06:23
pretrained_e05,0,0.01,0.01,8,0,0.0,,0.0035422575967112,,,0.0173283344203167,True,0,10.29238860609621,,2.5,C_ref,2026-09-18 03:58:32,2026-09-18 05:06:23
pretrained_e05,0,0.01,0.01,9,0,0.0,,0.0031854863819696,,,0.0149549745134751,True,0,17.103439485206763,,2.5,C_ref,2026-09-18 03:58:32,2026-09-18 05:06:23
pretrained_e05,0,0.01,0.01,10,0,0.0,,0.0031523649003118,,,0.014760991601151,True,0,9.789348800066364,,2.5,C_ref,2026-09-18 03:58:32,2026-09-18 05:06:23
pretrained_e05,0,0.01,0.01,11,0,0.0,,0.0034016873696674,,,0.0164673757279456,True,0,14.022080356437073,,2.5,C_ref,2026-09-18 03:58:32,2026-09-18 05:06:23
pretrained_e05,0,0.01,0.01,12,0,0.0,,0.0027042637547656,,,0.0115579960563157,True,0,12.38254897571096,,2.5,C_ref,2026-09-18 03:58:32,2026-09-18 05:06:23
pretrained_e05,0,0.01,0.01,13,0,0.0,,0.0028780729513233,,,0.0128307363341706,True,0,11.811276565080334,,2.5,C_ref,2026-09-18 03:58:32,2026-09-18 05:06:23
pretrained_e05,0,0.01,0.01,14,0,0.0,,0.0039332169103296,,,0.0197842447532981,True,0,13.503196754063538,,2.5,C_ref,2026-09-18 03:58:32,2026-09-18 05:06:23
pretrained_e05,0,0.01,0.01,15,0,0.0,,0.0029532190775515,,,0.0133668127341889,True,0,8.588235483890458,,2.5,C_ref,2026-09-18 03:58:32,2026-09-18 05:06:23
pretrained_e05,0,0.01,0.01,16,0,0.0,,0.0029510280847544,,,0.0133659778167325,True,0,6.408518093590828,,2.5,C_ref,2026-09-18 03:58:32,2026-09-18 05:06:23
pretrained_e05,0,0.01,0.01,17,0,0.0,,0.0046046918291157,,,0.0241905472003301,True,0,14.269482812665956,,2.5,C_ref,2026-09-18 03:58:32,2026-09-18 05:06:23
pretrained_e05,0,0.01,0.01,18,0,0.0,,0.0032801186091529,,,0.015632707883324,True,0,9.436184876391051,,2.5,C_ref,2026-09-18 03:58:32,2026-09-18 05:06:23
pretrained_e05,0,0.01,0.01,19,0,0.0,,0.003009383083093,,,0.0137580904124118,True,0,9.79300294335917,,2.5,C_ref,2026-09-18 03:58:32,2026-09-18 05:06:23
pretrained_e05,0,0.01,0.01,20,0,0.0,,0.0041887154348494,,,0.0215015186400226,True,0,9.860824074818083,,2.5,C_ref,2026-09-18 03:58:32,2026-09-18 05:06:23
pretrained_e05,0,0.01,0.01,21,0,0.0,,0.0028144179479992,,,0.0123548127477925,True,0,13.041609888587118,,2.5,C_ref,2026-09-18 03:58:32,2026-09-18 05:06:23
pretrained_e05,0,0.01,0.01,22,0,0.0,,0.0038059161739605,,,0.0190902900053834,True,0,10.358703636218706,,2.5,C_ref,2026-09-18 03:58:32,2026-09-18 05:06:23
pretrained_e05,0,0.01,0.01,23,0,0.0,,0.0042256515746407,,,0.0217814218348833,True,0,10.675882590912806,,2.5,C_ref,2026-09-18 03:58:32,2026-09-18 05:06:23
pretrained_e05,0,0.01,0.01,24,0,0.0,,0.0037790546906025,,,0.0188465336427338,True,0,9.697032188501908,,2.5,C_ref,2026-09-18 03:58:32,2026-09-18 05:06:23
pretrained_e05,0,0.01,0.01,25,0,0.0,,0.0055984956332188,,,0.0296621986157412,True,0,12.03443914393938,,2.5,C_ref,2026-09-18 03:58:32,2026-09-18 05:06:23
pretrained_e05,0,0.01,0.01,26,0,0.0,,0.0040667616588158,,,0.0206920940600456,True,0,9.18445979979515,,2.5,C_ref,2026-09-18 03:58:32,2026-09-18 05:06:23
pretrained_e05,0,0.01,0.01,27,0,0.0,,0.0037031437977545,,,0.018322857406034,True,0,15.332291387592704,,2.5,C_ref,2026-09-18 03:58:32,2026-09-18 05:06:23
pretrained_e05,0,0.01,0.01,28,0,0.0,,0.0032468319708607,,,0.0153960814483031,True,0,9.322116553277738,,2.5,C_ref,2026-09-18 03:58:32,2026-09-18 05:06:23
pretrained_e05,0,0.01,0.01,29,0,0.0,,0.0036125588415312,,,0.0178113845393495,True,0,10.293091723127873,,2.5,C_ref,2026-09-18 03:58:32,2026-09-18 05:06:23
pretrained_e05,0,0.01,0.01,30,0,0.0,,0.0043005659988725,,,0.0223069249295116,True,0,11.285449498136586,,2.5,C_ref,2026-09-18 03:58:32,2026-09-18 05:06:23
pretrained_e05,0,0.01,0.01,31,0,0.0,,0.0032540000420496,,,0.0154820722024398,True,0,11.524664272106747,,2.5,C_ref,2026-09-18 03:58:32,2026-09-18 05:06:23
pretrained_e05,0,0.01,0.01,32,0,0.0,,0.003170051462285,,,0.0148699774365449,True,0,13.120457328834163,,2.5,C_ref,2026-09-18 03:58:32,2026-09-18 05:06:23
pretrained_e05,0,0.01,0.01,33,0,0.0,,0.005054677837365,,,0.0270122285195397,True,0,11.681737319173408,,2.5,C_ref,2026-09-18 03:58:32,2026-09-18 05:06:23
pretrained_e05,0,0.01,0.01,34,0,0.0,,0.0041020966057767,,,0.0209203440341941,True,0,10.88823456213504,,2.5,C_ref,2026-09-18 03:58:32,2026-09-18 05:06:23
pretrained_e05,0,0.01,0.01,35,0,0.0,,0.0034834774969213,,,0.0169232445608597,True,0,12.09026450426245,,2.5,C_ref,2026-09-18 03:58:32,2026-09-18 05:06:23
pretrained_e05,0,0.01,0.01,36,0,0.0,,0.0030342945567654,,,0.013933171672592,True,0,14.132439893928677,,2.5,C_ref,2026-09-18 03:58:32,2026-09-18 05:06:23
pretrained_e05,0,0.01,0.01,37,0,0.0,,0.0027408205891279,,,0.0118182755518507,True,0,10.73310543894695,,2.5,C_ref,2026-09-18 03:58:32,2026-09-18 05:06:23
pretrained_e05,0,0.01,0.01,38,0,0.0,,0.0029929868574316,,,0.013634266309908,True,0,10.02957566679106,,2.5,C_ref,2026-09-18 03:58:32,2026-09-18 05:06:23
pretrained_e05,0,0.01,0.01,39,0,0.0,,0.0034529098757288,,,0.0166964094035346,True,0,12.2264938620865,,2.5,C_ref,2026-09-18 03:58:32,2026-09-18 05:06:23
pretrained_e05,0,0.01,0.01,40,0,0.0,,0.0033056687410914,,,0.0158310248129634,True,0,5.887625540573936,,2.5,C_ref,2026-09-18 03:58:32,2026-09-18 05:06:23
pretrained_e05,0,0.01,0.01,41,0,0.0,,0.004031755849854,,,0.0204832110470369,True,0,9.427532534347849,,2.5,C_ref,2026-09-18 03:58:32,2026-09-18 05:06:23
pretrained_e05,0,0.01,0.01,42,0,0.0,,0.0031608978775581,,,0.0148292853203564,True,0,9.274679215719516,,2.5,C_ref,2026-09-18 03:58:32,2026-09-18 05:06:23
pretrained_e05,0,0.01,0.01,43,0,0.0,,0.0051841776266387,,,0.0277307370244032,True,0,10.148326060629188,,2.5,C_ref,2026-09-18 03:58:32,2026-09-18 05:06:23
pretrained_e05,0,0.01,0.01,44,0,0.0,,0.0043491564895185,,,0.0227030827016117,True,0,11.905483319416817,,2.5,C_ref,2026-09-18 03:58:32,2026-09-18 05:06:23
pretrained_e05,0,0.01,0.01,45,0,0.0,,0.0045894024740878,,,0.0241711366181557,True,0,12.02010898363369,,2.5,C_ref,2026-09-18 03:58:32,2026-09-18 05:06:23
pretrained_e05,0,0.01,0.01,46,0,0.0,,0.0037677100239595,,,0.018827361231391,True,0,8.542326659542596,,2.5,C_ref,2026-09-18 03:58:32,2026-09-18 05:06:23
pretrained_e05,0,0.01,0.01,47,0,0.0,,0.0033492925395311,,,0.0160901725836042,True,0,12.028537689628138,,2.5,C_ref,2026-09-18 03:58:32,2026-09-18 05:06:23
pretrained_e05,0,0.03,0.03,0,0,0.8899772284063936,0.8651949313847731,1.0906806934861506,0.2254857621013775,0.5395741809962086,1.3727360624890572,False,0,5.8793849365611095,0.0,0.4,C_ref,2026-09-18 05:34:09,2026-09-18 06:48:58
pretrained_e05,0,0.03,0.03,1,0,0.8005777050808779,0.7228006384021975,1.0854067895975674,0.3626061511953699,0.601015640567097,1.3914966394677,False,0,5.088668441454502,0.0,0.4,C_ref,2026-09-18 05:34:09,2026-09-18 06:48:58
pretrained_e05,0,0.03,0.03,2,0,0.9207467094893528,0.6551205217414072,1.1328956644841388,0.4777751427427316,0.0235932572773879,1.4349505512363705,False,0,1.892167763759062,0.0,0.4,C_ref,2026-09-18 05:34:09,2026-09-18 06:48:58
pretrained_e05,0,0.03,0.03,3,0,0.8165394427504556,0.624633447986218,1.1291511313905431,0.5045176834043251,0.5664490954671004,1.4452851729090237,False,0,9.637712158106297,0.0,0.4,C_ref,2026-09-18 05:34:09,2026-09-18 06:48:58
pretrained_e05,0,0.03,0.03,4,0,0.8372664548690616,0.8021436621530516,1.0664626339365166,0.2643189717834651,0.0718564189993129,1.364221378241809,False,0,2.541981860926171,0.0,0.4,C_ref,2026-09-18 05:34:09,2026-09-18 06:48:58
pretrained_e05,0,0.03,0.03,5,0,0.7486934861611707,0.6656507581162794,1.0514949416961097,0.3858441835798301,0.5163959002394434,1.3703541570890188,False,0,6.84830273258558,0.0,0.4,C_ref,2026-09-18 05:34:09,2026-09-18 06:48:58
pretrained_e05,0,0.03,0.03,6,0,0.8328957954296757,0.7781372060860798,1.047131056445909,0.2689938503598295,0.0734727313337913,1.341164033204418,False,0,3.108247859403491,0.0,0.4,C_ref,2026-09-18 05:34:09,2026-09-18 06:48:58
pretrained_e05,0,0.03,0.03,7,0,0.754074708364506,0.5688173122099929,1.0639819971096809,0.4951646848996878,0.0421951963396549,1.380805809345166,False,0,3.5622901483766327,0.0,0.4,C_ref,2026-09-18 05:34:09,2026-09-18 06:48:58
pretrained_e05,0,0.03,0.03,8,0,0.8972889852269228,0.8701059424281063,1.114659370732391,0.2445534283042847,0.4059627136214674,1.4143943474443172,False,0,4.572969380151335,0.0,0.4,C_ref,2026-09-18 05:34:09,2026-09-18 06:48:58
pretrained_e05,0,0.03,0.03,9,0,0.8921579969354314,0.8473795169454084,1.1193230725264474,0.271943555581039,0.7458766511663097,1.408929703046503,False,0,4.42335053199713,0.0,0.4,C_ref,2026-09-18 05:34:09,2026-09-18 06:48:58
pretrained_e05,0,0.03,0.03,10,0,0.9520677548396718,0.9060610084676304,1.195670841405761,0.2896098329381306,0.7624933290555074,1.4884235722056047,False,0,7.244541446340008,0.0,0.4,C_ref,2026-09-18 05:34:09,2026-09-18 06:48:58
pretrained_e05,0,0.03,0.03,11,0,0.8295507629921142,0.7215913982492348,1.0670357464988915,0.3454443482496567,0.0273769941168875,1.3760426479772585,False,0,2.908900696802448,0.0,0.4,C_ref,2026-09-18 05:34:09,2026-09-18 06:48:58
pretrained_e05,0,0.03,0.03,12,0,0.1350479434421203,0.0586037662591993,0.2214760031510947,0.1628722368918954,0.0151085107826154,1.334628117277019,False,0,2.2434437096235342,0.0,0.4,C_ref,2026-09-18 05:34:09,2026-09-18 06:48:58
pretrained_e05,0,0.03,0.03,13,0,0.7725593162460177,0.6852726621235814,1.1061591917223772,0.4208865295987958,0.0227698171172226,1.4329855769536526,False,0,1.7812340569726075,0.0,0.4,C_ref,2026-09-18 05:34:09,2026-09-18 06:48:58
pretrained_e05,0,0.03,0.03,14,0,0.839454825088803,0.7774243452317919,1.0942390187136437,0.3168146734818515,0.6095745000057176,1.3917255884059332,False,0,5.975326979129022,0.0,0.4,C_ref,2026-09-18 05:34:09,2026-09-18 06:48:58
pretrained_e05,0,0.03,0.03,15,0,0.8031052569227545,0.7648787593492841,1.0628962183095778,0.2980174589602937,0.3535221410818764,1.379485862122994,False,0,2.206361319615098,0.0,0.4,C_ref,2026-09-18 05:34:09,2026-09-18 06:48:58
pretrained_e05,0,0.03,0.03,16,0,0.7781572591514648,0.0797313057404505,1.1438025897260284,1.064071283985578,0.0200434435090999,1.4705327860909396,False,0,0.4671918755993829,1.0,0.4,C_ref,2026-09-18 05:34:09,2026-09-18 06:48:58
pretrained_e05,0,0.03,0.03,17,0,0.7808756552780083,0.7441325849174876,1.031503892899183,0.2873713079816955,0.0928668033499038,1.335684395732954,False,0,2.082438671746786,0.0,0.4,C_ref,2026-09-18 05:34:09,2026-09-18 06:48:58
pretrained_e05,0,0.03,0.03,18,0,0.8200578710544889,0.6996203908782197,1.1182241135978286,0.4186037227196089,0.5925670770054506,1.42998862887012,False,0,6.338132987006247,0.0,0.4,C_ref,2026-09-18 05:34:09,2026-09-18 06:48:58
pretrained_e05,0,0.03,0.03,19,0,0.740463503659849,0.6033607703823566,1.0305856771052746,0.427224906722918,0.0212266321635797,1.3661224374342416,False,0,0.8399000406643609,0.0,0.4,C_ref,2026-09-18 05:34:09,2026-09-18 06:48:58
pretrained_e05,0,0.03,0.03,20,0,0.6021582547122002,0.4231422516906236,1.0255978381799291,0.6024555864893055,0.0317440176939345,1.3663006528566493,False,0,1.3496684264937358,0.0,0.4,C_ref,2026-09-18 05:34:09,2026-09-18 06:48:58
pretrained_e05,0,0.03,0.03,21,0,0.6869518176700058,0.6065038284841998,1.018183380272402,0.411679551788202,0.0205072400515995,1.364647694523653,False,0,1.1566566039145982,0.0,0.4,C_ref,2026-09-18 05:34:09,2026-09-18 06:48:58
pretrained_e05,0,0.03,0.03,22,0,0.8001812789771069,0.6169427051593006,1.101306819868238,0.4843641147089372,0.4827114051600994,1.41764657062673,False,0,4.880274035102048,0.0,0.4,C_ref,2026-09-18 05:34:09,2026-09-18 06:48:58
pretrained_e05,0,0.03,0.03,23,0,0.876547358698506,0.8312388757313448,1.1312542059850643,0.3000153302537195,0.5869044248620695,1.420380502359272,False,0,19.37706051914938,0.0,0.4,C_ref,2026-09-18 05:34:09,2026-09-18 06:48:58
pretrained_e05,0,0.03,0.03,24,0,0.8403015128993312,0.7689607607689675,1.083810212614662,0.3148494518456946,0.7631665094888104,1.3800964103360742,False,0,6.216252452439221,0.0,0.4,C_ref,2026-09-18 05:34:09,2026-09-18 06:48:58
pretrained_e05,0,0.03,0.03,25,0,0.8545330583535776,0.7749629767311395,1.0478771261604891,0.2729141494293499,0.1106486817404988,1.3330696833823945,False,0,2.425980026077013,0.0,0.4,C_ref,2026-09-18 05:34:09,2026-09-18 06:48:58
pretrained_e05,0,0.03,0.03,26,0,0.8594350440486669,0.7795397580601525,1.086245802697449,0.3067060446372965,0.7745963809134964,1.3684415507725312,False,0,8.235046143250656,0.0,0.4,C_ref,2026-09-18 05:34:09,2026-09-18 06:48:58
pretrained_e05,0,0.03,0.03,27,0,0.7184676235170215,0.5566270512944624,1.0310437107561483,0.4744166594616861,0.4920429914794895,1.3467540059583083,False,0,8.740294000959693,0.0,0.4,C_ref,2026-09-18 05:34:09,2026-09-18 06:48:58
pretrained_e05,0,0.03,0.03,28,0,0.934920878202314,0.6598819188979036,1.1309455466125682,0.4710636277146646,0.035362947420914,1.4206458428801287,False,0,2.457140297163278,0.0,0.4,C_ref,2026-09-18 05:34:09,2026-09-18 06:48:58
pretrained_e05,0,0.03,0.03,29,0,0.9474084769989762,0.9075686684143008,1.156645960854598,0.2490772924402973,0.5042856009492389,1.437750664331799,False,0,4.570099409760587,0.0,0.4,C_ref,2026-09-18 05:34:09,2026-09-18 06:48:58
pretrained_e05,0,0.03,0.03,30,0,0.8241059512770534,0.7314825366766059,1.019092225622094,0.2876096889454881,0.021382330120304,1.3060011216139469,False,0,2.7094454444631992,0.0,0.4,C_ref,2026-09-18 05:34:09,2026-09-18 06:48:58
pretrained_e05,0,0.03,0.03,31,0,0.8637020144456492,0.7883373625101243,1.1290010686633076,0.3406637061531833,0.5693212120981375,1.4331704594295285,False,0,7.085990882984333,0.0,0.4,C_ref,2026-09-18 05:34:09,2026-09-18 06:48:58
pretrained_e05,0,0.03,0.03,32,0,0.8055701312289448,0.6678888571971019,1.0505922050906775,0.3827033478935758,0.0192963539033921,1.3641810739720683,False,0,2.500070324702392,0.0,0.4,C_ref,2026-09-18 05:34:09,2026-09-18 06:48:58
pretrained_e05,0,0.03,0.03,33,0,0.7314121228588188,0.6145410877597353,1.0367098891571722,0.4221688013974369,0.1681803156881596,1.3486207839762965,False,0,3.7097633867088007,0.0,0.4,C_ref,2026-09-18 05:34:09,2026-09-18 06:48:58
pretrained_e05,0,0.03,0.03,34,0,0.836106724249812,0.77385032536167,1.0915182499207663,0.3176679245590965,0.7249336673782922,1.3945969613412703,False,0,5.382672074534639,0.0,0.4,C_ref,2026-09-18 05:34:09,2026-09-18 06:48:58
pretrained_e05,0,0.03,0.03,35,0,0.6819326694355734,0.4794297436944822,1.0528435037542252,0.5734137600597429,0.0310926208162417,1.3796854573287125,False,0,1.282413334811281,0.0,0.4,C_ref,2026-09-18 05:34:09,2026-09-18 06:48:58
pretrained_e05,0,0.03,0.03,36,0,0.1770047562092743,0.0692288114061296,1.0860150952768048,1.0167862838706752,0.0151973622793801,1.4130037303761205,False,0,0.4867332457397424,1.0,0.4,C_ref,2026-09-18 05:34:09,2026-09-18 06:48:58
pretrained_e05,0,0.03,0.03,37,0,0.8772639250416956,0.826251645645365,1.1203677945533066,0.2941161489079416,0.6093602355425146,1.4150394280107907,False,0,9.865783832290616,0.0,0.4,C_ref,2026-09-18 05:34:09,2026-09-18 06:48:58
pretrained_e05,0,0.03,0.03,38,0,0.8591952770181027,0.8107204675573922,1.1343160692063854,0.3235956016489931,0.6171137715879611,1.4407820690735675,False,0,8.077011208100885,0.0,0.4,C_ref,2026-09-18 05:34:09,2026-09-18 06:48:58
pretrained_e05,0,0.03,0.03,39,0,0.8518350909502784,0.7391324024092563,1.1183619286227613,0.379229526213505,0.7231310329932722,1.4127393431189188,False,0,16.733351263545046,0.0,0.4,C_ref,2026-09-18 05:34:09,2026-09-18 06:48:58
pretrained_e05,0,0.03,0.03,40,0,0.8235519933831241,0.5538542274672217,1.129967294064318,0.5761130665970963,0.4522050493967335,1.435844119479322,False,0,13.701938067060835,0.0,0.4,C_ref,2026-09-18 05:34:09,2026-09-18 06:48:58
pretrained_e05,0,0.03,0.03,41,0,0.6160410512442004,0.5219819237830745,0.9819912686733534,0.4600093448902789,0.0463057808210359,1.3162599273738118,False,0,1.2438639570718806,0.0,0.4,C_ref,2026-09-18 05:34:09,2026-09-18 06:48:58
pretrained_e05,0,0.03,0.03,42,0,0.8349898190496053,0.4115507612871422,1.0725190013847192,0.660968240097577,0.0266949450424753,1.3857079621485753,False,0,1.072137192262744,0.0,0.4,C_ref,2026-09-18 05:34:09,2026-09-18 06:48:58
pretrained_e05,0,0.03,0.03,43,0,0.8425161116471279,0.8127190862807898,1.0534281304759303,0.2407090441951407,0.2220167172170425,1.3427512039228422,False,0,3.725845617838786,0.0,0.4,C_ref,2026-09-18 05:34:09,2026-09-18 06:48:58
pretrained_e05,0,0.03,0.03,44,0,0.7837747451886761,0.6552869562102441,1.0595301007297264,0.4042431445194823,0.5364288185460374,1.3700457777745223,False,0,5.439280667142157,0.0,0.4,C_ref,2026-09-18 05:34:09,2026-09-18 06:48:58
pretrained_e05,0,0.03,0.03,45,0,0.8347320194932483,0.1369173649948539,1.01351568894054,0.8765983239456862,0.0320863820114312,1.30541015911227,False,0,0.030769856297411,1.0,0.4,C_ref,2026-09-18 05:34:09,2026-09-18 06:48:58
pretrained_e05,0,0.03,0.03,46,0,0.8251190997892988,0.7092479847239745,1.1009253654553224,0.3916773807313478,0.6490619707790695,1.401106924797154,False,0,10.754051401861943,0.0,0.4,C_ref,2026-09-18 05:34:09,2026-09-18 06:48:58
pretrained_e05,0,0.03,0.03,47,0,0.8394828892835176,0.7947838871672607,1.0956563894874631,0.3008725023202024,0.6603137828284653,1.3988986755184116,False,0,6.609007131068211,0.0,0.4,C_ref,2026-09-18 05:34:09,2026-09-18 06:48:58
pretrained_e05,0,0.03,0.03,0,0,2.1438937338500783,1.843765122503616,2.448577251665822,0.6048121291622066,1.5448415494358545,2.7597287863283104,False,0,1.3613968737699906,0.0,2.5,C_ref,2026-09-18 05:34:09,2026-09-18 06:48:58
pretrained_e05,0,0.03,0.03,1,0,2.211366677550277,1.9122344996226948,2.515623424706689,0.6033889250839943,1.6154776478234854,2.826725878285715,False,0,0.9006599711101444,1.0,2.5,C_ref,2026-09-18 05:34:09,2026-09-18 06:48:58
pretrained_e05,0,0.03,0.03,2,0,2.2860467204753845,1.9882939293553703,2.588931399928903,0.6006374705735325,1.692853217029587,2.898600765896569,False,0,0.5018461248910171,1.0,2.5,C_ref,2026-09-18 05:34:09,2026-09-18 06:48:58
pretrained_e05,0,0.03,0.03,3,0,2.3211061070601406,2.0233427297201136,2.6242958574573207,0.6009531277372071,1.7283966677656015,2.934531191402967,False,0,0.3510592881757475,1.0,2.5,C_ref,2026-09-18 05:34:09,2026-09-18 06:48:58
pretrained_e05,0,0.03,0.03,4,0,0.0,,0.0035514840410666,,,0.0167167802945916,True,0,2.5475326485247933,,2.5,C_ref,2026-09-18 05:34:09,2026-09-18 06:48:58
pretrained_e05,0,0.03,0.03,5,0,2.210238988280238,1.9106751093221943,2.5139394663225643,0.6032643570003697,1.6117524719838048,2.823900516355858,False,0,0.9108541215246078,1.0,2.5,C_ref,2026-09-18 05:34:09,2026-09-18 06:48:58
pretrained_e05,0,0.03,0.03,6,0,2.131557691140145,1.8299163418929103,2.436880716059514,0.6069643741666033,1.5280598493634092,2.7481978165061745,False,0,1.4505317748589732,0.0,2.5,C_ref,2026-09-18 05:34:09,2026-09-18 06:48:58
pretrained_e05,0,0.03,0.03,7,0,2.224774233272756,1.9274551151915944,2.527094317002053,0.5996392018104584,1.632176601692355,2.8361459191471807,False,0,0.8300897612461995,1.0,2.5,C_ref,2026-09-18 05:34:09,2026-09-18 06:48:58
pretrained_e05,0,0.03,0.03,8,0,0.0,,0.0016386233972814,,,0.0065544935891258,True,0,0.7138649624794198,,2.5,C_ref,2026-09-18 05:34:09,2026-09-18 06:48:58
pretrained_e05,0,0.03,0.03,9,0,2.2173705597067666,1.9200355553713733,2.519601106478032,0.5995655511066587,1.624679436038931,2.8284874693942665,False,0,0.8756020772198099,1.0,2.5,C_ref,2026-09-18 05:34:09,2026-09-18 06:48:58
pretrained_e05,0,0.03,0.03,10,0,2.3357153942176843,2.040112360354222,2.637192553630579,0.5970801932763568,1.7482717471461762,2.945959041908695,False,0,0.2997660087858094,1.0,2.5,C_ref,2026-09-18 05:34:09,2026-09-18 06:48:58
pretrained_e05,0,0.03,0.03,11,0,2.1987387273014254,1.897720029402336,2.50406171112463,0.6063416817222942,1.5976213309328218,2.815717185357672,False,0,0.9735708089501712,1.0,2.5,C_ref,2026-09-18 05:34:09,2026-09-18 06:48:58
pretrained_e05,0,0.03,0.03,12,0,2.3279066219506133,2.028728243408201,2.632737155295428,0.604008911887226,1.7327716979351695,2.9447480603419285,False,0,0.3216182101932645,1.0,2.5,C_ref,2026-09-18 05:34:09,2026-09-18 06:48:58
pretrained_e05,0,0.03,0.03,13,0,2.320136621157304,2.0227775112784983,2.623048310839919,0.6002707995614207,1.7283299662449711,2.933128068708578,False,0,0.3555841530869656,1.0,2.5,C_ref,2026-09-18 05:34:09,2026-09-18 06:48:58
pretrained_e05,0,0.03,0.03,14,0,2.2005947341563554,1.906853815384665,2.499645063215132,0.5927912478304669,1.6154818256783363,2.805664368765905,False,0,1.0023127332678996,0.0,2.5,C_ref,2026-09-18 05:34:09,2026-09-18 06:48:58
pretrained_e05,0,0.03,0.03,15,0,0.0,,0.0030763038113138,,,0.0141611987906923,True,0,1.1922068015555851,,2.5,C_ref,2026-09-18 05:34:09,2026-09-18 06:48:58
pretrained_e05,0,0.03,0.03,16,0,2.40608718879218,2.110579800038681,2.707693659638084,0.5971138595994026,1.819095727534927,3.016745457732038,False,0,0.0983027914553531,1.0,2.5,C_ref,2026-09-18 05:34:09,2026-09-18 06:48:58
pretrained_e05,0,0.03,0.03,17,0,2.113157086929589,1.8138584626184888,2.416283330064126,0.6024248674456374,1.5143858024828742,2.7254973500272257,False,0,1.6200346257028286,0.0,2.5,C_ref,2026-09-18 05:34:09,2026-09-18 06:48:58
pretrained_e05,0,0.03,0.03,18,0,2.305002223178495,2.009251603199234,2.6061663827506387,0.5969147795514047,1.7164907754874512,2.914297976336349,False,0,0.4221039817566634,1.0,2.5,C_ref,2026-09-18 05:34:09,2026-09-18 06:48:58
pretrained_e05,0,0.03,0.03,19,0,2.25694341167747,1.9581900199154263,2.560341300882462,0.6021512809670353,1.6608464315100853,2.8702116782785194,False,0,0.6441980031704588,1.0,2.5,C_ref,2026-09-18 05:34:09,2026-09-18 06:48:58
pretrained_e05,0,0.03,0.03,20,0,2.2184115951023915,1.921127656783674,2.5206608440766085,0.5995331872929344,1.6256916674309532,2.829675216458164,False,0,0.8691177418040752,1.0,2.5,C_ref,2026-09-18 05:34:09,2026-09-18 06:48:58
pretrained_e05,0,0.03,0.03,21,0,2.292002019087198,1.990090284559153,2.5985409195467684,0.6084506349876153,1.689623796048278,2.911601850449867,False,0,0.4631523308744363,1.0,2.5,C_ref,2026-09-18 05:34:09,2026-09-18 06:48:58
pretrained_e05,0,0.03,0.03,22,0,2.250586711146946,1.952711930981964,2.5535947830548253,0.6008828520728617,1.6571042747186753,2.8634797209590634,False,0,0.6798471457950654,1.0,2.5,C_ref,2026-09-18 05:34:09,2026-09-18 06:48:58
pretrained_e05,0,0.03,0.03,23,0,2.1964881345730034,1.9040484116928893,2.494634116850087,0.5905857051571974,1.614887656425027,2.8000199189533173,False,0,1.0356266364833573,0.0,2.5,C_ref,2026-09-18 05:34:09,2026-09-18 06:48:58
pretrained_e05,0,0.03,0.03,24,0,0.0,,0.0033686835309956,,,0.0142583047390162,True,0,1.101896295538609,,2.5,C_ref,2026-09-18 05:34:09,2026-09-18 06:48:58
pretrained_e05,0,0.03,0.03,25,0,2.082323580529502,1.7847348648545212,2.383481503153672,0.5987466382991506,1.4865779919632216,2.6905313034394154,False,0,1.9097414741190728,0.0,2.5,C_ref,2026-09-18 05:34:09,2026-09-18 06:48:58
pretrained_e05,0,0.03,0.03,26,0,2.1504453524856526,1.852983450377612,2.452758238865456,0.5997747884878439,1.5574269311691955,2.7617454126976555,False,0,1.3324270912307838,0.0,2.5,C_ref,2026-09-18 05:34:09,2026-09-18 06:48:58
pretrained_e05,0,0.03,0.03,27,0,2.184043460850839,1.886066255543636,2.486497025821961,0.6004307702783256,1.5892004642040682,2.7953675274483603,False,0,1.0900933505145076,0.0,2.5,C_ref,2026-09-18 05:34:09,2026-09-18 06:48:58
pretrained_e05,0,0.03,0.03,28,0,2.246899798859232,1.9480146485093024,2.5507193261260177,0.6027046776167155,1.651078147354292,2.861199138731636,False,0,0.6962361761688953,1.0,2.5,C_ref,2026-09-18 05:34:09,2026-09-18 06:48:58
pretrained_e05,0,0.03,0.03,29,0,2.2132103767180475,1.915990583104383,2.5155889243781253,0.5995983412737422,1.6211968927779548,2.824811147290788,False,0,0.9002709385931666,1.0,2.5,C_ref,2026-09-18 05:34:09,2026-09-18 06:48:58
pretrained_e05,0,0.03,0.03,30,0,0.0,,0.0037359660656498,,,0.0182336975043029,True,0,2.640496043910389,,2.5,C_ref,2026-09-18 05:34:09,2026-09-18 06:48:58
pretrained_e05,0,0.03,0.03,31,0,2.2709020738103582,1.9735929199902107,2.573585427308383,0.5999925073181722,1.678976674252076,2.8832964342690595,False,0,0.5756927307411388,1.0,2.5,C_ref,2026-09-18 05:34:09,2026-09-18 06:48:58
pretrained_e05,0,0.03,0.03,32,0,2.23013823265546,1.9326988545695305,2.5326142168334247,0.5999153622638942,1.6372327702967868,2.841938212473915,False,0,0.7975888364453567,1.0,2.5,C_ref,2026-09-18 05:34:09,2026-09-18 06:48:58
pretrained_e05,0,0.03,0.03,33,0,2.131796188831756,1.8332604172271223,2.434688581364987,0.6014281641378643,1.5354814465608506,2.744027204278307,False,0,1.4711670621691155,0.0,2.5,C_ref,2026-09-18 05:34:09,2026-09-18 06:48:58
pretrained_e05,0,0.03,0.03,34,0,2.195700127409624,1.89456940148044,2.501142418345512,0.6065730168650714,1.5943691289299338,2.8128075364883216,False,0,0.9924977840892096,1.0,2.5,C_ref,2026-09-18 05:34:09,2026-09-18 06:48:58
pretrained_e05,0,0.03,0.03,35,0,2.2040282523508865,1.908156943111804,2.505012031067821,0.5968550879560175,1.6144734205441678,2.812872531710127,False,0,0.9670505771391618,1.0,2.5,C_ref,2026-09-18 05:34:09,2026-09-18 06:48:58
pretrained_e05,0,0.03,0.03,36,0,2.3121143391402144,2.018962292516424,2.611559326630131,0.592597034113707,1.729958148615731,2.918633210639583,False,0,0.3970903320951038,1.0,2.5,C_ref,2026-09-18 05:34:09,2026-09-18 06:48:58
pretrained_e05,0,0.03,0.03,37,0,2.2491780121235303,1.9505975801011728,2.5529622554447085,0.6023646753435357,1.6545866198120482,2.86366465814182,False,0,0.6840351583632582,1.0,2.5,C_ref,2026-09-18 05:34:09,2026-09-18 06:48:58
pretrained_e05,0,0.03,0.03,38,0,2.322494706642696,2.026310826724392,2.6243685192750115,0.5980576925506194,1.7334383942159834,2.933426334610429,False,0,0.3487295149461715,1.0,2.5,C_ref,2026-09-18 05:34:09,2026-09-18 06:48:58
pretrained_e05,0,0.03,0.03,39,0,2.210561468224776,1.9158464412284584,2.510798539821097,0.5949520985926393,1.6240060961309175,2.8181121802765543,False,0,0.9300195810064906,1.0,2.5,C_ref,2026-09-18 05:34:09,2026-09-18 06:48:58
pretrained_e05,0,0.03,0.03,40,0,2.2686679196352424,1.9733212075540645,2.5699372883475,0.5966160807934358,1.681469301359282,2.878521807128972,False,0,0.5926940521239885,1.0,2.5,C_ref,2026-09-18 05:34:09,2026-09-18 06:48:58
pretrained_e05,0,0.03,0.03,41,0,2.1695405155962955,1.8710968258471767,2.472476189447892,0.6013793636007148,1.5736925688780312,2.7819318062923566,False,0,1.1876143450535892,0.0,2.5,C_ref,2026-09-18 05:34:09,2026-09-18 06:48:58
pretrained_e05,0,0.03,0.03,42,0,2.263319793063383,1.965318872303547,2.566292796439332,0.6009739241357845,1.6692519635045413,2.8760176862910254,False,0,0.6127675667194126,1.0,2.5,C_ref,2026-09-18 05:34:09,2026-09-18 06:48:58
pretrained_e05,0,0.03,0.03,43,0,2.1311305539705554,1.8312825668910009,2.43483139804125,0.6035488311502495,1.5314953966947216,2.7446419559329125,False,0,1.4690513277382706,0.0,2.5,C_ref,2026-09-18 05:34:09,2026-09-18 06:48:58
pretrained_e05,0,0.03,0.03,44,0,2.170306442885416,1.870394516716544,2.474607333215441,0.6042128164988976,1.5714460792967877,2.785386426761637,False,0,1.1716587719565723,0.0,2.5,C_ref,2026-09-18 05:34:09,2026-09-18 06:48:58
pretrained_e05,0,0.03,0.03,45,0,2.094109196580808,1.7916456691724314,2.399499894461151,0.6078542252887196,1.4873202317017993,2.7103586539122144,False,0,1.7569990949959902,0.0,2.5,C_ref,2026-09-18 05:34:09,2026-09-18 06:48:58
pretrained_e05,0,0.03,0.03,46,0,2.2156341811027684,1.9183010318819231,2.5180862504387687,0.5997852185568455,1.6233216589869075,2.827321018602454,False,0,0.8849075075268047,1.0,2.5,C_ref,2026-09-18 05:34:09,2026-09-18 06:48:58
pretrained_e05,0,0.03,0.03,47,0,2.2523987468339097,1.9535807364103963,2.555996877086385,0.6024161406759889,1.656475588464864,2.8662258000752767,False,0,0.6673645972296072,1.0,2.5,C_ref,2026-09-18 05:34:09,2026-09-18 06:48:58
pretrained_e05,0,0.1,0.1,0,0,0.4376655873222075,0.1671368897262475,0.9071001566506756,0.739963266924428,0.0538653633833166,1.325228139643299,False,0,0.0091581492197292,1.0,0.4,C_ref,2026-09-18 07:34:14,2026-09-18 09:12:50
pretrained_e05,0,0.1,0.1,1,0,0.3815245507912398,0.1416466108199352,0.8920884083941685,0.7504417975742332,0.0430304708656204,1.3446924842461725,False,0,0.0022622727883572,1.0,0.4,C_ref,2026-09-18 07:34:14,2026-09-18 09:12:50
pretrained_e05,0,0.1,0.1,2,0,0.4045775238389693,0.1297318268138766,1.0340056179853476,0.904273791171471,0.0360106032040569,1.4600301883212152,False,0,0.0,1.0,0.4,C_ref,2026-09-18 07:34:14,2026-09-18 09:12:50
pretrained_e05,0,0.1,0.1,3,0,0.3664168560101077,0.1232661165353034,1.003975604871599,0.8807094883362956,0.0342510623814655,1.4423748823675215,False,0,0.0049933832269744,1.0,0.4,C_ref,2026-09-18 07:34:14,2026-09-18 09:12:50
pretrained_e05,0,0.1,0.1,4,0,0.3672344522091868,0.1390775064078443,0.8896298915255847,0.7505523851177404,0.043625285856325,1.345352364753465,False,0,0.0072750176077533,1.0,0.4,C_ref,2026-09-18 07:34:14,2026-09-18 09:12:50
pretrained_e05,0,0.1,0.1,5,0,0.4928611645348519,0.1659592756585623,1.0042334492879366,0.8382741736293742,0.0497007192551772,1.408349424729373,False,0,0.0362519736008835,1.0,0.4,C_ref,2026-09-18 07:34:14,2026-09-18 09:12:50
pretrained_e05,0,0.1,0.1,6,0,0.4572999625104667,0.1717151290418843,0.9371928861046758,0.7654777570627914,0.0553835486534583,1.350024138547376,False,0,0.0193660217191791,1.0,0.4,C_ref,2026-09-18 07:34:14,2026-09-18 09:12:50
pretrained_e05,0,0.1,0.1,7,0,0.5781485514429263,0.1912540765985509,1.0595401102943196,0.8682860336957686,0.0583535543194477,1.4474718263926658,False,0,0.1188720020836626,1.0,0.4,C_ref,2026-09-18 07:34:14,2026-09-18 09:12:50
pretrained_e05,0,0.1,0.1,8,0,0.3082746151194886,0.1116568508263095,0.8724263196557678,0.7607694688294582,0.0310859213491233,1.360828420953472,False,0,0.0567267603291838,1.0,0.4,C_ref,2026-09-18 07:34:14,2026-09-18 09:12:50
pretrained_e05,0,0.1,0.1,9,0,0.4984009733971218,0.1741446497486152,1.009702289633697,0.8355576398850817,0.055204540306619,1.412843509207323,False,0,0.0422098518793063,1.0,0.4,C_ref,2026-09-18 07:34:14,2026-09-18 09:12:50
pretrained_e05,0,0.1,0.1,10,0,0.348925272436948,0.121210468678867,0.9469988590965908,0.8257883904177238,0.0340751454351977,1.4002219101345594,False,0,0.0139592308005376,1.0,0.4,C_ref,2026-09-18 07:34:14,2026-09-18 09:12:50
pretrained_e05,0,0.1,0.1,11,0,0.5831964556754852,0.1988888767148282,1.043282581708043,0.8443937049932151,0.0608862152228535,1.429180141247445,False,0,0.1394740248288144,1.0,0.4,C_ref,2026-09-18 07:34:14,2026-09-18 09:12:50
pretrained_e05,0,0.1,0.1,12,0,0.3161351532156409,0.1079577027302016,0.965456613734542,0.8574989110043404,0.028160910365281,1.4347951182263403,False,0,0.0387157380355347,1.0,0.4,C_ref,2026-09-18 07:34:14,2026-09-18 09:12:50
pretrained_e05,0,0.1,0.1,13,0,0.3621638405479802,0.1235103764989118,0.9702852052150356,0.8467748287161238,0.0341956865317841,1.419942631405035,False,0,0.0071286018319369,1.0,0.4,C_ref,2026-09-18 07:34:14,2026-09-18 09:12:50
pretrained_e05,0,0.1,0.1,14,0,0.3332596284320211,0.1304641312908643,0.809398989516605,0.6789348582257407,0.040652722118533,1.2898897690198423,False,0,0.037913230862614,1.0,0.4,C_ref,2026-09-18 07:34:14,2026-09-18 09:12:50
pretrained_e05,0,0.1,0.1,15,0,0.3543338879997869,0.1231137965992436,0.9784919066342246,0.855378110034981,0.0347130268724239,1.4305933161920776,False,0,0.0107161570595053,1.0,0.4,C_ref,2026-09-18 07:34:14,2026-09-18 09:12:50
pretrained_e05,0,0.1,0.1,16,0,0.3830792450645473,0.1101845078873241,1.1658932047746475,1.0557086968873235,0.0280254846870733,1.5561980511372138,False,0,0.0004644286818802,1.0,0.4,C_ref,2026-09-18 07:34:14,2026-09-18 09:12:50
pretrained_e05,0,0.1,0.1,17,0,0.4898963172634715,0.1969479979787001,0.9261726680079037,0.7292246700292034,0.0673154441383602,1.3225424885044317,False,0,0.0553964189530233,1.0,0.4,C_ref,2026-09-18 07:34:14,2026-09-18 09:12:50
pretrained_e05,0,0.1,0.1,18,0,0.4732287741150391,0.1461255954374977,1.0568080231083372,0.9106824276708394,0.0421510287942955,1.4637250148591805,False,0,0.0156920948247716,1.0,0.4,C_ref,2026-09-18 07:34:14,2026-09-18 09:12:50
pretrained_e05,0,0.1,0.1,19,0,0.4030110418245225,0.1398201061640464,0.9651147691521008,0.8252946629880542,0.0410982432511023,1.396271051213805,False,0,0.0,1.0,0.4,C_ref,2026-09-18 07:34:14,2026-09-18 09:12:50
pretrained_e05,0,0.1,0.1,20,0,0.5275600977411296,0.1511117951697049,1.0365588123212022,0.8854470171514972,0.0415788604261722,1.4373996771852835,False,0,0.0624908709141891,1.0,0.4,C_ref,2026-09-18 07:34:14,2026-09-18 09:12:50
pretrained_e05,0,0.1,0.1,21,0,0.3329950573888944,0.1192218791697003,0.9260062021305556,0.8067843229608551,0.0336680674997362,1.4040507210646698,False,0,0.0280185757837898,1.0,0.4,C_ref,2026-09-18 07:34:14,2026-09-18 09:12:50
pretrained_e05,0,0.1,0.1,22,0,0.5204745950266956,0.1737592147548126,1.027131549040866,0.8533723342860535,0.0521799190560139,1.430159137676024,False,0,0.0581658662122208,1.0,0.4,C_ref,2026-09-18 07:34:14,2026-09-18 09:12:50
pretrained_e05,0,0.1,0.1,23,0,0.5678491268105188,0.1867953283280578,1.0406333427964896,0.8538380144684318,0.0569848503274826,1.4243180849309067,False,0,0.1072601710366143,1.0,0.4,C_ref,2026-09-18 07:34:14,2026-09-18 09:12:50
pretrained_e05,0,0.1,0.1,24,0,0.4883348336025341,0.1651919589557145,1.0145003117056024,0.8493083527498878,0.0505521876837255,1.420497385898985,False,0,0.0317217887131846,1.0,0.4,C_ref,2026-09-18 07:34:14,2026-09-18 09:12:50
pretrained_e05,0,0.1,0.1,25,0,0.7180973817093865,0.2275131344479547,0.9597568087685754,0.7322436743206207,0.0750978947583224,1.3079494011894224,False,0,0.4191328475026239,1.0,0.4,C_ref,2026-09-18 07:34:14,2026-09-18 09:12:50
pretrained_e05,0,0.1,0.1,26,0,0.4575723260528263,0.1519094409048875,0.9640185160210248,0.8121090751161373,0.0461896824736191,1.3690549573730386,False,0,0.0138226173512521,1.0,0.4,C_ref,2026-09-18 07:34:14,2026-09-18 09:12:50
pretrained_e05,0,0.1,0.1,27,0,0.3677325009123625,0.1445830968730155,0.8207755433557813,0.6761924464827658,0.0462040130195824,1.2668237664293425,False,0,0.0085135271219769,1.0,0.4,C_ref,2026-09-18 07:34:14,2026-09-18 09:12:50
pretrained_e05,0,0.1,0.1,28,0,0.4410440623936237,0.1526438699188756,0.9779524818145056,0.8253086118956299,0.046016357682325,1.3971737522390288,False,0,0.0078072867727314,1.0,0.4,C_ref,2026-09-18 07:34:14,2026-09-18 09:12:50
pretrained_e05,0,0.1,0.1,29,0,0.4292578293653014,0.1529939688325809,0.9444234643327826,0.7914294955002016,0.0465577252827328,1.3684872993133934,False,0,0.0045170318699092,1.0,0.4,C_ref,2026-09-18 07:34:14,2026-09-18 09:12:50
pretrained_e05,0,0.1,0.1,30,0,0.429127976985375,0.1687125028157312,0.8932291768288309,0.7245166740130996,0.0561565297331602,1.31392007874745,False,0,0.0059292976075084,1.0,0.4,C_ref,2026-09-18 07:34:14,2026-09-18 09:12:50
pretrained_e05,0,0.1,0.1,31,0,0.3755962287337416,0.1329896729611907,0.9373576227156576,0.8043679497544669,0.0386838850703731,1.3842867651214037,False,0,0.0031802409357624,1.0,0.4,C_ref,2026-09-18 07:34:14,2026-09-18 09:12:50
pretrained_e05,0,0.1,0.1,32,0,0.4595462349544789,0.1582872672498602,0.9740946820337888,0.8158074147839284,0.0477946760313252,1.3883200296890668,False,0,0.0164681425412709,1.0,0.4,C_ref,2026-09-18 07:34:14,2026-09-18 09:12:50
pretrained_e05,0,0.1,0.1,33,0,0.4555541697146162,0.1731317647919907,0.9288777361701118,0.7557459713781212,0.0561294066258821,1.341544975909584,False,0,0.0189151705490076,1.0,0.4,C_ref,2026-09-18 07:34:14,2026-09-18 09:12:50
pretrained_e05,0,0.1,0.1,34,0,0.4171676707444277,0.1388289796717976,0.9726764353701144,0.8338474556983166,0.0413262339505183,1.3936985818229837,False,0,0.001122268186009,1.0,0.4,C_ref,2026-09-18 07:34:14,2026-09-18 09:12:50
pretrained_e05,0,0.1,0.1,35,0,0.4389787788816511,0.169271894169575,0.917145005718992,0.747873111549417,0.0552554358769488,1.341735494853555,False,0,0.0099095786208636,1.0,0.4,C_ref,2026-09-18 07:34:14,2026-09-18 09:12:50
pretrained_e05,0,0.1,0.1,36,0,0.3470765288509158,0.1242243611058546,0.9362067382482354,0.8119823771423808,0.0357427938428615,1.3985275044243617,False,0,0.0165635434314026,1.0,0.4,C_ref,2026-09-18 07:34:14,2026-09-18 09:12:50
pretrained_e05,0,0.1,0.1,37,0,0.3563994083980472,0.1313172090043193,0.8749252457419154,0.7436080367375961,0.0389239158339492,1.3346836128809656,False,0,0.0127410955537925,1.0,0.4,C_ref,2026-09-18 07:34:14,2026-09-18 09:12:50
pretrained_e05,0,0.1,0.1,38,0,0.3382819216343378,0.1023039299629833,0.9724588680406784,0.870154938077695,0.0268734277002125,1.4125404581430845,False,0,0.0124570262851193,1.0,0.4,C_ref,2026-09-18 07:34:14,2026-09-18 09:12:50
pretrained_e05,0,0.1,0.1,39,0,0.3463657840391032,0.1355341155314763,0.8176334225736887,0.6820993070422123,0.0423036761236251,1.2915325365076178,False,0,0.0240248845911992,1.0,0.4,C_ref,2026-09-18 07:34:14,2026-09-18 09:12:50
pretrained_e05,0,0.1,0.1,40,0,0.5149340152256904,0.1470291117134136,1.0772855235097276,0.930256411796314,0.0411315485094102,1.4747741273832862,False,0,0.0311536080444057,1.0,0.4,C_ref,2026-09-18 07:34:14,2026-09-18 09:12:50
pretrained_e05,0,0.1,0.1,41,0,0.4638240028754603,0.1754571060401498,0.9290830636450568,0.7536259576049068,0.0566341228836272,1.3350728706578714,False,0,0.02473884392748,1.0,0.4,C_ref,2026-09-18 07:34:14,2026-09-18 09:12:50
pretrained_e05,0,0.1,0.1,42,0,0.4796082721430457,0.1531438116125972,1.0267783668010289,0.8736345551884317,0.0447968150387705,1.4336703563110542,False,0,0.0220629715586255,1.0,0.4,C_ref,2026-09-18 07:34:14,2026-09-18 09:12:50
pretrained_e05,0,0.1,0.1,43,0,0.5146021233622273,0.1985356093880672,0.963327714631432,0.7647921052433647,0.0655061649383613,1.357834828662884,False,0,0.0783704929126543,1.0,0.4,C_ref,2026-09-18 07:34:14,2026-09-18 09:12:50
pretrained_e05,0,0.1,0.1,44,0,0.4960903033338414,0.1878812578437447,0.958063424028631,0.7701821661848862,0.0605229934805447,1.3617952136127354,False,0,0.0540453401918057,1.0,0.4,C_ref,2026-09-18 07:34:14,2026-09-18 09:12:50
pretrained_e05,0,0.1,0.1,45,0,0.4398619387710841,0.1790504240944912,0.8690314592980706,0.6899810352035793,0.0606759386062775,1.2788932214603848,False,0,0.0124505473213503,1.0,0.4,C_ref,2026-09-18 07:34:14,2026-09-18 09:12:50
pretrained_e05,0,0.1,0.1,46,0,0.4614676257900715,0.1667494587615446,0.9569591640868348,0.7902097053252901,0.0517226803584122,1.3718422238020205,False,0,0.0201472121261758,1.0,0.4,C_ref,2026-09-18 07:34:14,2026-09-18 09:12:50
pretrained_e05,0,0.1,0.1,47,0,0.3617550254976155,0.128723647231259,0.9247680523375386,0.7960444051062796,0.037288254429517,1.3769937683117544,False,0,0.0085067759609955,1.0,0.4,C_ref,2026-09-18 07:34:14,2026-09-18 09:12:50
pretrained_e05,0,0.1,0.1,0,0,2.3883768249214485,2.0674636491023533,2.7126053379277657,0.6451416888254125,1.745382645075883,3.042697385229946,False,0,0.1196102633512055,1.0,2.5,C_ref,2026-09-18 07:34:14,2026-09-18 09:12:50
pretrained_e05,0,0.1,0.1,1,0,2.464580504570392,2.144672066515448,2.788168776993147,0.6434967104776992,1.824359431983364,3.117737892366076,False,0,0.0119367991865146,1.0,2.5,C_ref,2026-09-18 07:34:14,2026-09-18 09:12:50
pretrained_e05,0,0.1,0.1,2,0,2.564241457729538,2.2485351894158074,2.884888490778569,0.636353301362762,1.9347874518590489,3.2123378584225417,False,0,0.0408106808972661,1.0,2.5,C_ref,2026-09-18 07:34:14,2026-09-18 09:12:50
pretrained_e05,0,0.1,0.1,3,0,2.5624447507464927,2.2470452201325952,2.883110829374945,0.6360656092423493,1.9339979265178635,3.2108258136421943,False,0,0.0386970111394475,1.0,2.5,C_ref,2026-09-18 07:34:14,2026-09-18 09:12:50
pretrained_e05,0,0.1,0.1,4,0,2.467517498243113,2.151452008691113,2.787720564323399,0.6362685556322853,1.8357839638375224,3.114262183508313,False,0,0.0103794112728792,1.0,2.5,C_ref,2026-09-18 07:34:14,2026-09-18 09:12:50
pretrained_e05,0,0.1,0.1,5,0,2.452288474470802,2.1368727457394896,2.772128221109831,0.6352554753703412,1.822272096012409,3.09849483464638,False,0,0.0225225754475104,1.0,2.5,C_ref,2026-09-18 07:34:14,2026-09-18 09:12:50
pretrained_e05,0,0.1,0.1,6,0,2.391789173691792,2.0737208271264684,2.713544808994525,0.6398239818680564,1.755086985203414,3.041421180111223,False,0,0.1142240614317415,1.0,2.5,C_ref,2026-09-18 07:34:14,2026-09-18 09:12:50
pretrained_e05,0,0.1,0.1,7,0,2.4899052586505728,2.1755423942480205,2.809188196086013,0.633645801837992,1.8628349622500016,3.135257592268352,False,0,0.001017463458993,1.0,2.5,C_ref,2026-09-18 07:34:14,2026-09-18 09:12:50
pretrained_e05,0,0.1,0.1,8,0,2.505109958161469,2.185683555867141,2.828874675709471,0.6431911198423297,1.866970691715672,3.1590132381516804,False,0,2.1309628209564835e-05,1.0,2.5,C_ref,2026-09-18 07:34:14,2026-09-18 09:12:50
pretrained_e05,0,0.1,0.1,9,0,2.470412848971268,2.15515820565501,2.79035905408642,0.6352008484314098,1.841097544676087,3.11694858264324,False,0,0.0086873723375902,1.0,2.5,C_ref,2026-09-18 07:34:14,2026-09-18 09:12:50
pretrained_e05,0,0.1,0.1,10,0,2.545850769431706,2.2294644362316745,2.8672000247351,0.6377355885034253,1.915032173653743,3.195370868051054,False,0,0.0206026170890254,1.0,2.5,C_ref,2026-09-18 07:34:14,2026-09-18 09:12:50
pretrained_e05,0,0.1,0.1,11,0,2.438237540275475,2.119170505510348,2.7615440123076653,0.6423735067973171,1.8007194317901942,3.09123489271292,False,0,0.0369482694113685,1.0,2.5,C_ref,2026-09-18 07:34:14,2026-09-18 09:12:50
pretrained_e05,0,0.1,0.1,12,0,2.593825383843378,2.2770427945287697,2.915904509773461,0.6388617152446914,1.9626892366585484,3.2450308016556155,False,0,0.0867305809333629,1.0,2.5,C_ref,2026-09-18 07:34:14,2026-09-18 09:12:50
pretrained_e05,0,0.1,0.1,13,0,2.564615914489713,2.247361214799549,2.8868371757826945,0.6394759609831455,1.932022746198145,3.2158533242593133,False,0,0.0408558355920831,1.0,2.5,C_ref,2026-09-18 07:34:14,2026-09-18 09:12:50
pretrained_e05,0,0.1,0.1,14,0,2.4364891814826946,2.1210228056518723,2.7558267104116023,0.63480390475973,1.8054565908880904,3.0813915538580234,False,0,0.0399314599271747,1.0,2.5,C_ref,2026-09-18 07:34:14,2026-09-18 09:12:50
pretrained_e05,0,0.1,0.1,15,0,2.572796227839225,2.2582744404003106,2.892617927353695,0.6343434869533846,1.9461616981152057,3.219524454286102,False,0,0.0529137336889107,1.0,2.5,C_ref,2026-09-18 07:34:14,2026-09-18 09:12:50
pretrained_e05,0,0.1,0.1,16,0,2.6642480364035155,2.3514070864414416,2.9831884311516763,0.6317813447102347,2.04243906018635,3.3096768953435665,False,0,0.2733145850143046,1.0,2.5,C_ref,2026-09-18 07:34:14,2026-09-18 09:12:50
pretrained_e05,0,0.1,0.1,17,0,2.336745030881947,2.0191134707304594,2.657750836906064,0.6386373661756042,1.7004095656025144,2.9846532836113,False,0,0.2604670224318397,1.0,2.5,C_ref,2026-09-18 07:34:14,2026-09-18 09:12:50
pretrained_e05,0,0.1,0.1,18,0,2.548751203443368,2.234532048759708,2.8681191304218085,0.6335870816621005,1.9224675653555643,3.1944135586039315,False,0,0.0237734930233273,1.0,2.5,C_ref,2026-09-18 07:34:14,2026-09-18 09:12:50
pretrained_e05,0,0.1,0.1,19,0,2.492308182565477,2.1774500615012298,2.8118935348614564,0.6344434733602267,1.863960669182891,3.138186575702446,False,0,0.0005364924872992,1.0,2.5,C_ref,2026-09-18 07:34:14,2026-09-18 09:12:50
pretrained_e05,0,0.1,0.1,20,0,2.4610486727653806,2.1448451372259405,2.7818531881060937,0.6370080508801532,1.829663449036537,3.109317660534232,False,0,0.0149565536121372,1.0,2.5,C_ref,2026-09-18 07:34:14,2026-09-18 09:12:50
pretrained_e05,0,0.1,0.1,21,0,2.57121440426845,2.254872543610271,2.892596696614766,0.6377241530044953,1.9404097727749587,3.220904681892535,False,0,0.0501471117167966,1.0,2.5,C_ref,2026-09-18 07:34:14,2026-09-18 09:12:50
pretrained_e05,0,0.1,0.1,22,0,2.4804602126668844,2.162018010235653,2.803160108527657,0.6411420982920042,1.8442589373887524,3.1322679379439617,False,0,0.003720354190591,1.0,2.5,C_ref,2026-09-18 07:34:14,2026-09-18 09:12:50
pretrained_e05,0,0.1,0.1,23,0,2.432765909892092,2.1190197341977504,2.751216610413838,0.6321968762160877,1.8066031657216304,3.0763620441882744,False,0,0.0451333916244038,1.0,2.5,C_ref,2026-09-18 07:34:14,2026-09-18 09:12:50
pretrained_e05,0,0.1,0.1,24,0,2.4613557834803994,2.147277793767732,2.780047208025581,0.632769414257849,1.8342891731868065,3.105330767509943,False,0,0.0149133897903084,1.0,2.5,C_ref,2026-09-18 07:34:14,2026-09-18 09:12:50
pretrained_e05,0,0.1,0.1,25,0,2.2699144260835387,1.9512997205185487,2.590834060449861,0.6395343399313118,1.6294774494452609,2.917010523276073,False,0,0.5159248621275765,1.0,2.5,C_ref,2026-09-18 07:34:14,2026-09-18 09:12:50
pretrained_e05,0,0.1,0.1,26,0,2.417991651812084,2.1034183226978675,2.7370410940417784,0.6336227713439109,1.7896517060495776,3.062698657554773,False,0,0.0668804134038509,1.0,2.5,C_ref,2026-09-18 07:34:14,2026-09-18 09:12:50
pretrained_e05,0,0.1,0.1,27,0,2.396642811675734,2.0778081283470105,2.71877483142948,0.6409667030824693,1.757819365388059,3.046685143502049,False,0,0.1038493233972985,1.0,2.5,C_ref,2026-09-18 07:34:14,2026-09-18 09:12:50
pretrained_e05,0,0.1,0.1,28,0,2.49003135576474,2.173657535877493,2.810966914580052,0.6373093787025597,1.8583236933791776,3.138486818966682,False,0,0.0009810989104153,1.0,2.5,C_ref,2026-09-18 07:34:14,2026-09-18 09:12:50
pretrained_e05,0,0.1,0.1,29,0,2.4337117680983686,2.1151009835102266,2.756284801170511,0.6411838176602842,1.796503428062883,3.085087259762338,False,0,0.042624620913557,1.0,2.5,C_ref,2026-09-18 07:34:14,2026-09-18 09:12:50
pretrained_e05,0,0.1,0.1,30,0,2.403680540934373,2.088384018892919,2.7228012068399496,0.6344171879470308,1.772836037190977,3.048095311755611,False,0,0.0919766629849618,1.0,2.5,C_ref,2026-09-18 07:34:14,2026-09-18 09:12:50
pretrained_e05,0,0.1,0.1,31,0,2.49742655361409,2.1798256982597457,2.819506020717353,0.6396803224576075,1.8632817360395943,3.1480885790911954,False,0,0.0,1.0,2.5,C_ref,2026-09-18 07:34:14,2026-09-18 09:12:50
pretrained_e05,0,0.1,0.1,32,0,2.4813137605675646,2.16410569660929,2.8028734125172146,0.6387677159079246,1.8476072117548368,3.130935539946732,False,0,0.0034128504303225,1.0,2.5,C_ref,2026-09-18 07:34:14,2026-09-18 09:12:50
pretrained_e05,0,0.1,0.1,33,0,2.384494353438893,2.066202391957709,2.7064254666421834,0.6402230746844739,1.7472843937425258,3.0343974902905018,False,0,0.1298080557535286,1.0,2.5,C_ref,2026-09-18 07:34:14,2026-09-18 09:12:50
pretrained_e05,0,0.1,0.1,34,0,2.4438488734374846,2.126094591564556,2.765732058269668,0.6396374667051119,1.808632355320449,3.0939596913038145,False,0,0.0306932005842099,1.0,2.5,C_ref,2026-09-18 07:34:14,2026-09-18 09:12:50
pretrained_e05,0,0.1,0.1,35,0,2.4031268958125,2.0836172752511795,2.7260157313785527,0.6423984561273732,1.7630376247432828,3.0548015840130702,False,0,0.0908287597849266,1.0,2.5,C_ref,2026-09-18 07:34:14,2026-09-18 09:12:50
pretrained_e05,0,0.1,0.1,36,0,2.5422821628918206,2.2260527527358818,2.86342638195178,0.6373736292158978,1.9115291869335844,3.19140714589045,False,0,0.0176262606400996,1.0,2.5,C_ref,2026-09-18 07:34:14,2026-09-18 09:12:50
pretrained_e05,0,0.1,0.1,37,0,2.492927722315407,2.174921641624765,2.815302869633907,0.6403812280091419,1.8576812399031268,3.144157603909421,False,0,0.0004054502933286,1.0,2.5,C_ref,2026-09-18 07:34:14,2026-09-18 09:12:50
pretrained_e05,0,0.1,0.1,38,0,2.559136309280141,2.2440284860999595,2.879340081463308,0.6353115953633481,1.9309366745702248,3.206411214359575,False,0,0.0348261443577939,1.0,2.5,C_ref,2026-09-18 07:34:14,2026-09-18 09:12:50
pretrained_e05,0,0.1,0.1,39,0,2.4391313812982744,2.121772917314591,2.760409716028107,0.6386367987135162,1.804270880802368,3.0878896453012685,False,0,0.0363469084950338,1.0,2.5,C_ref,2026-09-18 07:34:14,2026-09-18 09:12:50
pretrained_e05,0,0.1,0.1,40,0,2.529882232533977,2.2155323244157303,2.8495109655273727,0.6339786411116424,1.9034108469669049,3.176163704188685,False,0,0.0089182907540816,1.0,2.5,C_ref,2026-09-18 07:34:14,2026-09-18 09:12:50
pretrained_e05,0,0.1,0.1,41,0,2.3862472550708005,2.0692439037060177,2.707157034653377,0.6379131309473598,1.7521716805653789,3.0342954344354025,False,0,0.1268204686748504,1.0,2.5,C_ref,2026-09-18 07:34:14,2026-09-18 09:12:50
pretrained_e05,0,0.1,0.1,42,0,2.530544100467861,2.215378295330892,2.8507777015756925,0.6353994062448005,1.9021524346701184,3.1778865917001613,False,0,0.0092735652469855,1.0,2.5,C_ref,2026-09-18 07:34:14,2026-09-18 09:12:50
pretrained_e05,0,0.1,0.1,43,0,2.386674479952285,2.06861916059592,2.7084357917596287,0.6398166311637086,1.7501315208063766,3.036252724347648,False,0,0.1251916978908411,1.0,2.5,C_ref,2026-09-18 07:34:14,2026-09-18 09:12:50
pretrained_e05,0,0.1,0.1,44,0,2.3967503117594493,2.0768979430972485,2.720274584352481,0.6433766412552324,1.7564372650488005,3.0498146371676853,False,0,0.1028193575693876,1.0,2.5,C_ref,2026-09-18 07:34:14,2026-09-18 09:12:50
pretrained_e05,0,0.1,0.1,45,0,2.3195718728078187,1.9991646616905328,2.6426124253602694,0.6434477636697362,1.6762843077973284,2.97116037466174,False,0,0.3137723069630738,1.0,2.5,C_ref,2026-09-18 07:34:14,2026-09-18 09:12:50
pretrained_e05,0,0.1,0.1,46,0,2.4520278821771413,2.133852565779905,2.7743312107523805,0.6404786449724753,1.81602947304592,3.102977599849735,False,0,0.0224151767106377,1.0,2.5,C_ref,2026-09-18 07:34:14,2026-09-18 09:12:50
pretrained_e05,0,0.1,0.1,47,0,2.5146113386342406,2.198943414285373,2.835064190974149,0.636120776688776,1.884848787786308,3.1622698007210404,False,0,0.001906366127514,1.0,2.5,C_ref,2026-09-18 07:34:14,2026-09-18 09:12:50
pretrained_e05,0,0.3,0.3,0,0,0.3896465642092901,0.1428621443378407,0.9712343369718648,0.8283721926340241,0.047918293405053,1.3510872296792096,False,0,0.0004775778688781,1.0,0.4,C_ref,2026-09-18 10:48:55,2026-09-18 13:35:02
pretrained_e05,0,0.3,0.3,1,0,0.239842396989197,0.0960964410645278,1.0048414013145477,0.9087449602500198,0.0289801278528538,1.4122862263081477,False,0,0.2413965368650679,1.0,0.4,C_ref,2026-09-18 10:48:55,2026-09-18 13:35:02
pretrained_e05,0,0.3,0.3,2,0,0.2478327008435173,0.0964276002897607,1.0689916768565697,0.972564076566809,0.0285451294905084,1.4482512349493826,False,0,0.1793884689868718,1.0,0.4,C_ref,2026-09-18 10:48:55,2026-09-18 13:35:02
pretrained_e05,0,0.3,0.3,3,0,0.2486985445944201,0.094264342236703,1.08981533839637,0.9955509961596668,0.0271382395557024,1.4624136983895215,False,0,0.1582940234839043,1.0,0.4,C_ref,2026-09-18 10:48:55,2026-09-18 13:35:02
pretrained_e05,0,0.3,0.3,4,0,0.2864463525955043,0.1153281589493577,0.913415195411291,0.7980870364619332,0.0376630708952095,1.3457863390698526,False,0,0.1053208738521789,1.0,0.4,C_ref,2026-09-18 10:48:55,2026-09-18 13:35:02
pretrained_e05,0,0.3,0.3,5,0,0.5863829158259194,0.134112721684998,1.0714312210836805,0.9373184993986824,0.0429782531710494,1.4169655970405186,False,0,0.0096986048156395,1.0,0.4,C_ref,2026-09-18 10:48:55,2026-09-18 13:35:02
pretrained_e05,0,0.3,0.3,6,0,0.3627406254668122,0.1374114355838979,0.9477379221575418,0.8103264865736439,0.0461300827807905,1.3332758004290308,False,0,0.0069786343337909,1.0,0.4,C_ref,2026-09-18 10:48:55,2026-09-18 13:35:02
pretrained_e05,0,0.3,0.3,7,0,0.3760969248477777,0.126824305026462,1.0625341432819706,0.9357098382555086,0.0402219896890757,1.4151235708243346,False,0,0.0011417505302233,1.0,0.4,C_ref,2026-09-18 10:48:55,2026-09-18 13:35:02
pretrained_e05,0,0.3,0.3,8,0,0.2567633754171565,0.1017234749575442,0.9446479045059356,0.8429244295483914,0.030896942262417,1.384533360729885,False,0,0.1817341155874601,1.0,0.4,C_ref,2026-09-18 10:48:55,2026-09-18 13:35:02
pretrained_e05,0,0.3,0.3,9,0,0.3285212542941913,0.1265912346483486,0.9554962951299732,0.8289050604816245,0.0416555990018714,1.352786989587051,False,0,0.0302090925033553,1.0,0.4,C_ref,2026-09-18 10:48:55,2026-09-18 13:35:02
pretrained_e05,0,0.3,0.3,10,0,0.2871334659126182,0.104691689486807,1.1565632220324364,1.0518715325456294,0.0307036087008914,1.492285255069879,False,0,0.0579864059618557,1.0,0.4,C_ref,2026-09-18 10:48:55,2026-09-18 13:35:02
pretrained_e05,0,0.3,0.3,11,0,0.6786203277278643,0.1342716664570064,1.0925628055991543,0.958291139142148,0.042085776088563,1.4322655561902824,False,0,0.0748473465500865,1.0,0.4,C_ref,2026-09-18 10:48:55,2026-09-18 13:35:02
pretrained_e05,0,0.3,0.3,12,0,0.2153682625050647,0.0817106888286418,1.0782131932135046,0.9965025043848628,0.021787955578364,1.4767151683094222,False,0,0.3148461964228772,1.0,0.4,C_ref,2026-09-18 10:48:55,2026-09-18 13:35:02
pretrained_e05,0,0.3,0.3,13,0,0.2414113387701273,0.0900584797663088,1.1452540375438058,1.055195557777497,0.0252101733973512,1.5048301321746251,False,0,0.1672060309974767,1.0,0.4,C_ref,2026-09-18 10:48:55,2026-09-18 13:35:02
pretrained_e05,0,0.3,0.3,14,0,0.2248874559480938,0.0925282605128542,0.9222677487929328,0.8297394882800786,0.0284679180264309,1.3709478799279862,False,0,0.3450998068328772,1.0,0.4,C_ref,2026-09-18 10:48:55,2026-09-18 13:35:02
pretrained_e05,0,0.3,0.3,15,0,0.2449599055309928,0.0947462396482289,1.0704155871722156,0.9756693475239866,0.0275928247783855,1.4578993730470782,False,0,0.1934024716938438,1.0,0.4,C_ref,2026-09-18 10:48:55,2026-09-18 13:35:02
pretrained_e05,0,0.3,0.3,16,0,0.2609737508450165,0.0933908404098384,1.1919891380961265,1.098598297686288,0.0258822365286732,1.530559562052679,False,0,0.0910683252441231,1.0,0.4,C_ref,2026-09-18 10:48:55,2026-09-18 13:35:02
pretrained_e05,0,0.3,0.3,17,0,0.4162089087019446,0.1573123893042398,0.9377887393101072,0.7804763500058675,0.0554415176149433,1.3087710979982956,False,0,0.0011156150685565,1.0,0.4,C_ref,2026-09-18 10:48:55,2026-09-18 13:35:02
pretrained_e05,0,0.3,0.3,18,0,0.2801509469153384,0.1080345439840978,1.031416567043326,0.923382023059228,0.0334332338847955,1.4160819075437217,False,0,0.0945033043608418,1.0,0.4,C_ref,2026-09-18 10:48:55,2026-09-18 13:35:02
pretrained_e05,0,0.3,0.3,19,0,0.2657867407577175,0.1049832896616259,1.0415826480730048,0.9365993584113788,0.0322844026489334,1.4163227673308767,False,0,0.1326330151277943,1.0,0.4,C_ref,2026-09-18 10:48:55,2026-09-18 13:35:02
pretrained_e05,0,0.3,0.3,20,0,0.2721557862526918,0.1123458167566259,1.0184882893075518,0.9061424725509256,0.0366303927405307,1.3849879059354582,False,0,0.130302244437189,1.0,0.4,C_ref,2026-09-18 10:48:55,2026-09-18 13:35:02
pretrained_e05,0,0.3,0.3,21,0,0.2293966572684002,0.0901334627894135,1.0347254425826085,0.9445919797931948,0.0261534178977884,1.4442849817533523,False,0,0.3031617839515093,1.0,0.4,C_ref,2026-09-18 10:48:55,2026-09-18 13:35:02
pretrained_e05,0,0.3,0.3,22,0,0.3855228244636752,0.1324053445498566,1.0226732516264805,0.8902679070766238,0.04213803957958,1.3926719671192556,False,0,0.0005470984579005,1.0,0.4,C_ref,2026-09-18 10:48:55,2026-09-18 13:35:02
pretrained_e05,0,0.3,0.3,23,0,0.5730352610437451,0.1382116398565666,1.0498177122804575,0.9116060724238912,0.04507828476791,1.3976013763144584,False,0,0.0111700855159142,1.0,0.4,C_ref,2026-09-18 10:48:55,2026-09-18 13:35:02
pretrained_e05,0,0.3,0.3,24,0,0.3046413967737582,0.1212135658019011,0.9357373353605596,0.8145237695586586,0.0398898744109091,1.3424131357205735,False,0,0.064294904244889,1.0,0.4,C_ref,2026-09-18 10:48:55,2026-09-18 13:35:02
pretrained_e05,0,0.3,0.3,25,0,0.3728346475394416,0.155082668969447,0.8584696213277598,0.7033869523583128,0.0571093146644081,1.3439171320392098,False,0,0.0054666385876771,1.0,0.4,C_ref,2026-09-18 10:48:55,2026-09-18 13:35:02
pretrained_e05,0,0.3,0.3,26,0,0.3969098311164861,0.151341097302861,0.9287847714967148,0.7774436741938539,0.0520413631715409,1.316325077487312,False,0,0.0,1.0,0.4,C_ref,2026-09-18 10:48:55,2026-09-18 13:35:02
pretrained_e05,0,0.3,0.3,27,0,0.3405566701143178,0.1292357740870812,0.9581712245347378,0.8289354504476565,0.0428478803951943,1.345937142398992,False,0,0.0184089194481202,1.0,0.4,C_ref,2026-09-18 10:48:55,2026-09-18 13:35:02
pretrained_e05,0,0.3,0.3,28,0,0.3230094173439871,0.1187500463286439,1.0654355306039895,0.9466854842753456,0.0374496759993402,1.4205405715276065,False,0,0.023347234029643,1.0,0.4,C_ref,2026-09-18 10:48:55,2026-09-18 13:35:02
pretrained_e05,0,0.3,0.3,29,0,0.3407998382418207,0.1299450105463727,0.9140594148780072,0.7841144043316344,0.0426369754962989,1.31711675517512,False,0,0.0208199468252132,1.0,0.4,C_ref,2026-09-18 10:48:55,2026-09-18 13:35:02
pretrained_e05,0,0.3,0.3,30,0,0.3612299688240598,0.1389826972924785,0.9502595712598164,0.8112768739673378,0.0474422623703941,1.3315320467003249,False,0,0.007814578446414,1.0,0.4,C_ref,2026-09-18 10:48:55,2026-09-18 13:35:02
pretrained_e05,0,0.3,0.3,31,0,0.2913125715127598,0.1088462796196683,0.998145057253727,0.8892987776340586,0.0331004033330383,1.3980987855482732,False,0,0.0688042887413757,1.0,0.4,C_ref,2026-09-18 10:48:55,2026-09-18 13:35:02
pretrained_e05,0,0.3,0.3,32,0,0.3298614128411264,0.1169588155193263,1.113397967396375,0.9964391518770486,0.0362625075437439,1.458251412098282,False,0,0.0137679667277552,1.0,0.4,C_ref,2026-09-18 10:48:55,2026-09-18 13:35:02
pretrained_e05,0,0.3,0.3,33,0,0.6102532185155454,0.4050400317887557,1.0399003482758633,0.6348603164871076,0.048781249953896,1.383933199511764,False,0,1.7372121057014738,0.0,0.4,C_ref,2026-09-18 10:48:55,2026-09-18 13:35:02
pretrained_e05,0,0.3,0.3,34,0,0.3324364005230152,0.125771061465974,0.9807522654426944,0.8549812039767204,0.0403735496620466,1.3737634728871866,False,0,0.0243259034650691,1.0,0.4,C_ref,2026-09-18 10:48:55,2026-09-18 13:35:02
pretrained_e05,0,0.3,0.3,35,0,0.311021409506948,0.1191664107340388,1.0187287118635109,0.8995623011294719,0.0384097760371742,1.394708077573661,False,0,0.0423149641610507,1.0,0.4,C_ref,2026-09-18 10:48:55,2026-09-18 13:35:02
pretrained_e05,0,0.3,0.3,36,0,0.9210142380069736,0.6242237688148924,1.2044719968090032,0.5802482279941108,0.033227475326162,1.5185791936415716,False,0,0.9435405153453758,0.0,0.4,C_ref,2026-09-18 10:48:55,2026-09-18 13:35:02
pretrained_e05,0,0.3,0.3,37,0,0.2848907843371829,0.1082844100539026,0.9342964852669414,0.8260120752130388,0.0331207061279564,1.3630542972991069,False,0,0.0899068800245004,1.0,0.4,C_ref,2026-09-18 10:48:55,2026-09-18 13:35:02
pretrained_e05,0,0.3,0.3,38,0,0.2552262962543479,0.0951286396769728,1.0860627798688745,0.9909341401919016,0.0273449693203158,1.4697242048198644,False,0,0.1324344768654555,1.0,0.4,C_ref,2026-09-18 10:48:55,2026-09-18 13:35:02
pretrained_e05,0,0.3,0.3,39,0,0.268342764371179,0.1095366804192836,0.8819350012738781,0.7723983208545945,0.0354622146839086,1.325536651278115,False,0,0.1644558216248697,1.0,0.4,C_ref,2026-09-18 10:48:55,2026-09-18 13:35:02
pretrained_e05,0,0.3,0.3,40,0,0.7305050445732837,0.1643974356386361,1.1292977988239792,0.964900363185343,0.0325116042636356,1.465422412272939,False,0,0.709850808387273,1.0,0.4,C_ref,2026-09-18 10:48:55,2026-09-18 13:35:02
pretrained_e05,0,0.3,0.3,41,0,0.4606308813266843,0.1460339950990155,1.0085461136702631,0.8625121185712475,0.0481844210110554,1.362798982976955,False,0,0.0070300570550898,1.0,0.4,C_ref,2026-09-18 10:48:55,2026-09-18 13:35:02
pretrained_e05,0,0.3,0.3,42,0,0.3198545375828017,0.1140222044641837,1.0795468406009576,0.965524636136774,0.0347459939252981,1.4411896950280043,False,0,0.0231353161070728,1.0,0.4,C_ref,2026-09-18 10:48:55,2026-09-18 13:35:02
pretrained_e05,0,0.3,0.3,43,0,0.3849493424488249,0.1465630458561124,0.9498728935561596,0.8033098477000473,0.0504457609682591,1.3211824191812016,False,0,0.0008581391412008,1.0,0.4,C_ref,2026-09-18 10:48:55,2026-09-18 13:35:02
pretrained_e05,0,0.3,0.3,44,0,0.4297915075900811,0.1577551263882855,0.9435020037419748,0.7857468773536894,0.0539498729352341,1.3215200736831567,False,0,0.0040374678392254,1.0,0.4,C_ref,2026-09-18 10:48:55,2026-09-18 13:35:02
pretrained_e05,0,0.3,0.3,45,0,0.4124197540668671,0.1542746187832192,0.9363522558232528,0.7820776370400335,0.0534015656616046,1.309863792206567,False,0,0.0006687706591037,1.0,0.4,C_ref,2026-09-18 10:48:55,2026-09-18 13:35:02
pretrained_e05,0,0.3,0.3,46,0,0.3513455018315133,0.1275052465563892,1.0210333313417537,0.8935280847853644,0.0410179824689132,1.3868365549345787,False,0,0.0085662698038504,1.0,0.4,C_ref,2026-09-18 10:48:55,2026-09-18 13:35:02
pretrained_e05,0,0.3,0.3,47,0,0.3015244918478683,0.1117627994853484,1.0051328123314562,0.8933700128461077,0.0343344490403644,1.398432911425734,False,0,0.0520725673050037,1.0,0.4,C_ref,2026-09-18 10:48:55,2026-09-18 13:35:02
pretrained_e05,0,0.3,0.3,0,0,2.333210450435726,2.037872147409124,2.634345184834768,0.596473037425644,1.74569096901026,2.942879589101605,False,0,0.3096885099657811,1.0,2.5,C_ref,2026-09-18 10:48:55,2026-09-18 13:35:02
pretrained_e05,0,0.3,0.3,1,0,2.4073880311387152,2.115048263133133,2.7061969762237488,0.5911487130906159,1.827067695866572,3.012785331338629,False,0,0.0975647026898514,1.0,2.5,C_ref,2026-09-18 10:48:55,2026-09-18 13:35:02
pretrained_e05,0,0.3,0.3,2,0,2.45803357233029,2.165716818898556,2.756921161844351,0.5912043429457952,1.8779475707595013,3.063640891693894,False,0,0.0200790264243551,1.0,2.5,C_ref,2026-09-18 10:48:55,2026-09-18 13:35:02
pretrained_e05,0,0.3,0.3,3,0,2.484590260546529,2.191805325699959,2.7840725643212685,0.5922672386213095,1.9039105021327944,3.091435971199722,False,0,0.0024688398079888,1.0,2.5,C_ref,2026-09-18 10:48:55,2026-09-18 13:35:02
pretrained_e05,0,0.3,0.3,4,0,2.383154307657701,2.0905577125000825,2.6816507982979703,0.5910930857978878,1.8014499029787807,2.9875414926004025,False,0,0.1552298705501016,1.0,2.5,C_ref,2026-09-18 10:48:55,2026-09-18 13:35:02
pretrained_e05,0,0.3,0.3,5,0,2.3620804350979863,2.0700393433519864,2.660281341655187,0.5902419983032008,1.7819039074435274,2.9660181140804696,False,0,0.216567143703287,1.0,2.5,C_ref,2026-09-18 10:48:55,2026-09-18 13:35:02
pretrained_e05,0,0.3,0.3,6,0,2.314355581027656,2.018802455373624,2.615338224655693,0.5965357692820694,1.7259413820343006,2.923425791573728,False,0,0.383342173834535,1.0,2.5,C_ref,2026-09-18 10:48:55,2026-09-18 13:35:02
pretrained_e05,0,0.3,0.3,7,0,2.3974886299527625,2.105487786687013,2.6958245193093915,0.5903367326223785,1.8176463870856487,3.0018466601457385,False,0,0.1198166780450264,1.0,2.5,C_ref,2026-09-18 10:48:55,2026-09-18 13:35:02
pretrained_e05,0,0.3,0.3,8,0,2.415720865383932,2.120882699532628,2.716646884478467,0.5957641849458395,1.8298796079842736,3.0250782010945763,False,0,0.0795220650725241,1.0,2.5,C_ref,2026-09-18 10:48:55,2026-09-18 13:35:02
pretrained_e05,0,0.3,0.3,9,0,2.3669646430675755,2.074482318329848,2.6655096970856325,0.5910273787557845,1.785651546935061,2.9715850766429046,False,0,0.200981814708939,1.0,2.5,C_ref,2026-09-18 10:48:55,2026-09-18 13:35:02
pretrained_e05,0,0.3,0.3,10,0,2.49011594514932,2.1969787174390887,2.7900144986664586,0.5930357812273699,1.9086533309719504,3.0977965044190907,False,0,0.0011126559475087,1.0,2.5,C_ref,2026-09-18 10:48:55,2026-09-18 13:35:02
pretrained_e05,0,0.3,0.3,11,0,2.3685981136413696,2.073302886017806,2.670032385163154,0.596729499145348,1.7818043245099002,2.97893565142726,False,0,0.1924731991894077,1.0,2.5,C_ref,2026-09-18 10:48:55,2026-09-18 13:35:02
pretrained_e05,0,0.3,0.3,12,0,2.5157807984383806,2.222441158905587,2.8160724763423075,0.5936313174367207,1.934352874707232,3.124417413831149,False,0,0.0026312467089155,1.0,2.5,C_ref,2026-09-18 10:48:55,2026-09-18 13:35:02
pretrained_e05,0,0.3,0.3,13,0,2.516592166709771,2.2230062230740653,2.817055272459437,0.5940490493853718,1.934552968864576,3.1255025844329163,False,0,0.0029959360144857,1.0,2.5,C_ref,2026-09-18 10:48:55,2026-09-18 13:35:02
pretrained_e05,0,0.3,0.3,14,0,2.383770098550254,2.094218771930924,2.679849972863426,0.5856312009325029,1.8090477011942936,2.9836404112341794,False,0,0.1562534190670703,1.0,2.5,C_ref,2026-09-18 10:48:55,2026-09-18 13:35:02
pretrained_e05,0,0.3,0.3,15,0,2.4923004762514287,2.1996888171264075,2.791653125725679,0.5919643085992714,1.9120172980144483,3.0989476414671424,False,0,0.0006175841008371,1.0,2.5,C_ref,2026-09-18 10:48:55,2026-09-18 13:35:02
pretrained_e05,0,0.3,0.3,16,0,2.5569656971759533,2.265098037080103,2.855874956563952,0.590776919483849,1.978610410174018,3.1628951949789,False,0,0.037299016079487,1.0,2.5,C_ref,2026-09-18 10:48:55,2026-09-18 13:35:02
pretrained_e05,0,0.3,0.3,17,0,2.257756163912572,1.964029204413428,2.556710536496104,0.5926813320826756,1.672461862719314,2.8626805033635243,False,0,0.6590811869173194,1.0,2.5,C_ref,2026-09-18 10:48:55,2026-09-18 13:35:02
pretrained_e05,0,0.3,0.3,18,0,2.4447729260009488,2.1521143772675053,2.743803858668555,0.5916894814010498,1.863805013017673,3.050498684656532,False,0,0.0345077317651885,1.0,2.5,C_ref,2026-09-18 10:48:55,2026-09-18 13:35:02
pretrained_e05,0,0.3,0.3,19,0,2.413527153014823,2.119759732873485,2.713529491228993,0.5937697583555077,1.8301384048728184,3.0211534361283,False,0,0.0843176831622258,1.0,2.5,C_ref,2026-09-18 10:48:55,2026-09-18 13:35:02
pretrained_e05,0,0.3,0.3,20,0,2.3468119851404,2.051634029683653,2.647861287772044,0.5962272580883914,1.7598790867461496,2.956265650907155,False,0,0.2616531863241107,1.0,2.5,C_ref,2026-09-18 10:48:55,2026-09-18 13:35:02
pretrained_e05,0,0.3,0.3,21,0,2.4917543104439472,2.19898116903862,2.7912308495993905,0.5922496805607707,1.9110105550063687,3.098620047172883,False,0,0.0007417177439492,1.0,2.5,C_ref,2026-09-18 10:48:55,2026-09-18 13:35:02
pretrained_e05,0,0.3,0.3,22,0,2.375362942740067,2.08009920217188,2.6763154731813685,0.5962162710094887,1.788110666122372,2.98450370847118,False,0,0.1734766970657801,1.0,2.5,C_ref,2026-09-18 10:48:55,2026-09-18 13:35:02
pretrained_e05,0,0.3,0.3,23,0,2.3448656276479847,2.05297062410598,2.642873016819656,0.5899023927136757,1.7648191596382292,2.9484085827169246,False,0,0.2737783653428778,1.0,2.5,C_ref,2026-09-18 10:48:55,2026-09-18 13:35:02
pretrained_e05,0,0.3,0.3,24,0,2.335327719368945,2.0427101893317485,2.6337683988239733,0.5910582094922248,1.753391153949094,2.939561334571995,False,0,0.3072933712646772,1.0,2.5,C_ref,2026-09-18 10:48:55,2026-09-18 13:35:02
pretrained_e05,0,0.3,0.3,25,0,2.198442779216996,1.905096420062815,2.4966056415990705,0.5915092215362554,1.6131670263194675,2.80154478267079,False,0,1.0224105893248634,0.0,2.5,C_ref,2026-09-18 10:48:55,2026-09-18 13:35:02
pretrained_e05,0,0.3,0.3,26,0,2.3098045169320427,2.014824221256822,2.61011556041882,0.5952913391619981,1.7221342821256582,2.917424885524193,False,0,0.404225778325781,1.0,2.5,C_ref,2026-09-18 10:48:55,2026-09-18 13:35:02
pretrained_e05,0,0.3,0.3,27,0,2.34912708241803,2.056389292004192,2.647670328203348,0.5912810361991552,1.7668572746915268,2.953571314466907,False,0,0.2581816675883601,1.0,2.5,C_ref,2026-09-18 10:48:55,2026-09-18 13:35:02
pretrained_e05,0,0.3,0.3,28,0,2.4113215954752416,2.1188111869771906,2.7102359893418715,0.5914248023646809,1.830568627664835,3.0168259260564283,False,0,0.0894723748788237,1.0,2.5,C_ref,2026-09-18 10:48:55,2026-09-18 13:35:02
pretrained_e05,0,0.3,0.3,29,0,2.324919354203779,2.0289583587371567,2.626250945606217,0.5972925868690608,1.7356340990002834,2.9346205234209166,False,0,0.3403355757873214,1.0,2.5,C_ref,2026-09-18 10:48:55,2026-09-18 13:35:02
pretrained_e05,0,0.3,0.3,30,0,2.337104537554425,2.045856124819552,2.634075798796609,0.5882196739770578,1.7576851960286966,2.938363181270944,False,0,0.3037830350258446,1.0,2.5,C_ref,2026-09-18 10:48:55,2026-09-18 13:35:02
pretrained_e05,0,0.3,0.3,31,0,2.412820269430461,2.118333411768866,2.713437737266552,0.5951043254976858,1.82773233510118,3.02161486006658,False,0,0.0853755512580392,1.0,2.5,C_ref,2026-09-18 10:48:55,2026-09-18 13:35:02
pretrained_e05,0,0.3,0.3,32,0,2.433790348380521,2.1412378683821944,2.7328909369129133,0.5916530685307189,1.85324424785002,3.0398311629962005,False,0,0.0497626907817903,1.0,2.5,C_ref,2026-09-18 10:48:55,2026-09-18 13:35:02
pretrained_e05,0,0.3,0.3,33,0,2.3101516701799665,2.016998025670002,2.6091414947879934,0.5921434691179908,1.7270424425449389,2.915478747748044,False,0,0.4064859153368161,1.0,2.5,C_ref,2026-09-18 10:48:55,2026-09-18 13:35:02
pretrained_e05,0,0.3,0.3,34,0,2.358878570082476,2.063303664667287,2.660195119314443,0.5968914546471562,1.770792066651062,2.968754113582816,False,0,0.22190419706385,1.0,2.5,C_ref,2026-09-18 10:48:55,2026-09-18 13:35:02
pretrained_e05,0,0.3,0.3,35,0,2.35570351287159,2.0621174452532203,2.6552532026089435,0.5931357573557232,1.7720841500386506,2.9622527388707263,False,0,0.2345730306660698,1.0,2.5,C_ref,2026-09-18 10:48:55,2026-09-18 13:35:02
pretrained_e05,0,0.3,0.3,36,0,2.4764576957880235,2.186646146688933,2.7733833049879824,0.5867371582990488,1.902260973948176,3.078501756129046,False,0,0.0062910008891776,1.0,2.5,C_ref,2026-09-18 10:48:55,2026-09-18 13:35:02
pretrained_e05,0,0.3,0.3,37,0,2.437841409438554,2.143566880035304,2.7383056551628853,0.5947387751275812,1.8532160072135333,3.0463132105081314,False,0,0.043524206001166,1.0,2.5,C_ref,2026-09-18 10:48:55,2026-09-18 13:35:02
pretrained_e05,0,0.3,0.3,38,0,2.508987151138044,2.217471984649541,2.8073087529758323,0.5898367683262911,1.9309150064710217,3.113618154542125,False,0,0.0009178518121188,1.0,2.5,C_ref,2026-09-18 10:48:55,2026-09-18 13:35:02
pretrained_e05,0,0.3,0.3,39,0,2.350596102911851,2.058455583479736,2.6488677893467707,0.5904122058670351,1.7700080841441033,2.9547167209140546,False,0,0.2538107270047476,1.0,2.5,C_ref,2026-09-18 10:48:55,2026-09-18 13:35:02
pretrained_e05,0,0.3,0.3,40,0,2.42290328421209,2.1303747209595603,2.722111753107594,0.5917370321480337,1.8426133141606569,3.029262500701808,False,0,0.067512490266381,1.0,2.5,C_ref,2026-09-18 10:48:55,2026-09-18 13:35:02
pretrained_e05,0,0.3,0.3,41,0,2.322264693908511,2.0290077887337463,2.6213633242941983,0.592355535560452,1.7390935554190954,2.9278209881581696,False,0,0.3562842323590303,1.0,2.5,C_ref,2026-09-18 10:48:55,2026-09-18 13:35:02
pretrained_e05,0,0.3,0.3,42,0,2.462584014551248,2.1694960447052174,2.7621413993233395,0.5926453546181221,1.88089395731182,3.069473951468714,False,0,0.0158520022196171,1.0,2.5,C_ref,2026-09-18 10:48:55,2026-09-18 13:35:02
pretrained_e05,0,0.3,0.3,43,0,2.2921603510318502,1.997853636111504,2.5918816703266137,0.5940280342151101,1.7060664140152346,2.898721787381266,False,0,0.4839523971568269,1.0,2.5,C_ref,2026-09-18 10:48:55,2026-09-18 13:35:02
pretrained_e05,0,0.3,0.3,44,0,2.291403034630081,1.9951539813999173,2.5927941816193503,0.5976402002194325,1.7009123742858467,2.901147332598602,False,0,0.4819829005755309,1.0,2.5,C_ref,2026-09-18 10:48:55,2026-09-18 13:35:02
pretrained_e05,0,0.3,0.3,45,0,2.26570284064043,1.9702906846250023,2.566255189411573,0.5959645047865711,1.6770659683022906,2.8737482223136146,False,0,0.610299505689909,1.0,2.5,C_ref,2026-09-18 10:48:55,2026-09-18 13:35:02
pretrained_e05,0,0.3,0.3,46,0,2.37416679007178,2.0802719110197647,2.6740923684749327,0.593820457455168,1.7901589952096717,2.981507584880972,False,0,0.1781611598453309,1.0,2.5,C_ref,2026-09-18 10:48:55,2026-09-18 13:35:02
pretrained_e05,0,0.3,0.3,47,0,2.43510237854674,2.142245738442249,2.734313923329529,0.5920681848872804,1.853648112089712,3.04120098445258,False,0,0.047642997586081,1.0,2.5,C_ref,2026-09-18 10:48:55,2026-09-18 13:35:02
pretrained_e05,0,1.0,1.0,0,0,0.8736502162897756,0.6650231104996734,1.1979012657252288,0.5328781552255554,0.6468094379195397,1.5237238439296634,False,0,8.815796712715382,0.0,0.4,C_ref,2026-09-18 18:03:24,2026-09-19 00:48:16
pretrained_e05,0,1.0,1.0,1,0,0.2554005697672462,0.1014372047286654,1.1584929271910789,1.0570557224624133,0.0293691154833248,1.5196431607948382,False,0,0.8825282518992026,1.0,0.4,C_ref,2026-09-18 18:03:24,2026-09-19 00:48:16
pretrained_e05,0,1.0,1.0,2,0,0.2241419612506597,0.0941566975851541,1.2097082758896451,1.115551578304491,0.026630905815484,1.5656860405542687,False,0,0.7194343168266641,1.0,0.4,C_ref,2026-09-18 18:03:24,2026-09-19 00:48:16
pretrained_e05,0,1.0,1.0,3,0,0.8726853005061126,0.6477426769429436,1.253699884027945,0.6059572070850013,0.0291135458811946,1.5959957612201323,False,0,2.555909259150212,0.0,0.4,C_ref,2026-09-18 18:03:24,2026-09-19 00:48:16
pretrained_e05,0,1.0,1.0,4,0,0.8100321348683411,0.6581175292984088,1.189448115845409,0.5313305865470005,0.1252080617728251,1.5355360866814172,False,0,3.0260131698487385,0.0,0.4,C_ref,2026-09-18 18:03:24,2026-09-19 00:48:16
pretrained_e05,0,1.0,1.0,5,0,0.9415590941461917,0.8562969903959106,1.247050277277843,0.3907532868819323,0.5069005398636792,1.5671492565008034,False,0,6.231055175772781,0.0,0.4,C_ref,2026-09-18 18:03:24,2026-09-19 00:48:16
pretrained_e05,0,1.0,1.0,6,0,0.4994921066571863,0.1568493021957396,1.062338010099233,0.9054887079034936,0.0500985475676737,1.4407880497774632,False,0,0.0245347565396514,1.0,0.4,C_ref,2026-09-18 18:03:24,2026-09-19 00:48:16
pretrained_e05,0,1.0,1.0,7,0,0.8867162468042054,0.7195219612053625,1.2214822490308257,0.5019602878254632,0.6350456426233989,1.5500421550909371,False,0,5.39546602972041,0.0,0.4,C_ref,2026-09-18 18:03:24,2026-09-19 00:48:16
pretrained_e05,0,1.0,1.0,8,0,0.9356104911974824,0.6559964926436146,1.2920536929007702,0.6360572002571556,0.0228632593916259,1.6214502511211677,False,0,3.839414753914753,0.0,0.4,C_ref,2026-09-18 18:03:24,2026-09-19 00:48:16
pretrained_e05,0,1.0,1.0,9,0,0.8273700826992757,0.4091821214831042,1.1924081577157883,0.7832260362326842,0.0465150213433115,1.5274105430366254,False,0,1.844073984404531,0.0,0.4,C_ref,2026-09-18 18:03:24,2026-09-19 00:48:16
pretrained_e05,0,1.0,1.0,10,0,0.9729551297894296,0.7477299947960343,1.315496271290202,0.5677662764941678,0.533202824725821,1.640428854550612,False,0,4.404352218818531,0.0,0.4,C_ref,2026-09-18 18:03:24,2026-09-19 00:48:16
pretrained_e05,0,1.0,1.0,11,0,0.8142091494029657,0.2744901406823504,1.1961660950604742,0.921675954378124,0.055263014072694,1.5370825472852143,False,0,0.6519063877567532,1.0,0.4,C_ref,2026-09-18 18:03:24,2026-09-19 00:48:16
pretrained_e05,0,1.0,1.0,12,0,0.9075755231793212,0.7026370655046714,1.285041748911688,0.5824046834070165,0.0251846285443693,1.6252337564256785,False,0,1.4964109154643666,0.0,0.4,C_ref,2026-09-18 18:03:24,2026-09-19 00:48:16
pretrained_e05,0,1.0,1.0,13,0,0.92903081608073,0.6316100111907175,1.2973650699839736,0.6657550587932561,0.0291071449369201,1.6318143951059076,False,0,2.1845838677763822,0.0,0.4,C_ref,2026-09-18 18:03:24,2026-09-19 00:48:16
pretrained_e05,0,1.0,1.0,14,0,0.8336179545388379,0.7618965500126038,1.1667720303766644,0.4048754803640606,0.0420659640248197,1.50328307051681,False,0,1.5329318856929603,0.0,0.4,C_ref,2026-09-18 18:03:24,2026-09-19 00:48:16
pretrained_e05,0,1.0,1.0,15,0,0.7857913276148771,0.1161233804553123,1.2248149786624476,1.1086915982071353,0.0320208945956501,1.577491207693228,False,0,0.1002979324803163,1.0,0.4,C_ref,2026-09-18 18:03:24,2026-09-19 00:48:16
pretrained_e05,0,1.0,1.0,16,0,1.0445473720286025,0.6280424452405212,1.3839605009864102,0.755918055745889,0.0355899736088694,1.7048893167894252,False,0,2.491302809685294,0.0,0.4,C_ref,2026-09-18 18:03:24,2026-09-19 00:48:16
pretrained_e05,0,1.0,1.0,17,0,0.8900261183443301,0.7376855035507398,1.1990820450084292,0.4613965414576894,0.6652969582210312,1.5137576844475709,False,0,9.64803242704511,0.0,0.4,C_ref,2026-09-18 18:03:24,2026-09-19 00:48:16
pretrained_e05,0,1.0,1.0,18,0,0.8331076492715586,0.5338645392155321,1.2310041957782227,0.6971396565626906,0.0400792608035906,1.575385733044206,False,0,1.1347853879888137,0.0,0.4,C_ref,2026-09-18 18:03:24,2026-09-19 00:48:16
pretrained_e05,0,1.0,1.0,19,0,0.931541638579316,0.6776027479402079,1.2710492824866304,0.5934465345464225,0.0369920165168027,1.59465806856842,False,0,3.057900850148144,0.0,0.4,C_ref,2026-09-18 18:03:24,2026-09-19 00:48:16
pretrained_e05,0,1.0,1.0,20,0,0.8723307130351768,0.6987447505618806,1.2168498873421856,0.518105136780305,0.6393026966850923,1.5489624696941278,False,0,4.866621456811117,0.0,0.4,C_ref,2026-09-18 18:03:24,2026-09-19 00:48:16
pretrained_e05,0,1.0,1.0,21,0,0.9493470226317168,0.8071205339495552,1.291441664708101,0.4843211307585459,0.6643802381891881,1.6222696360182327,False,0,5.269936247481383,0.0,0.4,C_ref,2026-09-18 18:03:24,2026-09-19 00:48:16
pretrained_e05,0,1.0,1.0,22,0,0.8666386233510306,0.4893163063450872,1.2330544659933491,0.7437381596482618,0.0490045666464084,1.5666888909459864,False,0,2.4129737503026263,0.0,0.4,C_ref,2026-09-18 18:03:24,2026-09-19 00:48:16
pretrained_e05,0,1.0,1.0,23,0,0.8420423207536156,0.7916686755588697,1.1623923324180474,0.3707236568591777,0.0696815383703765,1.4998691127148878,False,0,1.1906661210450693,0.0,0.4,C_ref,2026-09-18 18:03:24,2026-09-19 00:48:16
pretrained_e05,0,1.0,1.0,24,0,0.6387328306494469,0.1447755802789859,1.1431673153817614,0.9983917351027756,0.0452773556248222,1.5021367441221896,False,0,0.0390853843855438,1.0,0.4,C_ref,2026-09-18 18:03:24,2026-09-19 00:48:16
pretrained_e05,0,1.0,1.0,25,0,0.9147671871255844,0.1951561619232285,1.1268722006509226,0.931716038727694,0.0667634204945398,1.4393418292255318,False,0,0.1370810463777161,1.0,0.4,C_ref,2026-09-18 18:03:24,2026-09-19 00:48:16
pretrained_e05,0,1.0,1.0,26,0,0.8471929057966877,0.1582969848036085,1.1124286785410404,0.954131693737432,0.0483567169386632,1.4509207286008885,False,0,0.251730440177198,1.0,0.4,C_ref,2026-09-18 18:03:24,2026-09-19 00:48:16
pretrained_e05,0,1.0,1.0,27,0,0.6925403419381033,0.1410343766000494,1.1395234668384755,0.9984890902384264,0.0422987348309726,1.4922305859660765,False,0,0.0979114928486524,1.0,0.4,C_ref,2026-09-18 18:03:24,2026-09-19 00:48:16
pretrained_e05,0,1.0,1.0,28,0,0.8449127632559532,0.6873202447734901,1.2010549748765555,0.5137347301030655,0.0448830194592277,1.5372394678571129,False,0,2.8472165450730245,0.0,0.4,C_ref,2026-09-18 18:03:24,2026-09-19 00:48:16
pretrained_e05,0,1.0,1.0,29,0,0.7199666015494618,0.6016224092139711,1.1371953141399709,0.5355729049259995,0.0635524894783273,1.4932338217723056,False,0,1.1558225859807862,0.0,0.4,C_ref,2026-09-18 18:03:24,2026-09-19 00:48:16
pretrained_e05,0,1.0,1.0,30,0,0.8757416594424855,0.6258090755645388,1.220501064326731,0.5946919887621925,0.0517107766886674,1.5444182197355945,False,0,2.1932775016102823,0.0,0.4,C_ref,2026-09-18 18:03:24,2026-09-19 00:48:16
pretrained_e05,0,1.0,1.0,31,0,0.8694775658107048,0.6943710178483594,1.239260696081243,0.5448896782328835,0.0724017891618577,1.5767924194149616,False,0,2.217041705152951,0.0,0.4,C_ref,2026-09-18 18:03:24,2026-09-19 00:48:16
pretrained_e05,0,1.0,1.0,32,0,0.9191357643982908,0.8339333690899325,1.2472280211309292,0.4132946520409967,0.4441528401360723,1.5741524876690711,False,0,4.224523250744824,0.0,0.4,C_ref,2026-09-18 18:03:24,2026-09-19 00:48:16
pretrained_e05,0,1.0,1.0,33,0,0.7573376271954588,0.4396242896395481,1.144052884540108,0.70442859490056,0.0575073150537019,1.4879109592614352,False,0,2.86744224029826,0.0,0.4,C_ref,2026-09-18 18:03:24,2026-09-19 00:48:16
pretrained_e05,0,1.0,1.0,34,0,0.8241597670894304,0.162118569692415,1.2225953022699436,1.0604767325775286,0.0426074276872197,1.5648761615435236,False,0,0.5322101818528608,1.0,0.4,C_ref,2026-09-18 18:03:24,2026-09-19 00:48:16
pretrained_e05,0,1.0,1.0,35,0,0.886670672379111,0.7494726810386111,1.2099924154074184,0.4605197343688073,0.740184132692471,1.5359038281015094,False,0,4.355469674639608,0.0,0.4,C_ref,2026-09-18 18:03:24,2026-09-19 00:48:16
pretrained_e05,0,1.0,1.0,36,0,0.8501347556244625,0.7103083180947374,1.2280782665965506,0.5177699485018132,0.0275564645505559,1.5702227298397289,False,0,1.219331422009418,0.0,0.4,C_ref,2026-09-18 18:03:24,2026-09-19 00:48:16
pretrained_e05,0,1.0,1.0,37,0,0.8923219524325241,0.7118810227559751,1.259353170521341,0.5474721477653659,0.0479279273505498,1.5934288948381352,False,0,2.290754537294561,0.0,0.4,C_ref,2026-09-18 18:03:24,2026-09-19 00:48:16
pretrained_e05,0,1.0,1.0,38,0,0.9157340744927164,0.4595440833717437,1.2874643957322551,0.8279203123605114,0.0279801219459301,1.6214292627279687,False,0,2.363206612637441,0.0,0.4,C_ref,2026-09-18 18:03:24,2026-09-19 00:48:16
pretrained_e05,0,1.0,1.0,39,0,0.827277284371377,0.6858049859628191,1.1639423219264502,0.478137335963631,0.5309145612793063,1.4946518252458207,False,0,8.416612086431996,0.0,0.4,C_ref,2026-09-18 18:03:24,2026-09-19 00:48:16
pretrained_e05,0,1.0,1.0,40,0,0.931802727744262,0.8821389805713911,1.2379682951259203,0.3558293145545295,0.5162588166809213,1.569016424219882,False,0,4.6035591261425,0.0,0.4,C_ref,2026-09-18 18:03:24,2026-09-19 00:48:16
pretrained_e05,0,1.0,1.0,41,0,0.7909602541641404,0.44258476011215,1.113249294798429,0.670664534686279,0.0513367707992058,1.4527740039347754,False,0,1.0411842817957222,0.0,0.4,C_ref,2026-09-18 18:03:24,2026-09-19 00:48:16
pretrained_e05,0,1.0,1.0,42,0,0.8832128795274176,0.6991301732987062,1.2299888910997074,0.5308587178010012,0.6563635913883631,1.5624091403789764,False,0,5.098338422743836,0.0,0.4,C_ref,2026-09-18 18:03:24,2026-09-19 00:48:16
pretrained_e05,0,1.0,1.0,43,0,0.8259836607115922,0.7083407102279261,1.1661045980218565,0.4577638877939304,0.0568734943851334,1.5001980207154462,False,0,1.95204180113069,0.0,0.4,C_ref,2026-09-18 18:03:24,2026-09-19 00:48:16
pretrained_e05,0,1.0,1.0,44,0,0.9131725859736556,0.8324279004761734,1.2168432364665396,0.3844153359903661,0.60899966105072,1.532411216847612,False,0,9.30060065579528,0.0,0.4,C_ref,2026-09-18 18:03:24,2026-09-19 00:48:16
pretrained_e05,0,1.0,1.0,45,0,0.8007141783178111,0.7618979742522691,1.1007938725205424,0.3388958982682732,0.0841689933783702,1.4374652024194643,False,0,1.2098576355201658,0.0,0.4,C_ref,2026-09-18 18:03:24,2026-09-19 00:48:16
pretrained_e05,0,1.0,1.0,46,0,0.7058292398347512,0.1503517053851767,1.1690305281944755,1.018678822809299,0.043428957776592,1.5274594947656988,False,0,0.1138863546548236,1.0,0.4,C_ref,2026-09-18 18:03:24,2026-09-19 00:48:16
pretrained_e05,0,1.0,1.0,47,0,0.872212905486092,0.130080045320874,1.2473050225871876,1.1172249772663136,0.0335449450300632,1.5804492611420884,False,0,0.4215794277806708,1.0,0.4,C_ref,2026-09-18 18:03:24,2026-09-19 00:48:16
pretrained_e05,0,1.0,1.0,0,0,2.4613651878555496,2.160244957038409,2.7688666271608997,0.6086216701224902,1.8634816167300308,3.084062349064318,False,0,0.0160844150050252,1.0,2.5,C_ref,2026-09-18 18:03:24,2026-09-19 00:48:16
pretrained_e05,0,1.0,1.0,1,0,2.514891810916887,2.214055864032304,2.821980963858474,0.6079250998261703,1.9172677269102465,3.1366201084105687,False,0,0.0021473684464581,1.0,2.5,C_ref,2026-09-18 18:03:24,2026-09-19 00:48:16
pretrained_e05,0,1.0,1.0,2,0,2.584806825047595,2.2838127627824627,2.8922182802381378,0.6084055174556751,1.987257279310335,3.20724733646231,False,0,0.0780541282692866,1.0,2.5,C_ref,2026-09-18 18:03:24,2026-09-19 00:48:16
pretrained_e05,0,1.0,1.0,3,0,2.6123425853590283,2.311239668859133,2.919990182507655,0.6087505136485225,2.0147966811319438,3.235325567529948,False,0,0.1374499508165172,1.0,2.5,C_ref,2026-09-18 18:03:24,2026-09-19 00:48:16
pretrained_e05,0,1.0,1.0,4,0,2.527511117599652,2.22855529834006,2.832640779728953,0.6040854813888927,1.9335857358961812,3.145341876722518,False,0,0.0082564157637534,1.0,2.5,C_ref,2026-09-18 18:03:24,2026-09-19 00:48:16
pretrained_e05,0,1.0,1.0,5,0,2.4927510784573417,2.1925684661767733,2.799195691938148,0.6066272257613745,1.8964864389991083,3.1131931161417343,False,0,0.0004900174826616,1.0,2.5,C_ref,2026-09-18 18:03:24,2026-09-19 00:48:16
pretrained_e05,0,1.0,1.0,6,0,2.430061487492341,2.1274294639765867,2.73812351782337,0.6106940538467831,1.8274381863983584,3.053271794469161,False,0,0.0523508224396209,1.0,2.5,C_ref,2026-09-18 18:03:24,2026-09-19 00:48:16
pretrained_e05,0,1.0,1.0,7,0,2.512257199768273,2.2122502862532505,2.8184693384893853,0.6062190522361348,1.916324508191668,3.13220357083366,False,0,0.001583133063832,1.0,2.5,C_ref,2026-09-18 18:03:24,2026-09-19 00:48:16
pretrained_e05,0,1.0,1.0,8,0,2.572508406923236,2.2738167499853934,2.878175669662951,0.6043589196775576,1.9803197412330404,3.1919110113861087,False,0,0.0578973898991534,1.0,2.5,C_ref,2026-09-18 18:03:24,2026-09-19 00:48:16
pretrained_e05,0,1.0,1.0,9,0,2.494583944421426,2.194167113445639,2.8011276784650145,0.6069605650193757,1.8976568211057223,3.115081171221885,False,0,9.060019510798156e-05,1.0,2.5,C_ref,2026-09-18 18:03:24,2026-09-19 00:48:16
pretrained_e05,0,1.0,1.0,10,0,2.629095352251964,2.330579835324017,2.9347109883961693,0.6041311530721525,2.0376508139902296,3.2485382401072864,False,0,0.1846833344570768,1.0,2.5,C_ref,2026-09-18 18:03:24,2026-09-19 00:48:16
pretrained_e05,0,1.0,1.0,11,0,2.491620437311693,2.189030165567478,2.8002440144096226,0.6112138488421444,1.890189545583622,3.116267566521463,False,0,0.0007252683935803,1.0,2.5,C_ref,2026-09-18 18:03:24,2026-09-19 00:48:16
pretrained_e05,0,1.0,1.0,12,0,2.6433460269825733,2.3411224286348857,2.9522897226640312,0.6111672940291455,2.043881375233177,3.2691162889418277,False,0,0.2224923716858029,1.0,2.5,C_ref,2026-09-18 18:03:24,2026-09-19 00:48:16
pretrained_e05,0,1.0,1.0,13,0,2.6393973729265614,2.339508646031586,2.946213689525801,0.6067050434942156,2.044958362627477,3.2611114713634124,False,0,0.2136221505243156,1.0,2.5,C_ref,2026-09-18 18:03:24,2026-09-19 00:48:16
pretrained_e05,0,1.0,1.0,14,0,2.46908164891432,2.1708279896774085,2.77336279329239,0.6025348036149816,1.8763231654314216,3.0851622486851418,False,0,0.0105218416538264,1.0,2.5,C_ref,2026-09-18 18:03:24,2026-09-19 00:48:16
pretrained_e05,0,1.0,1.0,15,0,2.60697190803706,2.306405054106412,2.914101158783779,0.6076961046773675,2.0104585388978222,3.229033793277487,False,0,0.1249547419974987,1.0,2.5,C_ref,2026-09-18 18:03:24,2026-09-19 00:48:16
pretrained_e05,0,1.0,1.0,16,0,2.7080437654431138,2.4102919499617763,3.0131755844156123,0.602883634453836,2.118688926073872,3.3265926915151347,False,0,0.4847908940100751,1.0,2.5,C_ref,2026-09-18 18:03:24,2026-09-19 00:48:16
pretrained_e05,0,1.0,1.0,17,0,2.389279905342492,2.090744036108138,2.693829556032856,0.6030855199247167,1.795935095188928,3.0058988140425305,False,0,0.1340318185975775,1.0,2.5,C_ref,2026-09-18 18:03:24,2026-09-19 00:48:16
pretrained_e05,0,1.0,1.0,18,0,2.588099086515344,2.288273576094751,2.8943976821511934,0.6061241060564426,1.9930055052609976,3.2084572671792952,False,0,0.0851063981572224,1.0,2.5,C_ref,2026-09-18 18:03:24,2026-09-19 00:48:16
pretrained_e05,0,1.0,1.0,19,0,2.545893605722442,2.247766910418785,2.8508517330247947,0.6030848226060095,1.9547127671911315,3.1637043341725426,False,0,0.0230918298293545,1.0,2.5,C_ref,2026-09-18 18:03:24,2026-09-19 00:48:16
pretrained_e05,0,1.0,1.0,20,0,2.483320300024261,2.18270362954602,2.7902199110228474,0.6075162814768276,1.8861400738157408,3.1046797474279946,False,0,0.0028985178942093,1.0,2.5,C_ref,2026-09-18 18:03:24,2026-09-19 00:48:16
pretrained_e05,0,1.0,1.0,21,0,2.620728043456881,2.321152896859314,2.927145358538324,0.6059924616790093,2.026696886523766,3.2415845698082224,False,0,0.1603787774438387,1.0,2.5,C_ref,2026-09-18 18:03:24,2026-09-19 00:48:16
pretrained_e05,0,1.0,1.0,22,0,2.5140878851925064,2.213599671342698,2.8209839296130217,0.6073842582703235,1.917462330614296,3.1354870221418403,False,0,0.0019757623704208,1.0,2.5,C_ref,2026-09-18 18:03:24,2026-09-19 00:48:16
pretrained_e05,0,1.0,1.0,23,0,2.4553115284850597,2.154593010384904,2.761919297203845,0.6073262868189411,1.857297688090112,3.0758502195730077,False,0,0.0214002588436414,1.0,2.5,C_ref,2026-09-18 18:03:24,2026-09-19 00:48:16
pretrained_e05,0,1.0,1.0,24,0,2.470814244702754,2.1712476689335527,2.776278442170384,0.6050307732368312,1.875203353929792,3.0891792405094685,False,0,0.0093014431295159,1.0,2.5,C_ref,2026-09-18 18:03:24,2026-09-19 00:48:16
pretrained_e05,0,1.0,1.0,25,0,2.3341515267461213,2.033998456530008,2.639389682418058,0.60539122588805,1.73581920200238,2.951435872962501,False,0,0.2977864546664932,1.0,2.5,C_ref,2026-09-18 18:03:24,2026-09-19 00:48:16
pretrained_e05,0,1.0,1.0,26,0,2.42529911929556,2.123637541197234,2.7324248748779723,0.6087873336807381,1.824697545609787,3.046616842795254,False,0,0.0598467775162134,1.0,2.5,C_ref,2026-09-18 18:03:24,2026-09-19 00:48:16
pretrained_e05,0,1.0,1.0,27,0,2.4746502956828564,2.174661912038812,2.780620562204797,0.6059586501659848,1.8782721820895587,3.0939121592110164,False,0,0.0067672864752239,1.0,2.5,C_ref,2026-09-18 18:03:24,2026-09-19 00:48:16
pretrained_e05,0,1.0,1.0,28,0,2.529860210165954,2.2294744559839565,2.8365694235497063,0.6070949675657498,1.9334425936885853,3.150964201638349,False,0,0.0097094353150168,1.0,2.5,C_ref,2026-09-18 18:03:24,2026-09-19 00:48:16
pretrained_e05,0,1.0,1.0,29,0,2.470436809465382,2.168119558546558,2.7786699212957053,0.6105503627491475,1.8692724043929327,3.094288675817325,False,0,0.0093773561420675,1.0,2.5,C_ref,2026-09-18 18:03:24,2026-09-19 00:48:16
pretrained_e05,0,1.0,1.0,30,0,2.492952631844554,2.196459794369431,2.795988330588359,0.5995285362189278,1.904539751075748,3.106829127590683,False,0,0.0004566662100842,1.0,2.5,C_ref,2026-09-18 18:03:24,2026-09-19 00:48:16
pretrained_e05,0,1.0,1.0,31,0,2.546277125451194,2.245055282596152,2.853910140459781,0.6088548578636299,1.9481909181977253,3.1692434835505474,False,0,0.0230669185766601,1.0,2.5,C_ref,2026-09-18 18:03:24,2026-09-19 00:48:16
pretrained_e05,0,1.0,1.0,32,0,2.535717984437208,2.2361743339981657,2.8418105235178897,0.605636189519724,1.9411803087822144,3.1556379711889364,False,0,0.0137694925033429,1.0,2.5,C_ref,2026-09-18 18:03:24,2026-09-19 00:48:16
pretrained_e05,0,1.0,1.0,33,0,2.436767384941644,2.1359560268888425,2.7433560447315384,0.6074000178426959,1.838434293076612,3.0572109735771766,False,0,0.0431435471946315,1.0,2.5,C_ref,2026-09-18 18:03:24,2026-09-19 00:48:16
pretrained_e05,0,1.0,1.0,34,0,2.509017188264417,2.2091409441255485,2.815234767575515,0.6060938234499664,1.913547893769771,3.129183512274268,False,0,0.000876048743521,1.0,2.5,C_ref,2026-09-18 18:03:24,2026-09-19 00:48:16
pretrained_e05,0,1.0,1.0,35,0,2.4618518916223757,2.1622043961676054,2.767735857539937,0.6055314613723315,1.866631022304415,3.081226898608881,False,0,0.015824967817025,1.0,2.5,C_ref,2026-09-18 18:03:24,2026-09-19 00:48:16
pretrained_e05,0,1.0,1.0,36,0,2.5890390433443624,2.2890496863959253,2.895519788226068,0.6064701018301428,1.993670346589907,3.209803388222453,False,0,0.0868698169251729,1.0,2.5,C_ref,2026-09-18 18:03:24,2026-09-19 00:48:16
pretrained_e05,0,1.0,1.0,37,0,2.5920887328197537,2.2933311506911718,2.897749122046862,0.6044179713556908,1.9997128770899328,3.2114266317229405,False,0,0.0935630983658484,1.0,2.5,C_ref,2026-09-18 18:03:24,2026-09-19 00:48:16
pretrained_e05,0,1.0,1.0,38,0,2.629910410220421,2.3310959405360885,2.9355992597589298,0.6045033192228413,2.0375034842525728,3.249337176924453,False,0,0.1867567475419491,1.0,2.5,C_ref,2026-09-18 18:03:24,2026-09-19 00:48:16
pretrained_e05,0,1.0,1.0,39,0,2.4457606245107506,2.145645843479941,2.752024560224388,0.6063787167444463,1.8493670262636384,3.065797101829238,False,0,0.0317503682344977,1.0,2.5,C_ref,2026-09-18 18:03:24,2026-09-19 00:48:16
pretrained_e05,0,1.0,1.0,40,0,2.55066320604239,2.249281600455213,2.85841478353842,0.6091331830832067,1.9522473275872076,3.173845469686465,False,0,0.0278035131777869,1.0,2.5,C_ref,2026-09-18 18:03:24,2026-09-19 00:48:16
pretrained_e05,0,1.0,1.0,41,0,2.4158278524079435,2.1148328814360284,2.722437192284387,0.6076043108483584,1.8168356684132323,3.0362010328736684,False,0,0.0763280703031341,1.0,2.5,C_ref,2026-09-18 18:03:24,2026-09-19 00:48:16
pretrained_e05,0,1.0,1.0,42,0,2.5657521758449326,2.2661058635969016,2.8720572463280525,0.6059513827311509,1.9712208269818825,3.186168504601721,False,0,0.0471966213954146,1.0,2.5,C_ref,2026-09-18 18:03:24,2026-09-19 00:48:16
pretrained_e05,0,1.0,1.0,43,0,2.441101853839669,2.140944095209615,2.747250046633789,0.6063059514241744,1.844471505016661,3.060882461012165,False,0,0.0376556621231429,1.0,2.5,C_ref,2026-09-18 18:03:24,2026-09-19 00:48:16
pretrained_e05,0,1.0,1.0,44,0,2.43020092785572,2.130379653010863,2.736286531919988,0.6059068789091246,1.8347373618085236,3.050067284842079,False,0,0.0529132773699529,1.0,2.5,C_ref,2026-09-18 18:03:24,2026-09-19 00:48:16
pretrained_e05,0,1.0,1.0,45,0,2.3697597535843844,2.0676997312644265,2.6770679989484605,0.609368267684034,1.7679499265373342,2.991395073795475,False,0,0.1816843156375398,1.0,2.5,C_ref,2026-09-18 18:03:24,2026-09-19 00:48:16
pretrained_e05,0,1.0,1.0,46,0,2.525724697787548,2.223870215519496,2.833639033973168,0.6097688184536718,1.9258419049529425,3.1489960541036788,False,0,0.0069460624436032,1.0,2.5,C_ref,2026-09-18 18:03:24,2026-09-19 00:48:16
pretrained_e05,0,1.0,1.0,47,0,2.566281119123118,2.2674799418169638,2.8719361029054737,0.6044561610885104,1.9737733535302364,3.185545021046247,False,0,0.0482505751642747,1.0,2.5,C_ref,2026-09-18 18:03:24,2026-09-19 00:48:16
pretrained_e10,0,0.01,0.01,0,0,0.2006989124216097,0.0824741777950381,0.4956230254792433,0.4131488476842052,0.0251056667528686,1.0049909153763912,False,0,0.6098531666320923,1.0,0.4,C_ref,2026-09-18 04:06:09,2026-09-18 05:06:23
pretrained_e10,0,0.01,0.01,1,0,0.1606354207061238,0.0647951186911997,0.3690863189766274,0.3042912002854276,0.0175314157919148,0.8688396118457486,False,0,1.1860197696150865,0.0,0.4,C_ref,2026-09-18 04:06:09,2026-09-18 05:06:23
pretrained_e10,0,0.01,0.01,2,0,0.1488002718981805,0.0572176948320072,0.3661591795441025,0.3089414847120952,0.0141104640140286,0.9949842870338382,False,0,1.1723607746971538,0.0,0.4,C_ref,2026-09-18 04:06:09,2026-09-18 05:06:23
pretrained_e10,0,0.01,0.01,3,0,0.1444395858955633,0.0557414941802994,0.3500799161746203,0.2943384219943208,0.0135737983652988,0.990116119912861,False,0,1.269262285761215,0.0,0.4,C_ref,2026-09-18 04:06:09,2026-09-18 05:06:23
pretrained_e10,0,0.01,0.01,4,0,0.1827905552052241,0.0744650312715371,0.4759940101764098,0.4015289789048726,0.0217196296683966,1.0671155840881288,False,0,0.721197286467941,1.0,0.4,C_ref,2026-09-18 04:06:09,2026-09-18 05:06:23
pretrained_e10,0,0.01,0.01,5,0,0.1928629219717538,0.0779016301203134,0.4829133377527103,0.4050117076323968,0.0226143798487277,1.0267001104915991,False,0,0.6628359349706443,1.0,0.4,C_ref,2026-09-18 04:06:09,2026-09-18 05:06:23
pretrained_e10,0,0.01,0.01,6,0,0.1881637246757384,0.0774558512669846,0.450106769717456,0.3726509184504714,0.0229210422933992,0.9528591070193582,False,0,0.7649822686144034,1.0,0.4,C_ref,2026-09-18 04:06:09,2026-09-18 05:06:23
pretrained_e10,0,0.01,0.01,7,0,0.1368477001546819,0.0537699147934014,0.3049323108175777,0.2511623960241763,0.0130763243061979,0.7227970326907912,False,0,1.748918646044331,0.0,0.4,C_ref,2026-09-18 04:06:09,2026-09-18 05:06:23
pretrained_e10,0,0.01,0.01,8,0,0.1614676230320363,0.0645191011564283,0.3885169213077189,0.3239978201512905,0.0173735113545314,0.9840564424502276,False,0,1.057803215837339,0.0,0.4,C_ref,2026-09-18 04:06:09,2026-09-18 05:06:23
pretrained_e10,0,0.01,0.01,9,0,0.1333957564301447,0.0526130325502329,0.2925782227635938,0.2399651902133608,0.0127458749436878,0.677139685016046,False,0,1.918319601893017,0.0,0.4,C_ref,2026-09-18 04:06:09,2026-09-18 05:06:23
pretrained_e10,0,0.01,0.01,10,0,0.1596771509644827,0.0627392105778482,0.3960415286320008,0.3333023180541525,0.016500878851599,1.0184808066661688,False,0,1.0184345817651774,0.0,0.4,C_ref,2026-09-18 04:06:09,2026-09-18 05:06:23
pretrained_e10,0,0.01,0.01,11,0,0.1450501506996153,0.0562452484145327,0.3346843444597212,0.2784390960451884,0.0136083323050307,0.8083460162335167,False,0,1.4400171966372,0.0,0.4,C_ref,2026-09-18 04:06:09,2026-09-18 05:06:23
pretrained_e10,0,0.01,0.01,12,0,0.1183377610357516,0.0431092912973439,0.2767401154665852,0.2336308241692413,0.0090920438614738,0.8101806887844786,False,0,1.927656639880297,0.0,0.4,C_ref,2026-09-18 04:06:09,2026-09-18 05:06:23
pretrained_e10,0,0.01,0.01,13,0,0.1395047643816529,0.0534423183744722,0.3255824391111217,0.2721401207366495,0.0123884320873078,0.8684887023311214,False,0,1.4838786240543411,0.0,0.4,C_ref,2026-09-18 04:06:09,2026-09-18 05:06:23
pretrained_e10,0,0.01,0.01,14,0,0.1726783281913405,0.070964234811329,0.3933485276740018,0.3223842928626728,0.0200061027987053,0.8843947896514026,False,0,1.0384989703889005,0.0,0.4,C_ref,2026-09-18 04:06:09,2026-09-18 05:06:23
pretrained_e10,0,0.01,0.01,15,0,0.1594413135094637,0.0626420635352063,0.3858945677415208,0.3232525042063144,0.0164285359893816,0.9800891950116656,False,0,1.0721606262486605,0.0,0.4,C_ref,2026-09-18 04:06:09,2026-09-18 05:06:23
pretrained_e10,0,0.01,0.01,16,0,0.1677891505624051,0.0655059630140914,0.4623855506970793,0.3968795876829878,0.0173178759593441,1.1108436299758506,False,0,0.7866290270721947,1.0,0.4,C_ref,2026-09-18 04:06:09,2026-09-18 05:06:23
pretrained_e10,0,0.01,0.01,17,0,0.1787751463252865,0.0745637029540911,0.4026761408758509,0.3281124379217598,0.0219593383449106,0.8595510132140876,False,0,0.9843992331443588,1.0,0.4,C_ref,2026-09-18 04:06:09,2026-09-18 05:06:23
pretrained_e10,0,0.01,0.01,18,0,0.1706203532486069,0.067716887445968,0.4222318200365886,0.3545149325906206,0.0183286547358484,1.0125311543219433,False,0,0.8989835618849611,1.0,0.4,C_ref,2026-09-18 04:06:09,2026-09-18 05:06:23
pretrained_e10,0,0.01,0.01,19,0,0.1416818188887789,0.0547419200545872,0.3338595397087034,0.2791176196541161,0.0131576817799002,0.9087233972740452,False,0,1.403983897584112,0.0,0.4,C_ref,2026-09-18 04:06:09,2026-09-18 05:06:23
pretrained_e10,0,0.01,0.01,20,0,0.2053718339309636,0.0867894186476868,0.4728463338821085,0.3860569152344216,0.0273852598673658,0.941723070371526,False,0,0.6505972681479761,1.0,0.4,C_ref,2026-09-18 04:06:09,2026-09-18 05:06:23
pretrained_e10,0,0.01,0.01,21,0,0.1276128042249471,0.0482941122298238,0.2941719481100188,0.245877835880195,0.0101678161387007,0.8332936368341286,False,0,1.7455116989513044,0.0,0.4,C_ref,2026-09-18 04:06:09,2026-09-18 05:06:23
pretrained_e10,0,0.01,0.01,22,0,0.1792807421341741,0.072644800182296,0.4308750406816297,0.3582302404993337,0.0202263135064317,0.9611228433553138,False,0,0.8524990911282657,1.0,0.4,C_ref,2026-09-18 04:06:09,2026-09-18 05:06:23
pretrained_e10,0,0.01,0.01,23,0,0.1915245860314425,0.0777344850191171,0.4802004490496507,0.4024659640305336,0.0227993415327486,1.0192684630209232,False,0,0.6746181987655291,1.0,0.4,C_ref,2026-09-18 04:06:09,2026-09-18 05:06:23
pretrained_e10,0,0.01,0.01,24,0,0.1822025238615261,0.0749278919226563,0.4291538719242069,0.3542259800015505,0.0217679114871502,0.951692678583862,False,0,0.8547853952513833,1.0,0.4,C_ref,2026-09-18 04:06:09,2026-09-18 05:06:23
pretrained_e10,0,0.01,0.01,25,0,0.21643394086516,0.0933556361154088,0.4953150170067512,0.4019593808913423,0.0309198164520186,0.9400687507898388,False,0,0.5606735529581783,1.0,0.4,C_ref,2026-09-18 04:06:09,2026-09-18 05:06:23
pretrained_e10,0,0.01,0.01,26,0,0.1963483929952565,0.0804060138571188,0.4992478599161256,0.4188418460590067,0.0244161815480363,1.0180434387448574,False,0,0.6176126600512362,1.0,0.4,C_ref,2026-09-18 04:06:09,2026-09-18 05:06:23
pretrained_e10,0,0.01,0.01,27,0,0.1582213882741582,0.0656186303429453,0.3176571459388859,0.2520385155959406,0.0183068329615418,0.7801642616107326,False,0,1.5756036191160092,0.0,0.4,C_ref,2026-09-18 04:06:09,2026-09-18 05:06:23
pretrained_e10,0,0.01,0.01,28,0,0.1629600204612905,0.0644867024454172,0.408644473193084,0.3441577707476668,0.0172269994038092,0.9911443092629808,False,0,0.9613249678150168,1.0,0.4,C_ref,2026-09-18 04:06:09,2026-09-18 05:06:23
pretrained_e10,0,0.01,0.01,29,0,0.162216924289182,0.064663951665038,0.3885866148466398,0.3239226631816018,0.0173519246354341,0.9540250609229954,False,0,1.059166143877519,0.0,0.4,C_ref,2026-09-18 04:06:09,2026-09-18 05:06:23
pretrained_e10,0,0.01,0.01,30,0,0.1978098159125249,0.0823052283993,0.4731562523472599,0.3908510239479598,0.0254861007097859,0.966968558635072,False,0,0.6725943256387836,1.0,0.4,C_ref,2026-09-18 04:06:09,2026-09-18 05:06:23
pretrained_e10,0,0.01,0.01,31,0,0.1429465362064593,0.0547811961366333,0.3401113151404812,0.2853301190038479,0.0129580844748989,0.9165150070755416,False,0,1.3579952105101256,0.0,0.4,C_ref,2026-09-18 04:06:09,2026-09-18 05:06:23
pretrained_e10,0,0.01,0.01,32,0,0.1471453181800642,0.057958162022851,0.3343454243358663,0.2763872623130152,0.0147257101984314,0.8060567159991715,False,0,1.451608984851191,0.0,0.4,C_ref,2026-09-18 04:06:09,2026-09-18 05:06:23
pretrained_e10,0,0.01,0.01,33,0,0.207519566525232,0.086580488264581,0.5059616453278942,0.4193811570633131,0.0271628293201095,0.999957609312585,False,0,0.5674214660102734,1.0,0.4,C_ref,2026-09-18 04:06:09,2026-09-18 05:06:23
pretrained_e10,0,0.01,0.01,34,0,0.1823823507576246,0.0746445630050498,0.4362690629911565,0.3616244999861067,0.0214171473547588,0.9628095691244049,False,0,0.8273310311305977,1.0,0.4,C_ref,2026-09-18 04:06:09,2026-09-18 05:06:23
pretrained_e10,0,0.01,0.01,35,0,0.1547045787183545,0.061616928852152,0.359985748549434,0.2983688196972819,0.0163963909110553,0.8792286234509002,False,0,1.238705463045335,0.0,0.4,C_ref,2026-09-18 04:06:09,2026-09-18 05:06:23
pretrained_e10,0,0.01,0.01,36,0,0.1386331414178362,0.0538658577681401,0.3162044295499059,0.2623385717817658,0.0128983897588804,0.7931698603345673,False,0,1.5976128485599477,0.0,0.4,C_ref,2026-09-18 04:06:09,2026-09-18 05:06:23
pretrained_e10,0,0.01,0.01,37,0,0.1396361284749254,0.053907352431803,0.3229625971039984,0.2690552446721954,0.0127904446219816,0.8329613349613281,False,0,1.518491165828891,0.0,0.4,C_ref,2026-09-18 04:06:09,2026-09-18 05:06:23
pretrained_e10,0,0.01,0.01,38,0,0.1536580699434406,0.060593066282233,0.3652902479480316,0.3046971816657986,0.0159441788617627,0.9551640235066274,False,0,1.1900656593279564,0.0,0.4,C_ref,2026-09-18 04:06:09,2026-09-18 05:06:23
pretrained_e10,0,0.01,0.01,39,0,0.1601201058160012,0.0646578593206156,0.3664071126929198,0.3017492533723042,0.017548620574064,0.8672696147086082,False,0,1.2049965428632277,0.0,0.4,C_ref,2026-09-18 04:06:09,2026-09-18 05:06:23
pretrained_e10,0,0.01,0.01,40,0,0.1724816524430452,0.0668005165939625,0.5023799174658802,0.4355794008719176,0.0177216737599299,1.1477154838205408,False,0,0.7052488597037154,1.0,0.4,C_ref,2026-09-18 04:06:09,2026-09-18 05:06:23
pretrained_e10,0,0.01,0.01,41,0,0.202210092274586,0.0846614561816676,0.4775537477727488,0.3928922915910812,0.0264090783823405,0.9645243297414372,False,0,0.6483828970594914,1.0,0.4,C_ref,2026-09-18 04:06:09,2026-09-18 05:06:23
pretrained_e10,0,0.01,0.01,42,0,0.1624254617997365,0.0641532943106611,0.3985574178012599,0.3344041234905989,0.0170689974331236,0.9773868413190168,False,0,1.0070261815708363,0.0,0.4,C_ref,2026-09-18 04:06:09,2026-09-18 05:06:23
pretrained_e10,0,0.01,0.01,43,0,0.2244123923747275,0.0950413098992664,0.5340954794905693,0.4390541695913028,0.0309109112428057,1.0086027728689608,False,0,0.4596654369670432,1.0,0.4,C_ref,2026-09-18 04:06:09,2026-09-18 05:06:23
pretrained_e10,0,0.01,0.01,44,0,0.1924578454852663,0.0802864430027545,0.4350523543072884,0.3547659113045339,0.0244454297772418,0.8915881085245841,False,0,0.8102930877939798,1.0,0.4,C_ref,2026-09-18 04:06:09,2026-09-18 05:06:23
pretrained_e10,0,0.01,0.01,45,0,0.1797780398988608,0.0731231515250717,0.4361446456978885,0.3630214941728167,0.0207415608908688,0.970542879069062,False,0,0.8329027392719581,1.0,0.4,C_ref,2026-09-18 04:06:09,2026-09-18 05:06:23
pretrained_e10,0,0.01,0.01,46,0,0.1999922337660667,0.0823892619350222,0.4763494757806819,0.3939602138456596,0.0249758904898936,0.9690222115674624,False,0,0.654957217961055,1.0,0.4,C_ref,2026-09-18 04:06:09,2026-09-18 05:06:23
pretrained_e10,0,0.01,0.01,47,0,0.1621719421980491,0.0657541506976133,0.3719751064881915,0.3062209557905782,0.0180090734647074,0.8745366030665667,False,0,1.1675028948702677,0.0,0.4,C_ref,2026-09-18 04:06:09,2026-09-18 05:06:23
pretrained_e10,0,0.01,0.01,0,0,0.0,,0.0042864868883918,,,0.0221638997433336,True,0,9.946168681621202,,2.5,C_ref,2026-09-18 04:06:09,2026-09-18 05:06:23
pretrained_e10,0,0.01,0.01,1,0,0.0,,0.003503749187328,,,0.0170738751355789,True,0,12.9201679092439,,2.5,C_ref,2026-09-18 04:06:09,2026-09-18 05:06:23
pretrained_e10,0,0.01,0.01,2,0,0.0,,0.0029261858432287,,,0.013153342294027,True,0,9.035229946450272,,2.5,C_ref,2026-09-18 04:06:09,2026-09-18 05:06:23
pretrained_e10,0,0.01,0.01,3,0,0.0,,0.0028566146202452,,,0.0126497444473013,True,0,8.985473195923987,,2.5,C_ref,2026-09-18 04:06:09,2026-09-18 05:06:23
pretrained_e10,0,0.01,0.01,4,0,0.0,,0.0035610686332487,,,0.0173448886780589,True,0,9.340159474071696,,2.5,C_ref,2026-09-18 04:06:09,2026-09-18 05:06:23
pretrained_e10,0,0.01,0.01,5,0,0.0,,0.0038517535805005,,,0.0193339659012302,True,0,8.436149173812737,,2.5,C_ref,2026-09-18 04:06:09,2026-09-18 05:06:23
pretrained_e10,0,0.01,0.01,6,0,0.0,,0.0043090598501759,,,0.0223245472115049,True,0,10.83682658737598,,2.5,C_ref,2026-09-18 04:06:09,2026-09-18 05:06:23
pretrained_e10,0,0.01,0.01,7,0,0.0,,0.0031241590586896,,,0.0145268960182278,True,0,15.524649652677908,,2.5,C_ref,2026-09-18 04:06:09,2026-09-18 05:06:23
pretrained_e10,0,0.01,0.01,8,0,0.0,,0.0034197831235875,,,0.0165045010744221,True,0,9.866160974957891,,2.5,C_ref,2026-09-18 04:06:09,2026-09-18 05:06:23
pretrained_e10,0,0.01,0.01,9,0,0.0,,0.0030922844084764,,,0.0142926975867811,True,0,16.261182749858563,,2.5,C_ref,2026-09-18 04:06:09,2026-09-18 05:06:23
pretrained_e10,0,0.01,0.01,10,0,0.0,,0.0030319164303654,,,0.0139020157952641,True,0,9.02922787949501,,2.5,C_ref,2026-09-18 04:06:09,2026-09-18 05:06:23
pretrained_e10,0,0.01,0.01,11,0,0.0,,0.0033833792674909,,,0.0163548570811565,True,0,13.670884617229603,,2.5,C_ref,2026-09-18 04:06:09,2026-09-18 05:06:23
pretrained_e10,0,0.01,0.01,12,0,0.0,,0.0025203069655876,,,0.01015597315468,True,0,10.838008732047456,,2.5,C_ref,2026-09-18 04:06:09,2026-09-18 05:06:23
pretrained_e10,0,0.01,0.01,13,0,0.0,,0.0028183416156228,,,0.0123868537130487,True,0,10.849486466235248,,2.5,C_ref,2026-09-18 04:06:09,2026-09-18 05:06:23
pretrained_e10,0,0.01,0.01,14,0,0.0,,0.0037059411400196,,,0.0183359727995614,True,0,12.4202019155382,,2.5,C_ref,2026-09-18 04:06:09,2026-09-18 05:06:23
pretrained_e10,0,0.01,0.01,15,0,0.0,,0.0030125624784734,,,0.0137713626479289,True,0,9.235203811826068,,2.5,C_ref,2026-09-18 04:06:09,2026-09-18 05:06:23
pretrained_e10,0,0.01,0.01,16,0,0.0,,0.0028138646384999,,,0.0123567988939746,True,0,5.504577076913847,,2.5,C_ref,2026-09-18 04:06:09,2026-09-18 05:06:23
pretrained_e10,0,0.01,0.01,17,0,0.0,,0.004468757967307,,,0.0232406822998581,True,0,14.22310824330998,,2.5,C_ref,2026-09-18 04:06:09,2026-09-18 05:06:23
pretrained_e10,0,0.01,0.01,18,0,0.0,,0.0031784707934286,,,0.0149251540206857,True,0,8.925701805095741,,2.5,C_ref,2026-09-18 04:06:09,2026-09-18 05:06:23
pretrained_e10,0,0.01,0.01,19,0,0.0,,0.0030203870054171,,,0.0138189132394051,True,0,10.129805914395549,,2.5,C_ref,2026-09-18 04:06:09,2026-09-18 05:06:23
pretrained_e10,0,0.01,0.01,20,0,0.0,,0.0047093554776304,,,0.0248499047633079,True,0,12.279093816687237,,2.5,C_ref,2026-09-18 04:06:09,2026-09-18 05:06:23
pretrained_e10,0,0.01,0.01,21,0,0.0,,0.0026857387585842,,,0.0113979444483962,True,0,11.849509559160651,,2.5,C_ref,2026-09-18 04:06:09,2026-09-18 05:06:23
pretrained_e10,0,0.01,0.01,22,0,0.0,,0.0037214342748716,,,0.0185128259441902,True,0,10.144372387778276,,2.5,C_ref,2026-09-18 04:06:09,2026-09-18 05:06:23
pretrained_e10,0,0.01,0.01,23,0,0.0,,0.0038903889687382,,,0.0195067785196624,True,0,9.062504985693522,,2.5,C_ref,2026-09-18 04:06:09,2026-09-18 05:06:23
pretrained_e10,0,0.01,0.01,24,0,0.0,,0.0039232062443354,,,0.0196935819912613,True,0,10.81945067002016,,2.5,C_ref,2026-09-18 04:06:09,2026-09-18 05:06:23
pretrained_e10,0,0.01,0.01,25,0,0.0,,0.0056266227988214,,,0.0296739651914445,True,0,12.599822996169678,,2.5,C_ref,2026-09-18 04:06:09,2026-09-18 05:06:23
pretrained_e10,0,0.01,0.01,26,0,0.0,,0.0040538146247425,,,0.0205517353238311,True,0,9.431940835427667,,2.5,C_ref,2026-09-18 04:06:09,2026-09-18 05:06:23
pretrained_e10,0,0.01,0.01,27,0,0.0,,0.0036634833960376,,,0.0180533143058219,True,0,15.552812727535638,,2.5,C_ref,2026-09-18 04:06:09,2026-09-18 05:06:23
pretrained_e10,0,0.01,0.01,28,0,0.0,,0.0032108671633565,,,0.0151406471361591,True,0,9.246814247610018,,2.5,C_ref,2026-09-18 04:06:09,2026-09-18 05:06:23
pretrained_e10,0,0.01,0.01,29,0,0.0,,0.0035493151298057,,,0.0173647871548505,True,0,10.426304942928256,,2.5,C_ref,2026-09-18 04:06:09,2026-09-18 05:06:23
pretrained_e10,0,0.01,0.01,30,0,0.0,,0.004025641336908,,,0.0203261451566141,True,0,10.862274824492488,,2.5,C_ref,2026-09-18 04:06:09,2026-09-18 05:06:23
pretrained_e10,0,0.01,0.01,31,0,0.0,,0.003022433968062,,,0.0138463188787672,True,0,10.136428949670517,,2.5,C_ref,2026-09-18 04:06:09,2026-09-18 05:06:23
pretrained_e10,0,0.01,0.01,32,0,0.0,,0.0032217115445,,,0.0152173940334856,True,0,13.342289608437568,,2.5,C_ref,2026-09-18 04:06:09,2026-09-18 05:06:23
pretrained_e10,0,0.01,0.01,33,0,0.0,,0.0046313740331143,,,0.0243096876099207,True,0,10.56166939844843,,2.5,C_ref,2026-09-18 04:06:09,2026-09-18 05:06:23
pretrained_e10,0,0.01,0.01,34,0,0.0,,0.0040759958666271,,,0.0207435287990036,True,0,10.417886611907306,,2.5,C_ref,2026-09-18 04:06:09,2026-09-18 05:06:23
pretrained_e10,0,0.01,0.01,35,0,0.0,,0.0035914271362504,,,0.0176144124437909,True,0,12.759587916680175,,2.5,C_ref,2026-09-18 04:06:09,2026-09-18 05:06:23
pretrained_e10,0,0.01,0.01,36,0,0.0,,0.0029400630255846,,,0.013249863710305,True,0,13.69959964762893,,2.5,C_ref,2026-09-18 04:06:09,2026-09-18 05:06:23
pretrained_e10,0,0.01,0.01,37,0,0.0,,0.0028612176915123,,,0.0126879329226352,True,0,12.39137634101644,,2.5,C_ref,2026-09-18 04:06:09,2026-09-18 05:06:23
pretrained_e10,0,0.01,0.01,38,0,0.0,,0.0029763160940046,,,0.0134999624979548,True,0,10.26634202599962,,2.5,C_ref,2026-09-18 04:06:09,2026-09-18 05:06:23
pretrained_e10,0,0.01,0.01,39,0,0.0,,0.0034871371636056,,,0.0169528596108538,True,0,12.020660343874624,,2.5,C_ref,2026-09-18 04:06:09,2026-09-18 05:06:23
pretrained_e10,0,0.01,0.01,40,0,0.0,,0.0032006176232579,,,0.0150734633369093,True,0,5.525236709345336,,2.5,C_ref,2026-09-18 04:06:09,2026-09-18 05:06:23
pretrained_e10,0,0.01,0.01,41,0,0.0,,0.0044027437155038,,,0.0228743676672468,True,0,11.470353170578164,,2.5,C_ref,2026-09-18 04:06:09,2026-09-18 05:06:23
pretrained_e10,0,0.01,0.01,42,0,0.0,,0.0030495365849122,,,0.0140252996145553,True,0,9.341807074652024,,2.5,C_ref,2026-09-18 04:06:09,2026-09-18 05:06:23
pretrained_e10,0,0.01,0.01,43,0,0.0,,0.0049729604377142,,,0.0263661057806686,True,0,9.633031086985284,,2.5,C_ref,2026-09-18 04:06:09,2026-09-18 05:06:23
pretrained_e10,0,0.01,0.01,44,0,0.0,,0.0044500840488548,,,0.0232952510190756,True,0,12.598415867960284,,2.5,C_ref,2026-09-18 04:06:09,2026-09-18 05:06:23
pretrained_e10,0,0.01,0.01,45,0,0.0,,0.0041258446708031,,,0.0210209921063419,True,0,10.590667726410176,,2.5,C_ref,2026-09-18 04:06:09,2026-09-18 05:06:23
pretrained_e10,0,0.01,0.01,46,0,0.0,,0.0040379557911865,,,0.0205538175184397,True,0,9.957309319430353,,2.5,C_ref,2026-09-18 04:06:09,2026-09-18 05:06:23
pretrained_e10,0,0.01,0.01,47,0,0.0,,0.0033086861690471,,,0.0157844952033027,True,0,11.92527630810946,,2.5,C_ref,2026-09-18 04:06:09,2026-09-18 05:06:23
pretrained_e10,0,0.03,0.03,0,0,0.987535100370694,0.9752166107518094,1.0675494226330249,0.0923328118812154,0.95033985982089,1.219351734189694,False,0,11.125601185096455,0.0,0.4,C_ref,2026-09-18 05:41:47,2026-09-18 06:48:58
pretrained_e10,0,0.03,0.03,1,0,0.9849948112460022,0.9598988048024716,1.0851265053546724,0.1252277005522007,0.8694574770742007,1.2527312340628582,False,0,28.22058317298433,0.0,0.4,C_ref,2026-09-18 05:41:47,2026-09-18 06:48:58
pretrained_e10,0,0.03,0.03,2,0,0.8148168993007782,0.7796062760314911,0.9603567740345096,0.1807504980030184,0.7530232889973278,1.1537656858354672,False,0,12.00293983935262,0.0,0.4,C_ref,2026-09-18 05:41:47,2026-09-18 06:48:58
pretrained_e10,0,0.03,0.03,3,0,0.9987041789819504,0.9693094690268736,1.1035472662640515,0.134237797237178,0.964775092287528,1.2746604870407396,False,0,21.91423819211559,0.0,0.4,C_ref,2026-09-18 05:41:47,2026-09-18 06:48:58
pretrained_e10,0,0.03,0.03,4,0,0.9734498710132768,0.9576069621126488,1.0533899789983,0.0957830168856513,0.9459247199741324,1.204955729956806,False,0,11.10139523281032,0.0,0.4,C_ref,2026-09-18 05:41:47,2026-09-18 06:48:58
pretrained_e10,0,0.03,0.03,5,0,0.991741180199876,0.9751395364364356,1.0707092106915206,0.0955696742550851,0.9505276308844994,1.2236069841722133,False,0,8.163858112660819,0.0,0.4,C_ref,2026-09-18 05:41:47,2026-09-18 06:48:58
pretrained_e10,0,0.03,0.03,6,0,0.9847744448490936,0.97541964043693,1.0617974854812118,0.0863778450442819,0.8560614748509484,1.2180652331177872,False,0,24.52441229130636,0.0,0.4,C_ref,2026-09-18 05:41:47,2026-09-18 06:48:58
pretrained_e10,0,0.03,0.03,7,0,0.984141284110687,0.94940700445857,1.0614662373391022,0.1120592328805321,0.8285128110344498,1.2208079579964908,False,0,14.402316915668052,0.0,0.4,C_ref,2026-09-18 05:41:47,2026-09-18 06:48:58
pretrained_e10,0,0.03,0.03,8,0,1.0137273981230874,0.966588641360754,1.135644125795486,0.169055484434732,0.9577686325714362,1.312146168667436,False,0,38.40329326551728,0.0,0.4,C_ref,2026-09-18 05:41:47,2026-09-18 06:48:58
pretrained_e10,0,0.03,0.03,9,0,0.9826430150142004,0.9672358920069116,1.0642743624156106,0.0970384704086988,0.9316191695265988,1.2202817039466445,False,0,14.895311232699896,0.0,0.4,C_ref,2026-09-18 05:41:47,2026-09-18 06:48:58
pretrained_e10,0,0.03,0.03,10,0,1.050130326983417,0.9796470148466369,1.199188587884797,0.2195415730381602,0.9746254561072047,1.3937600818104372,False,0,89.90269850485492,0.0,0.4,C_ref,2026-09-18 05:41:47,2026-09-18 06:48:58
pretrained_e10,0,0.03,0.03,11,0,0.9842742813681012,0.9495894989159444,1.0614957961876148,0.1119062972716704,0.9081345020266376,1.2206209818814509,False,0,12.599128747475334,0.0,0.4,C_ref,2026-09-18 05:41:47,2026-09-18 06:48:58
pretrained_e10,0,0.03,0.03,12,0,0.984707413453216,0.962160735179122,1.0871788637012438,0.1250181285221218,0.9521658371573432,1.2566499669473503,False,0,31.73175835963412,0.0,0.4,C_ref,2026-09-18 05:41:47,2026-09-18 06:48:58
pretrained_e10,0,0.03,0.03,13,0,0.9287006450680694,0.8977607614330652,1.0535166483087732,0.155755886875708,0.8864577175116081,1.242479042533878,False,0,38.61008752353519,0.0,0.4,C_ref,2026-09-18 05:41:47,2026-09-18 06:48:58
pretrained_e10,0,0.03,0.03,14,0,0.995675819231187,0.9684630163270403,1.103921812441941,0.1354587961149006,0.9202074479425988,1.270724390711427,False,0,28.34325200879539,0.0,0.4,C_ref,2026-09-18 05:41:47,2026-09-18 06:48:58
pretrained_e10,0,0.03,0.03,15,0,0.9849504139072892,0.9222730038256256,1.06026841768293,0.1379954138573045,0.7689364947072478,1.2189908130679703,False,0,17.056960216414154,0.0,0.4,C_ref,2026-09-18 05:41:47,2026-09-18 06:48:58
pretrained_e10,0,0.03,0.03,16,0,1.0328722336752836,0.969966397600022,1.1747892423386384,0.2048228447386164,0.9615771561029686,1.3632225856917608,False,0,64.67021044097419,0.0,0.4,C_ref,2026-09-18 05:41:47,2026-09-18 06:48:58
pretrained_e10,0,0.03,0.03,17,0,0.9714198252260338,0.9542379297595672,1.0529158130282783,0.0986778832687109,0.90785668041143,1.207869406650806,False,0,15.104010057384585,0.0,0.4,C_ref,2026-09-18 05:41:47,2026-09-18 06:48:58
pretrained_e10,0,0.03,0.03,18,0,0.9890678672409036,0.9744921825002352,1.087866463473833,0.1133742809735978,0.9117554396328692,1.2596026532624771,False,0,27.626430650325347,0.0,0.4,C_ref,2026-09-18 05:41:47,2026-09-18 06:48:58
pretrained_e10,0,0.03,0.03,19,0,0.984768577483351,0.9738025766799284,1.066234002419165,0.0924314257392366,0.778230643768881,1.2328147265211125,False,0,19.550433284253813,0.0,0.4,C_ref,2026-09-18 05:41:47,2026-09-18 06:48:58
pretrained_e10,0,0.03,0.03,20,0,0.9437983409148571,0.9241585011619554,1.0363086588312589,0.1121501576693034,0.9101881006633916,1.2069068292453258,False,0,18.7220479118223,0.0,0.4,C_ref,2026-09-18 05:41:47,2026-09-18 06:48:58
pretrained_e10,0,0.03,0.03,21,0,0.984259303212967,0.957494527407758,1.0668008875011137,0.1093063600933553,0.8755758711598369,1.2359074526832003,False,0,29.006290431781963,0.0,0.4,C_ref,2026-09-18 05:41:47,2026-09-18 06:48:58
pretrained_e10,0,0.03,0.03,22,0,0.9846329882001008,0.9713269007915728,1.0703721658438494,0.0990452650522766,0.8651493601722333,1.2391320487237216,False,0,24.841258214572008,0.0,0.4,C_ref,2026-09-18 05:41:47,2026-09-18 06:48:58
pretrained_e10,0,0.03,0.03,23,0,0.9987131837824412,0.978283363717118,1.0919317024717416,0.1136483387546236,0.9714221642317424,1.2523474784387465,False,0,21.72806050354848,0.0,0.4,C_ref,2026-09-18 05:41:47,2026-09-18 06:48:58
pretrained_e10,0,0.03,0.03,24,0,0.9822168704592974,0.9592212244768004,1.0712867722001018,0.1120655477233013,0.954599990826936,1.22692384204356,False,0,16.9152507517465,0.0,0.4,C_ref,2026-09-18 05:41:47,2026-09-18 06:48:58
pretrained_e10,0,0.03,0.03,25,0,0.9849036513884848,0.9708526042404504,1.0525793622053166,0.0817267579648661,0.576773581868542,1.1977310773389371,False,0,7.5507471106466255,0.0,0.4,C_ref,2026-09-18 05:41:47,2026-09-18 06:48:58
pretrained_e10,0,0.03,0.03,26,0,0.962761824615914,0.92918133525794,1.0650736948409474,0.1358923595830073,0.9246042863829104,1.2239361074470394,False,0,21.859916323232028,0.0,0.4,C_ref,2026-09-18 05:41:47,2026-09-18 06:48:58
pretrained_e10,0,0.03,0.03,27,0,0.973700979810734,0.9487235767005904,1.0756588710352624,0.1269352943346718,0.9432642227512282,1.2408470808662473,False,0,29.59158476203811,0.0,0.4,C_ref,2026-09-18 05:41:47,2026-09-18 06:48:58
pretrained_e10,0,0.03,0.03,28,0,0.998370309726226,0.9856860048343082,1.0742607682779248,0.0885747634436165,0.6245185940493232,1.2326563778230235,False,0,20.619810798183607,0.0,0.4,C_ref,2026-09-18 05:41:47,2026-09-18 06:48:58
pretrained_e10,0,0.03,0.03,29,0,0.9945623068793512,0.9779029049806122,1.0884034426156248,0.1105005376350126,0.970848020550794,1.2481388870448564,False,0,19.841001740889624,0.0,0.4,C_ref,2026-09-18 05:41:47,2026-09-18 06:48:58
pretrained_e10,0,0.03,0.03,30,0,0.9797992107254456,0.964043168794348,1.0610514162733842,0.0970082474790362,0.9164763488536396,1.214067129375805,False,0,22.44218561716116,0.0,0.4,C_ref,2026-09-18 05:41:47,2026-09-18 06:48:58
pretrained_e10,0,0.03,0.03,31,0,1.0053474833353098,0.9790269253466346,1.1092870015706158,0.1302600762239811,0.9742837122184244,1.2773700027711108,False,0,25.145172619268124,0.0,0.4,C_ref,2026-09-18 05:41:47,2026-09-18 06:48:58
pretrained_e10,0,0.03,0.03,32,0,0.9701703945839852,0.9564835334363858,1.0618022551503543,0.1053187217139687,0.8958827908530337,1.227671071574494,False,0,20.400763988851395,0.0,0.4,C_ref,2026-09-18 05:41:47,2026-09-18 06:48:58
pretrained_e10,0,0.03,0.03,33,0,0.9551076198311788,0.9439570744989704,1.0509163631412934,0.106959288642323,0.8555679588981107,1.2180164523512045,False,0,20.11970292097976,0.0,0.4,C_ref,2026-09-18 05:41:47,2026-09-18 06:48:58
pretrained_e10,0,0.03,0.03,34,0,0.995912592413003,0.9781717908389324,1.0861820244036038,0.1080102335646713,0.9716023561334496,1.2420172167723629,False,0,12.760747952856036,0.0,0.4,C_ref,2026-09-18 05:41:47,2026-09-18 06:48:58
pretrained_e10,0,0.03,0.03,35,0,0.9837058113866196,0.9537788186029592,1.0802008006920962,0.1264219820891371,0.8366457892328096,1.2534175983907525,False,0,34.58343722749487,0.0,0.4,C_ref,2026-09-18 05:41:47,2026-09-18 06:48:58
pretrained_e10,0,0.03,0.03,36,0,0.948799593294382,0.91571275169815,1.0761858234363817,0.1604730717382316,0.8565118335949199,1.2556744883802815,False,0,39.50610180417425,0.0,0.4,C_ref,2026-09-18 05:41:47,2026-09-18 06:48:58
pretrained_e10,0,0.03,0.03,37,0,1.0044247161878772,0.9829958445210576,1.100592856725742,0.1175970122046844,0.9760552636716922,1.2590230147297303,False,0,17.677570569037925,0.0,0.4,C_ref,2026-09-18 05:41:47,2026-09-18 06:48:58
pretrained_e10,0,0.03,0.03,38,0,0.9705464097623526,0.9392116546341784,1.0805939193062242,0.1413822646720458,0.9354878666371972,1.253155024020606,False,0,25.742350343542057,0.0,0.4,C_ref,2026-09-18 05:41:47,2026-09-18 06:48:58
pretrained_e10,0,0.03,0.03,39,0,1.0141945632424594,0.978721478889093,1.1238329418002138,0.1451114629111207,0.9723344828728404,1.288102960016368,False,0,33.183930739138304,0.0,0.4,C_ref,2026-09-18 05:41:47,2026-09-18 06:48:58
pretrained_e10,0,0.03,0.03,40,0,1.0116989452669842,0.969483337730408,1.1236618649037364,0.1541785271733283,0.9648866057785306,1.2909490019573244,False,0,31.95270906296355,0.0,0.4,C_ref,2026-09-18 05:41:47,2026-09-18 06:48:58
pretrained_e10,0,0.03,0.03,41,0,0.9091427862753048,0.8914375127359042,1.0106780890821792,0.1192405763462749,0.8565492424608777,1.1838031940416756,False,0,14.814398080485262,0.0,0.4,C_ref,2026-09-18 05:41:47,2026-09-18 06:48:58
pretrained_e10,0,0.03,0.03,42,0,0.7896806638870449,0.7584719154676839,0.8949341021934198,0.1364621867257359,0.6953858400507553,1.0811118027061877,False,0,16.92178968735243,0.0,0.4,C_ref,2026-09-18 05:41:47,2026-09-18 06:48:58
pretrained_e10,0,0.03,0.03,43,0,0.974275233524988,0.9578732084416436,1.0492421016727562,0.0913688932311126,0.8455760337259818,1.2034872503641545,False,0,13.196866928486996,0.0,0.4,C_ref,2026-09-18 05:41:47,2026-09-18 06:48:58
pretrained_e10,0,0.03,0.03,44,0,0.9915642678741212,0.9380102355513844,1.0821475017575135,0.1441372662061292,0.8480512419888698,1.25628096974757,False,0,27.693752301969653,0.0,0.4,C_ref,2026-09-18 05:41:47,2026-09-18 06:48:58
pretrained_e10,0,0.03,0.03,45,0,0.9246430190932776,0.8399745523863683,0.994601245807066,0.1546266934206978,0.5567445530717764,1.1459042027268056,False,0,4.1534072859467415,0.0,0.4,C_ref,2026-09-18 05:41:47,2026-09-18 06:48:58
pretrained_e10,0,0.03,0.03,46,0,1.004093033250024,0.9786615271155767,1.101162086826765,0.1225005597111882,0.9709541291888238,1.261497960224517,False,0,24.71271625722148,0.0,0.4,C_ref,2026-09-18 05:41:47,2026-09-18 06:48:58
pretrained_e10,0,0.03,0.03,47,0,0.9954256603448558,0.9760265669976212,1.101312749425457,0.1252861824278361,0.9293898611079132,1.269913935759411,False,0,20.65981428734449,0.0,0.4,C_ref,2026-09-18 05:41:47,2026-09-18 06:48:58
pretrained_e10,0,0.03,0.03,0,0,0.0,,0.000484503348722,,,0.001938013394888,True,0,22.32836523900187,,2.5,C_ref,2026-09-18 05:41:47,2026-09-18 06:48:58
pretrained_e10,0,0.03,0.03,1,0,0.0,,0.0006887949811068,,,0.0027551799244273,True,0,20.5422890575137,,2.5,C_ref,2026-09-18 05:41:47,2026-09-18 06:48:58
pretrained_e10,0,0.03,0.03,2,0,0.0,,0.0033821787758693,,,0.0184414713299261,True,0,23.1247091548139,,2.5,C_ref,2026-09-18 05:41:47,2026-09-18 06:48:58
pretrained_e10,0,0.03,0.03,3,0,0.0,,0.0004298542451925,,,0.0017194169807701,True,0,18.024277142143543,,2.5,C_ref,2026-09-18 05:41:47,2026-09-18 06:48:58
pretrained_e10,0,0.03,0.03,4,0,0.0,,0.0005898134610222,,,0.0023592538440889,True,0,27.28052950179699,,2.5,C_ref,2026-09-18 05:41:47,2026-09-18 06:48:58
pretrained_e10,0,0.03,0.03,5,0,0.0,,0.0005292189153519,,,0.0021168756614079,True,0,23.67648444664519,,2.5,C_ref,2026-09-18 05:41:47,2026-09-18 06:48:58
pretrained_e10,0,0.03,0.03,6,0,0.0,,0.000897433750851,,,0.0035897350034042,True,0,23.05564598626006,,2.5,C_ref,2026-09-18 05:41:47,2026-09-18 06:48:58
pretrained_e10,0,0.03,0.03,7,0,0.0,,0.0008327783723141,,,0.0033311134892566,True,0,20.03700316879258,,2.5,C_ref,2026-09-18 05:41:47,2026-09-18 06:48:58
pretrained_e10,0,0.03,0.03,8,0,0.0,,0.0002257165564362,,,0.0009028662257448,True,0,16.77362829863705,,2.5,C_ref,2026-09-18 05:41:47,2026-09-18 06:48:58
pretrained_e10,0,0.03,0.03,9,0,0.0,,0.000750446907563,,,0.0030017876302523,True,0,22.40030314718388,,2.5,C_ref,2026-09-18 05:41:47,2026-09-18 06:48:58
pretrained_e10,0,0.03,0.03,10,0,0.0,,0.0002631895415847,,,0.0010527581663389,True,0,10.411045685399586,,2.5,C_ref,2026-09-18 05:41:47,2026-09-18 06:48:58
pretrained_e10,0,0.03,0.03,11,0,0.0,,0.0005539992826891,,,0.0022159971307564,True,0,21.59301834025973,,2.5,C_ref,2026-09-18 05:41:47,2026-09-18 06:48:58
pretrained_e10,0,0.03,0.03,12,0,0.0,,0.0005147058954989,,,0.0020588235819959,True,0,21.47386846736117,,2.5,C_ref,2026-09-18 05:41:47,2026-09-18 06:48:58
pretrained_e10,0,0.03,0.03,13,0,0.0,,0.0007689489005137,,,0.0030757956020548,True,0,17.603400352760218,,2.5,C_ref,2026-09-18 05:41:47,2026-09-18 06:48:58
pretrained_e10,0,0.03,0.03,14,0,0.0,,0.000229523806814,,,0.0009180952272563,True,0,20.77983216454232,,2.5,C_ref,2026-09-18 05:41:47,2026-09-18 06:48:58
pretrained_e10,0,0.03,0.03,15,0,0.0,,0.0008628571092366,,,0.0034514284369464,True,0,23.863581398905808,,2.5,C_ref,2026-09-18 05:41:47,2026-09-18 06:48:58
pretrained_e10,0,0.03,0.03,16,0,0.0,,0.0001578301916729,,,0.0006313207666918,True,0,9.746394582860376,,2.5,C_ref,2026-09-18 05:41:47,2026-09-18 06:48:58
pretrained_e10,0,0.03,0.03,17,0,0.0,,0.0006103987728306,,,0.0024415950913227,True,0,20.714389096443483,,2.5,C_ref,2026-09-18 05:41:47,2026-09-18 06:48:58
pretrained_e10,0,0.03,0.03,18,0,0.0,,0.0003584010521961,,,0.0014336042087845,True,0,17.832393215128832,,2.5,C_ref,2026-09-18 05:41:47,2026-09-18 06:48:58
pretrained_e10,0,0.03,0.03,19,0,0.0,,0.0013518934365287,,,0.0054075737461149,True,0,20.440171570913662,,2.5,C_ref,2026-09-18 05:41:47,2026-09-18 06:48:58
pretrained_e10,0,0.03,0.03,20,0,0.0,,0.0008617880185651,,,0.0034471520742604,True,0,20.34621931344373,,2.5,C_ref,2026-09-18 05:41:47,2026-09-18 06:48:58
pretrained_e10,0,0.03,0.03,21,0,0.0,,0.0005894325800501,,,0.0023577303202006,True,0,21.95610176505943,,2.5,C_ref,2026-09-18 05:41:47,2026-09-18 06:48:58
pretrained_e10,0,0.03,0.03,22,0,0.0,,0.0005897260774615,,,0.0023589043098461,True,0,19.01602687461127,,2.5,C_ref,2026-09-18 05:41:47,2026-09-18 06:48:58
pretrained_e10,0,0.03,0.03,23,0,0.0,,0.0006057233063793,,,0.0024228932255174,True,0,19.84884459779641,,2.5,C_ref,2026-09-18 05:41:47,2026-09-18 06:48:58
pretrained_e10,0,0.03,0.03,24,0,0.0,,0.0006094396434647,,,0.002437758573859,True,0,24.666601918943343,,2.5,C_ref,2026-09-18 05:41:47,2026-09-18 06:48:58
pretrained_e10,0,0.03,0.03,25,0,0.0,,0.0015442883504015,,,0.0061771534016061,True,0,23.81531958290725,,2.5,C_ref,2026-09-18 05:41:47,2026-09-18 06:48:58
pretrained_e10,0,0.03,0.03,26,0,0.0,,0.0003129875562415,,,0.001251950224966,True,0,20.515120999167262,,2.5,C_ref,2026-09-18 05:41:47,2026-09-18 06:48:58
pretrained_e10,0,0.03,0.03,27,0,0.0,,0.0005442430170306,,,0.0021769720681227,True,0,19.58643442958055,,2.5,C_ref,2026-09-18 05:41:47,2026-09-18 06:48:58
pretrained_e10,0,0.03,0.03,28,0,0.0,,0.0013111645495573,,,0.0052446581982295,True,0,20.175261346834304,,2.5,C_ref,2026-09-18 05:41:47,2026-09-18 06:48:58
pretrained_e10,0,0.03,0.03,29,0,0.0,,0.0003898705122992,,,0.0015594820491971,True,0,21.33748974989794,,2.5,C_ref,2026-09-18 05:41:47,2026-09-18 06:48:58
pretrained_e10,0,0.03,0.03,30,0,0.0,,0.000569994624061,,,0.0022799784962442,True,0,23.34734449151074,,2.5,C_ref,2026-09-18 05:41:47,2026-09-18 06:48:58
pretrained_e10,0,0.03,0.03,31,0,0.0,,0.0003935269636712,,,0.001574107854685,True,0,17.517565387435752,,2.5,C_ref,2026-09-18 05:41:47,2026-09-18 06:48:58
pretrained_e10,0,0.03,0.03,32,0,0.0,,0.0006307532511102,,,0.002523013004441,True,0,20.866785504033032,,2.5,C_ref,2026-09-18 05:41:47,2026-09-18 06:48:58
pretrained_e10,0,0.03,0.03,33,0,0.0,,0.0012706814240039,,,0.0050827256960158,True,0,20.196092991664045,,2.5,C_ref,2026-09-18 05:41:47,2026-09-18 06:48:58
pretrained_e10,0,0.03,0.03,34,0,0.0,,0.0004425039083677,,,0.0017700156334709,True,0,22.389662481589767,,2.5,C_ref,2026-09-18 05:41:47,2026-09-18 06:48:58
pretrained_e10,0,0.03,0.03,35,0,0.0,,0.0007420749250272,,,0.0029682997001089,True,0,18.45089452632237,,2.5,C_ref,2026-09-18 05:41:47,2026-09-18 06:48:58
pretrained_e10,0,0.03,0.03,36,0,0.0,,0.0008120308899158,,,0.0032481235596633,True,0,18.313408365720534,,2.5,C_ref,2026-09-18 05:41:47,2026-09-18 06:48:58
pretrained_e10,0,0.03,0.03,37,0,0.0,,0.0002934079776819,,,0.0011736319107276,True,0,20.844212281717773,,2.5,C_ref,2026-09-18 05:41:47,2026-09-18 06:48:58
pretrained_e10,0,0.03,0.03,38,0,0.0,,0.0004739890184049,,,0.0018959560736196,True,0,20.51593841625436,,2.5,C_ref,2026-09-18 05:41:47,2026-09-18 06:48:58
pretrained_e10,0,0.03,0.03,39,0,0.0,,0.0002659702287325,,,0.0010638809149302,True,0,17.93699415008814,,2.5,C_ref,2026-09-18 05:41:47,2026-09-18 06:48:58
pretrained_e10,0,0.03,0.03,40,0,0.0,,0.0001955368749888,,,0.0007821474999553,True,0,17.876430931977666,,2.5,C_ref,2026-09-18 05:41:47,2026-09-18 06:48:58
pretrained_e10,0,0.03,0.03,41,0,0.0,,0.0017325002431539,,,0.0069300009726158,True,0,18.90376669571924,,2.5,C_ref,2026-09-18 05:41:47,2026-09-18 06:48:58
pretrained_e10,0,0.03,0.03,42,0,0.0,,0.0155400443804457,,,0.0454896388875565,True,0,24.477290441787773,,2.5,C_ref,2026-09-18 05:41:47,2026-09-18 06:48:58
pretrained_e10,0,0.03,0.03,43,0,0.0,,0.000900186198308,,,0.0036007447932323,True,0,21.742208096900868,,2.5,C_ref,2026-09-18 05:41:47,2026-09-18 06:48:58
pretrained_e10,0,0.03,0.03,44,0,0.0,,0.0006609748260106,,,0.0026438993040427,True,0,16.771270844848914,,2.5,C_ref,2026-09-18 05:41:47,2026-09-18 06:48:58
pretrained_e10,0,0.03,0.03,45,0,0.0,,0.0105091122287353,,,0.0142784278175711,True,0,25.388476340518537,,2.5,C_ref,2026-09-18 05:41:47,2026-09-18 06:48:58
pretrained_e10,0,0.03,0.03,46,0,0.0,,0.0003918015759491,,,0.0015672063037964,True,0,19.123265992329834,,2.5,C_ref,2026-09-18 05:41:47,2026-09-18 06:48:58
pretrained_e10,0,0.03,0.03,47,0,0.0,,0.0003028782229686,,,0.0012115128918747,True,0,17.757525071585405,,2.5,C_ref,2026-09-18 05:41:47,2026-09-18 06:48:58
pretrained_e10,0,0.1,0.1,0,0,0.9945760269482692,0.9496296287909516,1.104924002013406,0.1552943732224544,0.765782379515492,1.3237341174078872,False,0,6.387214611368108,0.0,0.4,C_ref,2026-09-18 07:42:02,2026-09-18 09:12:50
pretrained_e10,0,0.1,0.1,1,0,0.984494440055141,0.7681857546200749,1.0930785761966983,0.3248928215766234,0.1066863938587646,1.319834204680575,False,0,2.52659729158404,0.0,0.4,C_ref,2026-09-18 07:42:02,2026-09-18 09:12:50
pretrained_e10,0,0.1,0.1,2,0,0.9154644634377056,0.8877467617959746,1.0698043774255297,0.1820576156295549,0.6982458039324331,1.3243148207060371,False,0,10.014704487024574,0.0,0.4,C_ref,2026-09-18 07:42:02,2026-09-18 09:12:50
pretrained_e10,0,0.1,0.1,3,0,1.011018807527,0.959331220477554,1.1798756735204834,0.2205444530429293,0.9517219361240348,1.418720671577805,False,0,18.032409458021,0.0,0.4,C_ref,2026-09-18 07:42:02,2026-09-18 09:12:50
pretrained_e10,0,0.1,0.1,4,0,0.980351704226204,0.9384653764290344,1.1099561841864691,0.1714908077574346,0.9238336074074602,1.3348854091564697,False,0,16.640601846353093,0.0,0.4,C_ref,2026-09-18 07:42:02,2026-09-18 09:12:50
pretrained_e10,0,0.1,0.1,5,0,0.9747510151972798,0.96048638236364,1.0904928906391935,0.1300065082755535,0.573118084520509,1.315448159858981,False,0,4.1036921690101735,0.0,0.4,C_ref,2026-09-18 07:42:02,2026-09-18 09:12:50
pretrained_e10,0,0.1,0.1,6,0,0.9567386885817114,0.9434235720445336,1.094787512537521,0.1513639404929874,0.825450020556354,1.3248638167967888,False,0,12.699465836558376,0.0,0.4,C_ref,2026-09-18 07:42:02,2026-09-18 09:12:50
pretrained_e10,0,0.1,0.1,7,0,0.9618600780655916,0.9374197541348054,1.1058247901188138,0.1684050359840084,0.8301092161567637,1.345804788109177,False,0,4.058119549739786,0.0,0.4,C_ref,2026-09-18 07:42:02,2026-09-18 09:12:50
pretrained_e10,0,0.1,0.1,8,0,0.992318685728927,0.9585616381290586,1.1378562323309425,0.1792945942018838,0.9519309623638514,1.3680612148470264,False,0,13.049335849067576,0.0,0.4,C_ref,2026-09-18 07:42:02,2026-09-18 09:12:50
pretrained_e10,0,0.1,0.1,9,0,0.9417335846889908,0.8992090079745609,1.1033578158637574,0.2041488078891964,0.891197535551455,1.343816426890709,False,0,13.827238120295078,0.0,0.4,C_ref,2026-09-18 07:42:02,2026-09-18 09:12:50
pretrained_e10,0,0.1,0.1,10,0,1.0717290556966776,0.968406206443943,1.271304822104944,0.302898615661001,0.9483936115327364,1.522183563763004,False,0,32.46796454973082,0.0,0.4,C_ref,2026-09-18 07:42:02,2026-09-18 09:12:50
pretrained_e10,0,0.1,0.1,11,0,0.9816694154674775,0.9466015157129856,1.1471259491972396,0.200524433484254,0.9208831593171484,1.3897017159231575,False,0,15.5665253422776,0.0,0.4,C_ref,2026-09-18 07:42:02,2026-09-18 09:12:50
pretrained_e10,0,0.1,0.1,12,0,0.942106868775296,0.9162179344558432,1.1025346000404197,0.1863166655845762,0.8261265379707932,1.3574057114218214,False,0,6.127146223105228,0.0,0.4,C_ref,2026-09-18 07:42:02,2026-09-18 09:12:50
pretrained_e10,0,0.1,0.1,13,0,1.009740451253274,0.9685767366707222,1.1857423815522603,0.2171656448815383,0.9625930411244628,1.4401737439712157,False,0,10.707491190405564,0.0,0.4,C_ref,2026-09-18 07:42:02,2026-09-18 09:12:50
pretrained_e10,0,0.1,0.1,14,0,0.8785999694461034,0.8197575710311965,1.052603030756271,0.2328454597250745,0.8145894588608905,1.3013510151952878,False,0,12.09365481075656,0.0,0.4,C_ref,2026-09-18 07:42:02,2026-09-18 09:12:50
pretrained_e10,0,0.1,0.1,15,0,0.9898124646492764,0.9393014086975154,1.1605151563659706,0.2212137476684551,0.9330020963564624,1.4081405529170865,False,0,11.718801471481129,0.0,0.4,C_ref,2026-09-18 07:42:02,2026-09-18 09:12:50
pretrained_e10,0,0.1,0.1,16,0,1.0183052252704157,0.9058587697998092,1.2325492660822632,0.3266904962824539,0.8178254965656261,1.4891067429206073,False,0,35.32101696363316,0.0,0.4,C_ref,2026-09-18 07:42:02,2026-09-18 09:12:50
pretrained_e10,0,0.1,0.1,17,0,0.8743422171323674,0.8354915474258212,1.0035555694608798,0.1680640220350585,0.0674698947424692,1.2454547453852411,False,0,2.385118986592716,0.0,0.4,C_ref,2026-09-18 07:42:02,2026-09-18 09:12:50
pretrained_e10,0,0.1,0.1,18,0,0.9446765933046436,0.8892761205706942,1.1174264745505549,0.2281503539798607,0.868900502019652,1.3694884705327552,False,0,8.308384588188346,0.0,0.4,C_ref,2026-09-18 07:42:02,2026-09-18 09:12:50
pretrained_e10,0,0.1,0.1,19,0,0.9708397554391892,0.9008474451531806,1.138530057165293,0.2376826120121123,0.8891521484876563,1.3747474672429023,False,0,14.315415850283898,0.0,0.4,C_ref,2026-09-18 07:42:02,2026-09-18 09:12:50
pretrained_e10,0,0.1,0.1,20,0,0.981622756441206,0.9374860654218198,1.1546550399093882,0.2171689744875684,0.9173979209222124,1.399512726219304,False,0,14.478024719675886,0.0,0.4,C_ref,2026-09-18 07:42:02,2026-09-18 09:12:50
pretrained_e10,0,0.1,0.1,21,0,0.9405718277069416,0.8518483446468146,1.1045988964763471,0.2527505518295325,0.6509136213183228,1.3682437588353955,False,0,21.73771291131925,0.0,0.4,C_ref,2026-09-18 07:42:02,2026-09-18 09:12:50
pretrained_e10,0,0.1,0.1,22,0,0.9758258051029428,0.9389815349396998,1.1230141175623498,0.18403258262265,0.934172766703438,1.3502912538285237,False,0,12.261555113775104,0.0,0.4,C_ref,2026-09-18 07:42:02,2026-09-18 09:12:50
pretrained_e10,0,0.1,0.1,23,0,0.9876623689581812,0.9572219990051866,1.1514866023540404,0.1942646033488538,0.8557353095541389,1.3867731317417027,False,0,21.76987136139724,0.0,0.4,C_ref,2026-09-18 07:42:02,2026-09-18 09:12:50
pretrained_e10,0,0.1,0.1,24,0,0.9864250425468456,0.9510445006791024,1.1288713773682633,0.1778268766891608,0.9448080442316076,1.3540267640744212,False,0,10.772745943115297,0.0,0.4,C_ref,2026-09-18 07:42:02,2026-09-18 09:12:50
pretrained_e10,0,0.1,0.1,25,0,0.994524436467436,0.93879213306887,1.0893166169980515,0.1505244839291816,0.6539159848077424,1.288972286501329,False,0,4.99187825518311,0.0,0.4,C_ref,2026-09-18 07:42:02,2026-09-18 09:12:50
pretrained_e10,0,0.1,0.1,26,0,0.9915654228252824,0.9293219432386626,1.1396256858854987,0.2103037426468361,0.919354557253514,1.3567518130936729,False,0,15.411544262780808,0.0,0.4,C_ref,2026-09-18 07:42:02,2026-09-18 09:12:50
pretrained_e10,0,0.1,0.1,27,0,0.938835713085926,0.915430097038954,1.084868613984375,0.169438516945421,0.7683270241315279,1.318555387427331,False,0,20.00034045473149,0.0,0.4,C_ref,2026-09-18 07:42:02,2026-09-18 09:12:50
pretrained_e10,0,0.1,0.1,28,0,0.9199871162685636,0.8799350363561262,1.0791303620029566,0.1991953256468304,0.8468224917074684,1.329654300072458,False,0,7.172888228189549,0.0,0.4,C_ref,2026-09-18 07:42:02,2026-09-18 09:12:50
pretrained_e10,0,0.1,0.1,29,0,0.9666067490514776,0.9528634693847124,1.0857026061001729,0.1328391367154603,0.4191927250607631,1.31444115943796,False,0,6.18746613381154,0.0,0.4,C_ref,2026-09-18 07:42:02,2026-09-18 09:12:50
pretrained_e10,0,0.1,0.1,30,0,0.9725035741887724,0.9485046033933268,1.1019404483212998,0.1534358449279729,0.9430437789546992,1.3207107267094742,False,0,4.568296148379886,0.0,0.4,C_ref,2026-09-18 07:42:02,2026-09-18 09:12:50
pretrained_e10,0,0.1,0.1,31,0,0.9672147371556242,0.9264932094493764,1.121774449110109,0.1952812396607326,0.9090303920044168,1.3560968215904652,False,0,9.5651368888648,0.0,0.4,C_ref,2026-09-18 07:42:02,2026-09-18 09:12:50
pretrained_e10,0,0.1,0.1,32,0,1.0077191732326738,0.9434429638823676,1.1756702950718567,0.2322273311894891,0.9361750749056992,1.4127237218153343,False,0,18.839478529309417,0.0,0.4,C_ref,2026-09-18 07:42:02,2026-09-18 09:12:50
pretrained_e10,0,0.1,0.1,33,0,0.9653285528651449,0.9290310946980074,1.113392075585547,0.1843609808875397,0.9234394686701805,1.3409761465503522,False,0,11.000098573742434,0.0,0.4,C_ref,2026-09-18 07:42:02,2026-09-18 09:12:50
pretrained_e10,0,0.1,0.1,34,0,1.0099738879399502,0.9691721785435056,1.1553018817247211,0.1861297031812155,0.9647421963010404,1.378264670072448,False,0,11.659409255637,0.0,0.4,C_ref,2026-09-18 07:42:02,2026-09-18 09:12:50
pretrained_e10,0,0.1,0.1,35,0,0.9499449026433106,0.907983989473996,1.108924129089937,0.2009401396159409,0.798239136372374,1.3508574835637444,False,0,16.87142710790431,0.0,0.4,C_ref,2026-09-18 07:42:02,2026-09-18 09:12:50
pretrained_e10,0,0.1,0.1,36,0,0.976501162905535,0.9404173266274782,1.1542136087801105,0.2137962821526322,0.844463258716764,1.3999998916625804,False,0,21.06275897509113,0.0,0.4,C_ref,2026-09-18 07:42:02,2026-09-18 09:12:50
pretrained_e10,0,0.1,0.1,37,0,0.9516808154328128,0.9357642673207056,1.0845269739829175,0.1487627066622119,0.0793619915900993,1.3242063691665398,False,0,2.125557872754144,0.0,0.4,C_ref,2026-09-18 07:42:02,2026-09-18 09:12:50
pretrained_e10,0,0.1,0.1,38,0,0.9862446714447252,0.9514122004894072,1.1548388852677918,0.2034266847783844,0.92627708186174,1.4005993238920773,False,0,11.957966655612836,0.0,0.4,C_ref,2026-09-18 07:42:02,2026-09-18 09:12:50
pretrained_e10,0,0.1,0.1,39,0,0.9536516989494224,0.9262565887734322,1.1104501296847191,0.1841935409112869,0.8918288499865924,1.351256247136904,False,0,10.738085747845616,0.0,0.4,C_ref,2026-09-18 07:42:02,2026-09-18 09:12:50
pretrained_e10,0,0.1,0.1,40,0,0.976632349381432,0.908491061589694,1.1660468763873275,0.2575558147976338,0.8786180000541439,1.414834012462833,False,0,21.8382439481029,0.0,0.4,C_ref,2026-09-18 07:42:02,2026-09-18 09:12:50
pretrained_e10,0,0.1,0.1,41,0,1.0058266100317108,0.9535397173350396,1.1523008032095925,0.1987610858745527,0.9475387323487156,1.3719329211493425,False,0,11.385972475327437,0.0,0.4,C_ref,2026-09-18 07:42:02,2026-09-18 09:12:50
pretrained_e10,0,0.1,0.1,42,0,0.9057995884225972,0.8641896198287966,1.044115268520302,0.1799256486915053,0.8523616080321306,1.284070041750388,False,0,2.8902087297938124,0.0,0.4,C_ref,2026-09-18 07:42:02,2026-09-18 09:12:50
pretrained_e10,0,0.1,0.1,43,0,0.9619605916229984,0.9437944885159216,1.076441237750255,0.1326467492343332,0.8230387560596354,1.295135770858199,False,0,4.192976643389557,0.0,0.4,C_ref,2026-09-18 07:42:02,2026-09-18 09:12:50
pretrained_e10,0,0.1,0.1,44,0,1.0144440879911898,0.9497516970121664,1.2084318691776357,0.258680172165469,0.8363118105624796,1.4510126563387602,False,0,40.72038075812816,0.0,0.4,C_ref,2026-09-18 07:42:02,2026-09-18 09:12:50
pretrained_e10,0,0.1,0.1,45,0,0.4834605581222641,0.1584551200555893,0.882460173958741,0.7240050539031516,0.0413395001420673,1.1435073214111913,False,0,0.7129922725434881,1.0,0.4,C_ref,2026-09-18 07:42:02,2026-09-18 09:12:50
pretrained_e10,0,0.1,0.1,46,0,1.005700058045539,0.9786278004604342,1.1411562016621737,0.1625284012017392,0.9708948493890712,1.3651226201777271,False,0,10.789139601332865,0.0,0.4,C_ref,2026-09-18 07:42:02,2026-09-18 09:12:50
pretrained_e10,0,0.1,0.1,47,0,0.949752659070112,0.8673196507080296,1.1378389813835328,0.2705193306755031,0.7868404714874027,1.3960689093053131,False,0,27.262124982251407,0.0,0.4,C_ref,2026-09-18 07:42:02,2026-09-18 09:12:50
pretrained_e10,0,0.1,0.1,0,0,0.0,,0.0011695763441927,,,0.0046783053767709,True,0,3.234470673920441,,2.5,C_ref,2026-09-18 07:42:02,2026-09-18 09:12:50
pretrained_e10,0,0.1,0.1,1,0,0.0,,0.004309260872943,,,0.0240618730048801,True,0,4.31925325627526,,2.5,C_ref,2026-09-18 07:42:02,2026-09-18 09:12:50
pretrained_e10,0,0.1,0.1,2,0,0.0,,0.0041399239163037,,,0.0197902401096965,True,0,1.7980178585203248,,2.5,C_ref,2026-09-18 07:42:02,2026-09-18 09:12:50
pretrained_e10,0,0.1,0.1,3,0,2.191414292592879,1.888521220391544,2.4986421591407466,0.610120938749203,1.5876344827465363,2.8119516913394937,False,0,1.0086578479276795,0.0,2.5,C_ref,2026-09-18 07:42:02,2026-09-18 09:12:50
pretrained_e10,0,0.1,0.1,4,0,0.0,,0.0009809419592702,,,0.0039237678370808,True,0,5.257207132170152,,2.5,C_ref,2026-09-18 07:42:02,2026-09-18 09:12:50
pretrained_e10,0,0.1,0.1,5,0,0.0,,0.002241511661236,,,0.008966046644944,True,0,2.8237896375394484,,2.5,C_ref,2026-09-18 07:42:02,2026-09-18 09:12:50
pretrained_e10,0,0.1,0.1,6,0,2.0128758733869843,1.7011303852645114,2.325688981148847,0.6245585958843356,1.3862396445946854,2.6425984731718755,False,0,2.4086563736200333,0.0,2.5,C_ref,2026-09-18 07:42:02,2026-09-18 09:12:50
pretrained_e10,0,0.1,0.1,7,0,2.109635841679624,1.803173347888796,2.4185644734991887,0.6153911256103926,1.4948172033412093,2.732529789874817,False,0,1.5903902886311698,0.0,2.5,C_ref,2026-09-18 07:42:02,2026-09-18 09:12:50
pretrained_e10,0,0.1,0.1,8,0,0.0,,0.0005595405094914,,,0.0022381620379657,True,0,3.202756726172084,,2.5,C_ref,2026-09-18 07:42:02,2026-09-18 09:12:50
pretrained_e10,0,0.1,0.1,9,0,2.094494397197169,1.788789943905334,2.403021670797167,0.6142317268918329,1.4823491203472212,2.716737646867774,False,0,1.7189490554010265,0.0,2.5,C_ref,2026-09-18 07:42:02,2026-09-18 09:12:50
pretrained_e10,0,0.1,0.1,10,0,2.2779682286958023,1.980450043747298,2.581457640165187,0.6010075964178889,1.6876133649006655,2.8920784712517955,False,0,0.5383023449285247,1.0,2.5,C_ref,2026-09-18 07:42:02,2026-09-18 09:12:50
pretrained_e10,0,0.1,0.1,11,0,2.09172713459147,1.788674040766647,2.398989791260869,0.610315750494222,1.4875674849124307,2.712229872815991,False,0,1.7549217099513044,0.0,2.5,C_ref,2026-09-18 07:42:02,2026-09-18 09:12:50
pretrained_e10,0,0.1,0.1,12,0,0.0,,0.0011320558095396,,,0.0045282232381585,True,0,1.5488931306972518,,2.5,C_ref,2026-09-18 07:42:02,2026-09-18 09:12:50
pretrained_e10,0,0.1,0.1,13,0,2.2528134322713824,1.9496081821337337,2.560586399222885,0.6109782170891513,1.6484250827013551,2.8746114873214124,False,0,0.6473261318387813,1.0,2.5,C_ref,2026-09-18 07:42:02,2026-09-18 09:12:50
pretrained_e10,0,0.1,0.1,14,0,0.0,,0.0045408699602029,,,0.0191566704724983,True,0,4.012327319724136,,2.5,C_ref,2026-09-18 07:42:02,2026-09-18 09:12:50
pretrained_e10,0,0.1,0.1,15,0,2.2132397457842776,1.9095901812503195,2.5207175850463344,0.611127403796015,1.6068260946507424,2.833975607059651,False,0,0.870699884948408,1.0,2.5,C_ref,2026-09-18 07:42:02,2026-09-18 09:12:50
pretrained_e10,0,0.1,0.1,16,0,2.3069195905364395,2.011707728201284,2.608469813604733,0.5967620854034492,1.721500514716135,2.917402983273118,False,0,0.4132605777886056,1.0,2.5,C_ref,2026-09-18 07:42:02,2026-09-18 09:12:50
pretrained_e10,0,0.1,0.1,17,0,1.954753004494004,1.6429341882348496,2.266442077608093,0.6235078893732433,1.323670703429236,2.5817913147997,False,0,3.0350338343596377,0.0,2.5,C_ref,2026-09-18 07:42:02,2026-09-18 09:12:50
pretrained_e10,0,0.1,0.1,18,0,2.1786473774709583,1.8759613107280333,2.484984484769833,0.6090231740418,1.5736352330328147,2.7970921938954234,False,0,1.0992479335400276,0.0,2.5,C_ref,2026-09-18 07:42:02,2026-09-18 09:12:50
pretrained_e10,0,0.1,0.1,19,0,2.1041416377070634,1.7984462412193782,2.412971725318445,0.6145254840990668,1.493117352193538,2.727065337989436,False,0,1.63560495099955,0.0,2.5,C_ref,2026-09-18 07:42:02,2026-09-18 09:12:50
pretrained_e10,0,0.1,0.1,20,0,2.111003909097524,1.809451068295865,2.4167671775850104,0.607316109289145,1.509614990607238,2.7286433249846858,False,0,1.6100796773207549,0.0,2.5,C_ref,2026-09-18 07:42:02,2026-09-18 09:12:50
pretrained_e10,0,0.1,0.1,21,0,2.221616072719489,1.919142160864614,2.528229089492313,0.6090869286276992,1.6177180323170306,2.8409675761658706,False,0,0.8255730878117902,1.0,2.5,C_ref,2026-09-18 07:42:02,2026-09-18 09:12:50
pretrained_e10,0,0.1,0.1,22,0,2.0446913480132896,1.7332179425231808,2.3580167026716654,0.6247987601484846,1.420073182870328,2.675750753807078,False,0,2.099318115331698,0.0,2.5,C_ref,2026-09-18 07:42:02,2026-09-18 09:12:50
pretrained_e10,0,0.1,0.1,23,0,2.067860565879446,1.7687218191533751,2.3716970086596474,0.602975189506272,1.4725342277138704,2.6818165663913485,False,0,2.0060658651091217,0.0,2.5,C_ref,2026-09-18 07:42:02,2026-09-18 09:12:50
pretrained_e10,0,0.1,0.1,24,0,2.0467275259417392,1.737069710704925,2.357643014751166,0.6205733040462407,1.4242221523787149,2.6727541872871585,False,0,2.1134207255781803,0.0,2.5,C_ref,2026-09-18 07:42:02,2026-09-18 09:12:50
pretrained_e10,0,0.1,0.1,25,0,0.0,,0.0034064626957544,,,0.0149923629334884,True,0,5.469842569669709,,2.5,C_ref,2026-09-18 07:42:02,2026-09-18 09:12:50
pretrained_e10,0,0.1,0.1,26,0,2.007036373782177,1.703423823405135,2.3144509092223555,0.6110270858172204,1.4030337136796909,2.627364536607064,False,0,2.544988301004196,0.0,2.5,C_ref,2026-09-18 07:42:02,2026-09-18 09:12:50
pretrained_e10,0,0.1,0.1,27,0,0.0,,0.0011154743118215,,,0.0044618972472863,True,0,2.984142111341498,,2.5,C_ref,2026-09-18 07:42:02,2026-09-18 09:12:50
pretrained_e10,0,0.1,0.1,28,0,2.153124796365087,1.8478769525039045,2.4613452178436384,0.6134682653397339,1.541628149137935,2.774911804910893,False,0,1.26397283755432,0.0,2.5,C_ref,2026-09-18 07:42:02,2026-09-18 09:12:50
pretrained_e10,0,0.1,0.1,29,0,0.0,,0.0017119439663068,,,0.0068477758652275,True,0,2.980968380041304,,2.5,C_ref,2026-09-18 07:42:02,2026-09-18 09:12:50
pretrained_e10,0,0.1,0.1,30,0,0.0,,0.0007109772883761,,,0.0028439091535046,True,0,2.725742760583671,,2.5,C_ref,2026-09-18 07:42:02,2026-09-18 09:12:50
pretrained_e10,0,0.1,0.1,31,0,2.097819245714851,1.790479996473474,2.407947495519281,0.6174674990458071,1.4825145006461808,2.723255187485035,False,0,1.6739897334009584,0.0,2.5,C_ref,2026-09-18 07:42:02,2026-09-18 09:12:50
pretrained_e10,0,0.1,0.1,32,0,2.149983727855523,1.8457999200806567,2.4580484938605767,0.6122485737799195,1.542979034473155,2.7718946294446494,False,0,1.2877023654436923,0.0,2.5,C_ref,2026-09-18 07:42:02,2026-09-18 09:12:50
pretrained_e10,0,0.1,0.1,33,0,2.003497054334153,1.6966574911156738,2.312820180038852,0.6161626889231779,1.389185803826566,2.6270304797366366,False,0,2.553236328298226,0.0,2.5,C_ref,2026-09-18 07:42:02,2026-09-18 09:12:50
pretrained_e10,0,0.1,0.1,34,0,2.04027939669525,1.72990381438777,2.3525668986146657,0.6226630842268959,1.4184639673537445,2.6693987106825454,False,0,2.15333678641764,0.0,2.5,C_ref,2026-09-18 07:42:02,2026-09-18 09:12:50
pretrained_e10,0,0.1,0.1,35,0,2.043837192051301,1.737210817530969,2.35320510196841,0.6159942844374411,1.430087999549302,2.667627389431709,False,0,2.158361994941515,0.0,2.5,C_ref,2026-09-18 07:42:02,2026-09-18 09:12:50
pretrained_e10,0,0.1,0.1,36,0,2.191597701078954,1.8933447152213632,2.495393006596239,0.6020482913748759,1.599015157468341,2.806094445089152,False,0,1.0299649476583,0.0,2.5,C_ref,2026-09-18 07:42:02,2026-09-18 09:12:50
pretrained_e10,0,0.1,0.1,37,0,0.0,,0.0011134065311584,,,0.0044536261246337,True,0,2.3362303311077994,,2.5,C_ref,2026-09-18 07:42:02,2026-09-18 09:12:50
pretrained_e10,0,0.1,0.1,38,0,2.231199530422197,1.9286562558586675,2.5377955910995205,0.6091393352408532,1.6272108877876057,2.8504275270409773,False,0,0.7701692142945831,1.0,2.5,C_ref,2026-09-18 07:42:02,2026-09-18 09:12:50
pretrained_e10,0,0.1,0.1,39,0,2.10111647531065,1.797782325309297,2.407749643914779,0.6099673186054821,1.4942416870556667,2.719974896340202,False,0,1.6835073897273105,0.0,2.5,C_ref,2026-09-18 07:42:02,2026-09-18 09:12:50
pretrained_e10,0,0.1,0.1,40,0,2.1594334265055672,1.858914262053465,2.4645894435960387,0.6056751815425734,1.5606855202122638,2.776152677910698,False,0,1.242448767865426,0.0,2.5,C_ref,2026-09-18 07:42:02,2026-09-18 09:12:50
pretrained_e10,0,0.1,0.1,41,0,2.027851090691315,1.7240983486119104,2.3348549500397544,0.610756601427844,1.421151376573472,2.647248024535684,False,0,2.344036149428576,0.0,2.5,C_ref,2026-09-18 07:42:02,2026-09-18 09:12:50
pretrained_e10,0,0.1,0.1,42,0,0.0,,0.0043563365903608,,,0.012792187331759,True,0,2.3296030167184654,,2.5,C_ref,2026-09-18 07:42:02,2026-09-18 09:12:50
pretrained_e10,0,0.1,0.1,43,0,1.965034047785151,1.6490158735783271,2.28004732393072,0.631031450352393,1.3247079809416011,2.5980248430318182,False,0,2.8670546673747594,0.0,2.5,C_ref,2026-09-18 07:42:02,2026-09-18 09:12:50
pretrained_e10,0,0.1,0.1,44,0,2.075717611221724,1.77353549745681,2.3822736126981927,0.6087381152413827,1.473614810686842,2.6948786050051603,False,0,1.9017685426442767,0.0,2.5,C_ref,2026-09-18 07:42:02,2026-09-18 09:12:50
pretrained_e10,0,0.1,0.1,45,0,0.0,,0.0164982514675079,,,0.0683112378116325,True,0,5.155870511007379,,2.5,C_ref,2026-09-18 07:42:02,2026-09-18 09:12:50
pretrained_e10,0,0.1,0.1,46,0,2.068727748026493,1.7587940524938783,2.3803287191800684,0.6215346666861901,1.4462434965563655,2.696352715525968,False,0,1.906220405799104,0.0,2.5,C_ref,2026-09-18 07:42:02,2026-09-18 09:12:50
pretrained_e10,0,0.1,0.1,47,0,2.1900365703793097,1.8894896049802392,2.4949880832928284,0.6054984783125892,1.5906053571597427,2.806249974379882,False,0,1.0325550380330242,0.0,2.5,C_ref,2026-09-18 07:42:02,2026-09-18 09:12:50
pretrained_e10,0,0.3,0.3,0,0,0.6453785886883479,0.5627785031302264,1.0313252262669317,0.4685467231367051,0.0717971657270591,1.374347559809389,False,0,1.2718358572310535,0.0,0.4,C_ref,2026-09-18 10:57:08,2026-09-18 13:35:02
pretrained_e10,0,0.3,0.3,1,0,0.8163206277292414,0.7907881185234743,1.0712903108244898,0.2805021923010155,0.0369324199301166,1.3971310144209912,False,0,1.2783676403123536,0.0,0.4,C_ref,2026-09-18 10:57:08,2026-09-18 13:35:02
pretrained_e10,0,0.3,0.3,2,0,0.8860994745802458,0.6791498157695649,1.2045440140768713,0.5253941983073064,0.6655215357121095,1.516121161546318,False,0,6.887336806237727,0.0,0.4,C_ref,2026-09-18 10:57:08,2026-09-18 13:35:02
pretrained_e10,0,0.3,0.3,3,0,0.6980867188930592,0.0966751733771206,1.1397424430605214,1.043067269683401,0.0246712555042501,1.478203864448904,False,0,0.1755294420872815,1.0,0.4,C_ref,2026-09-18 10:57:08,2026-09-18 13:35:02
pretrained_e10,0,0.3,0.3,4,0,0.2780468772549787,0.1104742448925863,0.9446796654277644,0.834205420535178,0.0360379128183031,1.3474823191325809,False,0,0.1210573907192156,1.0,0.4,C_ref,2026-09-18 10:57:08,2026-09-18 13:35:02
pretrained_e10,0,0.3,0.3,5,0,0.8994962061759836,0.7665461466694949,1.1382479437089503,0.3717017970394554,0.0799886258225335,1.4443609393765713,False,0,1.7633096688005023,0.0,0.4,C_ref,2026-09-18 10:57:08,2026-09-18 13:35:02
pretrained_e10,0,0.3,0.3,6,0,0.5728021159478934,0.4421816927325487,1.0281930489178257,0.586011356185277,0.0429744721535429,1.3783635033844688,False,0,1.193297639303637,0.0,0.4,C_ref,2026-09-18 10:57:08,2026-09-18 13:35:02
pretrained_e10,0,0.3,0.3,7,0,0.813795105779034,0.7464331753674861,1.106843537521054,0.3604103621535678,0.1120052864539112,1.4230926665466088,False,0,2.702291908542975,0.0,0.4,C_ref,2026-09-18 10:57:08,2026-09-18 13:35:02
pretrained_e10,0,0.3,0.3,8,0,0.2633887521824458,0.1041293980360759,0.8851205457125195,0.7809911476764436,0.0322025460738732,1.3469207299655546,False,0,0.1620780589364585,1.0,0.4,C_ref,2026-09-18 10:57:08,2026-09-18 13:35:02
pretrained_e10,0,0.3,0.3,9,0,0.3502891054123686,0.1228922043156165,0.9845228767744374,0.8616306724588209,0.0397946590747612,1.359258744152317,False,0,0.0099660990563279,1.0,0.4,C_ref,2026-09-18 10:57:08,2026-09-18 13:35:02
pretrained_e10,0,0.3,0.3,10,0,0.921501070658622,0.6972140851373317,1.182413362963923,0.4851992778265913,0.0769629549481342,1.4961953677933817,False,0,2.4646022909873864,0.0,0.4,C_ref,2026-09-18 10:57:08,2026-09-18 13:35:02
pretrained_e10,0,0.3,0.3,11,0,0.5428642212742056,0.1401916929799639,1.047589222275466,0.907397529295502,0.0439930120833322,1.3959446386248229,False,0,0.0240150695644842,1.0,0.4,C_ref,2026-09-18 10:57:08,2026-09-18 13:35:02
pretrained_e10,0,0.3,0.3,12,0,0.2356617239956201,0.0895306168415985,0.9070120660278244,0.8174814491862259,0.0253634426125222,1.378636821742964,False,0,0.2336470985901542,1.0,0.4,C_ref,2026-09-18 10:57:08,2026-09-18 13:35:02
pretrained_e10,0,0.3,0.3,13,0,0.9132463962617676,0.8758346675338778,1.1612350671195684,0.2854003995856905,0.0454645548661521,1.4748492758326763,False,0,1.171462802656606,0.0,0.4,C_ref,2026-09-18 10:57:08,2026-09-18 13:35:02
pretrained_e10,0,0.3,0.3,14,0,0.452204576312802,0.0855206278966587,0.95321790642799,0.8676972785313312,0.0271503907937245,1.3468940519966424,False,0,0.2671262305848358,1.0,0.4,C_ref,2026-09-18 10:57:08,2026-09-18 13:35:02
pretrained_e10,0,0.3,0.3,15,0,0.4093871651905804,0.3419250174256672,1.1003435908892192,0.758418573463552,0.0254361361586789,1.4549124056174358,False,0,0.0006124594838183,1.0,0.4,C_ref,2026-09-18 10:57:08,2026-09-18 13:35:02
pretrained_e10,0,0.3,0.3,16,0,0.9120791063819196,0.6901045316138499,1.2526834078641134,0.5625788762502635,0.0360573138050736,1.566074411388465,False,0,1.382093964388332,0.0,0.4,C_ref,2026-09-18 10:57:08,2026-09-18 13:35:02
pretrained_e10,0,0.3,0.3,17,0,0.4055225348037953,0.1569923368512036,0.9067690158572134,0.7497766790060097,0.0559310821926419,1.2806374418398665,False,0,5.4661253670929e-05,1.0,0.4,C_ref,2026-09-18 10:57:08,2026-09-18 13:35:02
pretrained_e10,0,0.3,0.3,18,0,0.7593107409419552,0.6557976898047209,1.1186637347236532,0.4628660449189323,0.0624544226949744,1.4492819257070255,False,0,1.849751850313624,0.0,0.4,C_ref,2026-09-18 10:57:08,2026-09-18 13:35:02
pretrained_e10,0,0.3,0.3,19,0,0.7953298948699457,0.7600651607456924,1.1043694430996076,0.3443042823539152,0.0415923021462158,1.432130675480333,False,0,0.6750449973369541,0.0,0.4,C_ref,2026-09-18 10:57:08,2026-09-18 13:35:02
pretrained_e10,0,0.3,0.3,20,0,0.2966951560057566,0.1167354910909877,0.9651889263187552,0.8484534352277674,0.0381236867979043,1.3464785139933837,False,0,0.0681383938281214,1.0,0.4,C_ref,2026-09-18 10:57:08,2026-09-18 13:35:02
pretrained_e10,0,0.3,0.3,21,0,0.238455547146253,0.0895580872505638,1.0611338855244192,0.9715757982738552,0.0255098975852868,1.4524444109677297,False,0,0.1896322228749341,1.0,0.4,C_ref,2026-09-18 10:57:08,2026-09-18 13:35:02
pretrained_e10,0,0.3,0.3,22,0,0.3408958266271976,0.1291194665621122,1.0371649731512371,0.9080455065891252,0.0411211538058156,1.3870170459968858,False,0,0.0843934761833224,1.0,0.4,C_ref,2026-09-18 10:57:08,2026-09-18 13:35:02
pretrained_e10,0,0.3,0.3,23,0,0.4511768798221853,0.1392094712006415,1.016162849874718,0.8769533786740764,0.0455844920442943,1.3670512569777125,False,0,0.00469458022053,1.0,0.4,C_ref,2026-09-18 10:57:08,2026-09-18 13:35:02
pretrained_e10,0,0.3,0.3,24,0,0.3237662545888525,0.121392401355223,1.0578983266682056,0.9365059253129824,0.0396510561158834,1.3913095707085843,False,0,0.0336132141783309,1.0,0.4,C_ref,2026-09-18 10:57:08,2026-09-18 13:35:02
pretrained_e10,0,0.3,0.3,25,0,0.3782599114432276,0.1594032921411056,0.8113919882035295,0.6519886960624239,0.0592492770317411,1.1985656631514523,False,0,0.0040345549386984,1.0,0.4,C_ref,2026-09-18 10:57:08,2026-09-18 13:35:02
pretrained_e10,0,0.3,0.3,26,0,0.4571117078752701,0.1972052859981974,0.9681342945800706,0.7709290085818732,0.0495421252192027,1.3337379841984502,False,0,0.0159725100529612,1.0,0.4,C_ref,2026-09-18 10:57:08,2026-09-18 13:35:02
pretrained_e10,0,0.3,0.3,27,0,0.3403027938779785,0.1336653088064954,0.8724158389255456,0.7387505301190502,0.0455561179824042,1.4079475506247017,False,0,0.0243111390409467,1.0,0.4,C_ref,2026-09-18 10:57:08,2026-09-18 13:35:02
pretrained_e10,0,0.3,0.3,28,0,0.5788666443435376,0.3446808830372629,1.0510946042236091,0.7064137211863462,0.0380248430930071,1.4002759854364746,False,0,0.0956153923325473,1.0,0.4,C_ref,2026-09-18 10:57:08,2026-09-18 13:35:02
pretrained_e10,0,0.3,0.3,29,0,0.7094402883454803,0.3249031562169618,1.034837853382487,0.7099346971655249,0.0431714469282575,1.3740303416078112,False,0,0.4934099663223605,1.0,0.4,C_ref,2026-09-18 10:57:08,2026-09-18 13:35:02
pretrained_e10,0,0.3,0.3,30,0,0.4833295030408581,0.1300431163896002,1.0441219420924344,0.9140788257028342,0.0427688280267584,1.3839539338522189,False,0,0.002031091506069,1.0,0.4,C_ref,2026-09-18 10:57:08,2026-09-18 13:35:02
pretrained_e10,0,0.3,0.3,31,0,0.2931200019430958,0.1073632662298564,0.981193814693622,0.8738305484637655,0.0327911340182954,1.3719087197713895,False,0,0.058830136560573,1.0,0.4,C_ref,2026-09-18 10:57:08,2026-09-18 13:35:02
pretrained_e10,0,0.3,0.3,32,0,0.6827773160816752,0.123086976824061,1.1066837261122082,0.9835967492881472,0.0361369971537747,1.442285898748817,False,0,0.112804369720834,1.0,0.4,C_ref,2026-09-18 10:57:08,2026-09-18 13:35:02
pretrained_e10,0,0.3,0.3,33,0,0.8248364309826131,0.2105347943562293,1.0608813559566608,0.8503465616004315,0.0504815377008057,1.3749495037296495,False,0,0.0975732923725445,1.0,0.4,C_ref,2026-09-18 10:57:08,2026-09-18 13:35:02
pretrained_e10,0,0.3,0.3,34,0,0.7060564990599179,0.5490173122741993,1.0756053844584998,0.5265880721843006,0.540135726500956,1.4120247485426671,False,0,3.945141914922715,0.0,0.4,C_ref,2026-09-18 10:57:08,2026-09-18 13:35:02
pretrained_e10,0,0.3,0.3,35,0,0.5522284415081242,0.470752574014135,1.0165778487863906,0.5458252747722556,0.0375149696555759,1.3738753176522625,False,0,1.016458050635265,0.0,0.4,C_ref,2026-09-18 10:57:08,2026-09-18 13:35:02
pretrained_e10,0,0.3,0.3,36,0,0.2557120303084005,0.0994905052856513,0.942301432075051,0.8428109267893996,0.029830216040068,1.4806783153175875,False,0,0.1705256269815436,1.0,0.4,C_ref,2026-09-18 10:57:08,2026-09-18 13:35:02
pretrained_e10,0,0.3,0.3,37,0,0.2782839704427853,0.1074388986278738,0.8910882341016969,0.7836493354738231,0.0335729437847959,1.3228082691335816,False,0,0.1072324043489061,1.0,0.4,C_ref,2026-09-18 10:57:08,2026-09-18 13:35:02
pretrained_e10,0,0.3,0.3,38,0,0.2582513783344424,0.1007693742829898,1.119609748082296,1.018840373799306,0.0305990010989751,1.4436581111638918,False,0,0.1644853786201565,1.0,0.4,C_ref,2026-09-18 10:57:08,2026-09-18 13:35:02
pretrained_e10,0,0.3,0.3,39,0,0.2790301473213691,0.1087750988155331,0.9121456676759506,0.8033705688604175,0.0346373596337256,1.3290768219796951,False,0,0.1043871319197933,1.0,0.4,C_ref,2026-09-18 10:57:08,2026-09-18 13:35:02
pretrained_e10,0,0.3,0.3,40,0,0.3138369888477209,0.1110790543106094,1.0868918612234455,0.9758128069128365,0.033853255199398,1.4361734058904114,False,0,0.0245174783667607,1.0,0.4,C_ref,2026-09-18 10:57:08,2026-09-18 13:35:02
pretrained_e10,0,0.3,0.3,41,0,0.7601906659040479,0.2813534731110108,1.0451538030938403,0.7638003299828298,0.0644849355369027,1.3683202639687948,False,0,0.8398979417324881,1.0,0.4,C_ref,2026-09-18 10:57:08,2026-09-18 13:35:02
pretrained_e10,0,0.3,0.3,42,0,0.3191275570282916,0.1136291315737292,1.0568932072227686,0.9432640756490394,0.0349206226940963,1.4209303755146323,False,0,0.0245475849005742,1.0,0.4,C_ref,2026-09-18 10:57:08,2026-09-18 13:35:02
pretrained_e10,0,0.3,0.3,43,0,0.3236166005031102,0.1366534817697073,0.9776427661670634,0.8409892843973561,0.0476941495967582,1.3271433672117483,False,0,0.0570107130261021,1.0,0.4,C_ref,2026-09-18 10:57:08,2026-09-18 13:35:02
pretrained_e10,0,0.3,0.3,44,0,0.8683701555277464,0.8237662869320356,1.1206994328915856,0.29693314595955,0.7117320986874789,1.421102291054286,False,0,6.373487291359197,0.0,0.4,C_ref,2026-09-18 10:57:08,2026-09-18 13:35:02
pretrained_e10,0,0.3,0.3,45,0,0.8704939258814426,0.712152985901261,1.0641299178423675,0.3519769319411066,0.0686986314034898,1.3569302817284032,False,0,0.8289364413649309,0.0,0.4,C_ref,2026-09-18 10:57:08,2026-09-18 13:35:02
pretrained_e10,0,0.3,0.3,46,0,0.3809732580045402,0.1301216844247625,1.009391545449116,0.8792698610243536,0.0415257628919796,1.3762579066395204,False,0,0.0011549800765351,1.0,0.4,C_ref,2026-09-18 10:57:08,2026-09-18 13:35:02
pretrained_e10,0,0.3,0.3,47,0,0.8010242364178636,0.1005928161461129,1.1614253309015068,1.060832514755394,0.0284431098829431,1.4800310594692745,False,0,0.3034222218520881,1.0,0.4,C_ref,2026-09-18 10:57:08,2026-09-18 13:35:02
pretrained_e10,0,0.3,0.3,0,0,2.3116099808520585,2.019320044691232,2.6100803525430574,0.5907603078518258,1.7306995242021332,2.916174846814387,False,0,0.4018726135873294,1.0,2.5,C_ref,2026-09-18 10:57:08,2026-09-18 13:35:02
pretrained_e10,0,0.3,0.3,1,0,2.3509576911423604,2.056665639443964,2.6510404452713745,0.5943748058274108,1.765484598807075,2.9584622209267515,False,0,0.2494273158336,1.0,2.5,C_ref,2026-09-18 10:57:08,2026-09-18 13:35:02
pretrained_e10,0,0.3,0.3,2,0,2.4479522871984662,2.1585246705559995,2.7443596474494303,0.5858349768934308,1.874332534978062,3.0489354718174293,False,0,0.0314351538982009,1.0,2.5,C_ref,2026-09-18 10:57:08,2026-09-18 13:35:02
pretrained_e10,0,0.3,0.3,3,0,2.462102984178298,2.1712695423843,2.759884234177385,0.5886146917930861,1.8855882447498704,3.06568959089939,False,0,0.0165071717165119,1.0,2.5,C_ref,2026-09-18 10:57:08,2026-09-18 13:35:02
pretrained_e10,0,0.3,0.3,4,0,2.356700366760436,2.065667174922932,2.653925460183412,0.5882582852604803,1.7784130084398724,2.958794383382932,False,0,0.2351412335810891,1.0,2.5,C_ref,2026-09-18 10:57:08,2026-09-18 13:35:02
pretrained_e10,0,0.3,0.3,5,0,2.344283556465297,2.0539714925673804,2.640950662284121,0.5869791697167401,1.767710509833647,2.945269156345356,False,0,0.2784851684446039,1.0,2.5,C_ref,2026-09-18 10:57:08,2026-09-18 13:35:02
pretrained_e10,0,0.3,0.3,6,0,2.3063203208996383,2.014216133792809,2.6044462058304947,0.5902300720376852,1.7255709812701103,2.91012610455205,False,0,0.4253073983527429,1.0,2.5,C_ref,2026-09-18 10:57:08,2026-09-18 13:35:02
pretrained_e10,0,0.3,0.3,7,0,2.3592652350192207,2.069201049729692,2.655697371983967,0.5864963222542752,1.783366511310629,2.959925675424049,False,0,0.2282098677569592,1.0,2.5,C_ref,2026-09-18 10:57:08,2026-09-18 13:35:02
pretrained_e10,0,0.3,0.3,8,0,2.387523293731672,2.094686592501501,2.6866326923458623,0.5919460998443609,1.805781839968276,2.9934268538967963,False,0,0.1433998393877118,1.0,2.5,C_ref,2026-09-18 10:57:08,2026-09-18 13:35:02
pretrained_e10,0,0.3,0.3,9,0,2.3512101950718463,2.060745037927132,2.648042936857155,0.5872978989300233,1.7744291422885614,2.9526377620551543,False,0,0.2542477212155063,1.0,2.5,C_ref,2026-09-18 10:57:08,2026-09-18 13:35:02
pretrained_e10,0,0.3,0.3,10,0,2.4575780674373973,2.1667331304889244,2.7553821624316304,0.588649031942706,1.8810262185850968,3.0613182593032224,False,0,0.0206655744877934,1.0,2.5,C_ref,2026-09-18 10:57:08,2026-09-18 13:35:02
pretrained_e10,0,0.3,0.3,11,0,2.340467922275495,2.047289084672668,2.639956121849468,0.5926670371767999,1.7580311259288108,2.947093330013949,False,0,0.2869065511222288,1.0,2.5,C_ref,2026-09-18 10:57:08,2026-09-18 13:35:02
pretrained_e10,0,0.3,0.3,12,0,2.4687398164449963,2.1752563070895863,2.76891474118203,0.5936584340924438,1.8864069595615207,3.076988497445488,False,0,0.0110654043164686,1.0,2.5,C_ref,2026-09-18 10:57:08,2026-09-18 13:35:02
pretrained_e10,0,0.3,0.3,13,0,2.4613031592340096,2.166872503065346,2.7621988849756973,0.5953263819103514,1.8768200524528584,3.070856405924087,False,0,0.0168618090756353,1.0,2.5,C_ref,2026-09-18 10:57:08,2026-09-18 13:35:02
pretrained_e10,0,0.3,0.3,14,0,2.3388527842657645,2.0496843822804296,2.634165435313732,0.584481053033302,1.7642976283942884,2.9371594838761714,False,0,0.3009200029191561,1.0,2.5,C_ref,2026-09-18 10:57:08,2026-09-18 13:35:02
pretrained_e10,0,0.3,0.3,15,0,2.460429417232711,2.168835720008728,2.758830856506798,0.5899951364980702,1.8821519598047431,3.065230856897991,False,0,0.0179651688340527,1.0,2.5,C_ref,2026-09-18 10:57:08,2026-09-18 13:35:02
pretrained_e10,0,0.3,0.3,16,0,2.5452272599720103,2.257086955064604,2.8410193036045555,0.5839323485399519,1.9752339005487567,3.145264228193005,False,0,0.0238554625830147,1.0,2.5,C_ref,2026-09-18 10:57:08,2026-09-18 13:35:02
pretrained_e10,0,0.3,0.3,17,0,2.227623682637969,1.9356258209389643,2.5250060949327087,0.5893802739937442,1.6459542457445644,2.829565777711912,False,0,0.8402185963495867,1.0,2.5,C_ref,2026-09-18 10:57:08,2026-09-18 13:35:02
pretrained_e10,0,0.3,0.3,18,0,2.4175136039820058,2.127907218719577,2.713905624493144,0.5859984057735668,1.843162258907106,3.018329496868734,False,0,0.0787791786096931,1.0,2.5,C_ref,2026-09-18 10:57:08,2026-09-18 13:35:02
pretrained_e10,0,0.3,0.3,19,0,2.3846475953495165,2.0942797148755465,2.681775413313006,0.5874956984374595,1.8086296079643407,2.98683308652966,False,0,0.1527985983339022,1.0,2.5,C_ref,2026-09-18 10:57:08,2026-09-18 13:35:02
pretrained_e10,0,0.3,0.3,20,0,2.298077413476525,2.0049665516473003,2.5973413181632377,0.5923747665159373,1.7154026263302935,2.9042735796632124,False,0,0.4586563499542535,1.0,2.5,C_ref,2026-09-18 10:57:08,2026-09-18 13:35:02
pretrained_e10,0,0.3,0.3,21,0,2.481905090538929,2.191590979475141,2.779304637352855,0.587713657877714,1.9065923459167844,3.084868255903352,False,0,0.0037511588270717,1.0,2.5,C_ref,2026-09-18 10:57:08,2026-09-18 13:35:02
pretrained_e10,0,0.3,0.3,22,0,2.347321808915234,2.0540437052515346,2.6466477740667096,0.592604068815175,1.764379132327003,2.9534891287524165,False,0,0.2629984572595276,1.0,2.5,C_ref,2026-09-18 10:57:08,2026-09-18 13:35:02
pretrained_e10,0,0.3,0.3,23,0,2.3039818363189046,2.0153381585773227,2.5990165562992065,0.5836783977218838,1.7306621685619503,2.901788435716996,False,0,0.4449084976258746,1.0,2.5,C_ref,2026-09-18 10:57:08,2026-09-18 13:35:02
pretrained_e10,0,0.3,0.3,24,0,2.323351864940187,2.0327183516462024,2.620006188910804,0.5872878372646015,1.7455412463598874,2.924091326645737,False,0,0.357844473219302,1.0,2.5,C_ref,2026-09-18 10:57:08,2026-09-18 13:35:02
pretrained_e10,0,0.3,0.3,25,0,2.1498028956344446,1.8574584419711189,2.446711739051203,0.5892532970800841,1.56587454693615,2.750337428543376,False,0,1.3856738276990654,0.0,2.5,C_ref,2026-09-18 10:57:08,2026-09-18 13:35:02
pretrained_e10,0,0.3,0.3,26,0,2.294299921695921,2.002344661103863,2.592081994673148,0.5897373335692842,1.7135401550235907,2.897245197483415,False,0,0.4803569926043565,1.0,2.5,C_ref,2026-09-18 10:57:08,2026-09-18 13:35:02
pretrained_e10,0,0.3,0.3,27,0,2.301357932484815,2.009086965187916,2.5992968041081745,0.5902098389202592,1.719785710669817,2.9044833701038484,False,0,0.4477949994106893,1.0,2.5,C_ref,2026-09-18 10:57:08,2026-09-18 13:35:02
pretrained_e10,0,0.3,0.3,28,0,2.3826077093689846,2.090436560562769,2.681031462644989,0.5905949020822194,1.8022868900767468,2.987087462295944,False,0,0.1568883559048117,1.0,2.5,C_ref,2026-09-18 10:57:08,2026-09-18 13:35:02
pretrained_e10,0,0.3,0.3,29,0,2.309274869389629,2.016182032528094,2.608287401158039,0.5921053686299449,1.7263658371724435,2.914750476379192,False,0,0.4101718983947648,1.0,2.5,C_ref,2026-09-18 10:57:08,2026-09-18 13:35:02
pretrained_e10,0,0.3,0.3,30,0,2.337498935356705,2.051306409335953,2.6303978721256893,0.5790914627897359,1.769718782455531,2.9312375962428225,False,0,0.3112393259470991,1.0,2.5,C_ref,2026-09-18 10:57:08,2026-09-18 13:35:02
pretrained_e10,0,0.3,0.3,31,0,2.366044971036715,2.073814071224142,2.664563610465253,0.5907495392411106,1.7855537367020695,2.970782574988631,False,0,0.2038092253751529,1.0,2.5,C_ref,2026-09-18 10:57:08,2026-09-18 13:35:02
pretrained_e10,0,0.3,0.3,32,0,2.400979230072664,2.111121470332804,2.697716240798927,0.5865947704661232,1.826210660992916,3.0025791867540432,False,0,0.1132268906803801,1.0,2.5,C_ref,2026-09-18 10:57:08,2026-09-18 13:35:02
pretrained_e10,0,0.3,0.3,33,0,2.268548575354074,1.977581389866104,2.565542341912937,0.5879609520468332,1.689994759987573,2.870165480972239,False,0,0.6103336214764568,1.0,2.5,C_ref,2026-09-18 10:57:08,2026-09-18 13:35:02
pretrained_e10,0,0.3,0.3,34,0,2.3358232874809257,2.0433323225862945,2.6344412695939448,0.5911089470076503,1.754547242340663,2.94065131918486,False,0,0.3052430278912652,1.0,2.5,C_ref,2026-09-18 10:57:08,2026-09-18 13:35:02
pretrained_e10,0,0.3,0.3,35,0,2.322854005324998,2.03073444460849,2.6209506221671552,0.5902161775586654,1.7421039437873067,2.92650624836744,False,0,0.35637076013154,1.0,2.5,C_ref,2026-09-18 10:57:08,2026-09-18 13:35:02
pretrained_e10,0,0.3,0.3,36,0,2.424388207431232,2.1336032173106507,2.7218577323719297,0.588254515061279,1.8475148390390568,3.02718343700296,False,0,0.0655831793264951,1.0,2.5,C_ref,2026-09-18 10:57:08,2026-09-18 13:35:02
pretrained_e10,0,0.3,0.3,37,0,2.391311310846607,2.098177500808213,2.6907200342154804,0.5925425334072676,1.809035779059003,2.9977513872665047,False,0,0.1337311028146359,1.0,2.5,C_ref,2026-09-18 10:57:08,2026-09-18 13:35:02
pretrained_e10,0,0.3,0.3,38,0,2.44200466756172,2.150420974028738,2.740196482641092,0.5897755086123535,1.8634897569679127,3.046193049045616,False,0,0.038529038636625,1.0,2.5,C_ref,2026-09-18 10:57:08,2026-09-18 13:35:02
pretrained_e10,0,0.3,0.3,39,0,2.3332901009270954,2.042475471674913,2.6304184115592606,0.5879429398843476,1.7555964473205554,2.93519886784104,False,0,0.3180285825765168,1.0,2.5,C_ref,2026-09-18 10:57:08,2026-09-18 13:35:02
pretrained_e10,0,0.3,0.3,40,0,2.4062687061741808,2.115587094953383,2.7037656552347453,0.5881785602813623,1.8296948236417023,3.009314280119684,False,0,0.1008159451375831,1.0,2.5,C_ref,2026-09-18 10:57:08,2026-09-18 13:35:02
pretrained_e10,0,0.3,0.3,41,0,2.292006677879731,2.000524973018422,2.589434499888464,0.5889095268700415,1.7124823052835545,2.894298610083859,False,0,0.4923964709087158,1.0,2.5,C_ref,2026-09-18 10:57:08,2026-09-18 13:35:02
pretrained_e10,0,0.3,0.3,42,0,2.436527685059924,2.1448823676647115,2.734865582297353,0.589983214632642,1.857932461630487,3.0411425524131066,False,0,0.0460015526950883,1.0,2.5,C_ref,2026-09-18 10:57:08,2026-09-18 13:35:02
pretrained_e10,0,0.3,0.3,43,0,2.271190027153638,1.9789749379058383,2.5691447000139505,0.5901697621081119,1.6897456431769222,2.8744388551594247,False,0,0.5927879890186887,1.0,2.5,C_ref,2026-09-18 10:57:08,2026-09-18 13:35:02
pretrained_e10,0,0.3,0.3,44,0,2.282902260312637,1.9907176365464945,2.581147278570846,0.5904296420243516,1.7020920149103522,2.886945569945825,False,0,0.5331605771571049,1.0,2.5,C_ref,2026-09-18 10:57:08,2026-09-18 13:35:02
pretrained_e10,0,0.3,0.3,45,0,2.2188088740452394,1.926160943606327,2.5168147999157497,0.5906538563094228,1.6357956277873225,2.8219652477319106,False,0,0.8912309077495593,1.0,2.5,C_ref,2026-09-18 10:57:08,2026-09-18 13:35:02
pretrained_e10,0,0.3,0.3,46,0,2.3578686241440323,2.0664208849544234,2.6556693924300414,0.589248507475618,1.7790135243039742,2.961239153763158,False,0,0.2305561558932822,1.0,2.5,C_ref,2026-09-18 10:57:08,2026-09-18 13:35:02
pretrained_e10,0,0.3,0.3,47,0,2.422584269692359,2.1343782448228974,2.7179724621352865,0.5835942173123891,1.8515851530427845,3.021623453242338,False,0,0.0699425474485906,1.0,2.5,C_ref,2026-09-18 10:57:08,2026-09-18 13:35:02
pretrained_e10,0,1.0,1.0,0,0,1.1118123393339905,0.974352370445005,1.3441890198395523,0.3698366493945475,0.9575554262523388,1.6080057749004133,False,0,27.11917788259961,0.0,0.4,C_ref,2026-09-18 18:13:14,2026-09-19 00:48:16
pretrained_e10,0,1.0,1.0,1,0,1.0755735314269643,0.9649134135672736,1.323451709545968,0.3585382959786946,0.9054673878914344,1.599667666791142,False,0,18.116891289671912,0.0,0.4,C_ref,2026-09-18 18:13:14,2026-09-19 00:48:16
pretrained_e10,0,1.0,1.0,2,0,1.0905959150190618,0.9428299688544208,1.358258666451874,0.4154286975974529,0.8775036111388146,1.6409008326779853,False,0,18.08586751587427,0.0,0.4,C_ref,2026-09-18 18:13:14,2026-09-19 00:48:16
pretrained_e10,0,1.0,1.0,3,0,1.111632492296116,0.9325115335612983,1.3725802898321715,0.4400687562708734,0.9080223188021171,1.6516697686291812,False,0,19.72982632539424,0.0,0.4,C_ref,2026-09-18 18:13:14,2026-09-19 00:48:16
pretrained_e10,0,1.0,1.0,4,0,1.0759210718562602,0.9288990780829948,1.3504000446332047,0.4215009665502098,0.8681150820413643,1.6368044925553489,False,0,10.793297117932523,0.0,0.4,C_ref,2026-09-18 18:13:14,2026-09-19 00:48:16
pretrained_e10,0,1.0,1.0,5,0,1.057836724537727,0.9419549293931004,1.316076538695132,0.3741216093020316,0.858779754763892,1.5954992257909648,False,0,19.067756820400973,0.0,0.4,C_ref,2026-09-18 18:13:14,2026-09-19 00:48:16
pretrained_e10,0,1.0,1.0,6,0,1.0489086588620973,0.9268065865605196,1.303399979910642,0.3765933933501223,0.8920992740988668,1.5831090021763885,False,0,13.220185343820049,0.0,0.4,C_ref,2026-09-18 18:13:14,2026-09-19 00:48:16
pretrained_e10,0,1.0,1.0,7,0,1.1031928029320748,0.9282993720028596,1.3592916801277106,0.4309923081248509,0.9077271787473306,1.6327381955465374,False,0,23.742941905111365,0.0,0.4,C_ref,2026-09-18 18:13:14,2026-09-19 00:48:16
pretrained_e10,0,1.0,1.0,8,0,1.218852114540078,1.018177706614254,1.461533462636029,0.4433557560217751,0.9448167040910856,1.7236964184624892,False,0,59.943029559177376,0.0,0.4,C_ref,2026-09-18 18:13:14,2026-09-19 00:48:16
pretrained_e10,0,1.0,1.0,9,0,1.131407671184605,0.9696818611136852,1.3768221508269285,0.4071402897132433,0.94804423838358,1.646109961181003,False,0,30.224477530973672,0.0,0.4,C_ref,2026-09-18 18:13:14,2026-09-19 00:48:16
pretrained_e10,0,1.0,1.0,10,0,1.180322416116426,0.9853457348340982,1.433316878731185,0.4479711438970868,0.951621960952532,1.7054177705715767,False,0,30.753186689653376,0.0,0.4,C_ref,2026-09-18 18:13:14,2026-09-19 00:48:16
pretrained_e10,0,1.0,1.0,11,0,1.0986479674956504,0.95756160708495,1.3538589552880835,0.3962973482031336,0.905525063881394,1.6295268524248816,False,0,22.92778226856899,0.0,0.4,C_ref,2026-09-18 18:13:14,2026-09-19 00:48:16
pretrained_e10,0,1.0,1.0,12,0,1.1795547567377327,0.9687044117571996,1.4421888291093263,0.4734844173521267,0.9436845738166982,1.6843091923840534,False,0,29.894280967724622,0.0,0.4,C_ref,2026-09-18 18:13:14,2026-09-19 00:48:16
pretrained_e10,0,1.0,1.0,13,0,1.251745878255082,1.0125655796518798,1.5140116943048758,0.501446114652996,0.9252828125882102,1.7873550048550155,False,0,43.83963758518803,0.0,0.4,C_ref,2026-09-18 18:13:14,2026-09-19 00:48:16
pretrained_e10,0,1.0,1.0,14,0,1.0820234178773835,0.95884295859806,1.3336502496430505,0.3748072910449904,0.947322026670642,1.6099460363351097,False,0,20.439929650587143,0.0,0.4,C_ref,2026-09-18 18:13:14,2026-09-19 00:48:16
pretrained_e10,0,1.0,1.0,15,0,1.075891231295905,0.9558793095465457,1.3547347447573672,0.3988554352108215,0.856271799419158,1.6445981048733158,False,0,12.203751934641332,0.0,0.4,C_ref,2026-09-18 18:13:14,2026-09-19 00:48:16
pretrained_e10,0,1.0,1.0,16,0,1.25440960320733,1.0355540456349166,1.5046511505973192,0.4690971049624026,0.9339985547826218,1.7663308864237146,False,0,56.77081526676557,0.0,0.4,C_ref,2026-09-18 18:13:14,2026-09-19 00:48:16
pretrained_e10,0,1.0,1.0,17,0,1.055241671969657,0.9575815668606984,1.2862632495571702,0.3286816826964718,0.923490314805018,1.5527314017483604,False,0,19.786901180254063,0.0,0.4,C_ref,2026-09-18 18:13:14,2026-09-19 00:48:16
pretrained_e10,0,1.0,1.0,18,0,1.1313999659630405,0.9555248958430328,1.3953319804073507,0.4398070845643178,0.8698075647648533,1.669444719045304,False,0,26.70065580420851,0.0,0.4,C_ref,2026-09-18 18:13:14,2026-09-19 00:48:16
pretrained_e10,0,1.0,1.0,19,0,1.1795101520147897,1.0088254760254427,1.4146419440592866,0.4058164680338438,0.9643412089767732,1.6764179859440012,False,0,42.43561278416382,0.0,0.4,C_ref,2026-09-18 18:13:14,2026-09-19 00:48:16
pretrained_e10,0,1.0,1.0,20,0,1.1980170581531664,0.9980810578958786,1.444510399081909,0.4464293411860304,0.9470732471727196,1.7098163424630943,False,0,37.35515919808313,0.0,0.4,C_ref,2026-09-18 18:13:14,2026-09-19 00:48:16
pretrained_e10,0,1.0,1.0,21,0,1.1321392212731076,0.9664221962817804,1.3945090404330391,0.4280868441512587,0.9289910273838944,1.6726199998463025,False,0,20.629293687881727,0.0,0.4,C_ref,2026-09-18 18:13:14,2026-09-19 00:48:16
pretrained_e10,0,1.0,1.0,22,0,1.1164685553676332,0.9689168914630624,1.3683011671270728,0.3993842756640103,0.9460195151919982,1.6424013120770151,False,0,26.564285735352318,0.0,0.4,C_ref,2026-09-18 18:13:14,2026-09-19 00:48:16
pretrained_e10,0,1.0,1.0,23,0,1.0201197795601378,0.8800364777145869,1.2844225414514605,0.4043860637368736,0.8687012058212997,1.5673699965665195,False,0,14.234143474281154,0.0,0.4,C_ref,2026-09-18 18:13:14,2026-09-19 00:48:16
pretrained_e10,0,1.0,1.0,24,0,1.0840727671834192,0.9450802561503724,1.339434593722687,0.3943543375723147,0.8497724913484929,1.6137964681674737,False,0,21.19461826769475,0.0,0.4,C_ref,2026-09-18 18:13:14,2026-09-19 00:48:16
pretrained_e10,0,1.0,1.0,25,0,1.0272658508359953,0.9580310035035906,1.252796901494779,0.2947658979911884,0.9049370386707276,1.5216803796166225,False,0,13.003227879904443,0.0,0.4,C_ref,2026-09-18 18:13:14,2026-09-19 00:48:16
pretrained_e10,0,1.0,1.0,26,0,0.9828917980689464,0.896269038168028,1.230485879760852,0.3342168415928239,0.7854950369553687,1.512661393142695,False,0,14.527994008491078,0.0,0.4,C_ref,2026-09-18 18:13:14,2026-09-19 00:48:16
pretrained_e10,0,1.0,1.0,27,0,1.071653228999513,0.9149625556956504,1.323346398672421,0.4083838429767705,0.8644524922806367,1.595380139985196,False,0,22.84077422186237,0.0,0.4,C_ref,2026-09-18 18:13:14,2026-09-19 00:48:16
pretrained_e10,0,1.0,1.0,28,0,1.0216554277790582,0.97671726398347,1.2555645552555683,0.2788472912720983,0.7825947923877619,1.5389950199039224,False,0,8.179765840730397,0.0,0.4,C_ref,2026-09-18 18:13:14,2026-09-19 00:48:16
pretrained_e10,0,1.0,1.0,29,0,0.99708712391446,0.9315507145065608,1.2583564057343497,0.3268056912277886,0.800930486299689,1.5446266740531378,False,0,16.835655929327913,0.0,0.4,C_ref,2026-09-18 18:13:14,2026-09-19 00:48:16
pretrained_e10,0,1.0,1.0,30,0,1.1176612166286972,0.9753204788703792,1.356337413530997,0.3810169346606175,0.936318983129899,1.6202220861708132,False,0,27.08409229185781,0.0,0.4,C_ref,2026-09-18 18:13:14,2026-09-19 00:48:16
pretrained_e10,0,1.0,1.0,31,0,1.223393561275106,1.0212674934100328,1.47131490648748,0.4500474130774472,0.9597802116997988,1.7375024173925986,False,0,45.791533273895766,0.0,0.4,C_ref,2026-09-18 18:13:14,2026-09-19 00:48:16
pretrained_e10,0,1.0,1.0,32,0,1.1647246184191404,0.9820517088363282,1.4115916941122384,0.4295399852759102,0.943898190216922,1.6801476487167637,False,0,30.363242119779898,0.0,0.4,C_ref,2026-09-18 18:13:14,2026-09-19 00:48:16
pretrained_e10,0,1.0,1.0,33,0,1.081879257643756,0.9722862733774472,1.3139330203053128,0.3416467469278655,0.9087772650327114,1.5789614528721647,False,0,25.25550466582717,0.0,0.4,C_ref,2026-09-18 18:13:14,2026-09-19 00:48:16
pretrained_e10,0,1.0,1.0,34,0,1.0790028078681102,0.9536407955358808,1.3415876183579185,0.3879468228220377,0.8769052934658282,1.6209959252146735,False,0,19.38524941349533,0.0,0.4,C_ref,2026-09-18 18:13:14,2026-09-19 00:48:16
pretrained_e10,0,1.0,1.0,35,0,1.1296070810081598,0.975131794559203,1.3617802600018345,0.3866484654426315,0.9562374987487549,1.6228864272082175,False,0,30.145821015445108,0.0,0.4,C_ref,2026-09-18 18:13:14,2026-09-19 00:48:16
pretrained_e10,0,1.0,1.0,36,0,1.0351895792262755,0.8187187984520556,1.321337857302792,0.5026190588507364,0.7825290510507354,1.6118454341647654,False,0,15.548908440516245,0.0,0.4,C_ref,2026-09-18 18:13:14,2026-09-19 00:48:16
pretrained_e10,0,1.0,1.0,37,0,1.163397559806485,0.9711749060730538,1.40999897984481,0.4388240737717562,0.9249813273012428,1.6686369712862106,False,0,32.23140028590569,0.0,0.4,C_ref,2026-09-18 18:13:14,2026-09-19 00:48:16
pretrained_e10,0,1.0,1.0,38,0,1.2038861988846623,0.9648000067663636,1.4685025907390443,0.5037025839726811,0.8829278888693749,1.7427383030607564,False,0,30.16396173909743,0.0,0.4,C_ref,2026-09-18 18:13:14,2026-09-19 00:48:16
pretrained_e10,0,1.0,1.0,39,0,1.1646542042176176,1.0000329378858503,1.3899425125541427,0.3899095746682923,0.9498407900429522,1.643903157695807,False,0,42.98761100620322,0.0,0.4,C_ref,2026-09-18 18:13:14,2026-09-19 00:48:16
pretrained_e10,0,1.0,1.0,40,0,1.0913101595633543,0.9392974873790384,1.352486636594446,0.4131891492154076,0.918043480656379,1.632041135257729,False,0,20.930094254159485,0.0,0.4,C_ref,2026-09-18 18:13:14,2026-09-19 00:48:16
pretrained_e10,0,1.0,1.0,41,0,1.1335471863895763,0.9758758023459916,1.3698791984110523,0.3940033960650609,0.9510988003289964,1.6312771055275737,False,0,38.45755993464263,0.0,0.4,C_ref,2026-09-18 18:13:14,2026-09-19 00:48:16
pretrained_e10,0,1.0,1.0,42,0,1.1292020331586023,0.9841915018082036,1.3716226168499417,0.387431115041738,0.9317036113102488,1.6373480239402904,False,0,29.149253785923065,0.0,0.4,C_ref,2026-09-18 18:13:14,2026-09-19 00:48:16
pretrained_e10,0,1.0,1.0,43,0,1.0744558545151297,0.9660911236369952,1.308885116594374,0.3427939929573788,0.947153244293534,1.5775263775971975,False,0,19.615740411431037,0.0,0.4,C_ref,2026-09-18 18:13:14,2026-09-19 00:48:16
pretrained_e10,0,1.0,1.0,44,0,1.119820139677811,0.97177622317653,1.347998644666784,0.3762224214902541,0.9484599736520788,1.6080905724271182,False,0,29.28755303292928,0.0,0.4,C_ref,2026-09-18 18:13:14,2026-09-19 00:48:16
pretrained_e10,0,1.0,1.0,45,0,1.0656313578398524,0.9299170079401666,1.3144993676341463,0.3845823596939797,0.8628764052481939,1.5838088430656434,False,0,30.30784152304841,0.0,0.4,C_ref,2026-09-18 18:13:14,2026-09-19 00:48:16
pretrained_e10,0,1.0,1.0,46,0,1.2547173941876204,1.0284925700764191,1.5048849908554074,0.4763924207789882,0.8869872037100252,1.7681424183993035,False,0,63.81599336185173,0.0,0.4,C_ref,2026-09-18 18:13:14,2026-09-19 00:48:16
pretrained_e10,0,1.0,1.0,47,0,1.176876497813332,0.9837038656076263,1.4265223853129596,0.4428185197053331,0.946868499979352,1.6952402557575967,False,0,33.056489476610295,0.0,0.4,C_ref,2026-09-18 18:13:14,2026-09-19 00:48:16
pretrained_e10,0,1.0,1.0,0,0,2.239141814582811,2.047166477607126,2.2756773319392485,0.2285108543321223,1.6838702853705854,2.758854423845686,False,0,2.668036517832661,0.0,2.5,C_ref,2026-09-18 18:13:14,2026-09-19 00:48:16
pretrained_e10,0,1.0,1.0,1,0,2.1181242803561995,1.995487447378883,2.136634089978008,0.141146642599125,1.783738704985326,3.0166241504345,False,0,0.3121482650167309,0.0,2.5,C_ref,2026-09-18 18:13:14,2026-09-19 00:48:16
pretrained_e10,0,1.0,1.0,2,0,2.520575490023491,2.2377711573450654,2.8112519408784213,0.573480783533356,1.9616998726246575,3.1105618746559864,False,0,0.00515720203839,1.0,2.5,C_ref,2026-09-18 18:13:14,2026-09-19 00:48:16
pretrained_e10,0,1.0,1.0,3,0,2.4933377729011403,2.2261807553847976,2.6897569204315874,0.4635761650467898,1.9572065351298111,2.762120673288708,False,0,0.0004899483137705,1.0,2.5,C_ref,2026-09-18 18:13:14,2026-09-19 00:48:16
pretrained_e10,0,1.0,1.0,4,0,2.495798380718865,2.213544402069425,2.7857508313691417,0.5722064292997162,1.93767497984934,3.084267210633503,False,0,0.0,1.0,2.5,C_ref,2026-09-18 18:13:14,2026-09-19 00:48:16
pretrained_e10,0,1.0,1.0,5,0,2.436411223834807,2.154184134240742,2.7263758161455365,0.5721916819047945,1.8783993751989732,3.024933073366831,False,0,0.0489998086450214,1.0,2.5,C_ref,2026-09-18 18:13:14,2026-09-19 00:48:16
pretrained_e10,0,1.0,1.0,6,0,2.3999012598000795,2.1164780790325866,2.690770216101157,0.5742921370685705,1.8390451497570823,2.9900145417990363,False,0,0.1205530586012173,1.0,2.5,C_ref,2026-09-18 18:13:14,2026-09-19 00:48:16
pretrained_e10,0,1.0,1.0,7,0,2.4500826148674637,2.174542748880323,2.7009936098269884,0.5264508609466656,1.9032618092811693,2.923134195728663,False,0,0.0327481965759943,1.0,2.5,C_ref,2026-09-18 18:13:14,2026-09-19 00:48:16
pretrained_e10,0,1.0,1.0,8,0,2.5223063029839707,2.244062939502422,2.809688537937709,0.5656255984352874,1.883637832299651,3.106559422978209,False,0,0.0061704921390628,1.0,2.5,C_ref,2026-09-18 18:13:14,2026-09-19 00:48:16
pretrained_e10,0,1.0,1.0,9,0,2.470951640892982,2.190350185492475,2.759813106416876,0.5694629209244009,1.9171024099077825,3.057582200605421,False,0,0.0103787499247118,1.0,2.5,C_ref,2026-09-18 18:13:14,2026-09-19 00:48:16
pretrained_e10,0,1.0,1.0,10,0,2.578320400792344,2.297284978718381,2.8679893563558183,0.5707043776374374,2.0241124251594185,3.166854881984056,False,0,0.0759590096968167,1.0,2.5,C_ref,2026-09-18 18:13:14,2026-09-19 00:48:16
pretrained_e10,0,1.0,1.0,11,0,2.45074355638496,2.167339984641487,2.7421940896183896,0.5748541049769025,1.890888569825426,3.042452894605653,False,0,0.0292478064548049,1.0,2.5,C_ref,2026-09-18 18:13:14,2026-09-19 00:48:16
pretrained_e10,0,1.0,1.0,12,0,2.4853803943432773,2.276042419522224,2.5183275969929944,0.2422851774707703,1.9797588408216211,3.110701534262878,False,0,0.0167280218629457,1.0,2.5,C_ref,2026-09-18 18:13:14,2026-09-19 00:48:16
pretrained_e10,0,1.0,1.0,13,0,2.633569918584437,2.3528335751832783,2.923148337410251,0.5703147622269729,2.0802449534975263,3.2220714224060707,False,0,0.2225798572289932,1.0,2.5,C_ref,2026-09-18 18:13:14,2026-09-19 00:48:16
pretrained_e10,0,1.0,1.0,14,0,2.439706951334008,2.158708763629818,2.7284480101641893,0.5697392465343714,1.8841794574102608,3.025807545668195,False,0,0.0445884586188185,1.0,2.5,C_ref,2026-09-18 18:13:14,2026-09-19 00:48:16
pretrained_e10,0,1.0,1.0,15,0,2.5404902049008986,2.2613034663393434,2.8170534460007106,0.5557499796613672,1.9867151179541076,2.9457474651943727,False,0,0.0208024355306406,1.0,2.5,C_ref,2026-09-18 18:13:14,2026-09-19 00:48:16
pretrained_e10,0,1.0,1.0,16,0,2.641798954076551,2.362196579539253,2.9304960516625225,0.5682994721232699,2.0911392000105478,3.2286573354081503,False,0,0.2530988477810751,1.0,2.5,C_ref,2026-09-18 18:13:14,2026-09-19 00:48:16
pretrained_e10,0,1.0,1.0,17,0,2.3273577873437445,2.0454595032900005,2.6167306624863915,0.571271159196391,1.7695929485379571,2.914533884196964,False,0,0.3597859477631573,1.0,2.5,C_ref,2026-09-18 18:13:14,2026-09-19 00:48:16
pretrained_e10,0,1.0,1.0,18,0,2.539230726402744,2.258187715510632,2.8284048570012774,0.5702171414906458,1.984284313893124,3.126406907063582,False,0,0.0190104053581308,1.0,2.5,C_ref,2026-09-18 18:13:14,2026-09-19 00:48:16
pretrained_e10,0,1.0,1.0,19,0,2.484424953004288,2.2044104641263758,2.773038751569533,0.5686282874431576,1.932268104652736,3.0707862656809013,False,0,0.0027565918499021,1.0,2.5,C_ref,2026-09-18 18:13:14,2026-09-19 00:48:16
pretrained_e10,0,1.0,1.0,20,0,2.470684066839129,2.190972895798188,2.759044294933473,0.5680713991352855,1.9191405020015155,3.056626860708369,False,0,0.0106242189140175,1.0,2.5,C_ref,2026-09-18 18:13:14,2026-09-19 00:48:16
pretrained_e10,0,1.0,1.0,21,0,2.2363066597848573,2.107971643333646,2.257231790246582,0.149260146912936,1.8919848323596824,3.115082818117665,False,0,0.3396040812440333,0.0,2.5,C_ref,2026-09-18 18:13:14,2026-09-19 00:48:16
pretrained_e10,0,1.0,1.0,22,0,2.4619783671493747,2.179266499138254,2.7526413218113484,0.5733748226730944,1.9034931969252584,3.0520546153582377,False,0,0.0174960886033659,1.0,2.5,C_ref,2026-09-18 18:13:14,2026-09-19 00:48:16
pretrained_e10,0,1.0,1.0,23,0,2.4053131268166017,2.122897743373104,2.695239605012301,0.5723418616391975,1.8465895196084303,2.993607037208012,False,0,0.1083915548006189,1.0,2.5,C_ref,2026-09-18 18:13:14,2026-09-19 00:48:16
pretrained_e10,0,1.0,1.0,24,0,2.4259013043085083,2.145329824987429,2.71433781247634,0.5690079874889111,1.871410196454552,3.0114589351826204,False,0,0.0672071806948224,1.0,2.5,C_ref,2026-09-18 18:13:14,2026-09-19 00:48:16
pretrained_e10,0,1.0,1.0,25,0,2.295597570430203,2.014397732849929,2.583849638938056,0.5694519060881271,1.7385558213432917,2.880251398071267,False,0,0.506498234335595,1.0,2.5,C_ref,2026-09-18 18:13:14,2026-09-19 00:48:16
pretrained_e10,0,1.0,1.0,26,0,2.3563565926236234,1.9436175839752936,2.642687174493457,0.6990695905181639,1.7184150376367722,2.86377435507186,False,0,0.2527478674855956,1.0,2.5,C_ref,2026-09-18 18:13:14,2026-09-19 00:48:16
pretrained_e10,0,1.0,1.0,27,0,2.3948322935388258,2.1181291601744645,2.677570290308048,0.5594411301335835,1.708910159241781,2.9652077283525875,False,0,0.139895457206876,1.0,2.5,C_ref,2026-09-18 18:13:14,2026-09-19 00:48:16
pretrained_e10,0,1.0,1.0,28,0,2.419306832315387,2.133059404832441,2.7128413059694547,0.5797819011370136,1.8525222396653411,3.0146888930259323,False,0,0.0770223241488565,1.0,2.5,C_ref,2026-09-18 18:13:14,2026-09-19 00:48:16
pretrained_e10,0,1.0,1.0,29,0,2.3837968661050555,2.103578302842868,2.575406060830256,0.4718277579873882,1.8256677148174087,2.939459245461229,False,0,0.1920753833546769,1.0,2.5,C_ref,2026-09-18 18:13:14,2026-09-19 00:48:16
pretrained_e10,0,1.0,1.0,30,0,2.1377836819037865,2.014237918317302,2.158562936411173,0.1443250180938711,1.8018119153444707,3.007572092374758,False,0,0.1940840988609125,0.0,2.5,C_ref,2026-09-18 18:13:14,2026-09-19 00:48:16
pretrained_e10,0,1.0,1.0,31,0,2.519026500959631,2.238579668632429,2.807991309094854,0.569411640462425,1.965892195602856,3.1060784903749545,False,0,0.0044634506921283,1.0,2.5,C_ref,2026-09-18 18:13:14,2026-09-19 00:48:16
pretrained_e10,0,1.0,1.0,32,0,2.5105076634798227,2.2296105661359373,2.7999660225029057,0.5703554563669684,1.9565601296207769,3.098526188093366,False,0,0.0013556351077568,1.0,2.5,C_ref,2026-09-18 18:13:14,2026-09-19 00:48:16
pretrained_e10,0,1.0,1.0,33,0,2.366539373299336,2.084278284100056,2.656487329534785,0.5722090454347302,1.8085008040919128,2.954934540549809,False,0,0.214922884661064,1.0,2.5,C_ref,2026-09-18 18:13:14,2026-09-19 00:48:16
pretrained_e10,0,1.0,1.0,34,0,2.441883609573165,2.160219790690751,2.73158769877174,0.5713679080809886,1.8855672100934588,3.030129311492296,False,0,0.0411476410918112,1.0,2.5,C_ref,2026-09-18 18:13:14,2026-09-19 00:48:16
pretrained_e10,0,1.0,1.0,35,0,2.1509032730470907,2.001857317122372,2.1753125397620505,0.1734552226396783,1.7755509400983915,2.8995959834887337,False,0,1.2068939566233894,0.0,2.5,C_ref,2026-09-18 18:13:14,2026-09-19 00:48:16
pretrained_e10,0,1.0,1.0,36,0,2.5034129739638886,2.223608794136522,2.785780710905554,0.562171916769032,1.9487967321735011,2.964301443367396,False,0,0.0,1.0,2.5,C_ref,2026-09-18 18:13:14,2026-09-19 00:48:16
pretrained_e10,0,1.0,1.0,37,0,2.5369143289144227,2.256368698090493,2.8260008830961025,0.5696321850056094,1.983582260830168,3.124217010534408,False,0,0.0167522012343397,1.0,2.5,C_ref,2026-09-18 18:13:14,2026-09-19 00:48:16
pretrained_e10,0,1.0,1.0,38,0,2.6068399769032458,2.328883502233271,2.8931778833313646,0.5642943810980938,2.0588154782279204,3.1880429045801506,False,0,0.1449389640074514,1.0,2.5,C_ref,2026-09-18 18:13:14,2026-09-19 00:48:16
pretrained_e10,0,1.0,1.0,39,0,2.4069630197840977,2.129403668667283,2.69347288381533,0.5640692151480473,1.86028871533062,2.989470301936464,False,0,0.1076341721454809,1.0,2.5,C_ref,2026-09-18 18:13:14,2026-09-19 00:48:16
pretrained_e10,0,1.0,1.0,40,0,2.496657029474265,2.213716737242424,2.7876560524339915,0.5739393151915677,1.9377071863226183,3.087456075896846,False,0,0.0,1.0,2.5,C_ref,2026-09-18 18:13:14,2026-09-19 00:48:16
pretrained_e10,0,1.0,1.0,41,0,2.414407914376212,2.135799399980898,2.701502470066636,0.5657030700857373,1.8648371684486664,2.99763047638493,False,0,0.0905764677809202,1.0,2.5,C_ref,2026-09-18 18:13:14,2026-09-19 00:48:16
pretrained_e10,0,1.0,1.0,42,0,2.504277119190492,2.222362644267509,2.7944076300939367,0.5720449858264276,1.9477850059898167,3.0934002702596657,False,0,0.0,1.0,2.5,C_ref,2026-09-18 18:13:14,2026-09-19 00:48:16
pretrained_e10,0,1.0,1.0,43,0,2.3739161545641494,2.0931180187643075,2.659337889916189,0.5662198711518815,1.8178362827080343,2.848763227106392,False,0,0.1958555962664832,1.0,2.5,C_ref,2026-09-18 18:13:14,2026-09-19 00:48:16
pretrained_e10,0,1.0,1.0,44,0,2.3787335514226915,2.097637132629798,2.6679696326731714,0.5703325000433734,1.8237428912218605,2.96605444058447,False,0,0.1787612285515933,1.0,2.5,C_ref,2026-09-18 18:13:14,2026-09-19 00:48:16
pretrained_e10,0,1.0,1.0,45,0,2.3521075185710503,2.071261892905937,2.640677410523604,0.5694155176176667,1.714443650108263,2.937813878428774,False,0,0.2662607055717672,1.0,2.5,C_ref,2026-09-18 18:13:14,2026-09-19 00:48:16
pretrained_e10,0,1.0,1.0,46,0,2.5340411747376983,2.2532336230323917,2.8233655781755425,0.5701319551431512,1.9801326390329437,3.121781286414785,False,0,0.0141176812539924,1.0,2.5,C_ref,2026-09-18 18:13:14,2026-09-19 00:48:16
pretrained_e10,0,1.0,1.0,47,0,2.5394188428976547,2.259671364494801,2.827831706505328,0.5681603420105259,1.9879090729184417,3.1255065153296213,False,0,0.0193384483136469,1.0,2.5,C_ref,2026-09-18 18:13:14,2026-09-19 00:48:16
pretrained_e15,0,0.01,0.01,0,0,0.1892172332775641,0.0795192653779108,0.4671047867142752,0.3875855213363643,0.0249264203430292,0.983963096083308,False,0,0.7240518890721432,1.0,0.4,C_ref,2026-09-18 04:13:43,2026-09-18 05:06:23
pretrained_e15,0,0.01,0.01,1,0,0.1526646638523592,0.0628836114565026,0.3473448559681199,0.2844612445116173,0.0175975067471747,0.8534330063349146,False,0,1.3179154818499228,0.0,0.4,C_ref,2026-09-18 04:13:43,2026-09-18 05:06:23
pretrained_e15,0,0.01,0.01,2,0,0.1428369686661838,0.0561082336037326,0.3439391932114037,0.2878309596076711,0.0142477816198878,0.9750702526068082,False,0,1.293866592201084,0.0,0.4,C_ref,2026-09-18 04:13:43,2026-09-18 05:06:23
pretrained_e15,0,0.01,0.01,3,0,0.1350903209949729,0.0540296156777203,0.2199121426565186,0.1658825269787983,0.0136862724207012,0.9668257349285,False,0,2.467057097757788,0.0,0.4,C_ref,2026-09-18 04:13:43,2026-09-18 05:06:23
pretrained_e15,0,0.01,0.01,4,0,0.1512430918003121,0.0626535654834602,0.3897382297202707,0.3270846642368105,0.017991469857023,1.1214777618371037,False,0,1.030166539734637,0.0,0.4,C_ref,2026-09-18 04:13:43,2026-09-18 05:06:23
pretrained_e15,0,0.01,0.01,5,0,0.1818266481497665,0.0748505561844678,0.4580583196870292,0.3832077635025614,0.0220712062742916,1.0139119852088672,False,0,0.7668972989959002,1.0,0.4,C_ref,2026-09-18 04:13:43,2026-09-18 05:06:23
pretrained_e15,0,0.01,0.01,6,0,0.1806757810647156,0.0760275224773324,0.4246879319470594,0.348660409469727,0.0231423269551656,0.9307041922346015,False,0,0.8795196451355878,1.0,0.4,C_ref,2026-09-18 04:13:43,2026-09-18 05:06:23
pretrained_e15,0,0.01,0.01,7,0,0.1290792276265666,0.052148127298924,0.209409918936288,0.157261791637364,0.0131941739239771,0.7097041246959028,False,0,2.5801599289115984,0.0,0.4,C_ref,2026-09-18 04:13:43,2026-09-18 05:06:23
pretrained_e15,0,0.01,0.01,8,0,0.148162207038286,0.0592709812335414,0.3536894348696772,0.2944184536361358,0.0159659695726998,1.0059438532419704,False,0,1.2364738366231904,0.0,0.4,C_ref,2026-09-18 04:13:43,2026-09-18 05:06:23
pretrained_e15,0,0.01,0.01,9,0,0.1227026172338394,0.0489435400743472,0.2576046259954553,0.208661085921108,0.0117879356674952,0.6734374585789571,False,0,2.233529669054405,0.0,0.4,C_ref,2026-09-18 04:13:43,2026-09-18 05:06:23
pretrained_e15,0,0.01,0.01,10,0,0.1408007438145776,0.0560212142228712,0.3256282282910489,0.2696070140681777,0.0145245810847872,1.049875954292792,False,0,1.3689626015584508,0.0,0.4,C_ref,2026-09-18 04:13:43,2026-09-18 05:06:23
pretrained_e15,0,0.01,0.01,11,0,0.1390335135717773,0.0554775975308587,0.2529757479287182,0.1974981503978595,0.0139750734427308,0.7922101807095872,False,0,1.6089061755155851,0.0,0.4,C_ref,2026-09-18 04:13:43,2026-09-18 05:06:23
pretrained_e15,0,0.01,0.01,12,0,0.1152867699693351,0.0431782554740807,0.2625262461284993,0.2193479906544185,0.0093218162621841,0.7831888477737837,False,0,2.0889845769052044,0.0,0.4,C_ref,2026-09-18 04:13:43,2026-09-18 05:06:23
pretrained_e15,0,0.01,0.01,13,0,0.1328133058433339,0.0525663897041027,0.2564912859560908,0.2039248962519879,0.0128792847085085,0.8446092666164858,False,0,2.0062167292235245,0.0,0.4,C_ref,2026-09-18 04:13:43,2026-09-18 05:06:23
pretrained_e15,0,0.01,0.01,14,0,0.1562163673382668,0.0662209771370642,0.2490330677215966,0.1828120905845323,0.0191023523249208,0.8880556320829753,False,0,1.946700840457197,0.0,0.4,C_ref,2026-09-18 04:13:43,2026-09-18 05:06:23
pretrained_e15,0,0.01,0.01,15,0,0.1502978355710359,0.0608007665243452,0.3509300402568116,0.2901292737324664,0.0166893203810909,0.9485060852623888,False,0,1.267884146018332,0.0,0.4,C_ref,2026-09-18 04:13:43,2026-09-18 05:06:23
pretrained_e15,0,0.01,0.01,16,0,0.1479073550509654,0.0575759751521828,0.3956249011170483,0.3380489259648654,0.0147639028950734,1.167060731397323,False,0,1.0149547293804062,0.0,0.4,C_ref,2026-09-18 04:13:43,2026-09-18 05:06:23
pretrained_e15,0,0.01,0.01,17,0,0.1742817930227617,0.0741798641982289,0.3878546553568556,0.3136747911586267,0.0226762954762131,0.8353815548871794,False,0,1.073619738806883,0.0,0.4,C_ref,2026-09-18 04:13:43,2026-09-18 05:06:23
pretrained_e15,0,0.01,0.01,18,0,0.1557820596164655,0.0628932583074066,0.3849678594810563,0.3220746011736497,0.0173208776495185,1.0165730079037048,False,0,1.067265034384036,0.0,0.4,C_ref,2026-09-18 04:13:43,2026-09-18 05:06:23
pretrained_e15,0,0.01,0.01,19,0,0.1279481056704062,0.0497138063246042,0.2955158715160212,0.2458020651914169,0.0118006685570056,0.9230063355245164,False,0,1.665374237432843,0.0,0.4,C_ref,2026-09-18 04:13:43,2026-09-18 05:06:23
pretrained_e15,0,0.01,0.01,20,0,0.1904742423198616,0.0809967588596046,0.4537951322929202,0.3727983734333155,0.0257372939500355,0.951993004662341,False,0,0.7587420897361881,1.0,0.4,C_ref,2026-09-18 04:13:43,2026-09-18 05:06:23
pretrained_e15,0,0.01,0.01,21,0,0.110856047523409,0.0472236990346262,0.2358922899832091,0.1886685909485829,0.0105913999787252,0.8116498628462755,False,0,2.266726500598452,0.0,0.4,C_ref,2026-09-18 04:13:43,2026-09-18 05:06:23
pretrained_e15,0,0.01,0.01,22,0,0.171442787920807,0.0714252052973301,0.4063914159958945,0.3349662106985643,0.0205993009731913,0.9367353708322108,False,0,0.9682614758203272,1.0,0.4,C_ref,2026-09-18 04:13:43,2026-09-18 05:06:23
pretrained_e15,0,0.01,0.01,23,0,0.1711228700383854,0.0713668487835298,0.4406743833956846,0.3693075346121547,0.0210638559415112,1.0211632292786876,False,0,0.8592277915086015,1.0,0.4,C_ref,2026-09-18 04:13:43,2026-09-18 05:06:23
pretrained_e15,0,0.01,0.01,24,0,0.1742267685298786,0.0733657438981486,0.4052782828418746,0.3319125389437259,0.0220801866177054,0.9258774508997066,False,0,0.9729768962642992,1.0,0.4,C_ref,2026-09-18 04:13:43,2026-09-18 05:06:23
pretrained_e15,0,0.01,0.01,25,0,0.1957672610684211,0.0866372814307104,0.3590354523300159,0.2723981708993054,0.0290312164166537,0.946199738848004,False,0,1.1742979268055933,0.0,0.4,C_ref,2026-09-18 04:13:43,2026-09-18 05:06:23
pretrained_e15,0,0.01,0.01,26,0,0.179033978154582,0.0768537102153788,0.4679223106549338,0.391068600439555,0.0240620834799204,0.996510858845833,False,0,0.7651969495600497,1.0,0.4,C_ref,2026-09-18 04:13:43,2026-09-18 05:06:23
pretrained_e15,0,0.01,0.01,27,0,0.1080049440576695,0.0560659950258865,0.3078543166249698,0.2517883215990833,0.0160257973280979,0.8063786202666473,False,0,1.6612119442070252,0.0,0.4,C_ref,2026-09-18 04:13:43,2026-09-18 05:06:23
pretrained_e15,0,0.01,0.01,28,0,0.1440995125795516,0.0593567797716248,0.311732654133721,0.2523758743620962,0.0164701130452952,0.983380300043921,False,0,1.232802769914997,0.0,0.4,C_ref,2026-09-18 04:13:43,2026-09-18 05:06:23
pretrained_e15,0,0.01,0.01,29,0,0.1383097980528211,0.056498391682558,0.2513998837652949,0.1949014920827368,0.0150771771872676,0.9902832627743062,False,0,2.643671181678656,0.0,0.4,C_ref,2026-09-18 04:13:43,2026-09-18 05:06:23
pretrained_e15,0,0.01,0.01,30,0,0.1873498355026688,0.0793145996569468,0.4494570996415012,0.3701424999845544,0.0251351932597705,0.9522870091336656,False,0,0.777914771118958,1.0,0.4,C_ref,2026-09-18 04:13:43,2026-09-18 05:06:23
pretrained_e15,0,0.01,0.01,31,0,0.1350141750322786,0.0525161081120099,0.3159896318069938,0.2634735236949839,0.0126574650044826,0.9084043181623211,False,0,1.5224932662022184,0.0,0.4,C_ref,2026-09-18 04:13:43,2026-09-18 05:06:23
pretrained_e15,0,0.01,0.01,32,0,0.1344696235696459,0.0539204644740487,0.2895886114922383,0.2356681470181895,0.0137297092891802,0.8075733657622796,False,0,1.7422994495245805,0.0,0.4,C_ref,2026-09-18 04:13:43,2026-09-18 05:06:23
pretrained_e15,0,0.01,0.01,33,0,0.1809690275908354,0.0772843325859113,0.47729893590119,0.4000146033152786,0.0242817911372483,1.0246867741068004,False,0,0.7573600996147434,1.0,0.4,C_ref,2026-09-18 04:13:43,2026-09-18 05:06:23
pretrained_e15,0,0.01,0.01,34,0,0.1542166638750217,0.0682084173233401,0.2301538221098857,0.1619454047865456,0.0197898124161392,0.9688811934665772,False,0,2.2721292545065808,0.0,0.4,C_ref,2026-09-18 04:13:43,2026-09-18 05:06:23
pretrained_e15,0,0.01,0.01,35,0,0.1432498939664161,0.0576867416699844,0.32915534824764,0.2714686065776556,0.0153799966929035,0.8885678360927828,False,0,1.4216281414264813,0.0,0.4,C_ref,2026-09-18 04:13:43,2026-09-18 05:06:23
pretrained_e15,0,0.01,0.01,36,0,0.1343147625559176,0.0531822207633678,0.3010916858357269,0.247909465072359,0.0132157041660566,0.7752472509316584,False,0,1.7358504048315808,0.0,0.4,C_ref,2026-09-18 04:13:43,2026-09-18 05:06:23
pretrained_e15,0,0.01,0.01,37,0,0.1270086481598378,0.0492598906368753,0.2901616987376659,0.2409018081007906,0.0114472256639528,0.8459188943196553,False,0,1.754671120103012,0.0,0.4,C_ref,2026-09-18 04:13:43,2026-09-18 05:06:23
pretrained_e15,0,0.01,0.01,38,0,0.1441151483886377,0.0586104105483233,0.3293875564473046,0.2707771458989814,0.0159666005984186,0.9330283388906953,False,0,1.3956206407601712,0.0,0.4,C_ref,2026-09-18 04:13:43,2026-09-18 05:06:23
pretrained_e15,0,0.01,0.01,39,0,0.1477175514726476,0.0604301237514451,0.2489441794672272,0.188514055715782,0.0166556171285107,0.8730676538260141,False,0,2.014546644029906,0.0,0.4,C_ref,2026-09-18 04:13:43,2026-09-18 05:06:23
pretrained_e15,0,0.01,0.01,40,0,0.1591246135325435,0.063733541386055,0.4423096171497295,0.3785760757636744,0.0174733907394196,1.1234814721834652,False,0,0.8777365364621801,1.0,0.4,C_ref,2026-09-18 04:13:43,2026-09-18 05:06:23
pretrained_e15,0,0.01,0.01,41,0,0.1779571434529595,0.0763138103958939,0.4482701431060576,0.3719563327101636,0.0239961985666401,0.9794009994229907,False,0,0.8194359863555292,1.0,0.4,C_ref,2026-09-18 04:13:43,2026-09-18 05:06:23
pretrained_e15,0,0.01,0.01,42,0,0.1483186470423075,0.0597794644608746,0.3563512949142929,0.2965718304534183,0.0163292531741876,0.9751111154493878,False,0,1.2101887909229845,0.0,0.4,C_ref,2026-09-18 04:13:43,2026-09-18 05:06:23
pretrained_e15,0,0.01,0.01,43,0,0.2048384741485038,0.0872060021685797,0.5296114537502775,0.4424054515816978,0.0284878192896866,1.0237205325521357,False,0,0.5439008998655481,1.0,0.4,C_ref,2026-09-18 04:13:43,2026-09-18 05:06:23
pretrained_e15,0,0.01,0.01,44,0,0.1844337231075867,0.0779530851632932,0.4188569715347675,0.3409038863714742,0.0240408366062128,0.882658981181564,False,0,0.8970977172393759,1.0,0.4,C_ref,2026-09-18 04:13:43,2026-09-18 05:06:23
pretrained_e15,0,0.01,0.01,45,0,0.1721330839208743,0.0726794152654625,0.4053253964220232,0.3326459811565607,0.0218843158820838,0.9286941625896816,False,0,0.9742545225235516,1.0,0.4,C_ref,2026-09-18 04:13:43,2026-09-18 05:06:23
pretrained_e15,0,0.01,0.01,46,0,0.1850524013491802,0.0769164003480708,0.4558668359419074,0.3789504355938365,0.0232801368342853,0.9787753469724796,False,0,0.7616557739638665,1.0,0.4,C_ref,2026-09-18 04:13:43,2026-09-18 05:06:23
pretrained_e15,0,0.01,0.01,47,0,0.1505343593222494,0.0626801877956402,0.3318022955550317,0.2691221077593914,0.0177199087081913,0.8625716667051593,False,0,1.4153129663245636,0.0,0.4,C_ref,2026-09-18 04:13:43,2026-09-18 05:06:23
pretrained_e15,0,0.01,0.01,0,0,0.0,,0.0042034012611885,,,0.0213823242904724,True,0,10.541515632030496,,2.5,C_ref,2026-09-18 04:13:43,2026-09-18 05:06:23
pretrained_e15,0,0.01,0.01,1,0,0.0,,0.0035066185046266,,,0.0169675252826322,True,0,14.842109346118376,,2.5,C_ref,2026-09-18 04:13:43,2026-09-18 05:06:23
pretrained_e15,0,0.01,0.01,2,0,0.0,,0.002885343962184,,,0.0128310367978057,True,0,9.759418556506716,,2.5,C_ref,2026-09-18 04:13:43,2026-09-18 05:06:23
pretrained_e15,0,0.01,0.01,3,0,0.0,,0.0028232059341955,,,0.0123754266612135,True,0,9.915738901217992,,2.5,C_ref,2026-09-18 04:13:43,2026-09-18 05:06:23
pretrained_e15,0,0.01,0.01,4,0,0.0,,0.0032547234759584,,,0.0152271142494718,True,0,9.1567194050549,,2.5,C_ref,2026-09-18 04:13:43,2026-09-18 05:06:23
pretrained_e15,0,0.01,0.01,5,0,0.0,,0.0037791265445676,,,0.0187530420548426,True,0,9.138034969186265,,2.5,C_ref,2026-09-18 04:13:43,2026-09-18 05:06:23
pretrained_e15,0,0.01,0.01,6,0,0.0,,0.0042696893709384,,,0.0218668365717556,True,0,11.459045057890762,,2.5,C_ref,2026-09-18 04:13:43,2026-09-18 05:06:23
pretrained_e15,0,0.01,0.01,7,0,0.0,,0.003078375750962,,,0.0141467765224926,True,0,16.497204579973186,,2.5,C_ref,2026-09-18 04:13:43,2026-09-18 05:06:23
pretrained_e15,0,0.01,0.01,8,0,0.0,,0.0032098918675434,,,0.0150376194474367,True,0,9.39269488375794,,2.5,C_ref,2026-09-18 04:13:43,2026-09-18 05:06:23
pretrained_e15,0,0.01,0.01,9,0,0.0,,0.0029599301136823,,,0.0133164241734272,True,0,16.873299366150604,,2.5,C_ref,2026-09-18 04:13:43,2026-09-18 05:06:23
pretrained_e15,0,0.01,0.01,10,0,0.0,,0.0028137718249736,,,0.0123044062549048,True,0,8.476979022372689,,2.5,C_ref,2026-09-18 04:13:43,2026-09-18 05:06:23
pretrained_e15,0,0.01,0.01,11,0,0.0,,0.0033264905917206,,,0.0159006549099659,True,0,14.310791036554292,,2.5,C_ref,2026-09-18 04:13:43,2026-09-18 05:06:23
pretrained_e15,0,0.01,0.01,12,0,0.0,,0.0025098589416957,,,0.0100749877695304,True,0,11.92068427268532,,2.5,C_ref,2026-09-18 04:13:43,2026-09-18 05:06:23
pretrained_e15,0,0.01,0.01,13,0,0.0,,0.0028068904913528,,,0.0122724286819087,True,0,12.011525665104273,,2.5,C_ref,2026-09-18 04:13:43,2026-09-18 05:06:23
pretrained_e15,0,0.01,0.01,14,0,0.0,,0.0035733822273732,,,0.0173616851948916,True,0,13.003058408903598,,2.5,C_ref,2026-09-18 04:13:43,2026-09-18 05:06:23
pretrained_e15,0,0.01,0.01,15,0,0.0,,0.0030088233196205,,,0.0136796189841682,True,0,10.423306464555935,,2.5,C_ref,2026-09-18 04:13:43,2026-09-18 05:06:23
pretrained_e15,0,0.01,0.01,16,0,0.0,,0.0025632076780453,,,0.0104780348821875,True,0,4.011344917951647,,2.5,C_ref,2026-09-18 04:13:43,2026-09-18 05:06:23
pretrained_e15,0,0.01,0.01,17,0,0.0,,0.0045247971951208,,,0.023366876393097,True,0,15.217271053134027,,2.5,C_ref,2026-09-18 04:13:43,2026-09-18 05:06:23
pretrained_e15,0,0.01,0.01,18,0,0.0,,0.0030316122634902,,,0.0138394473515343,True,0,9.17000097854907,,2.5,C_ref,2026-09-18 04:13:43,2026-09-18 05:06:23
pretrained_e15,0,0.01,0.01,19,0,0.0,,0.0028460714241362,,,0.0125306236995054,True,0,10.011346325194609,,2.5,C_ref,2026-09-18 04:13:43,2026-09-18 05:06:23
pretrained_e15,0,0.01,0.01,20,0,0.0,,0.0044784002863669,,,0.0231567438099808,True,0,12.350704506137845,,2.5,C_ref,2026-09-18 04:13:43,2026-09-18 05:06:23
pretrained_e15,0,0.01,0.01,21,0,0.0,,0.0026767810778564,,,0.0113158318773287,True,0,12.771791113769725,,2.5,C_ref,2026-09-18 04:13:43,2026-09-18 05:06:23
pretrained_e15,0,0.01,0.01,22,0,0.0,,0.0037209354973789,,,0.0184035187070189,True,0,11.04360894317506,,2.5,C_ref,2026-09-18 04:13:43,2026-09-18 05:06:23
pretrained_e15,0,0.01,0.01,23,0,0.0,,0.0037239206332168,,,0.0183045477309999,True,0,9.502299396768649,,2.5,C_ref,2026-09-18 04:13:43,2026-09-18 05:06:23
pretrained_e15,0,0.01,0.01,24,0,0.0,,0.0039832221824513,,,0.0199056726339101,True,0,12.368702080639196,,2.5,C_ref,2026-09-18 04:13:43,2026-09-18 05:06:23
pretrained_e15,0,0.01,0.01,25,0,0.0,,0.0053720726900429,,,0.0279274705884543,True,0,13.096183733981889,,2.5,C_ref,2026-09-18 04:13:43,2026-09-18 05:06:23
pretrained_e15,0,0.01,0.01,26,0,0.0,,0.0040229869578515,,,0.0201327131116157,True,0,10.27663874855716,,2.5,C_ref,2026-09-18 04:13:43,2026-09-18 05:06:23
pretrained_e15,0,0.01,0.01,27,0,0.0,,0.0034523438634258,,,0.0165665850643693,True,0,16.16215654131156,,2.5,C_ref,2026-09-18 04:13:43,2026-09-18 05:06:23
pretrained_e15,0,0.01,0.01,28,0,0.0,,0.0031607209098197,,,0.0147007622248577,True,0,10.289845075680203,,2.5,C_ref,2026-09-18 04:13:43,2026-09-18 05:06:23
pretrained_e15,0,0.01,0.01,29,0,0.0,,0.003235942717231,,,0.0151849343037558,True,0,9.706961219140794,,2.5,C_ref,2026-09-18 04:13:43,2026-09-18 05:06:23
pretrained_e15,0,0.01,0.01,30,0,0.0,,0.003921936756898,,,0.0195179080816055,True,0,11.232026115467306,,2.5,C_ref,2026-09-18 04:13:43,2026-09-18 05:06:23
pretrained_e15,0,0.01,0.01,31,0,0.0,,0.0029297645987949,,,0.0131474689065274,True,0,10.358868707600775,,2.5,C_ref,2026-09-18 04:13:43,2026-09-18 05:06:23
pretrained_e15,0,0.01,0.01,32,0,0.0,,0.0030679081755489,,,0.0140861377887707,True,0,13.50550944875431,,2.5,C_ref,2026-09-18 04:13:43,2026-09-18 05:06:23
pretrained_e15,0,0.01,0.01,33,0,0.0,,0.0041961891755079,,,0.0212323434068454,True,0,10.112689603301988,,2.5,C_ref,2026-09-18 04:13:43,2026-09-18 05:06:23
pretrained_e15,0,0.01,0.01,34,0,0.0,,0.0039092855639575,,,0.0194830151892504,True,0,10.587836119662825,,2.5,C_ref,2026-09-18 04:13:43,2026-09-18 05:06:23
pretrained_e15,0,0.01,0.01,35,0,0.0,,0.0034037771088221,,,0.0163108438437769,True,0,12.685937817641388,,2.5,C_ref,2026-09-18 04:13:43,2026-09-18 05:06:23
pretrained_e15,0,0.01,0.01,36,0,0.0,,0.0028872356103381,,,0.0128417199357658,True,0,14.269122428744597,,2.5,C_ref,2026-09-18 04:13:43,2026-09-18 05:06:23
pretrained_e15,0,0.01,0.01,37,0,0.0,,0.0026949302331187,,,0.0114473848073347,True,0,12.244359321131924,,2.5,C_ref,2026-09-18 04:13:43,2026-09-18 05:06:23
pretrained_e15,0,0.01,0.01,38,0,0.0,,0.002947697627477,,,0.0132473165164012,True,0,11.109074598312873,,2.5,C_ref,2026-09-18 04:13:43,2026-09-18 05:06:23
pretrained_e15,0,0.01,0.01,39,0,0.0,,0.0032902044748958,,,0.0155808308218377,True,0,11.715158483111736,,2.5,C_ref,2026-09-18 04:13:43,2026-09-18 05:06:23
pretrained_e15,0,0.01,0.01,40,0,0.0,,0.0031278700449563,,,0.0144981846149719,True,0,6.164116745268984,,2.5,C_ref,2026-09-18 04:13:43,2026-09-18 05:06:23
pretrained_e15,0,0.01,0.01,41,0,0.0,,0.0041200714072083,,,0.0207277070938079,True,0,11.484570203618205,,2.5,C_ref,2026-09-18 04:13:43,2026-09-18 05:06:23
pretrained_e15,0,0.01,0.01,42,0,0.0,,0.0029617505741368,,,0.0133534907129924,True,0,9.662420933796966,,2.5,C_ref,2026-09-18 04:13:43,2026-09-18 05:06:23
pretrained_e15,0,0.01,0.01,43,0,0.0,,0.0045830350198895,,,0.0236923642444756,True,0,9.542375724358862,,2.5,C_ref,2026-09-18 04:13:43,2026-09-18 05:06:23
pretrained_e15,0,0.01,0.01,44,0,0.0,,0.0043625680441832,,,0.0225313745427939,True,0,12.968833315142549,,2.5,C_ref,2026-09-18 04:13:43,2026-09-18 05:06:23
pretrained_e15,0,0.01,0.01,45,0,0.0,,0.0042686886993467,,,0.0217234779335901,True,0,12.234678536387946,,2.5,C_ref,2026-09-18 04:13:43,2026-09-18 05:06:23
pretrained_e15,0,0.01,0.01,46,0,0.0,,0.0037743097518958,,,0.0187155181736854,True,0,9.756032849498297,,2.5,C_ref,2026-09-18 04:13:43,2026-09-18 05:06:23
pretrained_e15,0,0.01,0.01,47,0,0.0,,0.0033000243327391,,,0.0156366615291119,True,0,12.853794016791651,,2.5,C_ref,2026-09-18 04:13:43,2026-09-18 05:06:23
pretrained_e15,0,0.03,0.03,0,0,0.994427243056726,0.9851054459019896,1.0453793418573298,0.0602738959553402,0.918406404280766,1.1669697622218986,False,0,12.279139949252569,0.0,0.4,C_ref,2026-09-18 05:49:23,2026-09-18 06:48:58
pretrained_e15,0,0.03,0.03,1,0,1.0006896648770225,0.9811072999661836,1.0840332718158592,0.1029259718496754,0.9579358023763204,1.221948980573052,False,0,30.25533582089338,0.0,0.4,C_ref,2026-09-18 05:49:23,2026-09-18 06:48:58
pretrained_e15,0,0.03,0.03,2,0,0.9139375383636158,0.8650875122591921,0.999130822629779,0.1340433103705869,0.8526090822674796,1.1369940087717938,False,0,16.118764854654728,0.0,0.4,C_ref,2026-09-18 05:49:23,2026-09-18 06:48:58
pretrained_e15,0,0.03,0.03,3,0,1.0028161075004227,0.9820542491242024,1.083284229170978,0.1012299800467755,0.9752788793958084,1.2236224185617903,False,0,22.53210211255646,0.0,0.4,C_ref,2026-09-18 05:49:23,2026-09-18 06:48:58
pretrained_e15,0,0.03,0.03,4,0,0.9885054120216268,0.9763373817044392,1.0496111607566376,0.0732737790521984,0.9417736317393602,1.1726653608504127,False,0,13.0846667636215,0.0,0.4,C_ref,2026-09-18 05:49:23,2026-09-18 06:48:58
pretrained_e15,0,0.03,0.03,5,0,0.986623538693114,0.9743906087688576,1.0482138084534625,0.0738231996846047,0.8876708659756269,1.1755411172977948,False,0,11.43716306799979,0.0,0.4,C_ref,2026-09-18 05:49:23,2026-09-18 06:48:58
pretrained_e15,0,0.03,0.03,6,0,0.9948205822736188,0.9853568691243736,1.0560572155952486,0.0707003464708748,0.8677141729763881,1.1822035676024236,False,0,28.060556116965017,0.0,0.4,C_ref,2026-09-18 05:49:23,2026-09-18 06:48:58
pretrained_e15,0,0.03,0.03,7,0,0.9886080224684332,0.9777142802022528,1.0538434109986,0.076129130796347,0.9705022369631576,1.183002206153987,False,0,12.69235484820092,0.0,0.4,C_ref,2026-09-18 05:49:23,2026-09-18 06:48:58
pretrained_e15,0,0.03,0.03,8,0,0.999556600559026,0.9816560367730128,1.095271521872186,0.1136154850991733,0.9388061825390042,1.2416108326062327,False,0,45.90701699652345,0.0,0.4,C_ref,2026-09-18 05:49:23,2026-09-18 06:48:58
pretrained_e15,0,0.03,0.03,9,0,0.9814407107187756,0.967186382070228,1.0463335166629029,0.0791471345926747,0.9091758026173538,1.1744460522212012,False,0,19.498860977422737,0.0,0.4,C_ref,2026-09-18 05:49:23,2026-09-18 06:48:58
pretrained_e15,0,0.03,0.03,10,0,1.065963006130264,0.9898542242777992,1.1936656655896922,0.2038114413118931,0.9825773640067956,1.3579625757800788,False,0,93.67834065937132,0.0,0.4,C_ref,2026-09-18 05:49:23,2026-09-18 06:48:58
pretrained_e15,0,0.03,0.03,11,0,0.9847758160415474,0.9425279100904868,1.0435729292641618,0.101045019173675,0.8478127796623501,1.1708052855847455,False,0,15.806790363156324,0.0,0.4,C_ref,2026-09-18 05:49:23,2026-09-18 06:48:58
pretrained_e15,0,0.03,0.03,12,0,0.9657867157781644,0.9502153940664876,1.054732300894217,0.1045169068277298,0.921835238388802,1.2004244236894188,False,0,39.95598503878136,0.0,0.4,C_ref,2026-09-18 05:49:23,2026-09-18 06:48:58
pretrained_e15,0,0.03,0.03,13,0,0.9404910344866826,0.9144934509141358,1.0424563232130544,0.1279628722989185,0.8922731510108717,1.1988481534629014,False,0,47.95782886991219,0.0,0.4,C_ref,2026-09-18 05:49:23,2026-09-18 06:48:58
pretrained_e15,0,0.03,0.03,14,0,0.9948719684385756,0.9868712853697804,1.0635846430751257,0.0767133577053451,0.8637987474797938,1.1983466366652509,False,0,29.88095167502979,0.0,0.4,C_ref,2026-09-18 05:49:23,2026-09-18 06:48:58
pretrained_e15,0,0.03,0.03,15,0,0.9933506640418398,0.9423038853989444,1.048930772065606,0.1066268866666615,0.8284873993283364,1.1828420563484674,False,0,27.61189145930257,0.0,0.4,C_ref,2026-09-18 05:49:23,2026-09-18 06:48:58
pretrained_e15,0,0.03,0.03,16,0,1.0041097280229567,0.9495733147165836,1.118700962742441,0.1691276480258571,0.9432087234486302,1.2775678048505397,False,0,55.70024887004547,0.0,0.4,C_ref,2026-09-18 05:49:23,2026-09-18 06:48:58
pretrained_e15,0,0.03,0.03,17,0,0.9750992286957864,0.9641742433649824,1.0431305411664564,0.0789562978014739,0.9145365073247342,1.170927076955556,False,0,15.4860303340065,0.0,0.4,C_ref,2026-09-18 05:49:23,2026-09-18 06:48:58
pretrained_e15,0,0.03,0.03,18,0,0.984852477686008,0.9742796790663636,1.0583070957978624,0.0840274167314988,0.9407890370565024,1.1975988665059694,False,0,24.432247515596828,0.0,0.4,C_ref,2026-09-18 05:49:23,2026-09-18 06:48:58
pretrained_e15,0,0.03,0.03,19,0,0.9846401321999336,0.9738626490793052,1.0504517547679435,0.0765891056886385,0.8958993438259708,1.1860395045804115,False,0,24.340334831798828,0.0,0.4,C_ref,2026-09-18 05:49:23,2026-09-18 06:48:58
pretrained_e15,0,0.03,0.03,20,0,0.9029503968256692,0.8533634149635604,0.9672409617530272,0.1138775467894669,0.7746993718714568,1.109927624356808,False,0,19.362671952265373,0.0,0.4,C_ref,2026-09-18 05:49:23,2026-09-18 06:48:58
pretrained_e15,0,0.03,0.03,21,0,0.9745784906608558,0.905348331360309,1.0417340040120024,0.1363856726516934,0.8312541214705411,1.1807831310389418,False,0,24.93268080136841,0.0,0.4,C_ref,2026-09-18 05:49:23,2026-09-18 06:48:58
pretrained_e15,0,0.03,0.03,22,0,0.9546084394509076,0.9263700037223572,1.0370511395311115,0.1106811358087545,0.8778227213318125,1.1747159751571683,False,0,29.471572428690703,0.0,0.4,C_ref,2026-09-18 05:49:23,2026-09-18 06:48:58
pretrained_e15,0,0.03,0.03,23,0,1.009920083365776,0.9779959530591094,1.0940211867515182,0.1160252336924088,0.9692129796953236,1.2285715713412804,False,0,30.958069193213305,0.0,0.4,C_ref,2026-09-18 05:49:23,2026-09-18 06:48:58
pretrained_e15,0,0.03,0.03,24,0,0.9675351557114882,0.9495159255661192,1.038775035957052,0.0892591103909327,0.9431825103629085,1.167683662609584,False,0,13.252316850837817,0.0,0.4,C_ref,2026-09-18 05:49:23,2026-09-18 06:48:58
pretrained_e15,0,0.03,0.03,25,0,0.9942369264535882,0.980956946054282,1.0436448374997245,0.0626878914454421,0.7280099861251327,1.1612463427841355,False,0,7.10233275779683,0.0,0.4,C_ref,2026-09-18 05:49:23,2026-09-18 06:48:58
pretrained_e15,0,0.03,0.03,26,0,0.9613417879246748,0.94860347406452,1.0332136386845248,0.0846101646200048,0.9440721062799612,1.1624551896309856,False,0,21.35874615337525,0.0,0.4,C_ref,2026-09-18 05:49:23,2026-09-18 06:48:58
pretrained_e15,0,0.03,0.03,27,0,0.9948781270150984,0.978619169623191,1.070301901762486,0.091682732139295,0.9730773959075478,1.2015105542433508,False,0,24.54804267043437,0.0,0.4,C_ref,2026-09-18 05:49:23,2026-09-18 06:48:58
pretrained_e15,0,0.03,0.03,28,0,0.99950945400809,0.9858764376405644,1.0701609970704549,0.0842845594298903,0.948120011127866,1.2032092614714531,False,0,17.16270606045873,0.0,0.4,C_ref,2026-09-18 05:49:23,2026-09-18 06:48:58
pretrained_e15,0,0.03,0.03,29,0,0.9953118624805743,0.9876654241982156,1.0644260943419128,0.0767606701436971,0.9806412013183712,1.1925484738750474,False,0,18.27735773176755,0.0,0.4,C_ref,2026-09-18 05:49:23,2026-09-18 06:48:58
pretrained_e15,0,0.03,0.03,30,0,0.9864679503690011,0.9733119435125736,1.0470010118578497,0.0736890683452761,0.8774509580410137,1.1713772908526552,False,0,22.010065132613818,0.0,0.4,C_ref,2026-09-18 05:49:23,2026-09-18 06:48:58
pretrained_e15,0,0.03,0.03,31,0,1.0043127170252355,0.9878535823224378,1.087684308269071,0.0998307259466332,0.980602581041772,1.2265449706080511,False,0,31.24320890125091,0.0,0.4,C_ref,2026-09-18 05:49:23,2026-09-18 06:48:58
pretrained_e15,0,0.03,0.03,32,0,0.9748807459174904,0.9664107269477438,1.0450327048282624,0.0786219778805186,0.9271272619237838,1.1796485338705425,False,0,16.565346445830073,0.0,0.4,C_ref,2026-09-18 05:49:23,2026-09-18 06:48:58
pretrained_e15,0,0.03,0.03,33,0,0.9446113981464624,0.9336625672762876,1.011510484237531,0.0778479169612433,0.802480441183097,1.1526082718182311,False,0,30.40452757908133,0.0,0.4,C_ref,2026-09-18 05:49:23,2026-09-18 06:48:58
pretrained_e15,0,0.03,0.03,34,0,0.995523623255164,0.9878553083649918,1.0623774538589763,0.0745221454939847,0.9813871610772064,1.1886770373678777,False,0,11.281335837920778,0.0,0.4,C_ref,2026-09-18 05:49:23,2026-09-18 06:48:58
pretrained_e15,0,0.03,0.03,35,0,0.9830552494817008,0.9261241012838726,1.0587215292344652,0.1325974279505926,0.9153064126785008,1.1995191452631473,False,0,29.626699277971056,0.0,0.4,C_ref,2026-09-18 05:49:23,2026-09-18 06:48:58
pretrained_e15,0,0.03,0.03,36,0,0.9854908442905008,0.9476066729807842,1.0841421345891362,0.136535461608352,0.9388052209782498,1.231256048427682,False,0,43.89668725340016,0.0,0.4,C_ref,2026-09-18 05:49:23,2026-09-18 06:48:58
pretrained_e15,0,0.03,0.03,37,0,0.9947214593976615,0.9750618895702028,1.072179244307731,0.0971173547375282,0.9663793969195278,1.203995276296255,False,0,16.90856585394431,0.0,0.4,C_ref,2026-09-18 05:49:23,2026-09-18 06:48:58
pretrained_e15,0,0.03,0.03,38,0,0.9714521486442956,0.9451828184270298,1.0710902303737346,0.1259074119467048,0.9291548561151468,1.2252225245306685,False,0,26.605577616508526,0.0,0.4,C_ref,2026-09-18 05:49:23,2026-09-18 06:48:58
pretrained_e15,0,0.03,0.03,39,0,1.0148621442122965,0.9885178570457094,1.1078214994375657,0.119303642391856,0.9821364421195418,1.2485660595705494,False,0,45.31838898678325,0.0,0.4,C_ref,2026-09-18 05:49:23,2026-09-18 06:48:58
pretrained_e15,0,0.03,0.03,40,0,1.0078223572457317,0.9780395782969352,1.101542506226068,0.1235029279291328,0.9696960440805984,1.2439491851778897,False,0,36.77840358531466,0.0,0.4,C_ref,2026-09-18 05:49:23,2026-09-18 06:48:58
pretrained_e15,0,0.03,0.03,41,0,0.9032143600430688,0.8821570184727897,0.9765818316648396,0.0944248131920498,0.7991547984221297,1.1268304842611905,False,0,14.813388662027135,0.0,0.4,C_ref,2026-09-18 05:49:23,2026-09-18 06:48:58
pretrained_e15,0,0.03,0.03,42,0,0.9135009768108788,0.8853185262100114,0.9727925714553662,0.0874740452453548,0.7908040899675131,1.1029321470251072,False,0,8.945822124911501,0.0,0.4,C_ref,2026-09-18 05:49:23,2026-09-18 06:48:58
pretrained_e15,0,0.03,0.03,43,0,0.9648946753677003,0.9517783963142064,1.0272134317046928,0.0754350353904863,0.8422154123361286,1.1549638328525325,False,0,11.8134175979867,0.0,0.4,C_ref,2026-09-18 05:49:23,2026-09-18 06:48:58
pretrained_e15,0,0.03,0.03,44,0,0.984511187299584,0.9583466033271328,1.062337716510779,0.1039911131836461,0.8637390752630013,1.2084758411900356,False,0,56.3553309929448,0.0,0.4,C_ref,2026-09-18 05:49:23,2026-09-18 06:48:58
pretrained_e15,0,0.03,0.03,45,0,0.9535925639925668,0.8917091526230886,1.0015519441441725,0.1098427915210836,0.7235211049004048,1.123074930412975,False,0,5.685068928232795,0.0,0.4,C_ref,2026-09-18 05:49:23,2026-09-18 06:48:58
pretrained_e15,0,0.03,0.03,46,0,0.987967307677152,0.969039459912961,1.065009938616615,0.0959704787036539,0.965042628025558,1.1986309876979138,False,0,29.054748398230004,0.0,0.4,C_ref,2026-09-18 05:49:23,2026-09-18 06:48:58
pretrained_e15,0,0.03,0.03,47,0,1.0097790388682288,0.9870165843424876,1.0924356676187827,0.105419083276295,0.9789655996937762,1.23000961105682,False,0,21.59104065550128,0.0,0.4,C_ref,2026-09-18 05:49:23,2026-09-18 06:48:58
pretrained_e15,0,0.03,0.03,0,0,0.0,,0.0005275404746608,,,0.0021101618986432,True,0,34.34741974738063,,2.5,C_ref,2026-09-18 05:49:23,2026-09-18 06:48:58
pretrained_e15,0,0.03,0.03,1,0,0.0,,0.0001868785630348,,,0.0007475142521395,True,0,29.47294167720247,,2.5,C_ref,2026-09-18 05:49:23,2026-09-18 06:48:58
pretrained_e15,0,0.03,0.03,2,0,0.0,,0.0007775263249283,,,0.0031101052997135,True,0,33.58582161184677,,2.5,C_ref,2026-09-18 05:49:23,2026-09-18 06:48:58
pretrained_e15,0,0.03,0.03,3,0,0.0,,0.0003781589376317,,,0.0015126357505271,True,0,28.00411642931067,,2.5,C_ref,2026-09-18 05:49:23,2026-09-18 06:48:58
pretrained_e15,0,0.03,0.03,4,0,0.0,,0.0005361354129255,,,0.0021445416517023,True,0,38.19872210498943,,2.5,C_ref,2026-09-18 05:49:23,2026-09-18 06:48:58
pretrained_e15,0,0.03,0.03,5,0,0.0,,0.0005478016966823,,,0.0021912067867293,True,0,33.38875323153479,,2.5,C_ref,2026-09-18 05:49:23,2026-09-18 06:48:58
pretrained_e15,0,0.03,0.03,6,0,0.0,,0.0009161967134945,,,0.0036647868539781,True,0,33.60198540203419,,2.5,C_ref,2026-09-18 05:49:23,2026-09-18 06:48:58
pretrained_e15,0,0.03,0.03,7,0,0.0,,0.0008444002807403,,,0.0033776011229613,True,0,30.11899132169856,,2.5,C_ref,2026-09-18 05:49:23,2026-09-18 06:48:58
pretrained_e15,0,0.03,0.03,8,0,0.0,,0.0002478222324839,,,0.0009912889299359,True,0,28.22306323018347,,2.5,C_ref,2026-09-18 05:49:23,2026-09-18 06:48:58
pretrained_e15,0,0.03,0.03,9,0,0.0,,0.0004467270455446,,,0.0017869081821786,True,0,33.38063194741699,,2.5,C_ref,2026-09-18 05:49:23,2026-09-18 06:48:58
pretrained_e15,0,0.03,0.03,10,0,0.0,,8.815247108384573e-05,,,0.0003526098843353,True,0,19.43426942591396,,2.5,C_ref,2026-09-18 05:49:23,2026-09-18 06:48:58
pretrained_e15,0,0.03,0.03,11,0,0.0,,0.001023944743262,,,0.0040957789730482,True,0,32.8664973149389,,2.5,C_ref,2026-09-18 05:49:23,2026-09-18 06:48:58
pretrained_e15,0,0.03,0.03,12,0,0.0,,0.0006407698919483,,,0.0025630795677934,True,0,31.332714680367644,,2.5,C_ref,2026-09-18 05:49:23,2026-09-18 06:48:58
pretrained_e15,0,0.03,0.03,13,0,0.0,,0.0010820282207571,,,0.0043281128830285,True,0,27.65968445498584,,2.5,C_ref,2026-09-18 05:49:23,2026-09-18 06:48:58
pretrained_e15,0,0.03,0.03,14,0,0.0,,0.0011388937382105,,,0.0045555749528421,True,0,33.053125222955714,,2.5,C_ref,2026-09-18 05:49:23,2026-09-18 06:48:58
pretrained_e15,0,0.03,0.03,15,0,0.0,,0.0013268813023194,,,0.0053075252092776,True,0,33.0435096767651,,2.5,C_ref,2026-09-18 05:49:23,2026-09-18 06:48:58
pretrained_e15,0,0.03,0.03,16,0,0.0,,0.0001728652574091,,,0.0006914610296367,True,0,21.072093820643204,,2.5,C_ref,2026-09-18 05:49:23,2026-09-18 06:48:58
pretrained_e15,0,0.03,0.03,17,0,0.0,,0.0004927163393563,,,0.0019708653574252,True,0,30.470364545235498,,2.5,C_ref,2026-09-18 05:49:23,2026-09-18 06:48:58
pretrained_e15,0,0.03,0.03,18,0,0.0,,0.0004352235493099,,,0.0017408941972399,True,0,28.48694065638483,,2.5,C_ref,2026-09-18 05:49:23,2026-09-18 06:48:58
pretrained_e15,0,0.03,0.03,19,0,0.0,,0.0008497949488992,,,0.0033991797955971,True,0,31.20204971855492,,2.5,C_ref,2026-09-18 05:49:23,2026-09-18 06:48:58
pretrained_e15,0,0.03,0.03,20,0,0.0,,0.0158357406263697,,,0.0240913574481308,True,0,31.99970143728933,,2.5,C_ref,2026-09-18 05:49:23,2026-09-18 06:48:58
pretrained_e15,0,0.03,0.03,21,0,0.0,,0.0011376549144959,,,0.0045506196579839,True,0,33.05307559645371,,2.5,C_ref,2026-09-18 05:49:23,2026-09-18 06:48:58
pretrained_e15,0,0.03,0.03,22,0,0.0,,0.0005428276119194,,,0.0021713104476779,True,0,30.64659412037872,,2.5,C_ref,2026-09-18 05:49:23,2026-09-18 06:48:58
pretrained_e15,0,0.03,0.03,23,0,0.0,,0.0002485315165026,,,0.0009941260660105,True,0,28.51442660642715,,2.5,C_ref,2026-09-18 05:49:23,2026-09-18 06:48:58
pretrained_e15,0,0.03,0.03,24,0,0.0,,0.0007378066941562,,,0.002951226776625,True,0,35.96596742284237,,2.5,C_ref,2026-09-18 05:49:23,2026-09-18 06:48:58
pretrained_e15,0,0.03,0.03,25,0,0.0,,0.0017529614362775,,,0.0070118457451102,True,0,34.30697136834351,,2.5,C_ref,2026-09-18 05:49:23,2026-09-18 06:48:58
pretrained_e15,0,0.03,0.03,26,0,0.0,,0.0004149359889087,,,0.0016597439556349,True,0,31.708138765898184,,2.5,C_ref,2026-09-18 05:49:23,2026-09-18 06:48:58
pretrained_e15,0,0.03,0.03,27,0,0.0,,0.0004018101447954,,,0.0016072405791818,True,0,30.42630516638019,,2.5,C_ref,2026-09-18 05:49:23,2026-09-18 06:48:58
pretrained_e15,0,0.03,0.03,28,0,0.0,,0.0002692754001724,,,0.0010771016006897,True,0,28.701749948446377,,2.5,C_ref,2026-09-18 05:49:23,2026-09-18 06:48:58
pretrained_e15,0,0.03,0.03,29,0,0.0,,0.0002987375056244,,,0.0011949500224979,True,0,32.89810673102329,,2.5,C_ref,2026-09-18 05:49:23,2026-09-18 06:48:58
pretrained_e15,0,0.03,0.03,30,0,0.0,,0.0007636783855343,,,0.0030547135421375,True,0,34.270809774483496,,2.5,C_ref,2026-09-18 05:49:23,2026-09-18 06:48:58
pretrained_e15,0,0.03,0.03,31,0,0.0,,0.0002360462898378,,,0.0009441851593515,True,0,28.05008368678682,,2.5,C_ref,2026-09-18 05:49:23,2026-09-18 06:48:58
pretrained_e15,0,0.03,0.03,32,0,0.0,,0.0004764902577296,,,0.0019059610309187,True,0,31.44318115009446,,2.5,C_ref,2026-09-18 05:49:23,2026-09-18 06:48:58
pretrained_e15,0,0.03,0.03,33,0,0.0,,0.0019116174170343,,,0.0076464696681372,True,0,29.85939080834214,,2.5,C_ref,2026-09-18 05:49:23,2026-09-18 06:48:58
pretrained_e15,0,0.03,0.03,34,0,0.0,,0.0004811809553099,,,0.0019247238212399,True,0,33.317290324059286,,2.5,C_ref,2026-09-18 05:49:23,2026-09-18 06:48:58
pretrained_e15,0,0.03,0.03,35,0,0.0,,0.000346514154296,,,0.0013860566171842,True,0,29.73538416552401,,2.5,C_ref,2026-09-18 05:49:23,2026-09-18 06:48:58
pretrained_e15,0,0.03,0.03,36,0,0.0,,0.0002037788937091,,,0.0008151155748367,True,0,26.309382004314102,,2.5,C_ref,2026-09-18 05:49:23,2026-09-18 06:48:58
pretrained_e15,0,0.03,0.03,37,0,0.0,,0.0002763534000898,,,0.0011054136003593,True,0,32.01037394823288,,2.5,C_ref,2026-09-18 05:49:23,2026-09-18 06:48:58
pretrained_e15,0,0.03,0.03,38,0,0.0,,0.0003299759668558,,,0.0013199038674233,True,0,27.218506900728244,,2.5,C_ref,2026-09-18 05:49:23,2026-09-18 06:48:58
pretrained_e15,0,0.03,0.03,39,0,0.0,,0.0001650030992057,,,0.000660012396823,True,0,26.11264854433466,,2.5,C_ref,2026-09-18 05:49:23,2026-09-18 06:48:58
pretrained_e15,0,0.03,0.03,40,0,0.0,,0.0002025304042985,,,0.0008101216171942,True,0,26.946211861071788,,2.5,C_ref,2026-09-18 05:49:23,2026-09-18 06:48:58
pretrained_e15,0,0.03,0.03,41,0,0.0,,0.0101497229737213,,,0.0155871695720694,True,0,27.7218074777702,,2.5,C_ref,2026-09-18 05:49:23,2026-09-18 06:48:58
pretrained_e15,0,0.03,0.03,42,0,0.0,,0.0107889711273731,,,0.0132720343100669,True,0,36.41890633609364,,2.5,C_ref,2026-09-18 05:49:23,2026-09-18 06:48:58
pretrained_e15,0,0.03,0.03,43,0,0.0,,0.0008362561275443,,,0.0033450245101775,True,0,32.02276161987902,,2.5,C_ref,2026-09-18 05:49:23,2026-09-18 06:48:58
pretrained_e15,0,0.03,0.03,44,0,0.0,,0.0007708555786982,,,0.0030834223147928,True,0,26.94785527957356,,2.5,C_ref,2026-09-18 05:49:23,2026-09-18 06:48:58
pretrained_e15,0,0.03,0.03,45,0,0.0,,0.0032739623239664,,,0.0135921089346106,True,0,36.96851505914674,,2.5,C_ref,2026-09-18 05:49:23,2026-09-18 06:48:58
pretrained_e15,0,0.03,0.03,46,0,0.0,,0.0004699972690319,,,0.0018799890761279,True,0,32.96696864181649,,2.5,C_ref,2026-09-18 05:49:23,2026-09-18 06:48:58
pretrained_e15,0,0.03,0.03,47,0,0.0,,0.0003319550424632,,,0.001327820169853,True,0,26.78592146996016,,2.5,C_ref,2026-09-18 05:49:23,2026-09-18 06:48:58
pretrained_e15,0,0.1,0.1,0,0,1.0037116465272138,0.9755426295397084,1.06099625767191,0.0854536281322013,0.7976046675124255,1.2006117707438049,False,0,6.557409041135543,0.0,0.4,C_ref,2026-09-18 07:49:50,2026-09-18 09:12:50
pretrained_e15,0,0.1,0.1,1,0,0.7599198950752337,0.7348147744235394,0.8853294129977255,0.1505146385741861,0.6623466157169997,1.161244126160495,False,0,16.242254146676714,0.0,0.4,C_ref,2026-09-18 07:49:50,2026-09-18 09:12:50
pretrained_e15,0,0.1,0.1,2,0,0.9536100245562082,0.9361940359291884,1.025897109727045,0.0897030737978566,0.8308529280883589,1.1787874675811434,False,0,7.595797222129477,0.0,0.4,C_ref,2026-09-18 07:49:50,2026-09-18 09:12:50
pretrained_e15,0,0.1,0.1,3,0,1.00734355174489,0.9784477798858032,1.1101178954988815,0.1316701156130785,0.971195767126314,1.2722397127459413,False,0,22.84460880566621,0.0,0.4,C_ref,2026-09-18 07:49:50,2026-09-18 09:12:50
pretrained_e15,0,0.1,0.1,4,0,0.9939863330911688,0.978345977609556,1.0615756930964748,0.0832297154869189,0.9316747213180494,1.2062264466602666,False,0,5.93290028575575,0.0,0.4,C_ref,2026-09-18 07:49:50,2026-09-18 09:12:50
pretrained_e15,0,0.1,0.1,5,0,0.804087458266041,0.6747090963276987,0.9035237641242512,0.2288146677965524,0.5182762680599664,1.115267275253746,False,0,11.2809533810032,0.0,0.4,C_ref,2026-09-18 07:49:50,2026-09-18 09:12:50
pretrained_e15,0,0.1,0.1,6,0,0.9849635853582148,0.9665034389681308,1.064338336693432,0.0978348977253013,0.9453514645477582,1.2119519966828547,False,0,9.665855443407054,0.0,0.4,C_ref,2026-09-18 07:49:50,2026-09-18 09:12:50
pretrained_e15,0,0.1,0.1,7,0,0.9649667375014938,0.9567680976398548,1.0446237533704243,0.0878556557305695,0.8853605314921422,1.1978356643148516,False,0,10.700473272663658,0.0,0.4,C_ref,2026-09-18 07:49:50,2026-09-18 09:12:50
pretrained_e15,0,0.1,0.1,8,0,1.0097998828594312,0.9785146701890716,1.113762857923268,0.1352481877341966,0.9702948762563977,1.27656760594118,False,0,30.92202746573093,0.0,0.4,C_ref,2026-09-18 07:49:50,2026-09-18 09:12:50
pretrained_e15,0,0.1,0.1,9,0,0.9545750868543412,0.9381943098724516,1.0386108156891918,0.1004165058167402,0.8777184630097563,1.195670756300742,False,0,13.21231178832022,0.0,0.4,C_ref,2026-09-18 07:49:50,2026-09-18 09:12:50
pretrained_e15,0,0.1,0.1,10,0,1.0680452571649035,0.9921918649613978,1.2114240626140458,0.219232197652648,0.986750919355918,1.3987819667425432,False,0,91.92137865991754,0.0,0.4,C_ref,2026-09-18 07:49:50,2026-09-18 09:12:50
pretrained_e15,0,0.1,0.1,11,0,0.9942759437806684,0.9753525265177212,1.101923304742595,0.1265707782248736,0.9417297325865308,1.2715173040998924,False,0,46.85701358829465,0.0,0.4,C_ref,2026-09-18 07:49:50,2026-09-18 09:12:50
pretrained_e15,0,0.1,0.1,12,0,0.9849161487948344,0.9757992056907004,1.074084553001491,0.0982853473107906,0.8842364505894069,1.2373026487494792,False,0,23.709455133226584,0.0,0.4,C_ref,2026-09-18 07:49:50,2026-09-18 09:12:50
pretrained_e15,0,0.1,0.1,13,0,1.0069331368874384,0.9883068870907676,1.1094065328831129,0.1210996457923452,0.9824565819763816,1.2801914906880725,False,0,14.889363751612107,0.0,0.4,C_ref,2026-09-18 07:49:50,2026-09-18 09:12:50
pretrained_e15,0,0.1,0.1,14,0,0.9666235400691108,0.954797249965068,1.0484994044565283,0.0937021544914602,0.9426307798957662,1.1977806748202116,False,0,9.20202994398278,0.0,0.4,C_ref,2026-09-18 07:49:50,2026-09-18 09:12:50
pretrained_e15,0,0.1,0.1,15,0,0.9797506900730294,0.9584165308588124,1.077278759569457,0.1188622287106445,0.952361216509486,1.241481683402014,False,0,17.585073181897314,0.0,0.4,C_ref,2026-09-18 07:49:50,2026-09-18 09:12:50
pretrained_e15,0,0.1,0.1,16,0,1.0594638368444953,0.9811153122181994,1.1934112831955157,0.2122959709773163,0.959208696374564,1.3730094826320456,False,0,58.53166624261576,0.0,0.4,C_ref,2026-09-18 07:49:50,2026-09-18 09:12:50
pretrained_e15,0,0.1,0.1,17,0,0.950791098684548,0.9147287577968836,1.0501847608576882,0.1354560030608045,0.9077195086138538,1.208285222667178,False,0,20.742245593090047,0.0,0.4,C_ref,2026-09-18 07:49:50,2026-09-18 09:12:50
pretrained_e15,0,0.1,0.1,18,0,0.9705104251130208,0.9415837009439502,1.0723280730763485,0.1307443721323981,0.926769439224473,1.2404537268366784,False,0,26.611596039019787,0.0,0.4,C_ref,2026-09-18 07:49:50,2026-09-18 09:12:50
pretrained_e15,0,0.1,0.1,19,0,0.9747596230534556,0.9398433049657372,1.0699259472361031,0.1300826422703662,0.9373626474048424,1.2234545986696417,False,0,11.179130978391186,0.0,0.4,C_ref,2026-09-18 07:49:50,2026-09-18 09:12:50
pretrained_e15,0,0.1,0.1,20,0,1.0128761722950126,0.9767714806505136,1.1386554686670336,0.1618839880165199,0.917904292230392,1.3120887343787109,False,0,52.15726916830681,0.0,0.4,C_ref,2026-09-18 07:49:50,2026-09-18 09:12:50
pretrained_e15,0,0.1,0.1,21,0,0.9799745940066442,0.9378104012724212,1.1011659251781327,0.1633555239057114,0.8808759967976395,1.2751667698696432,False,0,37.10132114693988,0.0,0.4,C_ref,2026-09-18 07:49:50,2026-09-18 09:12:50
pretrained_e15,0,0.1,0.1,22,0,0.9964192312670176,0.9697924083330764,1.0853495399324218,0.1155571315993454,0.9658144568748602,1.2351499781624615,False,0,16.27849545625213,0.0,0.4,C_ref,2026-09-18 07:49:50,2026-09-18 09:12:50
pretrained_e15,0,0.1,0.1,23,0,1.026047916537017,0.9792060798927406,1.1344007451559186,0.155194665263178,0.9711472816834515,1.2935297024139352,False,0,28.69754012519479,0.0,0.4,C_ref,2026-09-18 07:49:50,2026-09-18 09:12:50
pretrained_e15,0,0.1,0.1,24,0,0.9851516112356334,0.9687277620250164,1.0701826278006457,0.1014548657756291,0.9639638770210092,1.220323610397404,False,0,8.987958871261071,0.0,0.4,C_ref,2026-09-18 07:49:50,2026-09-18 09:12:50
pretrained_e15,0,0.1,0.1,25,0,0.8454643110500486,0.8212669925611151,0.9130119543503772,0.0917449617892621,0.4902798221670773,1.1440493539770125,False,0,3.52046374317797,0.0,0.4,C_ref,2026-09-18 07:49:50,2026-09-18 09:12:50
pretrained_e15,0,0.1,0.1,26,0,0.9772932049804216,0.9631634640564866,1.0634424743398805,0.1002790102833939,0.9184636308981804,1.2131565079519324,False,0,12.032358340533392,0.0,0.4,C_ref,2026-09-18 07:49:50,2026-09-18 09:12:50
pretrained_e15,0,0.1,0.1,27,0,0.9812373464463812,0.9652585917258836,1.0611386674263124,0.0958800757004286,0.9193734696714534,1.2072698990326542,False,0,9.767658465356362,0.0,0.4,C_ref,2026-09-18 07:49:50,2026-09-18 09:12:50
pretrained_e15,0,0.1,0.1,28,0,0.9827751720207027,0.9528106524560436,1.0753377411213865,0.122527088665343,0.9464949200166298,1.2314231726026836,False,0,11.109729926167349,0.0,0.4,C_ref,2026-09-18 07:49:50,2026-09-18 09:12:50
pretrained_e15,0,0.1,0.1,29,0,0.9943371971280404,0.9824350635918562,1.0588080253182188,0.0763729617263626,0.8712038758086328,1.20658487183577,False,0,14.69428246235475,0.0,0.4,C_ref,2026-09-18 07:49:50,2026-09-18 09:12:50
pretrained_e15,0,0.1,0.1,30,0,0.984688420772096,0.9685353087581166,1.0664854544447528,0.0979501456866362,0.9629644173109942,1.2151525456738046,False,0,13.673443409326865,0.0,0.4,C_ref,2026-09-18 07:49:50,2026-09-18 09:12:50
pretrained_e15,0,0.1,0.1,31,0,0.9889366272485584,0.9684368461093232,1.0791892651373771,0.1107524190280538,0.962697867544952,1.2329150950255436,False,0,14.402591325240792,0.0,0.4,C_ref,2026-09-18 07:49:50,2026-09-18 09:12:50
pretrained_e15,0,0.1,0.1,32,0,1.004109686020265,0.9726580366487824,1.1045806441817343,0.1319226075329518,0.9667258145436172,1.2665221498010275,False,0,16.408413638007914,0.0,0.4,C_ref,2026-09-18 07:49:50,2026-09-18 09:12:50
pretrained_e15,0,0.1,0.1,33,0,0.9747740288363504,0.948877648714894,1.0616684363197169,0.1127907876048228,0.9392461248022916,1.214001608249589,False,0,15.498482654238614,0.0,0.4,C_ref,2026-09-18 07:49:50,2026-09-18 09:12:50
pretrained_e15,0,0.1,0.1,34,0,1.0134373270655688,0.9890959709848866,1.0995750552946928,0.1104790843098062,0.9848622503145664,1.2449077784811675,False,0,10.55629638528626,0.0,0.4,C_ref,2026-09-18 07:49:50,2026-09-18 09:12:50
pretrained_e15,0,0.1,0.1,35,0,0.9549190104336212,0.9267479058825688,1.0401968531970542,0.1134489473144854,0.8465951537613137,1.2000336684210686,False,0,17.488781115524034,0.0,0.4,C_ref,2026-09-18 07:49:50,2026-09-18 09:12:50
pretrained_e15,0,0.1,0.1,36,0,1.0040269562732251,0.9725929785841348,1.1114065879801658,0.1388136093960309,0.9495724036522656,1.2749619088387456,False,0,25.931364080795905,0.0,0.4,C_ref,2026-09-18 07:49:50,2026-09-18 09:12:50
pretrained_e15,0,0.1,0.1,37,0,0.9749844571805552,0.96553863623392,1.0536989345991403,0.0881602983652203,0.7645230421989133,1.2094425932779245,False,0,23.31488926869497,0.0,0.4,C_ref,2026-09-18 07:49:50,2026-09-18 09:12:50
pretrained_e15,0,0.1,0.1,38,0,1.0128724178224762,0.9731134506722188,1.133475502325044,0.1603620516528252,0.947212444120882,1.3056997004018087,False,0,34.0853662761765,0.0,0.4,C_ref,2026-09-18 07:49:50,2026-09-18 09:12:50
pretrained_e15,0,0.1,0.1,39,0,0.1647509698905769,0.086588642446041,0.1937779887416426,0.1071893462956016,0.0392289109877788,0.9156537186053308,False,0,1.804863331261004,0.0,0.4,C_ref,2026-09-18 07:49:50,2026-09-18 09:12:50
pretrained_e15,0,0.1,0.1,40,0,1.0088834750029807,0.9687885311418952,1.1163654325187091,0.147576901376814,0.960782602864514,1.2809333554285725,False,0,27.470102397372106,0.0,0.4,C_ref,2026-09-18 07:49:50,2026-09-18 09:12:50
pretrained_e15,0,0.1,0.1,41,0,1.0117957632842542,0.9798966729992432,1.1016383193395494,0.121741646340306,0.9773058804522284,1.2509544116746625,False,0,20.611289952794323,0.0,0.4,C_ref,2026-09-18 07:49:50,2026-09-18 09:12:50
pretrained_e15,0,0.1,0.1,42,0,0.959633435229214,0.9451202316480136,1.0438496070401933,0.0987293753921796,0.8590105874042518,1.2016414655826213,False,0,16.540229992253444,0.0,0.4,C_ref,2026-09-18 07:49:50,2026-09-18 09:12:50
pretrained_e15,0,0.1,0.1,43,0,0.9932537773744357,0.9779812136359628,1.063761362446986,0.0857801488110232,0.9702682465511736,1.20517373408313,False,0,2.3409942765974847,0.0,0.4,C_ref,2026-09-18 07:49:50,2026-09-18 09:12:50
pretrained_e15,0,0.1,0.1,44,0,0.9537924802999104,0.9083596101026864,1.0282163630986911,0.1198567529960047,0.8969721026840214,1.1868946095264965,False,0,6.854721185321978,0.0,0.4,C_ref,2026-09-18 07:49:50,2026-09-18 09:12:50
pretrained_e15,0,0.1,0.1,45,0,0.9136417935783716,0.8694239591131627,1.0198723446057445,0.1504483854925817,0.8499172036858236,1.1817571014042585,False,0,18.959827896556817,0.0,0.4,C_ref,2026-09-18 07:49:50,2026-09-18 09:12:50
pretrained_e15,0,0.1,0.1,46,0,1.005342408858119,0.9881219801864723,1.0903059631571026,0.1021839829706302,0.9811016662590408,1.240089819197166,False,0,9.494779678749182,0.0,0.4,C_ref,2026-09-18 07:49:50,2026-09-18 09:12:50
pretrained_e15,0,0.1,0.1,47,0,0.977737840465784,0.9311777817298226,1.0924479380293255,0.1612701562995031,0.9273807721779158,1.26301352182621,False,0,33.28633830936815,0.0,0.4,C_ref,2026-09-18 07:49:50,2026-09-18 09:12:50
pretrained_e15,0,0.1,0.1,0,0,0.0,,0.0008729064311219,,,0.0034916257244878,True,0,22.23083128127837,,2.5,C_ref,2026-09-18 07:49:50,2026-09-18 09:12:50
pretrained_e15,0,0.1,0.1,1,0,0.0,,0.007245481063056,,,0.0201964141306815,True,0,22.7880602115838,,2.5,C_ref,2026-09-18 07:49:50,2026-09-18 09:12:50
pretrained_e15,0,0.1,0.1,2,0,0.0,,0.0014698793875868,,,0.0058795175503472,True,0,22.1976602937466,,2.5,C_ref,2026-09-18 07:49:50,2026-09-18 09:12:50
pretrained_e15,0,0.1,0.1,3,0,0.0,,0.0002671374784725,,,0.0010685499138903,True,0,15.46487223170334,,2.5,C_ref,2026-09-18 07:49:50,2026-09-18 09:12:50
pretrained_e15,0,0.1,0.1,4,0,0.0,,0.0010952917370059,,,0.0043811669480236,True,0,23.10006368031827,,2.5,C_ref,2026-09-18 07:49:50,2026-09-18 09:12:50
pretrained_e15,0,0.1,0.1,5,0,0.0,,0.0057366220731905,,,0.0356775132769035,True,0,21.53717660001712,,2.5,C_ref,2026-09-18 07:49:50,2026-09-18 09:12:50
pretrained_e15,0,0.1,0.1,6,0,0.0,,0.0004364190648358,,,0.0017456762593434,True,0,19.99669389327028,,2.5,C_ref,2026-09-18 07:49:50,2026-09-18 09:12:50
pretrained_e15,0,0.1,0.1,7,0,0.0,,0.0007732055946449,,,0.0030928223785796,True,0,18.529725523989327,,2.5,C_ref,2026-09-18 07:49:50,2026-09-18 09:12:50
pretrained_e15,0,0.1,0.1,8,0,0.0,,0.0003059324900951,,,0.0012237299603807,True,0,17.30746831572469,,2.5,C_ref,2026-09-18 07:49:50,2026-09-18 09:12:50
pretrained_e15,0,0.1,0.1,9,0,0.0,,0.0006096211659209,,,0.0024384846636839,True,0,19.32268114780527,,2.5,C_ref,2026-09-18 07:49:50,2026-09-18 09:12:50
pretrained_e15,0,0.1,0.1,10,0,0.0,,0.0001760386436872,,,0.0007041545747488,True,0,7.23711166080102,,2.5,C_ref,2026-09-18 07:49:50,2026-09-18 09:12:50
pretrained_e15,0,0.1,0.1,11,0,0.0,,0.0005468260728328,,,0.0021873042913312,True,0,12.580399660346302,,2.5,C_ref,2026-09-18 07:49:50,2026-09-18 09:12:50
pretrained_e15,0,0.1,0.1,12,0,0.0,,0.0007607450752616,,,0.0030429803010466,True,0,19.11209351983416,,2.5,C_ref,2026-09-18 07:49:50,2026-09-18 09:12:50
pretrained_e15,0,0.1,0.1,13,0,0.0,,0.0003763037214638,,,0.0015052148858554,True,0,14.8874913265754,,2.5,C_ref,2026-09-18 07:49:50,2026-09-18 09:12:50
pretrained_e15,0,0.1,0.1,14,0,0.0,,0.0008335633806233,,,0.0033342535224934,True,0,23.331201583871007,,2.5,C_ref,2026-09-18 07:49:50,2026-09-18 09:12:50
pretrained_e15,0,0.1,0.1,15,0,0.0,,0.0003684205934767,,,0.0014736823739069,True,0,17.140159342994593,,2.5,C_ref,2026-09-18 07:49:50,2026-09-18 09:12:50
pretrained_e15,0,0.1,0.1,16,0,0.0,,0.000137705796502,,,0.0005508231860081,True,0,7.062642785713251,,2.5,C_ref,2026-09-18 07:49:50,2026-09-18 09:12:50
pretrained_e15,0,0.1,0.1,17,0,0.0,,0.000482136463166,,,0.0019285458526641,True,0,18.60771223343181,,2.5,C_ref,2026-09-18 07:49:50,2026-09-18 09:12:50
pretrained_e15,0,0.1,0.1,18,0,0.0,,0.0003765958720995,,,0.0015063834883981,True,0,15.79000681123216,,2.5,C_ref,2026-09-18 07:49:50,2026-09-18 09:12:50
pretrained_e15,0,0.1,0.1,19,0,0.0,,0.0003429716488173,,,0.0013718865952695,True,0,19.516916185333685,,2.5,C_ref,2026-09-18 07:49:50,2026-09-18 09:12:50
pretrained_e15,0,0.1,0.1,20,0,0.0,,0.0002566350068352,,,0.001026540027341,True,0,13.14530224281043,,2.5,C_ref,2026-09-18 07:49:50,2026-09-18 09:12:50
pretrained_e15,0,0.1,0.1,21,0,0.0,,0.0004981155781763,,,0.0019924623127054,True,0,15.27739763842328,,2.5,C_ref,2026-09-18 07:49:50,2026-09-18 09:12:50
pretrained_e15,0,0.1,0.1,22,0,0.0,,0.0003496725427431,,,0.0013986901709726,True,0,18.780132254316413,,2.5,C_ref,2026-09-18 07:49:50,2026-09-18 09:12:50
pretrained_e15,0,0.1,0.1,23,0,0.0,,0.0001724552512053,,,0.0006898210048213,True,0,12.992990890979854,,2.5,C_ref,2026-09-18 07:49:50,2026-09-18 09:12:50
pretrained_e15,0,0.1,0.1,24,0,0.0,,0.000856162070778,,,0.0034246482831122,True,0,19.63546196796233,,2.5,C_ref,2026-09-18 07:49:50,2026-09-18 09:12:50
pretrained_e15,0,0.1,0.1,25,0,0.0,,0.0039976410752313,,,0.0373544706369759,True,0,24.5622401902474,,2.5,C_ref,2026-09-18 07:49:50,2026-09-18 09:12:50
pretrained_e15,0,0.1,0.1,26,0,0.0,,0.0003538296108826,,,0.0014153184435307,True,0,19.48516646218559,,2.5,C_ref,2026-09-18 07:49:50,2026-09-18 09:12:50
pretrained_e15,0,0.1,0.1,27,0,0.0,,0.0003197317327961,,,0.0012789269311845,True,0,22.479804311151383,,2.5,C_ref,2026-09-18 07:49:50,2026-09-18 09:12:50
pretrained_e15,0,0.1,0.1,28,0,0.0,,0.0002492753929295,,,0.0009971015717182,True,0,16.200587684386846,,2.5,C_ref,2026-09-18 07:49:50,2026-09-18 09:12:50
pretrained_e15,0,0.1,0.1,29,0,0.0,,0.0006662118116886,,,0.0026648472467547,True,0,20.848442628273915,,2.5,C_ref,2026-09-18 07:49:50,2026-09-18 09:12:50
pretrained_e15,0,0.1,0.1,30,0,0.0,,0.0007768849493326,,,0.0031075397973307,True,0,20.05801227165284,,2.5,C_ref,2026-09-18 07:49:50,2026-09-18 09:12:50
pretrained_e15,0,0.1,0.1,31,0,0.0,,0.0003646525752889,,,0.0014586103011559,True,0,19.26153678239644,,2.5,C_ref,2026-09-18 07:49:50,2026-09-18 09:12:50
pretrained_e15,0,0.1,0.1,32,0,0.0,,0.0003244040331794,,,0.0012976161327179,True,0,15.14089698351745,,2.5,C_ref,2026-09-18 07:49:50,2026-09-18 09:12:50
pretrained_e15,0,0.1,0.1,33,0,0.0,,0.0004520415534634,,,0.0018081662138539,True,0,19.14158322186632,,2.5,C_ref,2026-09-18 07:49:50,2026-09-18 09:12:50
pretrained_e15,0,0.1,0.1,34,0,0.0,,0.0003171251574605,,,0.0012685006298422,True,0,20.51764383938644,,2.5,C_ref,2026-09-18 07:49:50,2026-09-18 09:12:50
pretrained_e15,0,0.1,0.1,35,0,0.0,,0.0008986281216417,,,0.003594512486567,True,0,20.67352890168695,,2.5,C_ref,2026-09-18 07:49:50,2026-09-18 09:12:50
pretrained_e15,0,0.1,0.1,36,0,0.0,,0.0001844378570232,,,0.0007377514280928,True,0,14.239331515265803,,2.5,C_ref,2026-09-18 07:49:50,2026-09-18 09:12:50
pretrained_e15,0,0.1,0.1,37,0,0.0,,0.001239158277021,,,0.0049566331080841,True,0,19.28287240748614,,2.5,C_ref,2026-09-18 07:49:50,2026-09-18 09:12:50
pretrained_e15,0,0.1,0.1,38,0,0.0,,0.0002185945619844,,,0.0008743782479377,True,0,13.39451759772055,,2.5,C_ref,2026-09-18 07:49:50,2026-09-18 09:12:50
pretrained_e15,0,0.1,0.1,39,0,0.0,,0.0011623167976416,,,0.0046492671905667,True,0,21.47695768504127,,2.5,C_ref,2026-09-18 07:49:50,2026-09-18 09:12:50
pretrained_e15,0,0.1,0.1,40,0,0.0,,0.0002774940040572,,,0.001109976016229,True,0,14.835697404738312,,2.5,C_ref,2026-09-18 07:49:50,2026-09-18 09:12:50
pretrained_e15,0,0.1,0.1,41,0,0.0,,0.0003650270792026,,,0.0014601083168107,True,0,16.033321448619972,,2.5,C_ref,2026-09-18 07:49:50,2026-09-18 09:12:50
pretrained_e15,0,0.1,0.1,42,0,0.0,,0.0003617714239239,,,0.0014470856956956,True,0,18.749947465952573,,2.5,C_ref,2026-09-18 07:49:50,2026-09-18 09:12:50
pretrained_e15,0,0.1,0.1,43,0,0.0,,0.0008764150051198,,,0.0035056600204793,True,0,20.25290018400119,,2.5,C_ref,2026-09-18 07:49:50,2026-09-18 09:12:50
pretrained_e15,0,0.1,0.1,44,0,0.0,,0.0006576816253078,,,0.0026307265012313,True,0,18.76835797181048,,2.5,C_ref,2026-09-18 07:49:50,2026-09-18 09:12:50
pretrained_e15,0,0.1,0.1,45,0,0.0,,0.0004356609945547,,,0.001742643978219,True,0,21.73253380948153,,2.5,C_ref,2026-09-18 07:49:50,2026-09-18 09:12:50
pretrained_e15,0,0.1,0.1,46,0,0.0,,0.0005800870648455,,,0.002320348259382,True,0,18.587339335084835,,2.5,C_ref,2026-09-18 07:49:50,2026-09-18 09:12:50
pretrained_e15,0,0.1,0.1,47,0,0.0,,0.0003211924363318,,,0.0012847697453273,True,0,15.490556907836435,,2.5,C_ref,2026-09-18 07:49:50,2026-09-18 09:12:50
pretrained_e15,0,0.3,0.3,0,0,0.954149026527819,0.932613550447593,1.148647481917283,0.2160339314696899,0.0956850937456708,1.4337525928661354,False,0,3.069253568621207,0.0,0.4,C_ref,2026-09-18 11:05:24,2026-09-18 13:35:02
pretrained_e15,0,0.3,0.3,1,0,0.7864397472458996,0.5689358411321837,1.0592660138715808,0.4903301727393971,0.0243803843074012,1.3914163508257342,False,0,2.585384441263159,0.0,0.4,C_ref,2026-09-18 11:05:24,2026-09-18 13:35:02
pretrained_e15,0,0.3,0.3,2,0,0.9865618665661544,0.9206244429653304,1.2360137122366186,0.3153892692712882,0.883676714986968,1.5289005443906878,False,0,8.43266214077812,0.0,0.4,C_ref,2026-09-18 11:05:24,2026-09-18 13:35:02
pretrained_e15,0,0.3,0.3,3,0,1.0119554009196672,0.8716662982851114,1.2737997080134258,0.4021334097283143,0.8663670853784919,1.564820910515783,False,0,14.576263426810328,0.0,0.4,C_ref,2026-09-18 11:05:24,2026-09-18 13:35:02
pretrained_e15,0,0.3,0.3,4,0,0.9001576073946457,0.8463338753314221,1.1563165472621035,0.3099826719306814,0.6850968971315972,1.4577385950400827,False,0,6.306517351105867,0.0,0.4,C_ref,2026-09-18 11:05:24,2026-09-18 13:35:02
pretrained_e15,0,0.3,0.3,5,0,0.9501028909907449,0.9139420390730962,1.1727383335249604,0.2587962944518641,0.4826652211059261,1.4633114146802315,False,0,5.219234014952235,0.0,0.4,C_ref,2026-09-18 11:05:24,2026-09-18 13:35:02
pretrained_e15,0,0.3,0.3,6,0,0.7213275197887832,0.4394588339156569,1.0584320116653312,0.6189731777496743,0.0402599872135481,1.3845585349287688,False,0,1.0280194095357729,0.0,0.4,C_ref,2026-09-18 11:05:24,2026-09-18 13:35:02
pretrained_e15,0,0.3,0.3,7,0,0.8698990964683269,0.8244879533067058,1.1398029212345506,0.3153149679278448,0.4756980892499696,1.4497149780126604,False,0,5.155594450483477,0.0,0.4,C_ref,2026-09-18 11:05:24,2026-09-18 13:35:02
pretrained_e15,0,0.3,0.3,8,0,0.9395936092626724,0.8055782432503459,1.2143207438803614,0.4087425006300155,0.7906681307448113,1.5135361185963487,False,0,9.880912547978369,0.0,0.4,C_ref,2026-09-18 11:05:24,2026-09-18 13:35:02
pretrained_e15,0,0.3,0.3,9,0,1.0560810682454995,0.955301317846592,1.2776254078444802,0.3223240899978882,0.9468613906260106,1.5460684163311895,False,0,20.89045338166397,0.0,0.4,C_ref,2026-09-18 11:05:24,2026-09-18 13:35:02
pretrained_e15,0,0.3,0.3,10,0,0.9986427632385424,0.9152766539701532,1.2629547854041718,0.3476781314340185,0.8023558205826826,1.557597656585377,False,0,17.69509072668734,0.0,0.4,C_ref,2026-09-18 11:05:24,2026-09-18 13:35:02
pretrained_e15,0,0.3,0.3,11,0,0.9442958468347364,0.8762652527315222,1.1952036587481585,0.3189384060166362,0.7933315554999949,1.487969051359146,False,0,10.251652410490353,0.0,0.4,C_ref,2026-09-18 11:05:24,2026-09-18 13:35:02
pretrained_e15,0,0.3,0.3,12,0,0.8726863360428249,0.7982340245461899,1.1511260412156237,0.3528920166694336,0.024086389457344,1.4724317124125272,False,0,2.6362752421446203,0.0,0.4,C_ref,2026-09-18 11:05:24,2026-09-18 13:35:02
pretrained_e15,0,0.3,0.3,13,0,0.8853882502321048,0.1142408892895528,1.142238028605174,1.027997139315621,0.0217697188201908,1.46740732905766,False,0,0.7685954829030379,1.0,0.4,C_ref,2026-09-18 11:05:24,2026-09-18 13:35:02
pretrained_e15,0,0.3,0.3,14,0,0.8569300666083217,0.7832209497492783,1.1332843024079202,0.3500633526586419,0.6733579749436516,1.4375681705870589,False,0,8.21728986695598,0.0,0.4,C_ref,2026-09-18 11:05:24,2026-09-18 13:35:02
pretrained_e15,0,0.3,0.3,15,0,0.9422868758508104,0.8767396857448272,1.2108840416140498,0.3341443558692226,0.7356327079499221,1.5150377847159788,False,0,12.842475204990478,0.0,0.4,C_ref,2026-09-18 11:05:24,2026-09-18 13:35:02
pretrained_e15,0,0.3,0.3,16,0,1.0310873299312502,0.8607310000810247,1.3098017700324105,0.4490707699513858,0.8535165582743437,1.603877974182655,False,0,10.096248851870769,0.0,0.4,C_ref,2026-09-18 11:05:24,2026-09-18 13:35:02
pretrained_e15,0,0.3,0.3,17,0,0.9218165069114064,0.9018639713986012,1.1060522480012227,0.2041882766026214,0.0651236417507313,1.3903639740913367,False,0,0.4696342703391565,0.0,0.4,C_ref,2026-09-18 11:05:24,2026-09-18 13:35:02
pretrained_e15,0,0.3,0.3,18,0,0.9585046024406304,0.89820981101675,1.2174811665125858,0.3192713554958357,0.6005086200248069,1.5142852623200511,False,0,13.72798638381937,0.0,0.4,C_ref,2026-09-18 11:05:24,2026-09-18 13:35:02
pretrained_e15,0,0.3,0.3,19,0,0.8235306116155476,0.6763436278692504,1.137373750161021,0.4610301222917706,0.5680636355112316,1.4529043041347838,False,0,5.93228184765394,0.0,0.4,C_ref,2026-09-18 11:05:24,2026-09-18 13:35:02
pretrained_e15,0,0.3,0.3,20,0,1.003876205937842,0.9192378907295972,1.221836315889541,0.3025984251599435,0.9135566342292156,1.4935787033709107,False,0,15.316996197838307,0.0,0.4,C_ref,2026-09-18 11:05:24,2026-09-18 13:35:02
pretrained_e15,0,0.3,0.3,21,0,0.9884842487050938,0.8488838625357025,1.2675622012591996,0.4186783387234971,0.7396673979029496,1.5639534383995566,False,0,13.71770356882189,0.0,0.4,C_ref,2026-09-18 11:05:24,2026-09-18 13:35:02
pretrained_e15,0,0.3,0.3,22,0,0.8168534401407701,0.721965592867086,1.1269583451143206,0.4049927522472346,0.5095936336085459,1.434440461153076,False,0,9.80286306843118,0.0,0.4,C_ref,2026-09-18 11:05:24,2026-09-18 13:35:02
pretrained_e15,0,0.3,0.3,23,0,0.9048430172992076,0.808328917971668,1.1740922893570995,0.3657633713854316,0.6736541965377592,1.4686678647274525,False,0,9.96530127254664,0.0,0.4,C_ref,2026-09-18 11:05:24,2026-09-18 13:35:02
pretrained_e15,0,0.3,0.3,24,0,0.9462683599522956,0.8809373669977693,1.225417178864002,0.3444798118662328,0.6994194286551475,1.5317409518799328,False,0,9.590247887190344,0.0,0.4,C_ref,2026-09-18 11:05:24,2026-09-18 13:35:02
pretrained_e15,0,0.3,0.3,25,0,0.8294996824208782,0.7966822570394869,1.0362089746855363,0.2395267176460496,0.1524656311812151,1.3218784484447494,False,0,3.027550646351301,0.0,0.4,C_ref,2026-09-18 11:05:24,2026-09-18 13:35:02
pretrained_e15,0,0.3,0.3,26,0,0.3721121689423203,0.1501788671339069,0.8946774646319474,0.7444985974980405,0.0529713727281038,1.281973490739491,False,0,0.0047994663254939,1.0,0.4,C_ref,2026-09-18 11:05:24,2026-09-18 13:35:02
pretrained_e15,0,0.3,0.3,27,0,0.9927470556671738,0.9723130085319616,1.1592002780793187,0.1868872695473571,0.0738751031679831,1.4332680622428482,False,0,1.412343246109231,0.0,0.4,C_ref,2026-09-18 11:05:24,2026-09-18 13:35:02
pretrained_e15,0,0.3,0.3,28,0,0.8707430864076283,0.7527951752606312,1.1312675686991591,0.3784723934385281,0.6529255603531275,1.4415585759728715,False,0,4.345283238031698,0.0,0.4,C_ref,2026-09-18 11:05:24,2026-09-18 13:35:02
pretrained_e15,0,0.3,0.3,29,0,0.9065070135947202,0.8748573078445516,1.1284408997151638,0.2535835918706122,0.1613984873816783,1.4230210028733017,False,0,3.461728605409008,0.0,0.4,C_ref,2026-09-18 11:05:24,2026-09-18 13:35:02
pretrained_e15,0,0.3,0.3,30,0,0.9490972168113816,0.8775329119300264,1.2011494378012988,0.3236165258712724,0.7594420835596248,1.4904777070999051,False,0,12.938170005018035,0.0,0.4,C_ref,2026-09-18 11:05:24,2026-09-18 13:35:02
pretrained_e15,0,0.3,0.3,31,0,0.8987965549828981,0.8322865955774096,1.170766526377044,0.3384799307996345,0.761129872550019,1.4756421046781143,False,0,8.876489591886639,0.0,0.4,C_ref,2026-09-18 11:05:24,2026-09-18 13:35:02
pretrained_e15,0,0.3,0.3,32,0,0.9512941307646968,0.9039691203148712,1.215457946030163,0.3114888257152918,0.4297864475751622,1.518328907650424,False,0,3.6598218237922993,0.0,0.4,C_ref,2026-09-18 11:05:24,2026-09-18 13:35:02
pretrained_e15,0,0.3,0.3,33,0,1.0047625353044911,0.913855057657362,1.223374924070474,0.3095198664131121,0.9064742542069208,1.4926024660266526,False,0,12.134844465283097,0.0,0.4,C_ref,2026-09-18 11:05:24,2026-09-18 13:35:02
pretrained_e15,0,0.3,0.3,34,0,0.7041854336737039,0.6101173776759434,1.1181393463243396,0.5080219686483962,0.3138907066699068,1.4253961286678305,False,0,1.314409250539029,0.0,0.4,C_ref,2026-09-18 11:05:24,2026-09-18 13:35:02
pretrained_e15,0,0.3,0.3,35,0,0.9061639724154488,0.7651336967092119,1.1839429452467511,0.4188092485375392,0.7443854042326893,1.4802824082095698,False,0,11.754616652509869,0.0,0.4,C_ref,2026-09-18 11:05:24,2026-09-18 13:35:02
pretrained_e15,0,0.3,0.3,36,0,0.9846789170608554,0.8353864471161234,1.2562607892278888,0.4208743421117653,0.7986424313324461,1.5501212811936558,False,0,16.39773185233571,0.0,0.4,C_ref,2026-09-18 11:05:24,2026-09-18 13:35:02
pretrained_e15,0,0.3,0.3,37,0,0.2304069961066953,0.1021122727089703,0.9437039181720872,0.8415916454631168,0.0317865628890972,1.3367468103397004,False,0,0.2098808892151282,1.0,0.4,C_ref,2026-09-18 11:05:24,2026-09-18 13:35:02
pretrained_e15,0,0.3,0.3,38,0,0.9673490820881488,0.6556018180125155,1.191680998564702,0.5360791805521864,0.0296386478490793,1.4976963915996553,False,0,2.3089463749420247,0.0,0.4,C_ref,2026-09-18 11:05:24,2026-09-18 13:35:02
pretrained_e15,0,0.3,0.3,39,0,0.9596628200228576,0.8497491303368339,1.1940335883520328,0.3442844580151989,0.8437576826656836,1.4697937511744967,False,0,18.55302718732128,0.0,0.4,C_ref,2026-09-18 11:05:24,2026-09-18 13:35:02
pretrained_e15,0,0.3,0.3,40,0,0.8642305048659454,0.7781978660998872,1.1505953243310802,0.3723974582311931,0.6346388899376109,1.4650860227685845,False,0,4.49806864596394,0.0,0.4,C_ref,2026-09-18 11:05:24,2026-09-18 13:35:02
pretrained_e15,0,0.3,0.3,41,0,0.8700821387657791,0.8419580239213535,1.092851701004428,0.2508936770830745,0.0646979504089041,1.3912658181576798,False,0,1.1380146442825207,0.0,0.4,C_ref,2026-09-18 11:05:24,2026-09-18 13:35:02
pretrained_e15,0,0.3,0.3,42,0,0.8387940003680188,0.7851492236724954,1.1223594181223897,0.3372101944498943,0.3906446406832975,1.4432176339524478,False,0,3.166595168189815,0.0,0.4,C_ref,2026-09-18 11:05:24,2026-09-18 13:35:02
pretrained_e15,0,0.3,0.3,43,0,0.9496506731655566,0.9242129318866786,1.14363677370172,0.2194238418150415,0.8377089154899443,1.4176789943282464,False,0,5.608668398803275,0.0,0.4,C_ref,2026-09-18 11:05:24,2026-09-18 13:35:02
pretrained_e15,0,0.3,0.3,44,0,0.7737225758490143,0.667320385257509,1.072312812774696,0.4049924275171869,0.4545558956669103,1.3848906432920065,False,0,4.577024582740705,0.0,0.4,C_ref,2026-09-18 11:05:24,2026-09-18 13:35:02
pretrained_e15,0,0.3,0.3,45,0,0.9155623410973962,0.5769357990127958,1.0841588283233798,0.507223029310584,0.0494720589717486,1.362151251845896,False,0,3.376149915333372,0.0,0.4,C_ref,2026-09-18 11:05:24,2026-09-18 13:35:02
pretrained_e15,0,0.3,0.3,46,0,1.189885103394054,1.0007252770544552,1.4323561496675803,0.431630872613125,0.9070853562868418,1.7005840689234402,False,0,45.34192238952528,0.0,0.4,C_ref,2026-09-18 11:05:24,2026-09-18 13:35:02
pretrained_e15,0,0.3,0.3,47,0,0.9593685053784698,0.7489977120972711,1.2449274759140825,0.4959297638168114,0.629418209252898,1.541381419102806,False,0,25.51438502011661,0.0,0.4,C_ref,2026-09-18 11:05:24,2026-09-18 13:35:02
pretrained_e15,0,0.3,0.3,0,0,2.303413052017148,2.004734082149959,2.607842621314622,0.6031085391646638,1.709152527899254,2.91954587893601,False,0,0.4201040473017201,1.0,2.5,C_ref,2026-09-18 11:05:24,2026-09-18 13:35:02
pretrained_e15,0,0.3,0.3,1,0,2.344284246649357,2.044630839248026,2.6492135394248275,0.6045827001768016,1.7474015679385897,2.961009605817963,False,0,0.2632210282718006,1.0,2.5,C_ref,2026-09-18 11:05:24,2026-09-18 13:35:02
pretrained_e15,0,0.3,0.3,2,0,2.44030917994688,2.144980280411235,2.74206000755554,0.5970797271443051,1.854125953572185,3.05145927432852,False,0,0.0398613109828147,1.0,2.5,C_ref,2026-09-18 11:05:24,2026-09-18 13:35:02
pretrained_e15,0,0.3,0.3,3,0,2.473909706288762,2.1801384776199964,2.7746263615933664,0.59448788397337,1.8918896459181849,3.0833511306838663,False,0,0.0075269979279255,1.0,2.5,C_ref,2026-09-18 11:05:24,2026-09-18 13:35:02
pretrained_e15,0,0.3,0.3,4,0,2.361024373916801,2.063723781275681,2.6639265703175647,0.6002027890418842,1.769509028880674,2.9739868475114983,False,0,0.2128907799778971,1.0,2.5,C_ref,2026-09-18 11:05:24,2026-09-18 13:35:02
pretrained_e15,0,0.3,0.3,5,0,2.3345751242682096,2.0384259952255515,2.6362781133775486,0.5978521181519971,1.745336139010257,2.9450954967440923,False,0,0.3033289385020907,1.0,2.5,C_ref,2026-09-18 11:05:24,2026-09-18 13:35:02
pretrained_e15,0,0.3,0.3,6,0,2.295852057880349,1.996907110719829,2.599798957575206,0.602891846855377,1.6998778047680614,2.9104438955480343,False,0,0.4539843829043093,1.0,2.5,C_ref,2026-09-18 11:05:24,2026-09-18 13:35:02
pretrained_e15,0,0.3,0.3,7,0,2.377424462121828,2.082794588140095,2.6779791609845693,0.5951845728444742,1.7918027120384576,2.98585658780553,False,0,0.1684418065087811,1.0,2.5,C_ref,2026-09-18 11:05:24,2026-09-18 13:35:02
pretrained_e15,0,0.3,0.3,8,0,2.4032582711017456,2.107547945867167,2.705484932640146,0.5979369867729787,1.816488482937332,3.015448077994852,False,0,0.1039911115767608,1.0,2.5,C_ref,2026-09-18 11:05:24,2026-09-18 13:35:02
pretrained_e15,0,0.3,0.3,9,0,2.36863534481406,2.075727223377408,2.66824847425923,0.5925212508818216,1.7877181818432335,2.97569687830255,False,0,0.1948436058082734,1.0,2.5,C_ref,2026-09-18 11:05:24,2026-09-18 13:35:02
pretrained_e15,0,0.3,0.3,10,0,2.478846683474406,2.184696831251335,2.779929720744587,0.5952328894932521,1.8957792425994937,3.0889508849940857,False,0,0.005036491114879,1.0,2.5,C_ref,2026-09-18 11:05:24,2026-09-18 13:35:02
pretrained_e15,0,0.3,0.3,11,0,2.346135760501864,2.0485218747098664,2.6499088976652856,0.6013870229554192,1.7550153080399828,2.9610804483976927,False,0,0.2593134657217888,1.0,2.5,C_ref,2026-09-18 11:05:24,2026-09-18 13:35:02
pretrained_e15,0,0.3,0.3,12,0,2.4628664331191303,2.163642289805278,2.7682408953040034,0.6045986054987256,1.8684201190515708,3.081075760148264,False,0,0.0149875650640751,1.0,2.5,C_ref,2026-09-18 11:05:24,2026-09-18 13:35:02
pretrained_e15,0,0.3,0.3,13,0,2.473211185539378,2.1726057703914816,2.7796364081587392,0.6070306377672576,1.875541704694498,3.0932124593489694,False,0,0.0076804860545962,1.0,2.5,C_ref,2026-09-18 11:05:24,2026-09-18 13:35:02
pretrained_e15,0,0.3,0.3,14,0,2.335567731182561,2.0418894049514136,2.6351765339198474,0.5932871289684338,1.7518250391071597,2.94216566358521,False,0,0.304060699960246,1.0,2.5,C_ref,2026-09-18 11:05:24,2026-09-18 13:35:02
pretrained_e15,0,0.3,0.3,15,0,2.4628181371981626,2.1662672292449416,2.7658106611794304,0.5995434319344888,1.8741706501166744,3.076520333978956,False,0,0.0152796951661002,1.0,2.5,C_ref,2026-09-18 11:05:24,2026-09-18 13:35:02
pretrained_e15,0,0.3,0.3,16,0,2.548972895700346,2.2559811777889487,2.8493620874681995,0.5933809096792508,1.969024626474326,3.157981003748311,False,0,0.0273682749539148,1.0,2.5,C_ref,2026-09-18 11:05:24,2026-09-18 13:35:02
pretrained_e15,0,0.3,0.3,17,0,2.2335158109413165,1.9359450528219704,2.535876029807909,0.5999309769859391,1.639936929920723,2.844893688422645,False,0,0.7783891093022248,1.0,2.5,C_ref,2026-09-18 11:05:24,2026-09-18 13:35:02
pretrained_e15,0,0.3,0.3,18,0,2.426791869225567,2.1337168200927312,2.726484704024833,0.592767883932102,1.845395262978944,3.0339853306925613,False,0,0.0606430988227657,1.0,2.5,C_ref,2026-09-18 11:05:24,2026-09-18 13:35:02
pretrained_e15,0,0.3,0.3,19,0,2.388322961204172,2.0924046102072125,2.6904653299538186,0.5980607197466061,1.8005708880182252,3.000112142087479,False,0,0.1385681802275939,1.0,2.5,C_ref,2026-09-18 11:05:24,2026-09-18 13:35:02
pretrained_e15,0,0.3,0.3,20,0,2.3073001754807567,2.0096903040664458,2.6109013304508,0.6012110263843544,1.7160325984966291,2.9218480268955567,False,0,0.4060947138459596,1.0,2.5,C_ref,2026-09-18 11:05:24,2026-09-18 13:35:02
pretrained_e15,0,0.3,0.3,21,0,2.476984489559851,2.18293386944649,2.778087655563221,0.5951537861167306,1.8942873140514644,3.0873355237332727,False,0,0.0058774255048774,1.0,2.5,C_ref,2026-09-18 11:05:24,2026-09-18 13:35:02
pretrained_e15,0,0.3,0.3,22,0,2.340315693435382,2.0410060907098604,2.6451655195410755,0.6041594288312151,1.7448195432262994,2.9571261188631364,False,0,0.2770805527397897,1.0,2.5,C_ref,2026-09-18 11:05:24,2026-09-18 13:35:02
pretrained_e15,0,0.3,0.3,23,0,2.3230800543840884,2.0305755968597285,2.6219854476655526,0.5914098508058241,1.742488308570983,2.928581084632644,False,0,0.3536496640954283,1.0,2.5,C_ref,2026-09-18 11:05:24,2026-09-18 13:35:02
pretrained_e15,0,0.3,0.3,24,0,2.407251142809533,2.1095211990192224,2.71100167182038,0.6014804728011569,1.8157320464474285,3.022102156331727,False,0,0.0945981335098622,1.0,2.5,C_ref,2026-09-18 11:05:24,2026-09-18 13:35:02
pretrained_e15,0,0.3,0.3,25,0,2.149327467350083,1.850376719733694,2.452198960929779,0.601822241196085,1.5515319177568074,2.7612162861652068,False,0,1.3364269654193777,0.0,2.5,C_ref,2026-09-18 11:05:24,2026-09-18 13:35:02
pretrained_e15,0,0.3,0.3,26,0,2.278335855019219,1.9789463839067447,2.582361746697643,0.6034153627908978,1.680870467020971,2.892983535656969,False,0,0.5342653127299855,1.0,2.5,C_ref,2026-09-18 11:05:24,2026-09-18 13:35:02
pretrained_e15,0,0.3,0.3,27,0,2.3080232441369906,2.011045147697283,2.6100471474559903,0.5990019997587073,1.7161548533138058,2.9188348658500978,False,0,0.4069955248014594,1.0,2.5,C_ref,2026-09-18 11:05:24,2026-09-18 13:35:02
pretrained_e15,0,0.3,0.3,28,0,2.3821625226935703,2.085194958858131,2.68490713272831,0.5997121738701789,1.791572977580255,2.9949292627478044,False,0,0.1534409270643664,1.0,2.5,C_ref,2026-09-18 11:05:24,2026-09-18 13:35:02
pretrained_e15,0,0.3,0.3,29,0,2.295585192318484,1.995973271224176,2.600364496054964,0.6043912248307879,1.69863772380737,2.9119108781761285,False,0,0.4527192587811441,1.0,2.5,C_ref,2026-09-18 11:05:24,2026-09-18 13:35:02
pretrained_e15,0,0.3,0.3,30,0,2.372212654018716,2.081143829530741,2.6699320097922947,0.5887881802615538,1.794880682854603,2.975434808241661,False,0,0.1867771951838222,1.0,2.5,C_ref,2026-09-18 11:05:24,2026-09-18 13:35:02
pretrained_e15,0,0.3,0.3,31,0,2.379067640081782,2.082276896388755,2.6818478787433087,0.5995709823545536,1.789175887511096,2.9920351046806006,False,0,0.1616449585635564,1.0,2.5,C_ref,2026-09-18 11:05:24,2026-09-18 13:35:02
pretrained_e15,0,0.3,0.3,32,0,2.424958152379182,2.129987897723191,2.7264796589237026,0.5964917612005114,1.8397689517332896,3.035762183930847,False,0,0.0627856614082702,1.0,2.5,C_ref,2026-09-18 11:05:24,2026-09-18 13:35:02
pretrained_e15,0,0.3,0.3,33,0,2.28853233747126,1.9948129762825104,2.5885998405981208,0.5937868643156103,1.7054197586258917,2.896275737128657,False,0,0.5000566958260606,1.0,2.5,C_ref,2026-09-18 11:05:24,2026-09-18 13:35:02
pretrained_e15,0,0.3,0.3,34,0,2.322825930597448,2.0239999131111337,2.626888772273236,0.602888859162102,1.7275986879260357,2.9378669009289395,False,0,0.3423067875155539,1.0,2.5,C_ref,2026-09-18 11:05:24,2026-09-18 13:35:02
pretrained_e15,0,0.3,0.3,35,0,2.328191609430609,2.033474000603308,2.62924726582379,0.5957732652204819,1.7430137363416889,2.937872576028035,False,0,0.3289263708356884,1.0,2.5,C_ref,2026-09-18 11:05:24,2026-09-18 13:35:02
pretrained_e15,0,0.3,0.3,36,0,2.4518823386817923,2.159978703561296,2.7486772059566755,0.5886985023953799,1.8722957121083648,3.0451357544318465,False,0,0.02659809036777,1.0,2.5,C_ref,2026-09-18 11:05:24,2026-09-18 13:35:02
pretrained_e15,0,0.3,0.3,37,0,2.378980680709905,2.079283947394704,2.6842571721438664,0.6049732247491626,1.7826753858245874,2.9967196853649374,False,0,0.1591226510827255,1.0,2.5,C_ref,2026-09-18 11:05:24,2026-09-18 13:35:02
pretrained_e15,0,0.3,0.3,38,0,2.473170252606403,2.1759161634131763,2.7766746754759293,0.600758512062753,1.882907350060148,3.087678410610676,False,0,0.0078650651375937,1.0,2.5,C_ref,2026-09-18 11:05:24,2026-09-18 13:35:02
pretrained_e15,0,0.3,0.3,39,0,2.2786048099506138,1.9877513628531296,2.575162348081472,0.5874109852283422,1.7011132407305047,2.878201752069692,False,0,0.5601465206455032,1.0,2.5,C_ref,2026-09-18 11:05:24,2026-09-18 13:35:02
pretrained_e15,0,0.3,0.3,40,0,2.4008618351731448,2.1043452152123545,2.703592046051192,0.5992468308388372,1.8118758004389943,3.0138955244068724,False,0,0.1088709233699773,1.0,2.5,C_ref,2026-09-18 11:05:24,2026-09-18 13:35:02
pretrained_e15,0,0.3,0.3,41,0,2.2801739581898097,1.9833655307187288,2.5822771427610234,0.5989116120422939,1.689004531066229,2.891368464863228,False,0,0.5324168379156617,1.0,2.5,C_ref,2026-09-18 11:05:24,2026-09-18 13:35:02
pretrained_e15,0,0.3,0.3,42,0,2.4219660659804827,2.1239595052343105,2.725809187147378,0.6018496819130674,1.8294499556469417,3.036924968358517,False,0,0.0669691818111459,1.0,2.5,C_ref,2026-09-18 11:05:24,2026-09-18 13:35:02
pretrained_e15,0,0.3,0.3,43,0,2.2612882373850978,1.961888673891516,2.565572567312344,0.6036838934208275,1.6644556685470004,2.876568368183913,False,0,0.6179216742093558,1.0,2.5,C_ref,2026-09-18 11:05:24,2026-09-18 13:35:02
pretrained_e15,0,0.3,0.3,44,0,2.2670261297734946,1.968494891460964,2.570738359111973,0.6022434676510084,1.6722792872206336,2.8813126498794523,False,0,0.5911804843635764,1.0,2.5,C_ref,2026-09-18 11:05:24,2026-09-18 13:35:02
pretrained_e15,0,0.3,0.3,45,0,2.2067533485302424,1.904826971266296,2.512793292149035,0.607966320882739,1.6032923803753043,2.82503372940864,False,0,0.9186435140582034,1.0,2.5,C_ref,2026-09-18 11:05:24,2026-09-18 13:35:02
pretrained_e15,0,0.3,0.3,46,0,2.45999577324967,2.169063958004967,2.7583766878512352,0.5893127298462684,1.884422745961132,3.0650769056404794,False,0,0.0183904142322717,1.0,2.5,C_ref,2026-09-18 11:05:24,2026-09-18 13:35:02
pretrained_e15,0,0.3,0.3,47,0,2.447211742208694,2.154341197285085,2.7470212566459296,0.5926800593608443,1.866745082239264,3.0548448205835195,False,0,0.0315523970602953,1.0,2.5,C_ref,2026-09-18 11:05:24,2026-09-18 13:35:02
pretrained_e15,0,1.0,1.0,0,0,1.1885711717063108,1.0118552793436535,1.4332284654588563,0.4213731861152028,0.9777788535791442,1.7031968536595503,False,0,38.75269825155556,0.0,0.4,C_ref,2026-09-18 18:23:06,2026-09-19 00:48:16
pretrained_e15,0,1.0,1.0,1,0,1.2384453238589397,1.0470972163580836,1.481943736473381,0.4348465201152973,0.9783167738415453,1.7482430727190676,False,0,40.265431769988936,0.0,0.4,C_ref,2026-09-18 18:23:06,2026-09-19 00:48:16
pretrained_e15,0,1.0,1.0,2,0,1.2180766366818805,1.0101557426683552,1.4799398684478164,0.4697841257794612,0.961658202677249,1.758695586170444,False,0,27.375193653635502,0.0,0.4,C_ref,2026-09-18 18:23:06,2026-09-19 00:48:16
pretrained_e15,0,1.0,1.0,3,0,1.1705967285281222,0.9719917990605048,1.445113198074938,0.4731213990144332,0.8658416696660242,1.7309723882737666,False,0,22.88431327261424,0.0,0.4,C_ref,2026-09-18 18:23:06,2026-09-19 00:48:16
pretrained_e15,0,1.0,1.0,4,0,1.1613455503485344,0.9699532422298526,1.4294822942610357,0.4595290520311829,0.9603942562586548,1.7119188108770138,False,0,29.06385558707916,0.0,0.4,C_ref,2026-09-18 18:23:06,2026-09-19 00:48:16
pretrained_e15,0,1.0,1.0,5,0,1.175086646260186,0.993607290637584,1.426882702627695,0.433275411990111,0.9750754140500226,1.7004206587075876,False,0,31.653496327497123,0.0,0.4,C_ref,2026-09-18 18:23:06,2026-09-19 00:48:16
pretrained_e15,0,1.0,1.0,6,0,1.1610758277266464,0.969184220403724,1.4241198180338213,0.4549355976300973,0.9200514784668136,1.7032872536744192,False,0,29.28566958113879,0.0,0.4,C_ref,2026-09-18 18:23:06,2026-09-19 00:48:16
pretrained_e15,0,1.0,1.0,7,0,1.227768412241268,1.0206801416774576,1.4786232723894812,0.4579431307120236,0.9592611307407992,1.748128514820628,False,0,49.32806497953061,0.0,0.4,C_ref,2026-09-18 18:23:06,2026-09-19 00:48:16
pretrained_e15,0,1.0,1.0,8,0,1.3180936334384334,1.1073794781264985,1.562347487446795,0.4549680093202966,0.9845979680224576,1.825983940824,False,0,76.52954148802746,0.0,0.4,C_ref,2026-09-18 18:23:06,2026-09-19 00:48:16
pretrained_e15,0,1.0,1.0,9,0,1.207141422847131,1.0192156048185514,1.4549781580257153,0.4357625532071638,0.978398677182321,1.7249777692416135,False,0,40.8629742794692,0.0,0.4,C_ref,2026-09-18 18:23:06,2026-09-19 00:48:16
pretrained_e15,0,1.0,1.0,10,0,1.2637481496934633,1.0454246029829075,1.522457526140626,0.4770329231577186,0.980675997647365,1.797393476781936,False,0,45.566421778159565,0.0,0.4,C_ref,2026-09-18 18:23:06,2026-09-19 00:48:16
pretrained_e15,0,1.0,1.0,11,0,1.203456654561678,1.0037030812286405,1.4567984664239884,0.4530953851953481,0.964019291963893,1.7300800754793395,False,0,50.9416016924697,0.0,0.4,C_ref,2026-09-18 18:23:06,2026-09-19 00:48:16
pretrained_e15,0,1.0,1.0,12,0,1.3025076833586682,1.0780204672964877,1.556365668896081,0.4783452015995935,0.9683298186360064,1.764414071725324,False,0,58.143936412448966,0.0,0.4,C_ref,2026-09-18 18:23:06,2026-09-19 00:48:16
pretrained_e15,0,1.0,1.0,13,0,1.3504026481608913,1.12445243304199,1.6042597888900778,0.4798073558480877,0.976555778109496,1.8742567679162665,False,0,62.16068929699031,0.0,0.4,C_ref,2026-09-18 18:23:06,2026-09-19 00:48:16
pretrained_e15,0,1.0,1.0,14,0,1.1712729385196483,0.9987667594567078,1.4196811677892107,0.4209144083325029,0.981664782875202,1.691242088540749,False,0,24.372395055146622,0.0,0.4,C_ref,2026-09-18 18:23:06,2026-09-19 00:48:16
pretrained_e15,0,1.0,1.0,15,0,1.147000426740023,0.9691306163576596,1.425328845054313,0.456198228696653,0.9363181757247492,1.7165233009073946,False,0,16.428914929714665,0.0,0.4,C_ref,2026-09-18 18:23:06,2026-09-19 00:48:16
pretrained_e15,0,1.0,1.0,16,0,1.3825783036082522,1.1581240418430423,1.6335180279781425,0.4753939861350997,0.9915870685277962,1.900920220877076,False,0,76.162127176176,0.0,0.4,C_ref,2026-09-18 18:23:06,2026-09-19 00:48:16
pretrained_e15,0,1.0,1.0,17,0,1.1064324891315276,0.973784426003398,1.3500197933124678,0.3762353673090697,0.957352809083902,1.6221706880891138,False,0,22.33504904369329,0.0,0.4,C_ref,2026-09-18 18:23:06,2026-09-19 00:48:16
pretrained_e15,0,1.0,1.0,18,0,1.2447967464534482,1.0189041080346724,1.5074794907813638,0.4885753827466914,0.9547278333497776,1.783587476310409,False,0,35.01273745858998,0.0,0.4,C_ref,2026-09-18 18:23:06,2026-09-19 00:48:16
pretrained_e15,0,1.0,1.0,19,0,1.2579421932824426,1.0580393584235996,1.504514495144611,0.4464751367210113,0.9830811539127264,1.7728575160699718,False,0,52.63791544034757,0.0,0.4,C_ref,2026-09-18 18:23:06,2026-09-19 00:48:16
pretrained_e15,0,1.0,1.0,20,0,1.3342849231628129,1.131950549350238,1.570605414136521,0.4386548647862831,0.9918173625130072,1.828240645329976,False,0,86.16999785177904,0.0,0.4,C_ref,2026-09-18 18:23:06,2026-09-19 00:48:16
pretrained_e15,0,1.0,1.0,21,0,1.255545134892813,1.0321237516239608,1.5173994676943463,0.4852757160703855,0.9741073669062283,1.794270690172607,False,0,39.30901461318717,0.0,0.4,C_ref,2026-09-18 18:23:06,2026-09-19 00:48:16
pretrained_e15,0,1.0,1.0,22,0,1.2174000313504816,1.0187700381913622,1.4713265336675851,0.4525564954762229,0.9803349485921886,1.7454303747032838,False,0,35.46016778804551,0.0,0.4,C_ref,2026-09-18 18:23:06,2026-09-19 00:48:16
pretrained_e15,0,1.0,1.0,23,0,1.1713107074800808,0.9803228612975938,1.421871966233306,0.4415491049357123,0.9521531932187935,1.6939273417998588,False,0,35.47808617668852,0.0,0.4,C_ref,2026-09-18 18:23:06,2026-09-19 00:48:16
pretrained_e15,0,1.0,1.0,24,0,1.1874670083526992,0.9915419935163204,1.4386183740791845,0.447076380562864,0.9407657260585696,1.710151855139456,False,0,35.32343972019589,0.0,0.4,C_ref,2026-09-18 18:23:06,2026-09-19 00:48:16
pretrained_e15,0,1.0,1.0,25,0,1.093183610169484,0.9798142229604784,1.3341397874790148,0.3543255645185366,0.9723167932165832,1.6055294893038614,False,0,17.488603575002344,0.0,0.4,C_ref,2026-09-18 18:23:06,2026-09-19 00:48:16
pretrained_e15,0,1.0,1.0,26,0,1.1114658071437076,0.9726726878819096,1.362549063881332,0.3898763759994224,0.9298626049964694,1.6399733218751575,False,0,19.84098755184823,0.0,0.4,C_ref,2026-09-18 18:23:06,2026-09-19 00:48:16
pretrained_e15,0,1.0,1.0,27,0,1.235594249719577,1.020860491582353,1.4856439281286695,0.4647834365463168,0.9319723162542228,1.7531284838296006,False,0,59.77276390791667,0.0,0.4,C_ref,2026-09-18 18:23:06,2026-09-19 00:48:16
pretrained_e15,0,1.0,1.0,28,0,1.0969185240181472,0.9891195014449392,1.344627167011564,0.3555076655666246,0.9591135643856256,1.6260306554699555,False,0,13.154518303654186,0.0,0.4,C_ref,2026-09-18 18:23:06,2026-09-19 00:48:16
pretrained_e15,0,1.0,1.0,29,0,1.109330528857789,0.965134508323404,1.3758241567266114,0.4106896484032074,0.8900883772170476,1.6595668725446502,False,0,24.839988920375617,0.0,0.4,C_ref,2026-09-18 18:23:06,2026-09-19 00:48:16
pretrained_e15,0,1.0,1.0,30,0,1.1693318132626045,0.989616394869576,1.4170120586434174,0.4273956637738413,0.9479706241208452,1.686273495108032,False,0,33.62656552941917,0.0,0.4,C_ref,2026-09-18 18:23:06,2026-09-19 00:48:16
pretrained_e15,0,1.0,1.0,31,0,1.3063907628094409,1.0934598797261887,1.5544114352281846,0.4609515555019958,0.9856208066784604,1.8209634121654652,False,0,70.95766960555193,0.0,0.4,C_ref,2026-09-18 18:23:06,2026-09-19 00:48:16
pretrained_e15,0,1.0,1.0,32,0,1.2697229872965696,1.0571174881167502,1.519555670222391,0.4624381821056407,0.9791829967393362,1.7873940572941371,False,0,59.27807967211629,0.0,0.4,C_ref,2026-09-18 18:23:06,2026-09-19 00:48:16
pretrained_e15,0,1.0,1.0,33,0,1.1767070570138507,1.0058524732079486,1.4141999234762626,0.408347450268314,0.971011387762812,1.6791261320757769,False,0,39.251406875748216,0.0,0.4,C_ref,2026-09-18 18:23:06,2026-09-19 00:48:16
pretrained_e15,0,1.0,1.0,34,0,1.2028462759425231,1.0004771918205249,1.4534872222850714,0.4530100304645466,0.9212026603708432,1.724880369783988,False,0,44.33890367838467,0.0,0.4,C_ref,2026-09-18 18:23:06,2026-09-19 00:48:16
pretrained_e15,0,1.0,1.0,35,0,1.2072390568738902,1.023146966398561,1.4461400387866294,0.4229930723880684,0.977204063132276,1.7094613176588538,False,0,56.78519345724635,0.0,0.4,C_ref,2026-09-18 18:23:06,2026-09-19 00:48:16
pretrained_e15,0,1.0,1.0,36,0,1.2404058704550256,1.0239739756695556,1.4966417574008186,0.472667781731263,0.9674718870443844,1.7696773395086385,False,0,50.40411979011333,0.0,0.4,C_ref,2026-09-18 18:23:06,2026-09-19 00:48:16
pretrained_e15,0,1.0,1.0,37,0,1.2611512369127018,1.0515173124109192,1.5109929633965549,0.4594756509856357,0.9652538517438138,1.7222315058384574,False,0,48.38674969715794,0.0,0.4,C_ref,2026-09-18 18:23:06,2026-09-19 00:48:16
pretrained_e15,0,1.0,1.0,38,0,1.345203818370644,1.1249675591350492,1.593514832485155,0.4685472733501057,0.9756380506242442,1.8587734500153368,False,0,77.86048792238944,0.0,0.4,C_ref,2026-09-18 18:23:06,2026-09-19 00:48:16
pretrained_e15,0,1.0,1.0,39,0,1.2456327944116012,1.0630667647850345,1.4781077369907991,0.4150409722057646,0.9881147379942316,1.736676204641526,False,0,51.32292401597442,0.0,0.4,C_ref,2026-09-18 18:23:06,2026-09-19 00:48:16
pretrained_e15,0,1.0,1.0,40,0,1.2183821237875434,1.007180735217431,1.475733159477393,0.4685524242599621,0.9627964245197072,1.7511987725176523,False,0,41.88078053661229,0.0,0.4,C_ref,2026-09-18 18:23:06,2026-09-19 00:48:16
pretrained_e15,0,1.0,1.0,41,0,1.1979861343174047,1.0195893086869008,1.4335396671168386,0.4139503584299377,0.9741832621051172,1.6954140813991956,False,0,42.05569946606192,0.0,0.4,C_ref,2026-09-18 18:23:06,2026-09-19 00:48:16
pretrained_e15,0,1.0,1.0,42,0,1.2143472594981877,1.022152539875539,1.4648114401120949,0.4426589002365559,0.9770885434923524,1.737220081196177,False,0,36.95149522191787,0.0,0.4,C_ref,2026-09-18 18:23:06,2026-09-19 00:48:16
pretrained_e15,0,1.0,1.0,43,0,1.162178192668383,0.9993224962205592,1.4023341665559943,0.4030116703354353,0.9780707314913129,1.67007200377779,False,0,34.517431407090044,0.0,0.4,C_ref,2026-09-18 18:23:06,2026-09-19 00:48:16
pretrained_e15,0,1.0,1.0,44,0,1.1907322905891673,1.0206856960596606,1.4286873559090028,0.4080016598493421,0.9819466198515656,1.6943580250378614,False,0,32.728675249469234,0.0,0.4,C_ref,2026-09-18 18:23:06,2026-09-19 00:48:16
pretrained_e15,0,1.0,1.0,45,0,1.152155663574829,0.9894270824028368,1.4071026621802205,0.4176755797773837,0.9671783655865738,1.6818260198441048,False,0,25.061280899080884,0.0,0.4,C_ref,2026-09-18 18:23:06,2026-09-19 00:48:16
pretrained_e15,0,1.0,1.0,46,0,1.3671914506038132,1.1398654778510249,1.6175223288810665,0.4776568510300416,0.9819818027866144,1.88337594862827,False,0,86.15764815153307,0.0,0.4,C_ref,2026-09-18 18:23:06,2026-09-19 00:48:16
pretrained_e15,0,1.0,1.0,47,0,1.2632686878748285,1.0499966077201175,1.514364269719982,0.4643676619998644,0.95901723466567,1.7837031460436457,False,0,54.800432259307854,0.0,0.4,C_ref,2026-09-18 18:23:06,2026-09-19 00:48:16
pretrained_e15,0,1.0,1.0,0,0,2.4940436136501085,2.211530227291576,2.7836565828133155,0.57212635552174,1.9366092922225928,3.070089500317143,False,0,0.0002336411271244,1.0,2.5,C_ref,2026-09-18 18:23:06,2026-09-19 00:48:16
pretrained_e15,0,1.0,1.0,1,0,2.564868730777682,2.282306970688687,2.8565481765510725,0.5742412058623856,1.8905293560141772,3.157745501942204,False,0,0.0511512028751894,1.0,2.5,C_ref,2026-09-18 18:23:06,2026-09-19 00:48:16
pretrained_e15,0,1.0,1.0,2,0,2.629456073682459,2.344264542649697,2.923213557549794,0.5789490149000964,2.0667818637790862,3.2261599669391425,False,0,0.2027430294729129,1.0,2.5,C_ref,2026-09-18 18:23:06,2026-09-19 00:48:16
pretrained_e15,0,1.0,1.0,3,0,2.3822634626126225,2.219807681879902,2.4129619075037723,0.1931542256238696,1.988202176333285,3.0252223590517544,False,0,2.538327009868226,0.0,2.5,C_ref,2026-09-18 18:23:06,2026-09-19 00:48:16
pretrained_e15,0,1.0,1.0,4,0,2.5641331958921056,2.2784861948770843,2.857912530768016,0.5794263358909317,1.9999358364261093,3.1605453994828143,False,0,0.0491519081806473,1.0,2.5,C_ref,2026-09-18 18:23:06,2026-09-19 00:48:16
pretrained_e15,0,1.0,1.0,5,0,2.5177968537549043,2.2336962900711206,2.8102812710971627,0.5765849810260422,1.9569782071598143,3.111756901572708,False,0,0.0037601363146677,1.0,2.5,C_ref,2026-09-18 18:23:06,2026-09-19 00:48:16
pretrained_e15,0,1.0,1.0,6,0,2.510147484825301,2.224390153712952,2.804185490748749,0.5797953370357969,1.945866260044204,3.1072520010045093,False,0,0.0012258268834557,1.0,2.5,C_ref,2026-09-18 18:23:06,2026-09-19 00:48:16
pretrained_e15,0,1.0,1.0,7,0,2.553950147676294,2.2771785167011265,2.717689360601969,0.4405108439008427,2.00468945366922,3.0878243583297684,False,0,0.0379383414001495,1.0,2.5,C_ref,2026-09-18 18:23:06,2026-09-19 00:48:16
pretrained_e15,0,1.0,1.0,8,0,2.623114956736996,2.342545570251118,2.913340984953604,0.5707954147024856,2.0713246200562025,3.2135179035414025,False,0,0.1887513493929873,1.0,2.5,C_ref,2026-09-18 18:23:06,2026-09-19 00:48:16
pretrained_e15,0,1.0,1.0,9,0,2.552048145365392,2.26828852807954,2.844405007489527,0.5761164794099871,1.973125814838252,3.145983337755458,False,0,0.0327870350738521,1.0,2.5,C_ref,2026-09-18 18:23:06,2026-09-19 00:48:16
pretrained_e15,0,1.0,1.0,10,0,2.673611025295858,2.389480029905928,2.966755392743906,0.5772753628379785,2.113866911107478,3.269404374450065,False,0,0.3687374338405789,1.0,2.5,C_ref,2026-09-18 18:23:06,2026-09-19 00:48:16
pretrained_e15,0,1.0,1.0,11,0,2.5448717166977017,2.2598500643816406,2.8383274530300064,0.5784773886483658,1.982778805702315,3.14019980370803,False,0,0.0239079749480879,1.0,2.5,C_ref,2026-09-18 18:23:06,2026-09-19 00:48:16
pretrained_e15,0,1.0,1.0,12,0,2.705111095123436,2.419078726207752,3.000268440733452,0.5811897145257001,2.1004672299522964,3.304870537789742,False,0,0.5095073044576566,1.0,2.5,C_ref,2026-09-18 18:23:06,2026-09-19 00:48:16
pretrained_e15,0,1.0,1.0,13,0,2.716475380853117,2.432856410362698,3.009435205911557,0.5765787955488593,2.158089866522834,3.3120280931785198,False,0,0.5779005613949266,1.0,2.5,C_ref,2026-09-18 18:23:06,2026-09-19 00:48:16
pretrained_e15,0,1.0,1.0,14,0,2.4541181085845407,2.207662560040802,2.5077429101050788,0.3000803500642761,1.94128605784862,3.002810955831246,False,0,0.1009791416981897,1.0,2.5,C_ref,2026-09-18 18:23:06,2026-09-19 00:48:16
pretrained_e15,0,1.0,1.0,15,0,2.6359581666012537,2.3473866442468747,2.932659760814596,0.5852731165677212,2.06590949498825,3.2382050195942496,False,0,0.2186483876939746,1.0,2.5,C_ref,2026-09-18 18:23:06,2026-09-19 00:48:16
pretrained_e15,0,1.0,1.0,16,0,2.7590954496997595,2.4764692424520067,3.051264357545467,0.5747951150934605,2.202999722710276,3.3532477380506918,False,0,0.837814782436908,1.0,2.5,C_ref,2026-09-18 18:23:06,2026-09-19 00:48:16
pretrained_e15,0,1.0,1.0,17,0,2.41279342127916,2.128178621090909,2.705473589637021,0.5772949685461115,1.850566276766089,3.007021033377116,False,0,0.0904943545720016,1.0,2.5,C_ref,2026-09-18 18:23:06,2026-09-19 00:48:16
pretrained_e15,0,1.0,1.0,18,0,2.4066573987330173,2.2562379390900684,2.428955922009332,0.1727179829192633,2.0229444214497008,3.1934008645440968,False,0,0.7986761833999481,0.0,2.5,C_ref,2026-09-18 18:23:06,2026-09-19 00:48:16
pretrained_e15,0,1.0,1.0,19,0,2.590345466960532,2.306694422265375,2.882906298662792,0.5762118763974167,2.031334224395061,3.184870427828141,False,0,0.0993145949796598,1.0,2.5,C_ref,2026-09-18 18:23:06,2026-09-19 00:48:16
pretrained_e15,0,1.0,1.0,20,0,2.555248618624336,2.274494234933672,2.845496168090781,0.5710019331571092,2.002912111700032,3.14551579222397,False,0,0.0374229800981993,1.0,2.5,C_ref,2026-09-18 18:23:06,2026-09-19 00:48:16
pretrained_e15,0,1.0,1.0,21,0,2.668814869691396,2.384030310833204,2.9624717573082915,0.5784414464750878,2.107401148713817,3.265514838414182,False,0,0.3469608482191688,1.0,2.5,C_ref,2026-09-18 18:23:06,2026-09-19 00:48:16
pretrained_e15,0,1.0,1.0,22,0,2.5639624421037444,2.2785531546544404,2.8579199831369144,0.579366828482474,2.000946540296737,3.160996430389289,False,0,0.0489187939710973,1.0,2.5,C_ref,2026-09-18 18:23:06,2026-09-19 00:48:16
pretrained_e15,0,1.0,1.0,23,0,2.500851220561346,2.2169440979318624,2.79313368722924,0.5761895892973774,1.9404156408493092,3.0945056251363385,False,0,0.0,1.0,2.5,C_ref,2026-09-18 18:23:06,2026-09-19 00:48:16
pretrained_e15,0,1.0,1.0,24,0,2.5128992281773948,2.2297421032927742,2.804411386381438,0.5746692830886637,1.9541297988816888,3.1049964381767663,False,0,0.0019167889804521,1.0,2.5,C_ref,2026-09-18 18:23:06,2026-09-19 00:48:16
pretrained_e15,0,1.0,1.0,25,0,2.3769334480291744,2.0930727792623336,2.6684231793026045,0.5753504000402709,1.815485869815364,2.9684261299038357,False,0,0.1810171140205057,1.0,2.5,C_ref,2026-09-18 18:23:06,2026-09-19 00:48:16
pretrained_e15,0,1.0,1.0,26,0,2.4733763282452657,2.187463071407246,2.7672119561012503,0.5797488846940042,1.830540067561533,3.0697846380757783,False,0,0.0082887996031786,1.0,2.5,C_ref,2026-09-18 18:23:06,2026-09-19 00:48:16
pretrained_e15,0,1.0,1.0,27,0,2.525687724326752,2.2468656539527814,2.8098551173866286,0.5629894634338473,1.975229620106455,3.005519139001996,False,0,0.008067886239587,1.0,2.5,C_ref,2026-09-18 18:23:06,2026-09-19 00:48:16
pretrained_e15,0,1.0,1.0,28,0,2.474879249457288,2.1887433613575795,2.767473918803668,0.5787305574460881,1.908546121061508,3.061924042588782,False,0,0.0072374369119643,1.0,2.5,C_ref,2026-09-18 18:23:06,2026-09-19 00:48:16
pretrained_e15,0,1.0,1.0,29,0,2.500380894636954,2.2130655561982917,2.7956803174476805,0.5826147612493893,1.932566401668293,3.0998177629826773,False,0,0.0,1.0,2.5,C_ref,2026-09-18 18:23:06,2026-09-19 00:48:16
pretrained_e15,0,1.0,1.0,30,0,2.5161124545308096,2.238253365373205,2.752681678524032,0.5144283131508267,1.869673632121268,3.040329747730075,False,0,0.0031234176749421,1.0,2.5,C_ref,2026-09-18 18:23:06,2026-09-19 00:48:16
pretrained_e15,0,1.0,1.0,31,0,2.5916069923638707,2.3107549317629377,2.8755544684448644,0.5647995366819267,2.037032905824634,3.0621701425039496,False,0,0.1046832047541101,1.0,2.5,C_ref,2026-09-18 18:23:06,2026-09-19 00:48:16
pretrained_e15,0,1.0,1.0,32,0,2.6161445056781454,2.3334473167356693,2.908087003799672,0.5746396870640025,2.059480634285526,3.209640506901313,False,0,0.1654338652988372,1.0,2.5,C_ref,2026-09-18 18:23:06,2026-09-19 00:48:16
pretrained_e15,0,1.0,1.0,33,0,2.4583162424767577,2.1754598088795136,2.749747961903705,0.5742881530241912,1.9003001719677477,3.050300887335018,False,0,0.0209657734849315,1.0,2.5,C_ref,2026-09-18 18:23:06,2026-09-19 00:48:16
pretrained_e15,0,1.0,1.0,34,0,2.529929740464319,2.246037104214811,2.822596548779857,0.5765594445650462,1.9701726353947016,3.1245845091621227,False,0,0.0108136318849574,1.0,2.5,C_ref,2026-09-18 18:23:06,2026-09-19 00:48:16
pretrained_e15,0,1.0,1.0,35,0,2.4741571189099623,2.192758138011922,2.764517437317465,0.5717592993055436,1.919755368970726,3.0643119920511963,False,0,0.0079431415870203,1.0,2.5,C_ref,2026-09-18 18:23:06,2026-09-19 00:48:16
pretrained_e15,0,1.0,1.0,36,0,2.6312040484455257,2.3486347457752794,2.9228938374109177,0.5742590916356383,2.0747024799842837,3.224159745351523,False,0,0.2119142834053491,1.0,2.5,C_ref,2026-09-18 18:23:06,2026-09-19 00:48:16
pretrained_e15,0,1.0,1.0,37,0,2.6364224993563248,2.352958913725508,2.9288943901964037,0.575935476470895,2.0778869377415687,3.230788295064386,False,0,0.2277469467080664,1.0,2.5,C_ref,2026-09-18 18:23:06,2026-09-19 00:48:16
pretrained_e15,0,1.0,1.0,38,0,2.6994727157036484,2.4187871287461573,2.9897195591319243,0.570932430385767,2.1473046192104377,3.289816167913405,False,0,0.5000565555710637,1.0,2.5,C_ref,2026-09-18 18:23:06,2026-09-19 00:48:16
pretrained_e15,0,1.0,1.0,39,0,2.521873494533244,2.241485072907192,2.811606582641136,0.5701215097339447,1.9700545937243588,3.1110551168316265,False,0,0.005858790824277,1.0,2.5,C_ref,2026-09-18 18:23:06,2026-09-19 00:48:16
pretrained_e15,0,1.0,1.0,40,0,2.592176045512128,2.306096546986448,2.886931697141776,0.5808351501553277,2.027902138495333,3.190951749777477,False,0,0.101683940654766,1.0,2.5,C_ref,2026-09-18 18:23:06,2026-09-19 00:48:16
pretrained_e15,0,1.0,1.0,41,0,2.4844415988557422,2.202510156244387,2.775200657736644,0.5726905014922568,1.928806873658176,3.075286053283064,False,0,0.0027092723066743,1.0,2.5,C_ref,2026-09-18 18:23:06,2026-09-19 00:48:16
pretrained_e15,0,1.0,1.0,42,0,2.600570955789961,2.315997136721358,2.89373299217082,0.577735855449462,2.0392391989806606,3.1960192146939304,False,0,0.1225078704446787,1.0,2.5,C_ref,2026-09-18 18:23:06,2026-09-19 00:48:16
pretrained_e15,0,1.0,1.0,43,0,2.464051467778931,2.179403328595749,2.756951711908296,0.5775483833125463,1.9022113367473807,3.0587638645052366,False,0,0.0152603800925135,1.0,2.5,C_ref,2026-09-18 18:23:06,2026-09-19 00:48:16
pretrained_e15,0,1.0,1.0,44,0,2.4781289199390364,2.193905980765737,2.7710098538042027,0.5771038730384652,1.917553235798363,3.0730782825440497,False,0,0.0056953467501443,1.0,2.5,C_ref,2026-09-18 18:23:06,2026-09-19 00:48:16
pretrained_e15,0,1.0,1.0,45,0,2.465999287151658,2.1827284720824647,2.757651573841347,0.5749231017588823,1.8888584647887745,3.0583490139532685,False,0,0.0137618545304576,1.0,2.5,C_ref,2026-09-18 18:23:06,2026-09-19 00:48:16
pretrained_e15,0,1.0,1.0,46,0,2.6365917415618405,2.3537468791293783,2.9286083013380835,0.5748614222087052,2.079494742800677,3.2301769033828425,False,0,0.2292386563094623,1.0,2.5,C_ref,2026-09-18 18:23:06,2026-09-19 00:48:16
pretrained_e15,0,1.0,1.0,47,0,2.6233904552229896,2.340370732777895,2.9154691362010974,0.5750984034232025,2.065941035762558,3.217103155583111,False,0,0.186613170466444,1.0,2.5,C_ref,2026-09-18 18:23:06,2026-09-19 00:48:16
pretrained_e20,0,0.01,0.01,0,0,0.1963449533615523,0.0829242763027054,0.4725931290496931,0.3896688527469876,0.0261349657547844,0.969915526201564,False,0,0.6840931696315238,1.0,0.4,C_ref,2026-09-18 04:21:19,2026-09-18 05:06:23
pretrained_e20,0,0.01,0.01,1,0,0.1548969735045352,0.0633501698674609,0.3525290592537174,0.2891788893862565,0.0175004499568261,0.8572140962988983,False,0,1.293435369221697,0.0,0.4,C_ref,2026-09-18 04:21:19,2026-09-18 05:06:23
pretrained_e20,0,0.01,0.01,2,0,0.1469293160378234,0.0572109279166305,0.355397227801064,0.2981862998844334,0.0144192728439703,0.9786017304345682,False,0,1.2375432896042184,0.0,0.4,C_ref,2026-09-18 04:21:19,2026-09-18 05:06:23
pretrained_e20,0,0.01,0.01,3,0,0.1420484996855151,0.0564034983860992,0.2788780560349641,0.2224745576488649,0.0144336714099282,0.9539931482982774,False,0,1.7546100058607408,0.0,0.4,C_ref,2026-09-18 04:21:19,2026-09-18 05:06:23
pretrained_e20,0,0.01,0.01,4,0,0.1603017050140663,0.0661348642299093,0.4244601144864106,0.3583252502565013,0.018927058940893,1.1079823250650631,False,0,0.9253254900140746,1.0,0.4,C_ref,2026-09-18 04:21:19,2026-09-18 05:06:23
pretrained_e20,0,0.01,0.01,5,0,0.1839214171095513,0.0755961589790956,0.4646752924550321,0.3890791334759364,0.0222287914346983,1.0177670838202284,False,0,0.7418477657774929,1.0,0.4,C_ref,2026-09-18 04:21:19,2026-09-18 05:06:23
pretrained_e20,0,0.01,0.01,6,0,0.1867433559149734,0.0788804807621565,0.4302191699707924,0.3513386892086358,0.0244212640461495,0.9145819985642484,False,0,0.8458809517833288,1.0,0.4,C_ref,2026-09-18 04:21:19,2026-09-18 05:06:23
pretrained_e20,0,0.01,0.01,7,0,0.1320403919690016,0.0531338467762565,0.2837567415089281,0.2306228947326715,0.0134107025161979,0.7085238142322559,False,0,1.9542051224852912,0.0,0.4,C_ref,2026-09-18 04:21:19,2026-09-18 05:06:23
pretrained_e20,0,0.01,0.01,8,0,0.1567565098713317,0.0635845429529372,0.3691535067099967,0.3055689637570594,0.0174623297663028,0.9689091093364176,False,0,1.1641761516730185,0.0,0.4,C_ref,2026-09-18 04:21:19,2026-09-18 05:06:23
pretrained_e20,0,0.01,0.01,9,0,0.1240994957411114,0.0492331109775975,0.2686405686427398,0.2194074576651422,0.0117836788917819,0.6737465254443542,False,0,2.150784922840103,0.0,0.4,C_ref,2026-09-18 04:21:19,2026-09-18 05:06:23
pretrained_e20,0,0.01,0.01,10,0,0.1478332776056982,0.0588818888110205,0.3630782585172666,0.304196369706246,0.0155966888186001,1.02778288348718,False,0,1.161720657339174,0.0,0.4,C_ref,2026-09-18 04:21:19,2026-09-18 05:06:23
pretrained_e20,0,0.01,0.01,11,0,0.1398164080749299,0.0561935436404449,0.2443206795400984,0.1881271358996535,0.014267750479014,0.7880579604735215,False,0,1.6722258187583066,0.0,0.4,C_ref,2026-09-18 04:21:19,2026-09-18 05:06:23
pretrained_e20,0,0.01,0.01,12,0,0.120826000742246,0.0456474407495214,0.2740273879636613,0.2283799472141398,0.0096560959750168,0.7646977605758754,False,0,1.99582571947758,0.0,0.4,C_ref,2026-09-18 04:21:19,2026-09-18 05:06:23
pretrained_e20,0,0.01,0.01,13,0,0.1380339032463051,0.0547121372676882,0.2682813827101108,0.2135692454424226,0.0135986957606457,0.8317345048523609,False,0,1.9206692216503145,0.0,0.4,C_ref,2026-09-18 04:21:19,2026-09-18 05:06:23
pretrained_e20,0,0.01,0.01,14,0,0.1631910750575238,0.0685129144202619,0.366367825374125,0.2978549109538631,0.0197234069079959,0.8773138695964503,False,0,1.1922981720526875,0.0,0.4,C_ref,2026-09-18 04:21:19,2026-09-18 05:06:23
pretrained_e20,0,0.01,0.01,15,0,0.1542903898663081,0.0619242750665731,0.3642111366086414,0.3022868615420682,0.0167550615186248,0.9553928707528876,False,0,1.1944937733496772,0.0,0.4,C_ref,2026-09-18 04:21:19,2026-09-18 05:06:23
pretrained_e20,0,0.01,0.01,16,0,0.153696525760949,0.0601512695110929,0.4098309194636624,0.3496796499525694,0.0158210581199208,1.1426405276002642,False,0,0.9666015598340892,1.0,0.4,C_ref,2026-09-18 04:21:19,2026-09-18 05:06:23
pretrained_e20,0,0.01,0.01,17,0,0.1803842803867205,0.0770286299057544,0.3947712522717175,0.317742622365963,0.0238384822595736,0.8243330485009166,False,0,1.0325712122867117,0.0,0.4,C_ref,2026-09-18 04:21:19,2026-09-18 05:06:23
pretrained_e20,0,0.01,0.01,18,0,0.1603420817306991,0.0648983605544817,0.3948534158401861,0.3299550552857043,0.0178893949988167,1.0071492073662898,False,0,1.0231520291563356,0.0,0.4,C_ref,2026-09-18 04:21:19,2026-09-18 05:06:23
pretrained_e20,0,0.01,0.01,19,0,0.132659595143276,0.0517214563210744,0.3062606632737551,0.2545392069526807,0.0124309651454478,0.9125839236059148,False,0,1.5959376597711523,0.0,0.4,C_ref,2026-09-18 04:21:19,2026-09-18 05:06:23
pretrained_e20,0,0.01,0.01,20,0,0.1963177248162697,0.0831875309787682,0.4604796136106316,0.3772920826318633,0.0262493329885243,0.951854491766652,False,0,0.717995563041768,1.0,0.4,C_ref,2026-09-18 04:21:19,2026-09-18 05:06:23
pretrained_e20,0,0.01,0.01,21,0,0.1117367496632152,0.047179910427916,0.2383139650068664,0.1911340545789503,0.0103516793049336,0.817604825024831,False,0,2.2457211108012416,0.0,0.4,C_ref,2026-09-18 04:21:19,2026-09-18 05:06:23
pretrained_e20,0,0.01,0.01,22,0,0.1734593144536151,0.0721205130038677,0.4075980353370917,0.3354775223332239,0.0208603270702741,0.9359466374865854,False,0,0.9625915825345146,1.0,0.4,C_ref,2026-09-18 04:21:19,2026-09-18 05:06:23
pretrained_e20,0,0.01,0.01,23,0,0.1817804574654703,0.0756178274393226,0.4564626714976544,0.3808448440583317,0.0226717425668168,1.003224090701539,False,0,0.7747661183166201,1.0,0.4,C_ref,2026-09-18 04:21:19,2026-09-18 05:06:23
pretrained_e20,0,0.01,0.01,24,0,0.1791588833729402,0.0756307241011805,0.4112837051671743,0.3356529810659938,0.0230036860437897,0.9152526727934024,False,0,0.9404186380998,1.0,0.4,C_ref,2026-09-18 04:21:19,2026-09-18 05:06:23
pretrained_e20,0,0.01,0.01,25,0,0.2085240348069256,0.0911426976482352,0.4811606864737835,0.3900179888255483,0.030690120432769,0.9293367773290198,False,0,0.6259150310361292,1.0,0.4,C_ref,2026-09-18 04:21:19,2026-09-18 05:06:23
pretrained_e20,0,0.01,0.01,26,0,0.1803040309872265,0.0775070151041423,0.2882324806373353,0.210725465533193,0.0241856156027533,1.0004655546431953,False,0,0.739232092146267,0.0,0.4,C_ref,2026-09-18 04:21:19,2026-09-18 05:06:23
pretrained_e20,0,0.01,0.01,27,0,0.1503657954299842,0.0621654879709251,0.330134158787713,0.2679686708167878,0.0174304818828915,0.7817546085427206,False,0,1.4989791973748652,0.0,0.4,C_ref,2026-09-18 04:21:19,2026-09-18 05:06:23
pretrained_e20,0,0.01,0.01,28,0,0.1376431514754064,0.0589264629933742,0.183672613066583,0.1247461500732087,0.0162927939671827,0.9920481327008196,False,0,3.028627765546844,0.0,0.4,C_ref,2026-09-18 04:21:19,2026-09-18 05:06:23
pretrained_e20,0,0.01,0.01,29,0,0.1481753418125281,0.0599032387909809,0.3452392680595176,0.2853360292685367,0.0163327737240937,0.9641270734945536,False,0,1.2793373312561016,0.0,0.4,C_ref,2026-09-18 04:21:19,2026-09-18 05:06:23
pretrained_e20,0,0.01,0.01,30,0,0.1929105226105595,0.0817209843258708,0.4547107258602038,0.372989741534333,0.0259029231528032,0.9463391152540028,False,0,0.7450051495361549,1.0,0.4,C_ref,2026-09-18 04:21:19,2026-09-18 05:06:23
pretrained_e20,0,0.01,0.01,31,0,0.1413941663961884,0.055148319654456,0.3297881060805566,0.2746397864261005,0.013557912790833,0.8916459309765861,False,0,1.4399331565327884,0.0,0.4,C_ref,2026-09-18 04:21:19,2026-09-18 05:06:23
pretrained_e20,0,0.01,0.01,32,0,0.14139880719056,0.0566816019939824,0.3128745249928526,0.2561929229988702,0.0146473342132343,0.7949241272133097,False,0,1.611778746060736,0.0,0.4,C_ref,2026-09-18 04:21:19,2026-09-18 05:06:23
pretrained_e20,0,0.01,0.01,33,0,0.1938787215692144,0.0819736123269391,0.486190389295719,0.4042167769687799,0.0259825552356551,1.0043751596578367,False,0,0.6680406599189155,1.0,0.4,C_ref,2026-09-18 04:21:19,2026-09-18 05:06:23
pretrained_e20,0,0.01,0.01,34,0,0.1749775090710086,0.0732673901980141,0.4104278862015081,0.3371604960034939,0.0215183157466275,0.9474466911996988,False,0,0.951199378072488,1.0,0.4,C_ref,2026-09-18 04:21:19,2026-09-18 05:06:23
pretrained_e20,0,0.01,0.01,35,0,0.1495986661351726,0.0606187631773857,0.3407428554525602,0.2801240922751744,0.0165500130743472,0.8643932270759568,False,0,1.3630517294768651,0.0,0.4,C_ref,2026-09-18 04:21:19,2026-09-18 05:06:23
pretrained_e20,0,0.01,0.01,36,0,0.1393236262546901,0.0553473805071263,0.310800988968094,0.2554536084609677,0.0139640667459582,0.7651018234371494,False,0,1.668149235756573,0.0,0.4,C_ref,2026-09-18 04:21:19,2026-09-18 05:06:23
pretrained_e20,0,0.01,0.01,37,0,0.1315986699328818,0.0510209431560799,0.3012828781075835,0.2502619349515036,0.012059122859282,0.8366732611675874,False,0,1.6795893305679783,0.0,0.4,C_ref,2026-09-18 04:21:19,2026-09-18 05:06:23
pretrained_e20,0,0.01,0.01,38,0,0.1198469536308994,0.0555731213133984,0.2542465565664684,0.1986734352530699,0.0149276514848238,0.9619798754262632,False,0,1.8909929602377813,0.0,0.4,C_ref,2026-09-18 04:21:19,2026-09-18 05:06:23
pretrained_e20,0,0.01,0.01,39,0,0.1557929764979859,0.0644390718602337,0.3472388006922393,0.2827997288320055,0.018001070427242,0.8453251253323709,False,0,1.3322746906524117,0.0,0.4,C_ref,2026-09-18 04:21:19,2026-09-18 05:06:23
pretrained_e20,0,0.01,0.01,40,0,0.1642679760891424,0.0654539581206094,0.4546703892451728,0.3892164311245633,0.0178451701315851,1.124532739595113,False,0,0.8321031646955817,1.0,0.4,C_ref,2026-09-18 04:21:19,2026-09-18 05:06:23
pretrained_e20,0,0.01,0.01,41,0,0.1826538306714061,0.078557922920974,0.4276893582204712,0.3491314352994971,0.0248243964412227,0.9719766221621388,False,0,0.8844332387634495,1.0,0.4,C_ref,2026-09-18 04:21:19,2026-09-18 05:06:23
pretrained_e20,0,0.01,0.01,42,0,0.1541138532927006,0.0617958807398555,0.3723731857781182,0.3105773050382626,0.0167620111481126,0.9716649028591188,False,0,1.1375151461033963,0.0,0.4,C_ref,2026-09-18 04:21:19,2026-09-18 05:06:23
pretrained_e20,0,0.01,0.01,43,0,0.2083138195798277,0.0892483533162636,0.5282648802302188,0.4390165269139551,0.0292246793578918,1.0174701320305433,False,0,0.5391804914506793,1.0,0.4,C_ref,2026-09-18 04:21:19,2026-09-18 05:06:23
pretrained_e20,0,0.01,0.01,44,0,0.1884779773332888,0.0797023228285476,0.4232404647786889,0.3435381419501413,0.0247631129375273,0.8765343606781367,False,0,0.8712290905277769,1.0,0.4,C_ref,2026-09-18 04:21:19,2026-09-18 05:06:23
pretrained_e20,0,0.01,0.01,45,0,0.1774320166517562,0.0745789061279624,0.4170004755981543,0.3424215694701919,0.0223608565427482,0.9294891342636264,False,0,0.917532737912552,1.0,0.4,C_ref,2026-09-18 04:21:19,2026-09-18 05:06:23
pretrained_e20,0,0.01,0.01,46,0,0.19221777761736,0.0800543538186748,0.45872508648179,0.3786707326631152,0.0246690145084339,0.9604721465484372,False,0,0.7323868481726095,1.0,0.4,C_ref,2026-09-18 04:21:19,2026-09-18 05:06:23
pretrained_e20,0,0.01,0.01,47,0,0.1506843754946148,0.0619454864194255,0.3408371012991882,0.2788916148797628,0.0172300498915434,0.8788175775825049,False,0,1.355794873983541,0.0,0.4,C_ref,2026-09-18 04:21:19,2026-09-18 05:06:23
pretrained_e20,0,0.01,0.01,0,0,0.0,,0.0042443612166531,,,0.021749365238651,True,0,10.238319466112443,,2.5,C_ref,2026-09-18 04:21:19,2026-09-18 05:06:23
pretrained_e20,0,0.01,0.01,1,0,0.0,,0.00338208742359,,,0.0162079744925862,True,0,12.786092955546335,,2.5,C_ref,2026-09-18 04:21:19,2026-09-18 05:06:23
pretrained_e20,0,0.01,0.01,2,0,0.0,,0.0028493108329496,,,0.0125897428951024,True,0,8.65091499071059,,2.5,C_ref,2026-09-18 04:21:19,2026-09-18 05:06:23
pretrained_e20,0,0.01,0.01,3,0,0.0,,0.0028250964332366,,,0.0124031391051588,True,0,9.311068651160896,,2.5,C_ref,2026-09-18 04:21:19,2026-09-18 05:06:23
pretrained_e20,0,0.01,0.01,4,0,0.0,,0.0032606787378382,,,0.0153111077640079,True,0,8.492178693642927,,2.5,C_ref,2026-09-18 04:21:19,2026-09-18 05:06:23
pretrained_e20,0,0.01,0.01,5,0,0.0,,0.0037368092846565,,,0.0185348598138726,True,0,8.403702514984616,,2.5,C_ref,2026-09-18 04:21:19,2026-09-18 05:06:23
pretrained_e20,0,0.01,0.01,6,0,0.0,,0.0043521685756463,,,0.0224852393156702,True,0,11.284150462732214,,2.5,C_ref,2026-09-18 04:21:19,2026-09-18 05:06:23
pretrained_e20,0,0.01,0.01,7,0,0.0,,0.0030603255429986,,,0.0140438788610972,True,0,15.637187947839266,,2.5,C_ref,2026-09-18 04:21:19,2026-09-18 05:06:23
pretrained_e20,0,0.01,0.01,8,0,0.0,,0.0033232820401269,,,0.0158203040653424,True,0,9.57260853270418,,2.5,C_ref,2026-09-18 04:21:19,2026-09-18 05:06:23
pretrained_e20,0,0.01,0.01,9,0,0.0,,0.0029129562910192,,,0.0130003679734582,True,0,15.9074133392387,,2.5,C_ref,2026-09-18 04:21:19,2026-09-18 05:06:23
pretrained_e20,0,0.01,0.01,10,0,0.0,,0.0028610548393592,,,0.0126573290200487,True,0,8.296259847364126,,2.5,C_ref,2026-09-18 04:21:19,2026-09-18 05:06:23
pretrained_e20,0,0.01,0.01,11,0,0.0,,0.0033367684419471,,,0.0159854596612448,True,0,13.746066395895468,,2.5,C_ref,2026-09-18 04:21:19,2026-09-18 05:06:23
pretrained_e20,0,0.01,0.01,12,0,0.0,,0.0025514110898201,,,0.0103913542583589,True,0,11.698878600229364,,2.5,C_ref,2026-09-18 04:21:19,2026-09-18 05:06:23
pretrained_e20,0,0.01,0.01,13,0,0.0,,0.0028113802465656,,,0.0123162007168876,True,0,11.430180182320328,,2.5,C_ref,2026-09-18 04:21:19,2026-09-18 05:06:23
pretrained_e20,0,0.01,0.01,14,0,0.0,,0.0035556909758157,,,0.0172951121644061,True,0,12.200851713758311,,2.5,C_ref,2026-09-18 04:21:19,2026-09-18 05:06:23
pretrained_e20,0,0.01,0.01,15,0,0.0,,0.0029537496584082,,,0.0133202444658678,True,0,9.364984673728031,,2.5,C_ref,2026-09-18 04:21:19,2026-09-18 05:06:23
pretrained_e20,0,0.01,0.01,16,0,0.0,,0.0026253573348939,,,0.010947564979578,True,0,4.081347230625397,,2.5,C_ref,2026-09-18 04:21:19,2026-09-18 05:06:23
pretrained_e20,0,0.01,0.01,17,0,0.0,,0.0045616698612011,,,0.0237205969926669,True,0,14.77340134163751,,2.5,C_ref,2026-09-18 04:21:19,2026-09-18 05:06:23
pretrained_e20,0,0.01,0.01,18,0,0.0,,0.0030282614517375,,,0.0138343228983778,True,0,8.630071816154668,,2.5,C_ref,2026-09-18 04:21:19,2026-09-18 05:06:23
pretrained_e20,0,0.01,0.01,19,0,0.0,,0.0028547710259035,,,0.0126086869194409,True,0,9.350303736038768,,2.5,C_ref,2026-09-18 04:21:19,2026-09-18 05:06:23
pretrained_e20,0,0.01,0.01,20,0,0.0,,0.0043555312444044,,,0.0225072707693876,True,0,11.218154776186566,,2.5,C_ref,2026-09-18 04:21:19,2026-09-18 05:06:23
pretrained_e20,0,0.01,0.01,21,0,0.0,,0.0026156758609537,,,0.0108691296933061,True,0,11.40896063836044,,2.5,C_ref,2026-09-18 04:21:19,2026-09-18 05:06:23
pretrained_e20,0,0.01,0.01,22,0,0.0,,0.0036862704871839,,,0.0182071899476655,True,0,10.556366948818322,,2.5,C_ref,2026-09-18 04:21:19,2026-09-18 05:06:23
pretrained_e20,0,0.01,0.01,23,0,0.0,,0.0037495732247673,,,0.018539709128924,True,0,8.861977714757813,,2.5,C_ref,2026-09-18 04:21:19,2026-09-18 05:06:23
pretrained_e20,0,0.01,0.01,24,0,0.0,,0.0039957980760544,,,0.0200358804279992,True,0,11.96318610799426,,2.5,C_ref,2026-09-18 04:21:19,2026-09-18 05:06:23
pretrained_e20,0,0.01,0.01,25,0,0.0,,0.0054305152030698,,,0.0284355403537324,True,0,12.68621314821212,,2.5,C_ref,2026-09-18 04:21:19,2026-09-18 05:06:23
pretrained_e20,0,0.01,0.01,26,0,0.0,,0.0039533095223941,,,0.0197491497488831,True,0,9.539902303080453,,2.5,C_ref,2026-09-18 04:21:19,2026-09-18 05:06:23
pretrained_e20,0,0.01,0.01,27,0,0.0,,0.003385761931852,,,0.0161933734919327,True,0,14.65166315881288,,2.5,C_ref,2026-09-18 04:21:19,2026-09-18 05:06:23
pretrained_e20,0,0.01,0.01,28,0,0.0,,0.0031247653826156,,,0.0144857307576721,True,0,9.500685352839357,,2.5,C_ref,2026-09-18 04:21:19,2026-09-18 05:06:23
pretrained_e20,0,0.01,0.01,29,0,0.0,,0.0033338711070494,,,0.0158667441100696,True,0,9.844278682663573,,2.5,C_ref,2026-09-18 04:21:19,2026-09-18 05:06:23
pretrained_e20,0,0.01,0.01,30,0,0.0,,0.0039192003519292,,,0.0195670674632344,True,0,10.654625939980178,,2.5,C_ref,2026-09-18 04:21:19,2026-09-18 05:06:23
pretrained_e20,0,0.01,0.01,31,0,0.0,,0.0029582808582951,,,0.0133678500471682,True,0,9.996679728552408,,2.5,C_ref,2026-09-18 04:21:19,2026-09-18 05:06:23
pretrained_e20,0,0.01,0.01,32,0,0.0,,0.0031022538924692,,,0.0143574046888866,True,0,12.79836689793592,,2.5,C_ref,2026-09-18 04:21:19,2026-09-18 05:06:23
pretrained_e20,0,0.01,0.01,33,0,0.0,,0.0042792148800109,,,0.0218844150871336,True,0,9.84585010194496,,2.5,C_ref,2026-09-18 04:21:19,2026-09-18 05:06:23
pretrained_e20,0,0.01,0.01,34,0,0.0,,0.0039174262657486,,,0.019597396937354,True,0,10.033223944836209,,2.5,C_ref,2026-09-18 04:21:19,2026-09-18 05:06:23
pretrained_e20,0,0.01,0.01,35,0,0.0,,0.0035005468253124,,,0.0169690893911818,True,0,12.572644109266548,,2.5,C_ref,2026-09-18 04:21:19,2026-09-18 05:06:23
pretrained_e20,0,0.01,0.01,36,0,0.0,,0.0028962875026677,,,0.0129217354981579,True,0,13.70323364602882,,2.5,C_ref,2026-09-18 04:21:19,2026-09-18 05:06:23
pretrained_e20,0,0.01,0.01,37,0,0.0,,0.0027112990043571,,,0.0115751898506329,True,0,11.809381279988884,,2.5,C_ref,2026-09-18 04:21:19,2026-09-18 05:06:23
pretrained_e20,0,0.01,0.01,38,0,0.0,,0.0028567919634067,,,0.0126178921908507,True,0,9.849447799802874,,2.5,C_ref,2026-09-18 04:21:19,2026-09-18 05:06:23
pretrained_e20,0,0.01,0.01,39,0,0.0,,0.0033915475709649,,,0.0162720892284878,True,0,11.87389442262429,,2.5,C_ref,2026-09-18 04:21:19,2026-09-18 05:06:23
pretrained_e20,0,0.01,0.01,40,0,0.0,,0.0030958753837365,,,0.0143077436924835,True,0,5.223535818451637,,2.5,C_ref,2026-09-18 04:21:19,2026-09-18 05:06:23
pretrained_e20,0,0.01,0.01,41,0,0.0,,0.0041033522568788,,,0.0206927774533462,True,0,10.95388148582424,,2.5,C_ref,2026-09-18 04:21:19,2026-09-18 05:06:23
pretrained_e20,0,0.01,0.01,42,0,0.0,,0.0029413863019742,,,0.0132297547040281,True,0,8.962779438701546,,2.5,C_ref,2026-09-18 04:21:19,2026-09-18 05:06:23
pretrained_e20,0,0.01,0.01,43,0,0.0,,0.0046259963587551,,,0.0240725758103489,True,0,9.118015690775792,,2.5,C_ref,2026-09-18 04:21:19,2026-09-18 05:06:23
pretrained_e20,0,0.01,0.01,44,0,0.0,,0.0043668872273045,,,0.0226302725253813,True,0,12.690356370876543,,2.5,C_ref,2026-09-18 04:21:19,2026-09-18 05:06:23
pretrained_e20,0,0.01,0.01,45,0,0.0,,0.0042393665520707,,,0.0216560908024332,True,0,11.54370104199188,,2.5,C_ref,2026-09-18 04:21:19,2026-09-18 05:06:23
pretrained_e20,0,0.01,0.01,46,0,0.0,,0.0038209369366008,,,0.0190544676571418,True,0,9.507461550492735,,2.5,C_ref,2026-09-18 04:21:19,2026-09-18 05:06:23
pretrained_e20,0,0.01,0.01,47,0,0.0,,0.0031612041966595,,,0.0147278763927822,True,0,11.540562783986388,,2.5,C_ref,2026-09-18 04:21:19,2026-09-18 05:06:23
pretrained_e20,0,0.03,0.03,0,0,0.9945373741547084,0.9850335181651344,1.0467222827039042,0.0616887645387699,0.9303828320748366,1.1672937246385249,False,0,5.740748029616952,0.0,0.4,C_ref,2026-09-18 05:57:00,2026-09-18 06:48:58
pretrained_e20,0,0.03,0.03,1,0,0.99953685587551,0.9805115548199808,1.0781812497574588,0.097669694937478,0.9495607872748072,1.2148500618882796,False,0,26.73573688085889,0.0,0.4,C_ref,2026-09-18 05:57:00,2026-09-18 06:48:58
pretrained_e20,0,0.03,0.03,2,0,0.8547159546053541,0.8384803408611848,0.9346520359702252,0.0961716951090403,0.8086603004243443,1.115987766504705,False,0,12.319860589261223,0.0,0.4,C_ref,2026-09-18 05:57:00,2026-09-18 06:48:58
pretrained_e20,0,0.03,0.03,3,0,1.0046630207533485,0.9888105426349167,1.0842506918463022,0.0954401492113854,0.9845711881763236,1.2229820987258953,False,0,18.17531345277166,0.0,0.4,C_ref,2026-09-18 05:57:00,2026-09-18 06:48:58
pretrained_e20,0,0.03,0.03,4,0,0.9943873060658154,0.9834313019396952,1.0480273887292657,0.0645960867895701,0.9305827840657216,1.1687490346642186,False,0,10.641391418372224,0.0,0.4,C_ref,2026-09-18 05:57:00,2026-09-18 06:48:58
pretrained_e20,0,0.03,0.03,5,0,0.9944286663535422,0.9847472237609494,1.0470082380394212,0.0622610142784718,0.8882038180358972,1.1713460749410158,False,0,5.556786488617945,0.0,0.4,C_ref,2026-09-18 05:57:00,2026-09-18 06:48:58
pretrained_e20,0,0.03,0.03,6,0,0.9979084482814656,0.9853442756238464,1.0582865076267918,0.0729422320029452,0.8692597316670301,1.1840163315535233,False,0,25.07848456919237,0.0,0.4,C_ref,2026-09-18 05:57:00,2026-09-18 06:48:58
pretrained_e20,0,0.03,0.03,7,0,0.9948788213646445,0.987266599383168,1.0562999185884434,0.0690333192052755,0.9729135574994696,1.183547080858396,False,0,8.889371652836417,0.0,0.4,C_ref,2026-09-18 05:57:00,2026-09-18 06:48:58
pretrained_e20,0,0.03,0.03,8,0,1.0010560167096094,0.9817425963176524,1.0932843848011526,0.1115417884835001,0.9453289386748036,1.2379493545596274,False,0,38.68565667503208,0.0,0.4,C_ref,2026-09-18 05:57:00,2026-09-18 06:48:58
pretrained_e20,0,0.03,0.03,9,0,0.9849043007276213,0.9769588800095824,1.048581644838277,0.0716227648286944,0.9155722944175102,1.1754132653884837,False,0,10.976159287172775,0.0,0.4,C_ref,2026-09-18 05:57:00,2026-09-18 06:48:58
pretrained_e20,0,0.03,0.03,10,0,1.0913868216864988,1.007202696303486,1.2173390368678123,0.2101363405643261,0.9849912284153776,1.3797856397831372,False,0,89.15620705361653,0.0,0.4,C_ref,2026-09-18 05:57:00,2026-09-18 06:48:58
pretrained_e20,0,0.03,0.03,11,0,0.9932282200560152,0.9539917342003188,1.0432342773538394,0.0892425431535205,0.803575360823997,1.16885110624655,False,0,14.2839778114394,0.0,0.4,C_ref,2026-09-18 05:57:00,2026-09-18 06:48:58
pretrained_e20,0,0.03,0.03,12,0,0.9744424327501822,0.9399618655219,1.046910830578257,0.1069489650563569,0.931098611866618,1.1886780034303213,False,0,33.029059111941024,0.0,0.4,C_ref,2026-09-18 05:57:00,2026-09-18 06:48:58
pretrained_e20,0,0.03,0.03,13,0,0.9247063867893442,0.899573094067482,1.0075052524299914,0.1079321583625094,0.8390163137366732,1.1604885822519306,False,0,19.072814988685423,0.0,0.4,C_ref,2026-09-18 05:57:00,2026-09-18 06:48:58
pretrained_e20,0,0.03,0.03,14,0,0.9961894593450114,0.9868245129932092,1.0632912414001623,0.0764667284069532,0.8122689927571161,1.194159336553246,False,0,21.3934417018354,0.0,0.4,C_ref,2026-09-18 05:57:00,2026-09-18 06:48:58
pretrained_e20,0,0.03,0.03,15,0,0.993193754870642,0.941068760538216,1.044888506028527,0.103819745490311,0.6735351206554718,1.1738408979533594,False,0,11.95565666058974,0.0,0.4,C_ref,2026-09-18 05:57:00,2026-09-18 06:48:58
pretrained_e20,0,0.03,0.03,16,0,0.9969127707127594,0.9519932748357496,1.1071413107750636,0.1551480359393141,0.9472692103208852,1.2665184901176794,False,0,49.13451020074717,0.0,0.4,C_ref,2026-09-18 05:57:00,2026-09-18 06:48:58
pretrained_e20,0,0.03,0.03,17,0,0.9844991580494532,0.9740267294701492,1.041445979162224,0.0674192496920746,0.8769480568064664,1.166427909521907,False,0,14.694201121539663,0.0,0.4,C_ref,2026-09-18 05:57:00,2026-09-18 06:48:58
pretrained_e20,0,0.03,0.03,18,0,0.9899828215264028,0.9744921359506052,1.0598524292169365,0.0853602932663313,0.9508775074351729,1.195513011730524,False,0,13.56625992395493,0.0,0.4,C_ref,2026-09-18 05:57:00,2026-09-18 06:48:58
pretrained_e20,0,0.03,0.03,19,0,0.9846464548119938,0.9737573551647768,1.0487735980437949,0.0750162428790177,0.905706786987029,1.183125208080115,False,0,17.589108359767124,0.0,0.4,C_ref,2026-09-18 05:57:00,2026-09-18 06:48:58
pretrained_e20,0,0.03,0.03,20,0,0.8547292858378345,0.8424804685155587,0.926060731465818,0.0835802629502592,0.6551915639014855,1.07041315534602,False,0,20.59212110270164,0.0,0.4,C_ref,2026-09-18 05:57:00,2026-09-18 06:48:58
pretrained_e20,0,0.03,0.03,21,0,0.9834241566729108,0.9052255167424658,1.0394896196454828,0.134264102903017,0.8124403322418728,1.1740886041111251,False,0,23.683904974353936,0.0,0.4,C_ref,2026-09-18 05:57:00,2026-09-18 06:48:58
pretrained_e20,0,0.03,0.03,22,0,0.9547293689208568,0.929837491644682,1.0382867297310874,0.1084492380864052,0.8793388305623391,1.1757201566808708,False,0,25.976027817971044,0.0,0.4,C_ref,2026-09-18 05:57:00,2026-09-18 06:48:58
pretrained_e20,0,0.03,0.03,23,0,1.011119188136266,0.9797870146152268,1.0934850197261348,0.1136980051109078,0.9776220836462692,1.227375646381066,False,0,26.12373422228848,0.0,0.4,C_ref,2026-09-18 05:57:00,2026-09-18 06:48:58
pretrained_e20,0,0.03,0.03,24,0,0.9631583962265368,0.948423702524742,1.0331119449628672,0.0846882424381252,0.9428810069941096,1.161991783160149,False,0,10.799321652117214,0.0,0.4,C_ref,2026-09-18 05:57:00,2026-09-18 06:48:58
pretrained_e20,0,0.03,0.03,25,0,0.996359368895947,0.9800310992487304,1.0467893931832253,0.0667582939344949,0.5510229309211273,1.1619843765802365,False,0,3.6542897947947495,0.0,0.4,C_ref,2026-09-18 05:57:00,2026-09-18 06:48:58
pretrained_e20,0,0.03,0.03,26,0,0.9761447586591884,0.9590699079113624,1.046455224427166,0.0873853165158036,0.9542308351089084,1.173839495316894,False,0,17.541630273401097,0.0,0.4,C_ref,2026-09-18 05:57:00,2026-09-18 06:48:58
pretrained_e20,0,0.03,0.03,27,0,0.9951183565237666,0.9788037653655772,1.0685012783424193,0.089697512976842,0.9730941110953092,1.1986246711568127,False,0,20.52447543607559,0.0,0.4,C_ref,2026-09-18 05:57:00,2026-09-18 06:48:58
pretrained_e20,0,0.03,0.03,28,0,0.9981108062003692,0.98565105996519,1.0628483321620166,0.0771972721968266,0.9074881445202516,1.1939263829424818,False,0,14.41579703982643,0.0,0.4,C_ref,2026-09-18 05:57:00,2026-09-18 06:48:58
pretrained_e20,0,0.03,0.03,29,0,0.9978826332847316,0.9877186094160256,1.064454897217539,0.0767362878015134,0.9806304036369368,1.1920198304171918,False,0,16.13863569719615,0.0,0.4,C_ref,2026-09-18 05:57:00,2026-09-18 06:48:58
pretrained_e20,0,0.03,0.03,30,0,0.9943497478837248,0.9838908134032004,1.048159458462402,0.0642686450592016,0.9058447266425592,1.1724738101216154,False,0,15.072295328744076,0.0,0.4,C_ref,2026-09-18 05:57:00,2026-09-18 06:48:58
pretrained_e20,0,0.03,0.03,31,0,1.007108034032463,0.988102420707131,1.0894435994290412,0.1013411787219102,0.9807093343566968,1.2284328911784008,False,0,29.755654387445247,0.0,0.4,C_ref,2026-09-18 05:57:00,2026-09-18 06:48:58
pretrained_e20,0,0.03,0.03,32,0,0.9819527845312036,0.966693033414829,1.0449494388473324,0.0782564054325033,0.9149926684689076,1.1754443737515985,False,0,13.541829867732304,0.0,0.4,C_ref,2026-09-18 05:57:00,2026-09-18 06:48:58
pretrained_e20,0,0.03,0.03,33,0,0.9544170578748804,0.9437220181111284,1.0139838334623927,0.0702618153512644,0.7128091005245698,1.1505040593498792,False,0,21.07417939785228,0.0,0.4,C_ref,2026-09-18 05:57:00,2026-09-18 06:48:58
pretrained_e20,0,0.03,0.03,34,0,0.9993829781169978,0.9879564731728426,1.062057409318897,0.0741009361460544,0.9813880675890668,1.1861750682460266,False,0,9.61230719140076,0.0,0.4,C_ref,2026-09-18 05:57:00,2026-09-18 06:48:58
pretrained_e20,0,0.03,0.03,35,0,0.9918907536985836,0.9263200243058276,1.0591785379114151,0.1328585136055874,0.916279767005422,1.198115501549175,False,0,25.77124083253875,0.0,0.4,C_ref,2026-09-18 05:57:00,2026-09-18 06:48:58
pretrained_e20,0,0.03,0.03,36,0,0.9828991549846992,0.9438848527014976,1.0790137805133173,0.1351289278118196,0.937906423340383,1.2253452004501906,False,0,38.3630064970348,0.0,0.4,C_ref,2026-09-18 05:57:00,2026-09-18 06:48:58
pretrained_e20,0,0.03,0.03,37,0,1.0001055378292576,0.9828855363848564,1.0737854459362173,0.0908999095513607,0.975927974746066,1.203831021657142,False,0,15.079102615676677,0.0,0.4,C_ref,2026-09-18 05:57:00,2026-09-18 06:48:58
pretrained_e20,0,0.03,0.03,38,0,0.9628462525024112,0.9365387047324658,1.0537110260115834,0.1171723212791175,0.92739711654573,1.2016398591847466,False,0,20.327305656832323,0.0,0.4,C_ref,2026-09-18 05:57:00,2026-09-18 06:48:58
pretrained_e20,0,0.03,0.03,39,0,1.013112074344224,0.9887363267840704,1.1012618285606073,0.1125255017765368,0.9820665262814826,1.2409792994731976,False,0,40.91654257402115,0.0,0.4,C_ref,2026-09-18 05:57:00,2026-09-18 06:48:58
pretrained_e20,0,0.03,0.03,40,0,1.007908790881893,0.9786543001694424,1.0994504616111231,0.1207961614416807,0.9723873143841834,1.2409624959047114,False,0,33.55721738489956,0.0,0.4,C_ref,2026-09-18 05:57:00,2026-09-18 06:48:58
pretrained_e20,0,0.03,0.03,41,0,0.8466968248416303,0.8338340832465242,0.9369690681186847,0.1031349848721606,0.7881730546629833,1.0901232383252413,False,0,19.238605708444084,0.0,0.4,C_ref,2026-09-18 05:57:00,2026-09-18 06:48:58
pretrained_e20,0,0.03,0.03,42,0,0.904216814510639,0.8920991681297974,0.960257503077836,0.0681583349480385,0.6340840273899963,1.0914883651439606,False,0,10.838776149670592,0.0,0.4,C_ref,2026-09-18 05:57:00,2026-09-18 06:48:58
pretrained_e20,0,0.03,0.03,43,0,0.9742387568727836,0.9622752106767196,1.0286400944674274,0.0663648837907077,0.8140895688360511,1.154763221066595,False,0,9.046760836634348,0.0,0.4,C_ref,2026-09-18 05:57:00,2026-09-18 06:48:58
pretrained_e20,0,0.03,0.03,44,0,0.9940055019989128,0.9595160001686548,1.0681266557768878,0.1086106556082331,0.8558066360648287,1.215089596468507,False,0,52.85197549191798,0.0,0.4,C_ref,2026-09-18 05:57:00,2026-09-18 06:48:58
pretrained_e20,0,0.03,0.03,45,0,0.9356879272610136,0.8433185176643749,0.9900713959352508,0.1467528782708759,0.6241932749284526,1.1116418720799646,False,0,4.407652620211593,0.0,0.4,C_ref,2026-09-18 05:57:00,2026-09-18 06:48:58
pretrained_e20,0,0.03,0.03,46,0,0.9907353400784976,0.9693373881998012,1.066569988627429,0.0972326004276278,0.9651962851088256,1.200364369744903,False,0,23.55860687051245,0.0,0.4,C_ref,2026-09-18 05:57:00,2026-09-18 06:48:58
pretrained_e20,0,0.03,0.03,47,0,1.008757096922931,0.986925905475858,1.0900038447180669,0.1030779392422087,0.9788899633989872,1.226808777794044,False,0,20.78276697129695,0.0,0.4,C_ref,2026-09-18 05:57:00,2026-09-18 06:48:58
pretrained_e20,0,0.03,0.03,0,0,0.0,,0.000534537689615,,,0.0021381507584601,True,0,34.78384627208652,,2.5,C_ref,2026-09-18 05:57:00,2026-09-18 06:48:58
pretrained_e20,0,0.03,0.03,1,0,0.0,,0.0002657635201009,,,0.0010630540804039,True,0,30.49510793874288,,2.5,C_ref,2026-09-18 05:57:00,2026-09-18 06:48:58
pretrained_e20,0,0.03,0.03,2,0,0.0,,0.0023975449763205,,,0.0095901799052823,True,0,34.30201000653324,,2.5,C_ref,2026-09-18 05:57:00,2026-09-18 06:48:58
pretrained_e20,0,0.03,0.03,3,0,0.0,,0.0003703550912467,,,0.0014814203649869,True,0,28.59877534056432,,2.5,C_ref,2026-09-18 05:57:00,2026-09-18 06:48:58
pretrained_e20,0,0.03,0.03,4,0,0.0,,0.0006127191614188,,,0.0024508766456754,True,0,39.27773186976265,,2.5,C_ref,2026-09-18 05:57:00,2026-09-18 06:48:58
pretrained_e20,0,0.03,0.03,5,0,0.0,,0.000559436149915,,,0.00223774459966,True,0,34.38056118558234,,2.5,C_ref,2026-09-18 05:57:00,2026-09-18 06:48:58
pretrained_e20,0,0.03,0.03,6,0,0.0,,0.0009017826502052,,,0.0036071306008208,True,0,35.36007795119804,,2.5,C_ref,2026-09-18 05:57:00,2026-09-18 06:48:58
pretrained_e20,0,0.03,0.03,7,0,0.0,,0.0008711046388117,,,0.0034844185552469,True,0,30.60799581396349,,2.5,C_ref,2026-09-18 05:57:00,2026-09-18 06:48:58
pretrained_e20,0,0.03,0.03,8,0,0.0,,0.0002501823227435,,,0.0010007292909743,True,0,29.02536350067021,,2.5,C_ref,2026-09-18 05:57:00,2026-09-18 06:48:58
pretrained_e20,0,0.03,0.03,9,0,0.0,,0.0004520481462253,,,0.0018081925849013,True,0,33.633060351865424,,2.5,C_ref,2026-09-18 05:57:00,2026-09-18 06:48:58
pretrained_e20,0,0.03,0.03,10,0,0.0,,0.0001038968719416,,,0.0004155874877666,True,0,18.736559578002925,,2.5,C_ref,2026-09-18 05:57:00,2026-09-18 06:48:58
pretrained_e20,0,0.03,0.03,11,0,0.0,,0.0009553024185663,,,0.0038212096742653,True,0,33.5581822215463,,2.5,C_ref,2026-09-18 05:57:00,2026-09-18 06:48:58
pretrained_e20,0,0.03,0.03,12,0,0.0,,0.0007029081279925,,,0.0028116325119702,True,0,32.80619338904944,,2.5,C_ref,2026-09-18 05:57:00,2026-09-18 06:48:58
pretrained_e20,0,0.03,0.03,13,0,0.0,,0.0014274544814966,,,0.0057098179259867,True,0,29.574188252619933,,2.5,C_ref,2026-09-18 05:57:00,2026-09-18 06:48:58
pretrained_e20,0,0.03,0.03,14,0,0.0,,0.0013041892906963,,,0.0052167571627854,True,0,34.21458373577843,,2.5,C_ref,2026-09-18 05:57:00,2026-09-18 06:48:58
pretrained_e20,0,0.03,0.03,15,0,0.0,,0.0014881366411534,,,0.0059525465646137,True,0,34.71356291244592,,2.5,C_ref,2026-09-18 05:57:00,2026-09-18 06:48:58
pretrained_e20,0,0.03,0.03,16,0,0.0,,0.0002457001472356,,,0.0009828005889427,True,0,21.90298372322286,,2.5,C_ref,2026-09-18 05:57:00,2026-09-18 06:48:58
pretrained_e20,0,0.03,0.03,17,0,0.0,,0.0006535013316424,,,0.0026140053265697,True,0,31.58317207567597,,2.5,C_ref,2026-09-18 05:57:00,2026-09-18 06:48:58
pretrained_e20,0,0.03,0.03,18,0,0.0,,0.0004553881413104,,,0.0018215525652419,True,0,29.66267054443233,,2.5,C_ref,2026-09-18 05:57:00,2026-09-18 06:48:58
pretrained_e20,0,0.03,0.03,19,0,0.0,,0.0008639105973848,,,0.0034556423895393,True,0,31.45666911822628,,2.5,C_ref,2026-09-18 05:57:00,2026-09-18 06:48:58
pretrained_e20,0,0.03,0.03,20,0,0.0093207591794347,,0.0206817582159423,,,0.0272104346758269,False,0,33.854646487994614,,2.5,C_ref,2026-09-18 05:57:00,2026-09-18 06:48:58
pretrained_e20,0,0.03,0.03,21,0,0.0,,0.0010474776445939,,,0.0041899105783759,True,0,35.04488458876949,,2.5,C_ref,2026-09-18 05:57:00,2026-09-18 06:48:58
pretrained_e20,0,0.03,0.03,22,0,0.0,,0.000346244854159,,,0.0013849794166362,True,0,30.98701843440722,,2.5,C_ref,2026-09-18 05:57:00,2026-09-18 06:48:58
pretrained_e20,0,0.03,0.03,23,0,0.0,,0.0002521871813136,,,0.0010087487252545,True,0,28.75029278868533,,2.5,C_ref,2026-09-18 05:57:00,2026-09-18 06:48:58
pretrained_e20,0,0.03,0.03,24,0,0.0,,0.0007462377975103,,,0.0029849511900414,True,0,36.63016675233303,,2.5,C_ref,2026-09-18 05:57:00,2026-09-18 06:48:58
pretrained_e20,0,0.03,0.03,25,0,0.0,,0.0018495188218753,,,0.0073980752875014,True,0,35.11777254503977,,2.5,C_ref,2026-09-18 05:57:00,2026-09-18 06:48:58
pretrained_e20,0,0.03,0.03,26,0,0.0,,0.0004201983919353,,,0.0016807935677415,True,0,31.388944066438853,,2.5,C_ref,2026-09-18 05:57:00,2026-09-18 06:48:58
pretrained_e20,0,0.03,0.03,27,0,0.0,,0.0004228084967616,,,0.0016912339870465,True,0,30.965156805425067,,2.5,C_ref,2026-09-18 05:57:00,2026-09-18 06:48:58
pretrained_e20,0,0.03,0.03,28,0,0.0,,0.0002733130051618,,,0.0010932520206475,True,0,29.84749364232266,,2.5,C_ref,2026-09-18 05:57:00,2026-09-18 06:48:58
pretrained_e20,0,0.03,0.03,29,0,0.0,,0.0002986060096402,,,0.001194424038561,True,0,33.18410220676378,,2.5,C_ref,2026-09-18 05:57:00,2026-09-18 06:48:58
pretrained_e20,0,0.03,0.03,30,0,0.0,,0.0005317472659299,,,0.0021269890637199,True,0,34.22664711894322,,2.5,C_ref,2026-09-18 05:57:00,2026-09-18 06:48:58
pretrained_e20,0,0.03,0.03,31,0,0.0,,0.0002382453870028,,,0.0009529815480115,True,0,27.84984903773875,,2.5,C_ref,2026-09-18 05:57:00,2026-09-18 06:48:58
pretrained_e20,0,0.03,0.03,32,0,0.0,,0.0005298563947108,,,0.0021194255788434,True,0,32.834136495075654,,2.5,C_ref,2026-09-18 05:57:00,2026-09-18 06:48:58
pretrained_e20,0,0.03,0.03,33,0,0.0,,0.0020677565540793,,,0.0082710262163174,True,0,30.846580279358022,,2.5,C_ref,2026-09-18 05:57:00,2026-09-18 06:48:58
pretrained_e20,0,0.03,0.03,34,0,0.0,,0.000489030950595,,,0.0019561238023802,True,0,34.15167387494148,,2.5,C_ref,2026-09-18 05:57:00,2026-09-18 06:48:58
pretrained_e20,0,0.03,0.03,35,0,0.0,,0.0004978397668049,,,0.0019913590672198,True,0,30.12293910830704,,2.5,C_ref,2026-09-18 05:57:00,2026-09-18 06:48:58
pretrained_e20,0,0.03,0.03,36,0,0.0,,0.0002060319184612,,,0.0008241276738449,True,0,27.21578837521156,,2.5,C_ref,2026-09-18 05:57:00,2026-09-18 06:48:58
pretrained_e20,0,0.03,0.03,37,0,0.0,,0.0002796935516973,,,0.0011187742067895,True,0,32.81305878583589,,2.5,C_ref,2026-09-18 05:57:00,2026-09-18 06:48:58
pretrained_e20,0,0.03,0.03,38,0,0.0,,0.0004535373636654,,,0.0018141494546618,True,0,29.94380644377816,,2.5,C_ref,2026-09-18 05:57:00,2026-09-18 06:48:58
pretrained_e20,0,0.03,0.03,39,0,0.0,,0.0001667107111354,,,0.0006668428445417,True,0,26.93714713994996,,2.5,C_ref,2026-09-18 05:57:00,2026-09-18 06:48:58
pretrained_e20,0,0.03,0.03,40,0,0.0,,0.0002048877954451,,,0.0008195511817805,True,0,27.86831447009172,,2.5,C_ref,2026-09-18 05:57:00,2026-09-18 06:48:58
pretrained_e20,0,0.03,0.03,41,0,0.0,,0.0118836074115088,,,0.0190140416656936,True,0,29.17240135492466,,2.5,C_ref,2026-09-18 05:57:00,2026-09-18 06:48:58
pretrained_e20,0,0.03,0.03,42,0,0.0056789410967406,,0.0125902141504618,,,0.0202003101147359,False,0,36.819611567512766,,2.5,C_ref,2026-09-18 05:57:00,2026-09-18 06:48:58
pretrained_e20,0,0.03,0.03,43,0,0.0,,0.0008516673782446,,,0.0034066695129784,True,0,32.32655528509349,,2.5,C_ref,2026-09-18 05:57:00,2026-09-18 06:48:58
pretrained_e20,0,0.03,0.03,44,0,0.0,,0.0006280516041996,,,0.0025122064167986,True,0,27.13109777552017,,2.5,C_ref,2026-09-18 05:57:00,2026-09-18 06:48:58
pretrained_e20,0,0.03,0.03,45,0,0.0,,0.0035130654914194,,,0.0203440392281118,True,0,37.30319882556796,,2.5,C_ref,2026-09-18 05:57:00,2026-09-18 06:48:58
pretrained_e20,0,0.03,0.03,46,0,0.0,,0.0004199922551246,,,0.0016799690204987,True,0,32.927335096868774,,2.5,C_ref,2026-09-18 05:57:00,2026-09-18 06:48:58
pretrained_e20,0,0.03,0.03,47,0,0.0,,0.0003174103666913,,,0.0012696414667655,True,0,27.39226297246205,,2.5,C_ref,2026-09-18 05:57:00,2026-09-18 06:48:58
pretrained_e20,0,0.1,0.1,0,0,1.003821682305892,0.9511249008693118,1.0636741010135016,0.1125492001441897,0.6249116043492194,1.2096920476667947,False,0,3.456787478076876,0.0,0.4,C_ref,2026-09-18 07:57:38,2026-09-18 09:12:50
pretrained_e20,0,0.1,0.1,1,0,0.92749679776148,0.91201268126737,1.0054099406397294,0.0933972593723594,0.6232046949728323,1.1684940660053462,False,0,18.81742288337773,0.0,0.4,C_ref,2026-09-18 07:57:38,2026-09-18 09:12:50
pretrained_e20,0,0.1,0.1,2,0,0.944141359995608,0.9263422074129788,1.0275458815653882,0.1012036741524095,0.8548299900980053,1.1928942801024227,False,0,8.123877786707453,0.0,0.4,C_ref,2026-09-18 07:57:38,2026-09-18 09:12:50
pretrained_e20,0,0.1,0.1,3,0,1.0024129874167302,0.9782901551040036,1.104817464061293,0.1265273089572897,0.970594828442839,1.273188264143402,False,0,18.137391710228258,0.0,0.4,C_ref,2026-09-18 07:57:38,2026-09-18 09:12:50
pretrained_e20,0,0.1,0.1,4,0,0.9937066984592068,0.9693810522673773,1.059984085609501,0.0906030333421238,0.8911656555890836,1.2083858885617456,False,0,6.185943612981646,0.0,0.4,C_ref,2026-09-18 07:57:38,2026-09-18 09:12:50
pretrained_e20,0,0.1,0.1,5,0,0.206788762294135,0.1350971177994673,0.5124779130732785,0.3773807952738112,0.0460753547399628,1.0894297154754595,False,0,0.4796697106685315,1.0,0.4,C_ref,2026-09-18 07:57:38,2026-09-18 09:12:50
pretrained_e20,0,0.1,0.1,6,0,0.9841483126680536,0.9484609452474344,1.0585927246022309,0.1101317793547965,0.9352039706272088,1.2137206549338868,False,0,7.8989721889884095,0.0,0.4,C_ref,2026-09-18 07:57:38,2026-09-18 09:12:50
pretrained_e20,0,0.1,0.1,7,0,0.9484804071633592,0.9367474944030874,1.0306869990187728,0.0939395046156854,0.7932954356468518,1.193027592824507,False,0,8.202974531228392,0.0,0.4,C_ref,2026-09-18 07:57:38,2026-09-18 09:12:50
pretrained_e20,0,0.1,0.1,8,0,1.0524106520830716,0.9993040424390744,1.1637322551913554,0.164428212752281,0.9888818958848588,1.3286940760189665,False,0,29.77299059729557,0.0,0.4,C_ref,2026-09-18 07:57:38,2026-09-18 09:12:50
pretrained_e20,0,0.1,0.1,9,0,0.9427027003415048,0.9239044162016492,1.0304496509963956,0.1065452347947464,0.866115646123866,1.1973011231689958,False,0,15.117078369032242,0.0,0.4,C_ref,2026-09-18 07:57:38,2026-09-18 09:12:50
pretrained_e20,0,0.1,0.1,10,0,1.089675384260145,0.9974527177697844,1.245470045522843,0.2480173277530586,0.9870557970622532,1.4416701133058694,False,0,96.38752660728642,0.0,0.4,C_ref,2026-09-18 07:57:38,2026-09-18 09:12:50
pretrained_e20,0,0.1,0.1,11,0,0.9804414731318922,0.9649886444390392,1.0857783337806732,0.1207896893416339,0.9038531868699462,1.2621588647836042,False,0,31.91586018957969,0.0,0.4,C_ref,2026-09-18 07:57:38,2026-09-18 09:12:50
pretrained_e20,0,0.1,0.1,12,0,0.9649609844442836,0.9556756743104544,1.062438251027201,0.1067625767167467,0.8456267666986896,1.236592457633136,False,0,24.888194528553868,0.0,0.4,C_ref,2026-09-18 07:57:38,2026-09-18 09:12:50
pretrained_e20,0,0.1,0.1,13,0,1.0053407437921589,0.988302094356002,1.104305968988101,0.116003874632099,0.9823899476625624,1.2764158300508266,False,0,14.259989281224987,0.0,0.4,C_ref,2026-09-18 07:57:38,2026-09-18 09:12:50
pretrained_e20,0,0.1,0.1,14,0,0.9618502520652644,0.9468324745075918,1.0419386147030267,0.0951061401954349,0.906317243136242,1.197310261159832,False,0,7.396969250694383,0.0,0.4,C_ref,2026-09-18 07:57:38,2026-09-18 09:12:50
pretrained_e20,0,0.1,0.1,15,0,0.977819925724554,0.9583024861527096,1.0803026816816987,0.122000195528989,0.952304499496781,1.252998039609076,False,0,15.769476666042465,0.0,0.4,C_ref,2026-09-18 07:57:38,2026-09-18 09:12:50
pretrained_e20,0,0.1,0.1,16,0,1.0447171295095377,0.9613684302003728,1.187877091036036,0.2265086608356633,0.9390636296969088,1.377767761941126,False,0,49.32749139854059,0.0,0.4,C_ref,2026-09-18 07:57:38,2026-09-18 09:12:50
pretrained_e20,0,0.1,0.1,17,0,0.9349304109550548,0.8995283009874085,1.0426637110541417,0.1431354100667329,0.88884928503687,1.2099599035298003,False,0,18.17885366016344,0.0,0.4,C_ref,2026-09-18 07:57:38,2026-09-18 09:12:50
pretrained_e20,0,0.1,0.1,18,0,0.9578848556551792,0.9096754901155878,1.0609474086756787,0.1512719185600909,0.8900748030202046,1.2391854751298526,False,0,22.396959028064884,0.0,0.4,C_ref,2026-09-18 07:57:38,2026-09-18 09:12:50
pretrained_e20,0,0.1,0.1,19,0,0.9836932886910232,0.949677299382866,1.0832773537178058,0.1336000543349398,0.9472172763328148,1.244441920227017,False,0,11.93342038010087,0.0,0.4,C_ref,2026-09-18 07:57:38,2026-09-18 09:12:50
pretrained_e20,0,0.1,0.1,20,0,0.9846929914825564,0.9660625416630044,1.1036206910726871,0.1375581494096828,0.8596963571953278,1.2867555275482734,False,0,44.90041024803213,0.0,0.4,C_ref,2026-09-18 07:57:38,2026-09-18 09:12:50
pretrained_e20,0,0.1,0.1,21,0,0.9647688458696072,0.9291225641439796,1.080985538346641,0.1518629742026612,0.822506131747833,1.2655325847959584,False,0,37.47792014471997,0.0,0.4,C_ref,2026-09-18 07:57:38,2026-09-18 09:12:50
pretrained_e20,0,0.1,0.1,22,0,0.9935101636932122,0.9697074963217032,1.0824180928838765,0.1127105965621732,0.96447953036455,1.238888084384702,False,0,11.699878087994875,0.0,0.4,C_ref,2026-09-18 07:57:38,2026-09-18 09:12:50
pretrained_e20,0,0.1,0.1,23,0,1.0199918828618697,0.9697673658349888,1.133532800404838,0.1637654345698492,0.9618129497311284,1.3006163709758471,False,0,30.36948954821856,0.0,0.4,C_ref,2026-09-18 07:57:38,2026-09-18 09:12:50
pretrained_e20,0,0.1,0.1,24,0,0.9929286106554384,0.978428112335474,1.0791490909534398,0.1007209786179659,0.9732730238696852,1.2351680916535035,False,0,6.801373366404732,0.0,0.4,C_ref,2026-09-18 07:57:38,2026-09-18 09:12:50
pretrained_e20,0,0.1,0.1,25,0,0.9744412190014872,0.9551612874372488,1.0355405289852355,0.0803792415479868,0.0419068237307293,1.174120964536416,False,0,3.437602412021078,0.0,0.4,C_ref,2026-09-18 07:57:38,2026-09-18 09:12:50
pretrained_e20,0,0.1,0.1,26,0,0.957337818175131,0.9424618697966396,1.042389758640618,0.0999278888439785,0.8480078346630682,1.202921032601578,False,0,13.500941354126551,0.0,0.4,C_ref,2026-09-18 07:57:38,2026-09-18 09:12:50
pretrained_e20,0,0.1,0.1,27,0,0.9647284426429972,0.954899732048725,1.03926739453237,0.084367662483645,0.8297764028579726,1.193494226821318,False,0,12.568105255119008,0.0,0.4,C_ref,2026-09-18 07:57:38,2026-09-18 09:12:50
pretrained_e20,0,0.1,0.1,28,0,0.9899855737973337,0.9598714080121292,1.0880648571463354,0.1281934491342062,0.956362603237224,1.251633592605301,False,0,10.566247232000023,0.0,0.4,C_ref,2026-09-18 07:57:38,2026-09-18 09:12:50
pretrained_e20,0,0.1,0.1,29,0,0.9854796785990452,0.9717083100905932,1.060785891639289,0.0890775815486956,0.8611863579976183,1.216010764376202,False,0,7.763875748700229,0.0,0.4,C_ref,2026-09-18 07:57:38,2026-09-18 09:12:50
pretrained_e20,0,0.1,0.1,30,0,0.9811830757498494,0.968323051220287,1.0652460621867443,0.0969230109664573,0.962964808415178,1.2207105342291873,False,0,12.420526410263848,0.0,0.4,C_ref,2026-09-18 07:57:38,2026-09-18 09:12:50
pretrained_e20,0,0.1,0.1,31,0,0.975659591324762,0.9626791016556066,1.0697647174470803,0.1070856157914738,0.9439643994353546,1.233042761204266,False,0,12.994365185113566,0.0,0.4,C_ref,2026-09-18 07:57:38,2026-09-18 09:12:50
pretrained_e20,0,0.1,0.1,32,0,1.0012895561491413,0.9709553039961856,1.1017828430597687,0.1308275390635831,0.9658190288382824,1.2688891295988398,False,0,14.030518855422995,0.0,0.4,C_ref,2026-09-18 07:57:38,2026-09-18 09:12:50
pretrained_e20,0,0.1,0.1,33,0,0.9846590792871144,0.9495134484929522,1.070747272594921,0.1212338241019688,0.9441182000592492,1.2286117402943255,False,0,13.669260334732826,0.0,0.4,C_ref,2026-09-18 07:57:38,2026-09-18 09:12:50
pretrained_e20,0,0.1,0.1,34,0,1.0069599485943572,0.9794900389083354,1.09758034604817,0.1180903071398344,0.9749600925528146,1.2504789316897853,False,0,9.524783874574496,0.0,0.4,C_ref,2026-09-18 07:57:38,2026-09-18 09:12:50
pretrained_e20,0,0.1,0.1,35,0,0.96410362586444,0.9361732911712694,1.0406148665359145,0.1044415753646451,0.7873628584571593,1.2046481324474,False,0,10.738452934190718,0.0,0.4,C_ref,2026-09-18 07:57:38,2026-09-18 09:12:50
pretrained_e20,0,0.1,0.1,36,0,0.9949893152905888,0.9708060110550631,1.1072361171052023,0.1364301060501391,0.9388215658441136,1.2788304169794724,False,0,20.7812192820129,0.0,0.4,C_ref,2026-09-18 07:57:38,2026-09-18 09:12:50
pretrained_e20,0,0.1,0.1,37,0,0.5732728306902085,0.5530327282922087,0.7069606882182139,0.1539279599260051,0.0288224469337729,1.1548001586475056,False,0,1.4312296366952069,0.0,0.4,C_ref,2026-09-18 07:57:38,2026-09-18 09:12:50
pretrained_e20,0,0.1,0.1,38,0,0.99879281341509,0.9716464678267376,1.1156771099466685,0.1440306421199307,0.956218592539396,1.295567686385699,False,0,35.373557127932145,0.0,0.4,C_ref,2026-09-18 07:57:38,2026-09-18 09:12:50
pretrained_e20,0,0.1,0.1,39,0,0.9444707860177066,0.9320693311394854,1.0141469618210484,0.0820776306815629,0.0434713518161428,1.1690945293466242,False,0,2.689374152803793,0.0,0.4,C_ref,2026-09-18 07:57:38,2026-09-18 09:12:50
pretrained_e20,0,0.1,0.1,40,0,1.0058130789852635,0.959784942597476,1.1217528317750658,0.1619678891775897,0.957062441734277,1.295649533019389,False,0,24.795837000354368,0.0,0.4,C_ref,2026-09-18 07:57:38,2026-09-18 09:12:50
pretrained_e20,0,0.1,0.1,41,0,1.0120991243270896,0.9798359654028972,1.1059105080503768,0.1260745426474795,0.9772594634669926,1.2620560278889024,False,0,11.842995437320496,0.0,0.4,C_ref,2026-09-18 07:57:38,2026-09-18 09:12:50
pretrained_e20,0,0.1,0.1,42,0,0.2863008086906696,0.1501677923607804,0.532160959182688,0.3819931668219076,0.0599318892405603,0.8385098916595428,False,0,0.2605122330023732,1.0,0.4,C_ref,2026-09-18 07:57:38,2026-09-18 09:12:50
pretrained_e20,0,0.1,0.1,43,0,0.9905237849039104,0.9777288336305436,1.0668912480598371,0.0891624144292936,0.9704206065426746,1.2160817176556176,False,0,3.658489531011583,0.0,0.4,C_ref,2026-09-18 07:57:38,2026-09-18 09:12:50
pretrained_e20,0,0.1,0.1,44,0,0.9438631786874956,0.8986808425991962,1.0252921926941498,0.1266113500949536,0.8706992647380978,1.1969483966362446,False,0,6.238419895100378,0.0,0.4,C_ref,2026-09-18 07:57:38,2026-09-18 09:12:50
pretrained_e20,0,0.1,0.1,45,0,0.9249190481683052,0.8874861305135832,1.028161259551641,0.1406751290380578,0.8367064895593822,1.1976306821052718,False,0,19.85227211389065,0.0,0.4,C_ref,2026-09-18 07:57:38,2026-09-18 09:12:50
pretrained_e20,0,0.1,0.1,46,0,1.0022462749233982,0.9878473869128832,1.089265891383444,0.1014185044705607,0.980886332763166,1.246421055256091,False,0,8.200600231190037,0.0,0.4,C_ref,2026-09-18 07:57:38,2026-09-18 09:12:50
pretrained_e20,0,0.1,0.1,47,0,0.96187063757414,0.9163817406249536,1.085047123016273,0.1686653823913194,0.907653761174935,1.268215604619939,False,0,32.30035980140383,0.0,0.4,C_ref,2026-09-18 07:57:38,2026-09-18 09:12:50
pretrained_e20,0,0.1,0.1,0,0,0.0,,0.0008747745637845,,,0.0034990982551382,True,0,19.685032403009245,,2.5,C_ref,2026-09-18 07:57:38,2026-09-18 09:12:50
pretrained_e20,0,0.1,0.1,1,0,0.0,,0.0049093065265619,,,0.0239579813281956,True,0,21.63165150184432,,2.5,C_ref,2026-09-18 07:57:38,2026-09-18 09:12:50
pretrained_e20,0,0.1,0.1,2,0,0.0,,0.0016384108001825,,,0.00655364320073,True,0,19.212280426858342,,2.5,C_ref,2026-09-18 07:57:38,2026-09-18 09:12:50
pretrained_e20,0,0.1,0.1,3,0,0.0,,0.0002642567309777,,,0.0010570269239108,True,0,14.400489734849543,,2.5,C_ref,2026-09-18 07:57:38,2026-09-18 09:12:50
pretrained_e20,0,0.1,0.1,4,0,0.0,,0.0011969848672989,,,0.0047879394691956,True,0,21.916253184728703,,2.5,C_ref,2026-09-18 07:57:38,2026-09-18 09:12:50
pretrained_e20,0,0.1,0.1,5,0,0.0,,0.0053897416530282,,,0.0286036168152587,True,0,19.141145865443832,,2.5,C_ref,2026-09-18 07:57:38,2026-09-18 09:12:50
pretrained_e20,0,0.1,0.1,6,0,0.0,,0.0006679792430269,,,0.0026719169721076,True,0,17.961334356295993,,2.5,C_ref,2026-09-18 07:57:38,2026-09-18 09:12:50
pretrained_e20,0,0.1,0.1,7,0,0.0,,0.0012368706309732,,,0.0049474825238931,True,0,16.63834452122319,,2.5,C_ref,2026-09-18 07:57:38,2026-09-18 09:12:50
pretrained_e20,0,0.1,0.1,8,0,0.0,,0.0001677336357621,,,0.0006709345430484,True,0,12.423135991350136,,2.5,C_ref,2026-09-18 07:57:38,2026-09-18 09:12:50
pretrained_e20,0,0.1,0.1,9,0,0.0,,0.0012452863521097,,,0.0049811454084388,True,0,17.109875324156747,,2.5,C_ref,2026-09-18 07:57:38,2026-09-18 09:12:50
pretrained_e20,0,0.1,0.1,10,0,1.8724273845087749,1.6019847070792956,2.154203642959788,0.5522189358804923,1.3482782034780731,2.4457111126399584,False,0,4.764351951394929,0.0,2.5,C_ref,2026-09-18 07:57:38,2026-09-18 09:12:50
pretrained_e20,0,0.1,0.1,11,0,0.0,,0.0005749586565542,,,0.0022998346262171,True,0,11.30574809146492,,2.5,C_ref,2026-09-18 07:57:38,2026-09-18 09:12:50
pretrained_e20,0,0.1,0.1,12,0,0.0,,0.0011649280988247,,,0.0046597123952988,True,0,17.452661106046435,,2.5,C_ref,2026-09-18 07:57:38,2026-09-18 09:12:50
pretrained_e20,0,0.1,0.1,13,0,0.0,,0.0005592927515483,,,0.0022371710061935,True,0,14.116829969865648,,2.5,C_ref,2026-09-18 07:57:38,2026-09-18 09:12:50
pretrained_e20,0,0.1,0.1,14,0,0.0,,0.0008524543195111,,,0.0034098172780445,True,0,21.738390694768896,,2.5,C_ref,2026-09-18 07:57:38,2026-09-18 09:12:50
pretrained_e20,0,0.1,0.1,15,0,0.0,,0.0005577944435627,,,0.0022311777742508,True,0,15.032674722198864,,2.5,C_ref,2026-09-18 07:57:38,2026-09-18 09:12:50
pretrained_e20,0,0.1,0.1,16,0,0.0,,0.0001426065444289,,,0.0005704261777156,True,0,6.019037879010284,,2.5,C_ref,2026-09-18 07:57:38,2026-09-18 09:12:50
pretrained_e20,0,0.1,0.1,17,0,0.0,,0.0004809537851813,,,0.0019238151407253,True,0,16.396637198711687,,2.5,C_ref,2026-09-18 07:57:38,2026-09-18 09:12:50
pretrained_e20,0,0.1,0.1,18,0,0.0,,0.000610177944173,,,0.0024407117766922,True,0,14.07136895716394,,2.5,C_ref,2026-09-18 07:57:38,2026-09-18 09:12:50
pretrained_e20,0,0.1,0.1,19,0,0.0,,0.0003413576331852,,,0.0013654305327411,True,0,16.59825301127421,,2.5,C_ref,2026-09-18 07:57:38,2026-09-18 09:12:50
pretrained_e20,0,0.1,0.1,20,0,0.0,,0.0010895727083276,,,0.0043582908333104,True,0,12.926333831044758,,2.5,C_ref,2026-09-18 07:57:38,2026-09-18 09:12:50
pretrained_e20,0,0.1,0.1,21,0,0.0,,0.0017186486336559,,,0.0068745945346237,True,0,14.074364643554873,,2.5,C_ref,2026-09-18 07:57:38,2026-09-18 09:12:50
pretrained_e20,0,0.1,0.1,22,0,0.0,,0.0005273850153329,,,0.0021095400613316,True,0,16.79642106092797,,2.5,C_ref,2026-09-18 07:57:38,2026-09-18 09:12:50
pretrained_e20,0,0.1,0.1,23,0,0.0,,0.0001723253039712,,,0.0006893012158851,True,0,11.32192376666353,,2.5,C_ref,2026-09-18 07:57:38,2026-09-18 09:12:50
pretrained_e20,0,0.1,0.1,24,0,0.0,,0.0008431859572264,,,0.0033727438289058,True,0,17.50474946907343,,2.5,C_ref,2026-09-18 07:57:38,2026-09-18 09:12:50
pretrained_e20,0,0.1,0.1,25,0,0.0,,0.0025406448167998,,,0.0280405274108695,True,0,22.52749980502631,,2.5,C_ref,2026-09-18 07:57:38,2026-09-18 09:12:50
pretrained_e20,0,0.1,0.1,26,0,0.0,,0.0015794333431049,,,0.0063177333724197,True,0,17.51880549165071,,2.5,C_ref,2026-09-18 07:57:38,2026-09-18 09:12:50
pretrained_e20,0,0.1,0.1,27,0,0.0,,0.0013149074770334,,,0.0052596299081338,True,0,20.988130802285013,,2.5,C_ref,2026-09-18 07:57:38,2026-09-18 09:12:50
pretrained_e20,0,0.1,0.1,28,0,0.0,,0.0002399693102644,,,0.0009598772410578,True,0,13.560876509247464,,2.5,C_ref,2026-09-18 07:57:38,2026-09-18 09:12:50
pretrained_e20,0,0.1,0.1,29,0,0.0,,0.0006701714823407,,,0.0026806859293628,True,0,18.3395776475918,,2.5,C_ref,2026-09-18 07:57:38,2026-09-18 09:12:50
pretrained_e20,0,0.1,0.1,30,0,0.0,,0.0007720290693736,,,0.0030881162774947,True,0,17.92655798827036,,2.5,C_ref,2026-09-18 07:57:38,2026-09-18 09:12:50
pretrained_e20,0,0.1,0.1,31,0,0.0,,0.0003766320562926,,,0.0015065282251706,True,0,17.31617662651115,,2.5,C_ref,2026-09-18 07:57:38,2026-09-18 09:12:50
pretrained_e20,0,0.1,0.1,32,0,0.0,,0.0003441358882203,,,0.0013765435528815,True,0,13.957158124238047,,2.5,C_ref,2026-09-18 07:57:38,2026-09-18 09:12:50
pretrained_e20,0,0.1,0.1,33,0,0.0,,0.0004505316791889,,,0.0018021267167556,True,0,16.654367675542744,,2.5,C_ref,2026-09-18 07:57:38,2026-09-18 09:12:50
pretrained_e20,0,0.1,0.1,34,0,0.0,,0.000315885582691,,,0.001263542330764,True,0,18.631097830621,,2.5,C_ref,2026-09-18 07:57:38,2026-09-18 09:12:50
pretrained_e20,0,0.1,0.1,35,0,0.0,,0.0036021561962142,,,0.01114381760141,True,0,18.92098073514353,,2.5,C_ref,2026-09-18 07:57:38,2026-09-18 09:12:50
pretrained_e20,0,0.1,0.1,36,0,0.0,,0.0001899373975658,,,0.0007597495902632,True,0,12.841871298103795,,2.5,C_ref,2026-09-18 07:57:38,2026-09-18 09:12:50
pretrained_e20,0,0.1,0.1,37,0,0.0,,0.0013418530115365,,,0.0053674120461461,True,0,18.34829873206036,,2.5,C_ref,2026-09-18 07:57:38,2026-09-18 09:12:50
pretrained_e20,0,0.1,0.1,38,0,0.0,,0.0004517630632178,,,0.0018070522528712,True,0,12.924336988722644,,2.5,C_ref,2026-09-18 07:57:38,2026-09-18 09:12:50
pretrained_e20,0,0.1,0.1,39,0,0.0,,0.010757987766314,,,0.0158619960065751,True,0,20.706030388202635,,2.5,C_ref,2026-09-18 07:57:38,2026-09-18 09:12:50
pretrained_e20,0,0.1,0.1,40,0,0.0,,0.0002545353473552,,,0.0010181413894209,True,0,12.633886725630871,,2.5,C_ref,2026-09-18 07:57:38,2026-09-18 09:12:50
pretrained_e20,0,0.1,0.1,41,0,0.0,,0.0003630014412978,,,0.0014520057651915,True,0,13.838480640930356,,2.5,C_ref,2026-09-18 07:57:38,2026-09-18 09:12:50
pretrained_e20,0,0.1,0.1,42,0,0.0,,0.0019124225295926,,,0.0076496901183704,True,0,18.736093951298244,,2.5,C_ref,2026-09-18 07:57:38,2026-09-18 09:12:50
pretrained_e20,0,0.1,0.1,43,0,0.0,,0.0008589615116783,,,0.0034358460467133,True,0,17.689674390974687,,2.5,C_ref,2026-09-18 07:57:38,2026-09-18 09:12:50
pretrained_e20,0,0.1,0.1,44,0,0.0,,0.0010199707973209,,,0.0040798831892837,True,0,15.889567735484889,,2.5,C_ref,2026-09-18 07:57:38,2026-09-18 09:12:50
pretrained_e20,0,0.1,0.1,45,0,0.0,,0.0017975849769692,,,0.0071903399078769,True,0,18.975160975616745,,2.5,C_ref,2026-09-18 07:57:38,2026-09-18 09:12:50
pretrained_e20,0,0.1,0.1,46,0,0.0,,0.0005804375470943,,,0.0023217501883774,True,0,16.611692022615898,,2.5,C_ref,2026-09-18 07:57:38,2026-09-18 09:12:50
pretrained_e20,0,0.1,0.1,47,0,0.0,,0.0004788810719689,,,0.0019155242878759,True,0,13.268567648650787,,2.5,C_ref,2026-09-18 07:57:38,2026-09-18 09:12:50
pretrained_e20,0,0.3,0.3,0,0,0.90653948403309,0.8582530848140544,1.124496913086963,0.2662438282729087,0.6040023591762611,1.414844348574916,False,0,5.118972719214071,0.0,0.4,C_ref,2026-09-18 11:13:38,2026-09-18 13:35:02
pretrained_e20,0,0.3,0.3,1,0,0.8326086355683846,0.7782329115366485,1.0938450805750226,0.3156121690383741,0.0483160982535698,1.4046424971540847,False,0,3.654558789377916,0.0,0.4,C_ref,2026-09-18 11:13:38,2026-09-18 13:35:02
pretrained_e20,0,0.3,0.3,2,0,1.0221440791744174,0.9488294039460988,1.2529173657784227,0.3040879618323239,0.9416652410015603,1.533111861517101,False,0,15.324688944019726,0.0,0.4,C_ref,2026-09-18 11:13:38,2026-09-18 13:35:02
pretrained_e20,0,0.3,0.3,3,0,1.0305658067346768,0.8973490601061882,1.2812638413274826,0.3839147812212944,0.8867114936435864,1.5635594481733042,False,0,18.101815289755905,0.0,0.4,C_ref,2026-09-18 11:13:38,2026-09-18 13:35:02
pretrained_e20,0,0.3,0.3,4,0,0.9148331309316452,0.8622944131042098,1.15637995238476,0.2940855392805501,0.7266321110239006,1.4508866637375202,False,0,8.616748864817055,0.0,0.4,C_ref,2026-09-18 11:13:38,2026-09-18 13:35:02
pretrained_e20,0,0.3,0.3,5,0,0.9617603879227185,0.875235709884111,1.1747050899383698,0.2994693800542587,0.6934534718171689,1.4590467623710432,False,0,9.760873259550864,0.0,0.4,C_ref,2026-09-18 11:13:38,2026-09-18 13:35:02
pretrained_e20,0,0.3,0.3,6,0,0.8137291452083426,0.4220312096589452,1.0605941960873868,0.6385629864284416,0.0390505949194111,1.3785283323855355,False,0,1.0170684060612984,0.0,0.4,C_ref,2026-09-18 11:13:38,2026-09-18 13:35:02
pretrained_e20,0,0.3,0.3,7,0,0.8621398251786786,0.7765323742376589,1.1306599939224298,0.3541276196847709,0.4655361122096643,1.43592305585203,False,0,4.606127438320982,0.0,0.4,C_ref,2026-09-18 11:13:38,2026-09-18 13:35:02
pretrained_e20,0,0.3,0.3,8,0,0.9333239976625086,0.8196410812443624,1.1976585263304185,0.378017445086056,0.7696091837507797,1.4900532954808927,False,0,10.074546936251863,0.0,0.4,C_ref,2026-09-18 11:13:38,2026-09-18 13:35:02
pretrained_e20,0,0.3,0.3,9,0,1.0624145639683005,0.9551676480468272,1.283824258231782,0.3286566101849547,0.9468470080989688,1.5477692347878724,False,0,19.34307769524821,0.0,0.4,C_ref,2026-09-18 11:13:38,2026-09-18 13:35:02
pretrained_e20,0,0.3,0.3,10,0,0.9790665372638364,0.8106019674212503,1.2509335893182922,0.4403316218970419,0.7648493640842914,1.5417544374918069,False,0,18.985751564312523,0.0,0.4,C_ref,2026-09-18 11:13:38,2026-09-18 13:35:02
pretrained_e20,0,0.3,0.3,11,0,0.9562214566878487,0.9054564800303364,1.1973203295301085,0.2918638494997718,0.7831556320340387,1.483321829566378,False,0,10.70945022281012,0.0,0.4,C_ref,2026-09-18 11:13:38,2026-09-18 13:35:02
pretrained_e20,0,0.3,0.3,12,0,0.8709948096423307,0.8023602412124796,1.157441215673816,0.3550809744613364,0.5664539262934891,1.4705396629488008,False,0,5.069057856249856,0.0,0.4,C_ref,2026-09-18 11:13:38,2026-09-18 13:35:02
pretrained_e20,0,0.3,0.3,13,0,0.9034851471100966,0.7085467699949621,1.161747472514776,0.4532007025198139,0.4752614447581274,1.4779903057252024,False,0,4.374664064653189,0.0,0.4,C_ref,2026-09-18 11:13:38,2026-09-18 13:35:02
pretrained_e20,0,0.3,0.3,14,0,0.88104071635947,0.7398023716927595,1.1245356570599043,0.384733285367145,0.5486206779924213,1.4213207665418373,False,0,7.472873591479583,0.0,0.4,C_ref,2026-09-18 11:13:38,2026-09-18 13:35:02
pretrained_e20,0,0.3,0.3,15,0,0.969422664651174,0.896966695613503,1.2318249359665256,0.3348582403530227,0.7115393879822922,1.5262750133318483,False,0,13.37521152426416,0.0,0.4,C_ref,2026-09-18 11:13:38,2026-09-18 13:35:02
pretrained_e20,0,0.3,0.3,16,0,1.0325190041713437,0.8952824256056425,1.3002160539567114,0.4049336283510688,0.875121618706368,1.5879226632967085,False,0,19.535957322877948,0.0,0.4,C_ref,2026-09-18 11:13:38,2026-09-18 13:35:02
pretrained_e20,0,0.3,0.3,17,0,0.9309063106500982,0.9119783668523056,1.1140906999292794,0.2021123330769737,0.0677615943112084,1.390376119650174,False,0,1.3123104498081375,0.0,0.4,C_ref,2026-09-18 11:13:38,2026-09-18 13:35:02
pretrained_e20,0,0.3,0.3,18,0,0.9912642891975024,0.9366364533038892,1.23354311969024,0.2969066663863509,0.7428195141700935,1.5198043343282714,False,0,8.98182288654425,0.0,0.4,C_ref,2026-09-18 11:13:38,2026-09-18 13:35:02
pretrained_e20,0,0.3,0.3,19,0,0.8194021857210279,0.698556168881643,1.1175903797505218,0.4190342108688788,0.6375456834958648,1.428943076110523,False,0,6.120021219860064,0.0,0.4,C_ref,2026-09-18 11:13:38,2026-09-18 13:35:02
pretrained_e20,0,0.3,0.3,20,0,1.0164228792593148,0.9294706659367584,1.2283759408972708,0.2989052749605122,0.9237932568402132,1.4934034042910609,False,0,16.482014784367493,0.0,0.4,C_ref,2026-09-18 11:13:38,2026-09-18 13:35:02
pretrained_e20,0,0.3,0.3,21,0,0.9987872444801248,0.8875404252496055,1.258265874100953,0.3707254488513474,0.8311334136056965,1.5441099530240718,False,0,15.877444535031827,0.0,0.4,C_ref,2026-09-18 11:13:38,2026-09-18 13:35:02
pretrained_e20,0,0.3,0.3,22,0,0.8734684968028624,0.731581522716547,1.1241220856755585,0.3925405629590113,0.5424979236100612,1.4294480295512546,False,0,10.5637557314476,0.0,0.4,C_ref,2026-09-18 11:13:38,2026-09-18 13:35:02
pretrained_e20,0,0.3,0.3,23,0,0.9041535596923238,0.8087499759801667,1.1640812949981834,0.3553313190180166,0.714298832320332,1.4514059261190144,False,0,11.794444443927205,0.0,0.4,C_ref,2026-09-18 11:13:38,2026-09-18 13:35:02
pretrained_e20,0,0.3,0.3,24,0,0.9567040863889418,0.8719087396649415,1.23076050292302,0.3588517632580784,0.7393642188728468,1.529048441385754,False,0,9.57973924538237,0.0,0.4,C_ref,2026-09-18 11:13:38,2026-09-18 13:35:02
pretrained_e20,0,0.3,0.3,25,0,0.8344771321120324,0.797461733530369,1.039553341918937,0.2420916083885679,0.1348150289930557,1.321499740396215,False,0,3.2817773917195154,0.0,0.4,C_ref,2026-09-18 11:13:38,2026-09-18 13:35:02
pretrained_e20,0,0.3,0.3,26,0,0.3857277337674838,0.1465042165385329,0.9070700164076452,0.7605657998691122,0.0509868350442484,1.2788457146948005,False,0,0.0008962140636867,1.0,0.4,C_ref,2026-09-18 11:13:38,2026-09-18 13:35:02
pretrained_e20,0,0.3,0.3,27,0,0.9810795942757626,0.9622314895338996,1.1504370792932956,0.1882055897593961,0.0701668125225114,1.4205955403663513,False,0,1.3318441121300566,0.0,0.4,C_ref,2026-09-18 11:13:38,2026-09-18 13:35:02
pretrained_e20,0,0.3,0.3,28,0,0.9079244592004588,0.815965467687496,1.135093969404594,0.319128501717098,0.7394640797815522,1.4300310359537594,False,0,5.323348030451598,0.0,0.4,C_ref,2026-09-18 11:13:38,2026-09-18 13:35:02
pretrained_e20,0,0.3,0.3,29,0,0.9076770593719516,0.8748633648324513,1.1284057848297313,0.25354241999728,0.1732910498677832,1.4174373000238298,False,0,3.7570713521927246,0.0,0.4,C_ref,2026-09-18 11:13:38,2026-09-18 13:35:02
pretrained_e20,0,0.3,0.3,30,0,0.9818272374684348,0.8700195053955058,1.2067832816875792,0.3367637762920734,0.7678982192812415,1.485639630906351,False,0,13.626725933521811,0.0,0.4,C_ref,2026-09-18 11:13:38,2026-09-18 13:35:02
pretrained_e20,0,0.3,0.3,31,0,0.9272942793157578,0.8845945985686262,1.1757782178611451,0.2911836192925191,0.741376562530885,1.4725157476231543,False,0,7.160438665407128,0.0,0.4,C_ref,2026-09-18 11:13:38,2026-09-18 13:35:02
pretrained_e20,0,0.3,0.3,32,0,0.9717748929731488,0.9141002276235336,1.2343634619499206,0.320263234326387,0.7062150280041388,1.525761774750196,False,0,9.362992334583396,0.0,0.4,C_ref,2026-09-18 11:13:38,2026-09-18 13:35:02
pretrained_e20,0,0.3,0.3,33,0,1.0224598088399457,0.939633240463127,1.2324238521526014,0.2927906116894744,0.9360955546976044,1.4940635999990104,False,0,16.118579890815454,0.0,0.4,C_ref,2026-09-18 11:13:38,2026-09-18 13:35:02
pretrained_e20,0,0.3,0.3,34,0,0.9388775986304024,0.8689748162196553,1.1597229870943502,0.2907481708746948,0.8610940039266235,1.4456304958283106,False,0,5.641848114108143,0.0,0.4,C_ref,2026-09-18 11:13:38,2026-09-18 13:35:02
pretrained_e20,0,0.3,0.3,35,0,0.8980245518712621,0.7903974222351031,1.1756071960663588,0.3852097738312556,0.6957858570794125,1.4682278766408727,False,0,9.266570445463003,0.0,0.4,C_ref,2026-09-18 11:13:38,2026-09-18 13:35:02
pretrained_e20,0,0.3,0.3,36,0,1.0125207723538427,0.8506865432021085,1.2699986552008358,0.4193121119987273,0.8115184251389657,1.553054766795926,False,0,20.10102685085076,0.0,0.4,C_ref,2026-09-18 11:13:38,2026-09-18 13:35:02
pretrained_e20,0,0.3,0.3,37,0,0.613474822822896,0.0806522890722836,1.049089609569111,0.9684373204968272,0.0258803411505976,1.3791523149919782,False,0,0.6026994666899554,1.0,0.4,C_ref,2026-09-18 11:13:38,2026-09-18 13:35:02
pretrained_e20,0,0.3,0.3,38,0,0.7864305669352919,0.6814052755306892,1.1248443966613073,0.4434391211306181,0.0238233313749341,1.4508770182521822,False,0,2.769280732045445,0.0,0.4,C_ref,2026-09-18 11:13:38,2026-09-18 13:35:02
pretrained_e20,0,0.3,0.3,39,0,0.983635202903376,0.8876791636896367,1.2052328485290769,0.3175536848394401,0.8680302346058407,1.471644518385964,False,0,18.327756137652614,0.0,0.4,C_ref,2026-09-18 11:13:38,2026-09-18 13:35:02
pretrained_e20,0,0.3,0.3,40,0,0.8777431706223663,0.8052872175620764,1.1636872846673028,0.3584000671052263,0.051412121354595,1.4718243597268572,False,0,3.411208031790011,0.0,0.4,C_ref,2026-09-18 11:13:38,2026-09-18 13:35:02
pretrained_e20,0,0.3,0.3,41,0,0.7372935828009797,0.6801492876009898,1.0377578965666527,0.3576086089656629,0.0452780930920896,1.3530815422337683,False,0,2.492325275998155,0.0,0.4,C_ref,2026-09-18 11:13:38,2026-09-18 13:35:02
pretrained_e20,0,0.3,0.3,42,0,0.8932956030684054,0.839898428336549,1.1410793204557297,0.3011808921191804,0.6645393587739704,1.4426844942431962,False,0,4.435149705634103,0.0,0.4,C_ref,2026-09-18 11:13:38,2026-09-18 13:35:02
pretrained_e20,0,0.3,0.3,43,0,0.9857227473150154,0.9545976773266248,1.176082906826512,0.2214852294998872,0.8568682841941234,1.4386151639919027,False,0,10.000857869421452,0.0,0.4,C_ref,2026-09-18 11:13:38,2026-09-18 13:35:02
pretrained_e20,0,0.3,0.3,44,0,0.8342709356810057,0.7390157538355853,1.096392548687215,0.3573767948516297,0.7304409893210246,1.3918586510632065,False,0,7.443006866822543,0.0,0.4,C_ref,2026-09-18 11:13:38,2026-09-18 13:35:02
pretrained_e20,0,0.3,0.3,45,0,0.8939536401488392,0.7837832881916673,1.0699496874635832,0.2861663992719159,0.6058703995511728,1.3465551878054745,False,0,4.210307438763266,0.0,0.4,C_ref,2026-09-18 11:13:38,2026-09-18 13:35:02
pretrained_e20,0,0.3,0.3,46,0,1.1943553131944395,1.0187913811213447,1.4256894222831369,0.4068980411617922,0.9350552448457272,1.68552217696506,False,0,47.17285319514849,0.0,0.4,C_ref,2026-09-18 11:13:38,2026-09-18 13:35:02
pretrained_e20,0,0.3,0.3,47,0,0.9623439484398696,0.7772085452085873,1.241102131657435,0.4638935864488478,0.641417402520014,1.5316748752907174,False,0,26.689684313794714,0.0,0.4,C_ref,2026-09-18 11:13:38,2026-09-18 13:35:02
pretrained_e20,0,0.3,0.3,0,0,2.271797072249191,1.976557793791636,2.5730966563120194,0.5965388625203836,1.6847168050073364,2.8820582612025105,False,0,0.5767709726605972,1.0,2.5,C_ref,2026-09-18 11:13:38,2026-09-18 13:35:02
pretrained_e20,0,0.3,0.3,1,0,2.303013304313054,2.008087687476005,2.6020948486726385,0.5940071611966333,1.715461713417395,2.899072016184318,False,0,0.4356940604338888,1.0,2.5,C_ref,2026-09-18 11:13:38,2026-09-18 13:35:02
pretrained_e20,0,0.3,0.3,2,0,2.410736478687612,2.118799867387635,2.7094662148813784,0.5906663474937432,1.8319128001805545,3.0160900012593177,False,0,0.0908381915505742,1.0,2.5,C_ref,2026-09-18 11:13:38,2026-09-18 13:35:02
pretrained_e20,0,0.3,0.3,3,0,2.446460313520573,2.156041713579039,2.7442127788084454,0.5881710652294063,1.8715510095207968,3.0502588911358526,False,0,0.0328867437201552,1.0,2.5,C_ref,2026-09-18 11:13:38,2026-09-18 13:35:02
pretrained_e20,0,0.3,0.3,4,0,2.3352776556021664,2.040816860194489,2.635591540094411,0.5947746798999223,1.749916971096874,2.943221320328432,False,0,0.3036519886118185,1.0,2.5,C_ref,2026-09-18 11:13:38,2026-09-18 13:35:02
pretrained_e20,0,0.3,0.3,5,0,2.305324534494753,2.0130090827832814,2.6036437443398843,0.5906346615566029,1.724364039864421,2.909411761544537,False,0,0.4290271826357639,1.0,2.5,C_ref,2026-09-18 11:13:38,2026-09-18 13:35:02
pretrained_e20,0,0.3,0.3,6,0,2.2678443457435287,1.971647591588028,2.569314858746713,0.5976672671586851,1.6777798643865178,2.877743225558603,False,0,0.5958473301907361,1.0,2.5,C_ref,2026-09-18 11:13:38,2026-09-18 13:35:02
pretrained_e20,0,0.3,0.3,7,0,2.3415235377189254,2.050115917481773,2.639162110884676,0.5890461934029028,1.7628315400191183,2.9443696030091613,False,0,0.2865990434329433,1.0,2.5,C_ref,2026-09-18 11:13:38,2026-09-18 13:35:02
pretrained_e20,0,0.3,0.3,8,0,2.3563663218418123,2.063293852835648,2.656272619303604,0.5929787664679562,1.7752169487997935,2.964167251517128,False,0,0.2321983203546551,1.0,2.5,C_ref,2026-09-18 11:13:38,2026-09-18 13:35:02
pretrained_e20,0,0.3,0.3,9,0,2.34203833660796,2.054525281373588,2.6356113114684234,0.5810860300948355,1.7721249494545417,2.9318089577329784,False,0,0.2921282090064778,1.0,2.5,C_ref,2026-09-18 11:13:38,2026-09-18 13:35:02
pretrained_e20,0,0.3,0.3,10,0,2.442968164602811,2.1522151974580934,2.7408632544801232,0.5886480570220298,1.8670865924136697,3.0468267492542385,False,0,0.0373193652958434,1.0,2.5,C_ref,2026-09-18 11:13:38,2026-09-18 13:35:02
pretrained_e20,0,0.3,0.3,11,0,2.318998737339132,2.0245815450985054,2.6198743844878245,0.5952928393893191,1.734589325133854,2.928403619956014,False,0,0.3653347328472591,1.0,2.5,C_ref,2026-09-18 11:13:38,2026-09-18 13:35:02
pretrained_e20,0,0.3,0.3,12,0,2.4185811325511595,2.1246481013215446,2.7175273897914254,0.5928792884698808,1.8343346460381205,3.020598508449074,False,0,0.075082896524691,1.0,2.5,C_ref,2026-09-18 11:13:38,2026-09-18 13:35:02
pretrained_e20,0,0.3,0.3,13,0,2.4492293718073515,2.1518771142842104,2.7527632185630986,0.6008861042788882,1.8585979401830013,3.0638261325122054,False,0,0.0284966532162798,1.0,2.5,C_ref,2026-09-18 11:13:38,2026-09-18 13:35:02
pretrained_e20,0,0.3,0.3,14,0,2.298222314950324,2.007769873464924,2.5949071463969715,0.5871372729320474,1.7212319464190804,2.8992862963473054,False,0,0.4659554499630758,1.0,2.5,C_ref,2026-09-18 11:13:38,2026-09-18 13:35:02
pretrained_e20,0,0.3,0.3,15,0,2.437623946663089,2.147357849563248,2.73354521235888,0.586187362795632,1.8618643293799493,3.0315044907268383,False,0,0.0450297864772437,1.0,2.5,C_ref,2026-09-18 11:13:38,2026-09-18 13:35:02
pretrained_e20,0,0.3,0.3,16,0,2.5136265092248453,2.223148078000947,2.811735164121593,0.5885870861206457,1.9390324232200609,3.1182767237672344,False,0,0.0019960674799222,1.0,2.5,C_ref,2026-09-18 11:13:38,2026-09-18 13:35:02
pretrained_e20,0,0.3,0.3,17,0,2.200215161702703,1.9058513633325915,2.499765575890926,0.5939142125583345,1.6135988262722898,2.806196404338956,False,0,1.001524637140392,0.0,2.5,C_ref,2026-09-18 11:13:38,2026-09-18 13:35:02
pretrained_e20,0,0.3,0.3,18,0,2.4042562640878766,2.114330741229435,2.7011685599353337,0.5868378187058987,1.829647481700054,3.0060865336315405,False,0,0.105586526566185,1.0,2.5,C_ref,2026-09-18 11:13:38,2026-09-18 13:35:02
pretrained_e20,0,0.3,0.3,19,0,2.3543903617797235,2.060728189284594,2.654298551084232,0.593570361799638,1.7712568555699773,2.961806640507154,False,0,0.2383501721014909,1.0,2.5,C_ref,2026-09-18 11:13:38,2026-09-18 13:35:02
pretrained_e20,0,0.3,0.3,20,0,2.280204042723013,1.985988523431213,2.580779944227788,0.594791420796575,1.696134642893362,2.88896708375415,False,0,0.5380960186885204,1.0,2.5,C_ref,2026-09-18 11:13:38,2026-09-18 13:35:02
pretrained_e20,0,0.3,0.3,21,0,2.361214358145986,2.0960939153042,2.55979232842789,0.4636984131236903,1.8225537262924016,2.5756395443969167,False,0,0.3596530962349789,1.0,2.5,C_ref,2026-09-18 11:13:38,2026-09-18 13:35:02
pretrained_e20,0,0.3,0.3,22,0,2.3091942629074347,2.013432801478537,2.6110428550074785,0.5976100535289413,1.7213117171840426,2.92040704546658,False,0,0.4029304477335245,1.0,2.5,C_ref,2026-09-18 11:13:38,2026-09-18 13:35:02
pretrained_e20,0,0.3,0.3,23,0,2.284603441497903,1.9956919006789284,2.5804124617961004,0.584720561117172,1.7117095685517658,2.8842051289207298,False,0,0.533788728829677,1.0,2.5,C_ref,2026-09-18 11:13:38,2026-09-18 13:35:02
pretrained_e20,0,0.3,0.3,24,0,2.3765744324760365,2.082520905697386,2.6771738439359187,0.5946529382385326,1.7930431656648145,2.9855612708940384,False,0,0.170849907946831,1.0,2.5,C_ref,2026-09-18 11:13:38,2026-09-18 13:35:02
pretrained_e20,0,0.3,0.3,25,0,2.1283921192978315,1.83314874406066,2.428074916519528,0.5949261724588681,1.538683360736228,2.734232188302738,False,0,1.5300140053004725,0.0,2.5,C_ref,2026-09-18 11:13:38,2026-09-18 13:35:02
pretrained_e20,0,0.3,0.3,26,0,2.2415596649755063,1.9446675160359648,2.543282464943399,0.5986149489074335,1.6492259675443282,2.851769310178853,False,0,0.7356316453078762,1.0,2.5,C_ref,2026-09-18 11:13:38,2026-09-18 13:35:02
pretrained_e20,0,0.3,0.3,27,0,2.277219715927403,1.983906081942672,2.5759161546048315,0.5920100726621593,1.6931146850043717,2.88171083834103,False,0,0.5591603883585776,1.0,2.5,C_ref,2026-09-18 11:13:38,2026-09-18 13:35:02
pretrained_e20,0,0.3,0.3,28,0,2.338917356768932,2.04396074368285,2.639731104976899,0.5957703612940484,1.7523498298085194,2.947831550012693,False,0,0.2897095628613897,1.0,2.5,C_ref,2026-09-18 11:13:38,2026-09-18 13:35:02
pretrained_e20,0,0.3,0.3,29,0,2.260527857259312,1.9652758595296225,2.5613120142766106,0.5960361547469883,1.6727939591891396,2.8692424027655288,False,0,0.6366154815223126,1.0,2.5,C_ref,2026-09-18 11:13:38,2026-09-18 13:35:02
pretrained_e20,0,0.3,0.3,30,0,2.342564726930721,2.0545464290997604,2.637560584842042,0.5830141557422817,1.7717140884568656,2.9406667041445065,False,0,0.2881507350793981,1.0,2.5,C_ref,2026-09-18 11:13:38,2026-09-18 13:35:02
pretrained_e20,0,0.3,0.3,31,0,2.355438940077009,2.0619337801025788,2.6552528872024204,0.5933191070998416,1.7726379266951031,2.962706766532867,False,0,0.2350978748254419,1.0,2.5,C_ref,2026-09-18 11:13:38,2026-09-18 13:35:02
pretrained_e20,0,0.3,0.3,32,0,2.379813656678377,2.0923988338260515,2.66308340780108,0.5706845739750284,1.808383451855841,2.847668478840012,False,0,0.1735290079268452,1.0,2.5,C_ref,2026-09-18 11:13:38,2026-09-18 13:35:02
pretrained_e20,0,0.3,0.3,33,0,2.265933364469188,1.975939195589504,2.562725529703251,0.5867863341137474,1.6910014719530777,2.867445258653571,False,0,0.6250939641104196,1.0,2.5,C_ref,2026-09-18 11:13:38,2026-09-18 13:35:02
pretrained_e20,0,0.3,0.3,34,0,2.2899977877711235,1.994637008096596,2.5910089306492203,0.596371922552625,1.7022861220885583,2.8992092288497213,False,0,0.4899109546640829,1.0,2.5,C_ref,2026-09-18 11:13:38,2026-09-18 13:35:02
pretrained_e20,0,0.3,0.3,35,0,2.2930606950759365,2.002384638560506,2.5905984277935263,0.5882137892330204,1.716561309512137,2.896185581440271,False,0,0.4874160720464715,1.0,2.5,C_ref,2026-09-18 11:13:38,2026-09-18 13:35:02
pretrained_e20,0,0.3,0.3,36,0,2.4203503764772747,2.1304612306515307,2.716431929166908,0.5859706985153772,1.8455811851206043,3.0186464749167783,False,0,0.0735239695713971,1.0,2.5,C_ref,2026-09-18 11:13:38,2026-09-18 13:35:02
pretrained_e20,0,0.3,0.3,37,0,2.348239693016013,2.0530889316373333,2.648535247123868,0.5954463154865346,1.761099323310965,2.9520313602788435,False,0,0.2576516731242009,1.0,2.5,C_ref,2026-09-18 11:13:38,2026-09-18 13:35:02
pretrained_e20,0,0.3,0.3,38,0,2.421514341251094,2.1278506494157083,2.7216015820057406,0.5937509325900323,1.8385644597816475,3.029400049732212,False,0,0.0695734093278588,1.0,2.5,C_ref,2026-09-18 11:13:38,2026-09-18 13:35:02
pretrained_e20,0,0.3,0.3,39,0,2.2519319023041184,1.9647375712075543,2.545637764394304,0.5809001931867495,1.6826244495109992,2.8467238503055388,False,0,0.715829345765087,1.0,2.5,C_ref,2026-09-18 11:13:38,2026-09-18 13:35:02
pretrained_e20,0,0.3,0.3,40,0,2.379504058319128,2.086527543380685,2.6791431520816342,0.5926156087009491,1.798225329256529,2.9866228472316125,False,0,0.1640720976538432,1.0,2.5,C_ref,2026-09-18 11:13:38,2026-09-18 13:35:02
pretrained_e20,0,0.3,0.3,41,0,2.250939741022817,1.957211141222757,2.550221393327245,0.593010252104488,1.666226983183798,2.85663413644099,False,0,0.6950933988082397,1.0,2.5,C_ref,2026-09-18 11:13:38,2026-09-18 13:35:02
pretrained_e20,0,0.3,0.3,42,0,2.3734609848516404,2.0792440779568326,2.67286246603122,0.5936183880743875,1.7884019947428422,2.9769562227703985,False,0,0.1804160894280357,1.0,2.5,C_ref,2026-09-18 11:13:38,2026-09-18 13:35:02
pretrained_e20,0,0.3,0.3,43,0,2.24130239417288,1.946775282033912,2.541634055598675,0.5948587735647632,1.6556637572314803,2.849253573990437,False,0,0.7441675770242,1.0,2.5,C_ref,2026-09-18 11:13:38,2026-09-18 13:35:02
pretrained_e20,0,0.3,0.3,44,0,2.2347973622088486,1.9394407953958788,2.5356347304202056,0.5961939350243268,1.646966254996139,2.84359899760204,False,0,0.7788865967922902,1.0,2.5,C_ref,2026-09-18 11:13:38,2026-09-18 13:35:02
pretrained_e20,0,0.3,0.3,45,0,2.1655401515567645,1.867810238757349,2.467708035722174,0.5998977969648251,1.5709257310140532,2.776384102366286,False,0,1.222391971914476,0.0,2.5,C_ref,2026-09-18 11:13:38,2026-09-18 13:35:02
pretrained_e20,0,0.3,0.3,46,0,2.4235257772201724,2.135869475750044,2.719045603848229,0.5831761280981853,1.855027330879759,3.023112890746801,False,0,0.0682192435633624,1.0,2.5,C_ref,2026-09-18 11:13:38,2026-09-18 13:35:02
pretrained_e20,0,0.3,0.3,47,0,2.4180937468759782,2.12842178937944,2.7149608883164444,0.5865390989370045,1.844448647557287,3.0201046858438985,False,0,0.0775136667543847,1.0,2.5,C_ref,2026-09-18 11:13:38,2026-09-18 13:35:02
pretrained_e20,0,1.0,1.0,0,0,1.2222385686702015,1.0362198353734142,1.467553838692797,0.4313340033193831,0.9882023861503082,1.7372579920602371,False,0,40.38167140957376,0.0,0.4,C_ref,2026-09-18 18:32:58,2026-09-19 00:48:16
pretrained_e20,0,1.0,1.0,1,0,1.2856985015759823,1.0911499820034476,1.5253163436931596,0.434166361689712,0.9965984429723638,1.7881214578356162,False,0,59.497397201528656,0.0,0.4,C_ref,2026-09-18 18:32:58,2026-09-19 00:48:16
pretrained_e20,0,1.0,1.0,2,0,1.2474092828662064,1.0393592726054968,1.5064570545011162,0.4670977818956194,0.9791142017585746,1.7842437287930002,False,0,34.4365778923966,0.0,0.4,C_ref,2026-09-18 18:32:58,2026-09-19 00:48:16
pretrained_e20,0,1.0,1.0,3,0,1.2211765483346582,1.0045726767668608,1.4886828557016962,0.4841101789348354,0.9429302273187768,1.7720328122181437,False,0,29.368378794730237,0.0,0.4,C_ref,2026-09-18 18:32:58,2026-09-19 00:48:16
pretrained_e20,0,1.0,1.0,4,0,1.201905089348151,0.9917809132998096,1.4660393162727754,0.4742584029729658,0.9715729765456284,1.745926675745779,False,0,36.18495344934854,0.0,0.4,C_ref,2026-09-18 18:32:58,2026-09-19 00:48:16
pretrained_e20,0,1.0,1.0,5,0,1.2153868029473751,1.0224101522911078,1.4651022515846812,0.4426920992935734,0.9785652591990588,1.736799042021205,False,0,38.91308703125833,0.0,0.4,C_ref,2026-09-18 18:32:58,2026-09-19 00:48:16
pretrained_e20,0,1.0,1.0,6,0,1.2150132548764134,1.0019725381997038,1.4737562991928752,0.4717837609931714,0.9443409305076385,1.7499151411081018,False,0,51.05494836645085,0.0,0.4,C_ref,2026-09-18 18:32:58,2026-09-19 00:48:16
pretrained_e20,0,1.0,1.0,7,0,1.2854306007275829,1.077496659958429,1.531907038138863,0.454410378180434,0.9754221375798192,1.79833562673415,False,0,61.79897590182373,0.0,0.4,C_ref,2026-09-18 18:32:58,2026-09-19 00:48:16
pretrained_e20,0,1.0,1.0,8,0,1.3623830999427164,1.1550964603298466,1.603009860866458,0.4479134005366114,1.0108479584654273,1.8644611373916276,False,0,92.4494661114186,0.0,0.4,C_ref,2026-09-18 18:32:58,2026-09-19 00:48:16
pretrained_e20,0,1.0,1.0,9,0,1.235365868491593,1.0453128177449995,1.4810989169883406,0.4357860992433409,0.997204838918324,1.749984129310728,False,0,42.44076737650175,0.0,0.4,C_ref,2026-09-18 18:32:58,2026-09-19 00:48:16
pretrained_e20,0,1.0,1.0,10,0,1.3084894852542477,1.092923733766222,1.5613940169725522,0.4684702832063301,0.9917346675184938,1.8330027092631995,False,0,59.779993405376445,0.0,0.4,C_ref,2026-09-18 18:32:58,2026-09-19 00:48:16
pretrained_e20,0,1.0,1.0,11,0,1.2293537065164322,1.0270949675111811,1.4813679094937549,0.4542729419825735,0.981962765500206,1.7537267878914446,False,0,49.96521709421359,0.0,0.4,C_ref,2026-09-18 18:32:58,2026-09-19 00:48:16
pretrained_e20,0,1.0,1.0,12,0,1.3668425505610624,1.1458701777151397,1.6105218656720446,0.4646516879569049,0.9904247720413364,1.821307200609782,False,0,92.12555598439576,0.0,0.4,C_ref,2026-09-18 18:32:58,2026-09-19 00:48:16
pretrained_e20,0,1.0,1.0,13,0,1.4041229263655906,1.1856445593216656,1.6512919851511485,0.4656474258294827,1.0226145051027795,1.9167546657118892,False,0,88.19590792076269,0.0,0.4,C_ref,2026-09-18 18:32:58,2026-09-19 00:48:16
pretrained_e20,0,1.0,1.0,14,0,1.217220557640195,1.0248539579016736,1.4692959500778189,0.4444419921761451,0.9860061683577596,1.7423741136357702,False,0,32.3038374019452,0.0,0.4,C_ref,2026-09-18 18:32:58,2026-09-19 00:48:16
pretrained_e20,0,1.0,1.0,15,0,1.1866549479153898,0.9843018167909692,1.460132560655509,0.4758307438645398,0.9495708812299478,1.7480623304096234,False,0,28.45571426663446,0.0,0.4,C_ref,2026-09-18 18:32:58,2026-09-19 00:48:16
pretrained_e20,0,1.0,1.0,16,0,1.4247660653406704,1.2054037822994084,1.6720089795807902,0.4666051972813818,1.0389355238268607,1.93726317888719,False,0,96.42438598121224,0.0,0.4,C_ref,2026-09-18 18:32:58,2026-09-19 00:48:16
pretrained_e20,0,1.0,1.0,17,0,1.146737818398135,0.9966631062193738,1.3881257373348292,0.3914626311154554,0.9786866691595691,1.6583891382354363,False,0,24.063022371756237,0.0,0.4,C_ref,2026-09-18 18:32:58,2026-09-19 00:48:16
pretrained_e20,0,1.0,1.0,18,0,1.2772663020449149,1.0561429695053124,1.5351722962272356,0.4790293267219232,0.9745849589662932,1.808069003805521,False,0,38.75227417827773,0.0,0.4,C_ref,2026-09-18 18:32:58,2026-09-19 00:48:16
pretrained_e20,0,1.0,1.0,19,0,1.2621013256176152,1.0664861564598358,1.5065210762761627,0.4400349198163269,0.985716996387226,1.7744031196017154,False,0,52.241076135233016,0.0,0.4,C_ref,2026-09-18 18:32:58,2026-09-19 00:48:16
pretrained_e20,0,1.0,1.0,20,0,1.3678875235578456,1.1684818143347615,1.602148239367479,0.4336664250327176,1.0262970776819855,1.859084911874857,False,0,87.83808801302803,0.0,0.4,C_ref,2026-09-18 18:32:58,2026-09-19 00:48:16
pretrained_e20,0,1.0,1.0,21,0,1.277938536976151,1.0527924917888358,1.5397746988384198,0.4869822070495839,0.9871635739637704,1.8168760740399268,False,0,40.14108070932343,0.0,0.4,C_ref,2026-09-18 18:32:58,2026-09-19 00:48:16
pretrained_e20,0,1.0,1.0,22,0,1.2513904156882465,1.04575711583053,1.5042504329110986,0.4584933170805685,0.992001562776334,1.7770971467549403,False,0,46.19084940178072,0.0,0.4,C_ref,2026-09-18 18:32:58,2026-09-19 00:48:16
pretrained_e20,0,1.0,1.0,23,0,1.2198055978594478,1.0313417497637356,1.4629623017919098,0.4316205520281742,0.974999419791719,1.730438515906983,False,0,41.2251275572271,0.0,0.4,C_ref,2026-09-18 18:32:58,2026-09-19 00:48:16
pretrained_e20,0,1.0,1.0,24,0,1.2015894865293582,1.0079145555782143,1.4523098340152998,0.4443952784370855,0.9558774377384346,1.7247642016190912,False,0,36.55517388532098,0.0,0.4,C_ref,2026-09-18 18:32:58,2026-09-19 00:48:16
pretrained_e20,0,1.0,1.0,25,0,1.143809075736293,0.9956271920193828,1.380489324824304,0.3848621328049211,0.9835060749258114,1.6451755340036902,False,0,34.56436031786143,0.0,0.4,C_ref,2026-09-18 18:32:58,2026-09-19 00:48:16
pretrained_e20,0,1.0,1.0,26,0,1.1443529477693843,0.988670997899614,1.3907625176356404,0.4020915197360265,0.968012411458123,1.6653070616568793,False,0,23.390230307355523,0.0,0.4,C_ref,2026-09-18 18:32:58,2026-09-19 00:48:16
pretrained_e20,0,1.0,1.0,27,0,1.2680786075317672,1.063503788079386,1.5133144852852467,0.4498106972058606,0.9644172524625848,1.77937972164847,False,0,59.32497976162631,0.0,0.4,C_ref,2026-09-18 18:32:58,2026-09-19 00:48:16
pretrained_e20,0,1.0,1.0,28,0,1.1153019166664797,0.9987112671538866,1.3628218569092367,0.3641105897553501,0.978632532028164,1.6427919579048973,False,0,15.81541856675176,0.0,0.4,C_ref,2026-09-18 18:32:58,2026-09-19 00:48:16
pretrained_e20,0,1.0,1.0,29,0,1.139760859095906,0.9862002767780482,1.4020268442693071,0.4158265674912589,0.8874360934267786,1.683192623728743,False,0,33.09725193413033,0.0,0.4,C_ref,2026-09-18 18:32:58,2026-09-19 00:48:16
pretrained_e20,0,1.0,1.0,30,0,1.1970955861140642,1.0125042907685782,1.443406351808182,0.4309020610396037,0.97388379986921,1.712356957928391,False,0,35.05359994173341,0.0,0.4,C_ref,2026-09-18 18:32:58,2026-09-19 00:48:16
pretrained_e20,0,1.0,1.0,31,0,1.3136535485205232,1.1022503014048357,1.5620979258969965,0.4598476244921607,0.9956945798761064,1.8296710347535603,False,0,73.40398364032444,0.0,0.4,C_ref,2026-09-18 18:32:58,2026-09-19 00:48:16
pretrained_e20,0,1.0,1.0,32,0,1.3077217513777255,1.096393874130439,1.5557601637076257,0.4593662895771866,0.989022876582743,1.823077211315755,False,0,60.08571083957577,0.0,0.4,C_ref,2026-09-18 18:32:58,2026-09-19 00:48:16
pretrained_e20,0,1.0,1.0,33,0,1.206648060875674,1.0307166101664798,1.4437582802791065,0.4130416701126267,0.9842308154957176,1.7081187739796917,False,0,42.67724187295971,0.0,0.4,C_ref,2026-09-18 18:32:58,2026-09-19 00:48:16
pretrained_e20,0,1.0,1.0,34,0,1.246710885329861,1.0500897644250509,1.492488415588464,0.4423986511634132,0.9711109924647876,1.7614992124913014,False,0,48.426867010122805,0.0,0.4,C_ref,2026-09-18 18:32:58,2026-09-19 00:48:16
pretrained_e20,0,1.0,1.0,35,0,1.2421657979771237,1.0541951060183106,1.4794362881876626,0.425241182169352,0.9885034135274796,1.741181499748612,False,0,64.79097723309678,0.0,0.4,C_ref,2026-09-18 18:32:58,2026-09-19 00:48:16
pretrained_e20,0,1.0,1.0,36,0,1.294646744007928,1.082580156411621,1.5448475884149693,0.4622674320033482,0.991912428015772,1.814314727071851,False,0,62.46985114689596,0.0,0.4,C_ref,2026-09-18 18:32:58,2026-09-19 00:48:16
pretrained_e20,0,1.0,1.0,37,0,1.302879004036113,1.0970003227996112,1.5468869464475767,0.4498866236479655,0.9839493381998276,1.757267483521901,False,0,58.140958978416165,0.0,0.4,C_ref,2026-09-18 18:32:58,2026-09-19 00:48:16
pretrained_e20,0,1.0,1.0,38,0,1.4058886362009642,1.1913723554335782,1.649604884873038,0.4582325294394598,1.0311127219325735,1.91198262155349,False,0,84.82210542981193,0.0,0.4,C_ref,2026-09-18 18:32:58,2026-09-19 00:48:16
pretrained_e20,0,1.0,1.0,39,0,1.2923015520258123,1.1049342439960976,1.523500369067206,0.4185661250711083,0.9995999125176254,1.7803171161091302,False,0,67.14780576461271,0.0,0.4,C_ref,2026-09-18 18:32:58,2026-09-19 00:48:16
pretrained_e20,0,1.0,1.0,40,0,1.251764776861369,1.0402632511888048,1.5073410151531008,0.467077763964296,0.9852929634568088,1.7817575861526815,False,0,51.68863948965736,0.0,0.4,C_ref,2026-09-18 18:32:58,2026-09-19 00:48:16
pretrained_e20,0,1.0,1.0,41,0,1.2190733529356614,1.0408689400740028,1.4535136834247304,0.4126447433507276,0.9871838343585791,1.7151084759359236,False,0,55.2159940773272,0.0,0.4,C_ref,2026-09-18 18:32:58,2026-09-19 00:48:16
pretrained_e20,0,1.0,1.0,42,0,1.233111412015606,1.043719740518199,1.4785543430568668,0.4348346025386678,0.9882133764896992,1.7416233096512284,False,0,39.92656532817273,0.0,0.4,C_ref,2026-09-18 18:32:58,2026-09-19 00:48:16
pretrained_e20,0,1.0,1.0,43,0,1.192702893728825,1.0213501666837286,1.431657160863923,0.4103069941801944,0.987169069007288,1.6986799198114515,False,0,39.41139727531845,0.0,0.4,C_ref,2026-09-18 18:32:58,2026-09-19 00:48:16
pretrained_e20,0,1.0,1.0,44,0,1.2223687305588282,1.0424814031547758,1.4632168048958725,0.4207354017410967,0.9932581169605996,1.730208163119263,False,0,37.19398190233187,0.0,0.4,C_ref,2026-09-18 18:32:58,2026-09-19 00:48:16
pretrained_e20,0,1.0,1.0,45,0,1.2612517251878768,1.052741749046368,1.5076051975427187,0.4548634484963507,0.9933119815389112,1.7727712793641857,False,0,58.8646478246701,0.0,0.4,C_ref,2026-09-18 18:32:58,2026-09-19 00:48:16
pretrained_e20,0,1.0,1.0,46,0,1.4083818748327763,1.186683583946685,1.6557840869227354,0.4691005029760504,1.0141512771904575,1.920475874122527,False,0,91.1507750826786,0.0,0.4,C_ref,2026-09-18 18:32:58,2026-09-19 00:48:16
pretrained_e20,0,1.0,1.0,47,0,1.317575478716053,1.1091232422123611,1.5622969172949044,0.4531736750825432,0.9812518892671525,1.8274151121143225,False,0,63.32798026761884,0.0,0.4,C_ref,2026-09-18 18:32:58,2026-09-19 00:48:16
pretrained_e20,0,1.0,1.0,0,0,2.52491816196659,2.239886155536023,2.818910069397817,0.5790239138617941,1.9634195542552928,3.1223820954425547,False,0,0.0071439704406657,1.0,2.5,C_ref,2026-09-18 18:32:58,2026-09-19 00:48:16
pretrained_e20,0,1.0,1.0,1,0,2.589596026566216,2.3066224052370603,2.882130093040637,0.5755076878035772,1.9147174596641567,3.184527138193813,False,0,0.0979541237393277,1.0,2.5,C_ref,2026-09-18 18:32:58,2026-09-19 00:48:16
pretrained_e20,0,1.0,1.0,2,0,2.651628358586622,2.3644530490939406,2.947508251755405,0.5830552026614644,2.085215279573706,3.2526445002439,False,0,0.2748359185097797,1.0,2.5,C_ref,2026-09-18 18:32:58,2026-09-19 00:48:16
pretrained_e20,0,1.0,1.0,3,0,2.6661677355832487,2.378385967331252,2.9625246964493708,0.5841387291181186,2.098453759909651,3.2679914290860115,False,0,0.3291887185441737,1.0,2.5,C_ref,2026-09-18 18:32:58,2026-09-19 00:48:16
pretrained_e20,0,1.0,1.0,4,0,2.587104225169812,2.300257925368203,2.8823088947355986,0.5820509693673954,2.020916247697127,3.186551611161643,False,0,0.0903265399829251,1.0,2.5,C_ref,2026-09-18 18:32:58,2026-09-19 00:48:16
pretrained_e20,0,1.0,1.0,5,0,2.545293831738958,2.2599450381398354,2.8392451393109024,0.579300101171067,1.9825061915925004,3.1423245186615665,False,0,0.0243250216262822,1.0,2.5,C_ref,2026-09-18 18:32:58,2026-09-19 00:48:16
pretrained_e20,0,1.0,1.0,6,0,2.543101896737232,2.2561366473159663,2.838706129985649,0.5825694826696828,1.9769542591656688,3.143490123950416,False,0,0.0218895305297337,1.0,2.5,C_ref,2026-09-18 18:32:58,2026-09-19 00:48:16
pretrained_e20,0,1.0,1.0,7,0,2.3992308287134243,2.2424518357700576,2.8601972305093297,0.6177453947392721,2.0017922551265523,3.182938264218293,False,0,0.3894676316558616,1.0,2.5,C_ref,2026-09-18 18:32:58,2026-09-19 00:48:16
pretrained_e20,0,1.0,1.0,8,0,2.6512023528192983,2.3696650128797656,2.9427110044361666,0.573045991556401,2.0980312148328752,3.244423678695376,False,0,0.2836989294592058,1.0,2.5,C_ref,2026-09-18 18:32:58,2026-09-19 00:48:16
pretrained_e20,0,1.0,1.0,9,0,2.573405838208259,2.287944760999852,2.867661143442245,0.5797163824423937,2.010613787675756,3.171221148644464,False,0,0.0645236836280673,1.0,2.5,C_ref,2026-09-18 18:32:58,2026-09-19 00:48:16
pretrained_e20,0,1.0,1.0,10,0,2.7005273922847826,2.4153462095359184,2.995040648413675,0.5796944388777567,2.1390150258881606,3.2993011096290688,False,0,0.4895503331681539,1.0,2.5,C_ref,2026-09-18 18:32:58,2026-09-19 00:48:16
pretrained_e20,0,1.0,1.0,11,0,2.5523640776981584,2.272545339014831,2.719703104197176,0.4471577651823448,1.9964992554335796,3.107925515490323,False,0,0.0353887012570339,1.0,2.5,C_ref,2026-09-18 18:32:58,2026-09-19 00:48:16
pretrained_e20,0,1.0,1.0,12,0,2.7341702008489674,2.4478928188080364,3.029670262244557,0.5817774434365206,2.170680332160242,3.3334356289842497,False,0,0.6649465372829582,1.0,2.5,C_ref,2026-09-18 18:32:58,2026-09-19 00:48:16
pretrained_e20,0,1.0,1.0,13,0,2.6646607293464637,2.438200151429702,2.9826641471539137,0.5444639957242119,2.172570869381361,3.315240698576901,False,0,0.5822742312047922,1.0,2.5,C_ref,2026-09-18 18:32:58,2026-09-19 00:48:16
pretrained_e20,0,1.0,1.0,14,0,2.559512160573219,2.274947540689833,2.852695502680137,0.5777479619903039,1.9981544626330223,3.1550984676665554,False,0,0.0427142268781608,1.0,2.5,C_ref,2026-09-18 18:32:58,2026-09-19 00:48:16
pretrained_e20,0,1.0,1.0,15,0,2.6581340466618126,2.368398467296464,2.956236029275209,0.5878375619787453,2.086143894407699,3.263399509430278,False,0,0.2940735932097595,1.0,2.5,C_ref,2026-09-18 18:32:58,2026-09-19 00:48:16
pretrained_e20,0,1.0,1.0,16,0,2.785483535440042,2.501491318269546,3.07926774771758,0.5777764294480341,2.227114696095997,3.382970839607799,False,0,1.010546231715125,0.0,2.5,C_ref,2026-09-18 18:32:58,2026-09-19 00:48:16
pretrained_e20,0,1.0,1.0,17,0,2.442517096377927,2.1566084006745023,2.7368064735212503,0.580198072846748,1.8781608847778932,3.040165506451451,False,0,0.0389941413668566,1.0,2.5,C_ref,2026-09-18 18:32:58,2026-09-19 00:48:16
pretrained_e20,0,1.0,1.0,18,0,2.3899457815152534,2.251165447111444,2.409043201417876,0.157877754306432,2.0250253224794927,3.231435467366349,False,0,0.6446496954667964,0.0,2.5,C_ref,2026-09-18 18:32:58,2026-09-19 00:48:16
pretrained_e20,0,1.0,1.0,19,0,2.592715700589045,2.3079864849943483,2.886207959507926,0.5782214745135779,2.031629707553632,3.1886018427678144,False,0,0.1037779180878715,1.0,2.5,C_ref,2026-09-18 18:32:58,2026-09-19 00:48:16
pretrained_e20,0,1.0,1.0,20,0,2.582435485055926,2.3002053065706534,2.874333896752653,0.5741285901819997,2.02755331948912,3.176192884973847,False,0,0.0832055466125893,1.0,2.5,C_ref,2026-09-18 18:32:58,2026-09-19 00:48:16
pretrained_e20,0,1.0,1.0,21,0,2.6923717668321108,2.406330955202095,2.9874701297969724,0.5811391745948775,2.1287076267241125,3.292086619217116,False,0,0.4475716767992708,1.0,2.5,C_ref,2026-09-18 18:32:58,2026-09-19 00:48:16
pretrained_e20,0,1.0,1.0,22,0,2.58779151802816,2.3011713942967496,2.883228549470385,0.582057155173636,2.022773959444894,3.1880233882296523,False,0,0.0918157359301403,1.0,2.5,C_ref,2026-09-18 18:32:58,2026-09-19 00:48:16
pretrained_e20,0,1.0,1.0,23,0,2.5231990248019818,2.238480199550112,2.816637160536356,0.5781569609862438,1.9617629208644405,3.1193934017092477,False,0,0.0063357709295814,1.0,2.5,C_ref,2026-09-18 18:32:58,2026-09-19 00:48:16
pretrained_e20,0,1.0,1.0,24,0,2.531463830561284,2.24623170060385,2.825212938081346,0.5789812374774961,1.9686517949444304,3.128135716920053,False,0,0.0118279186026484,1.0,2.5,C_ref,2026-09-18 18:32:58,2026-09-19 00:48:16
pretrained_e20,0,1.0,1.0,25,0,2.3811531324314945,2.099117792302623,2.6692060158721924,0.5700882235695692,1.8233798075131036,2.945471136985731,False,0,0.1719964264557347,1.0,2.5,C_ref,2026-09-18 18:32:58,2026-09-19 00:48:16
pretrained_e20,0,1.0,1.0,26,0,2.49583913839014,2.2087950096092794,2.7911413386297275,0.582346329020448,1.8527321879618772,3.095337114400214,False,0,0.0,1.0,2.5,C_ref,2026-09-18 18:32:58,2026-09-19 00:48:16
pretrained_e20,0,1.0,1.0,27,0,2.5272720706801937,2.2657478242586926,2.6247828434441414,0.3590350191854488,1.996793129953803,3.025819005541388,False,0,0.0124985124748491,1.0,2.5,C_ref,2026-09-18 18:32:58,2026-09-19 00:48:16
pretrained_e20,0,1.0,1.0,28,0,2.2885833201854604,2.1106230863422093,2.3151309704872647,0.2045078841450553,1.8642789223603144,2.9469612784447725,False,0,1.5247714086362976,0.0,2.5,C_ref,2026-09-18 18:32:58,2026-09-19 00:48:16
pretrained_e20,0,1.0,1.0,29,0,2.3053081892006597,2.148313106909591,2.8125459521587204,0.6642328452491295,1.900303369689061,3.119174638474395,False,0,0.0084990958603157,1.0,2.5,C_ref,2026-09-18 18:32:58,2026-09-19 00:48:16
pretrained_e20,0,1.0,1.0,30,0,2.5439013296661908,2.262433460910404,2.8314833591673003,0.5690498982568966,1.8916287808381795,3.066297035436461,False,0,0.0236032535831327,1.0,2.5,C_ref,2026-09-18 18:32:58,2026-09-19 00:48:16
pretrained_e20,0,1.0,1.0,31,0,2.3959160157661734,2.234180018648838,2.418067358760044,0.1838873401112057,1.9956036658207013,3.150811140533885,False,0,0.9242501927619742,0.0,2.5,C_ref,2026-09-18 18:32:58,2026-09-19 00:48:16
pretrained_e20,0,1.0,1.0,32,0,2.6446072163104084,2.360548838602409,2.9380869407341748,0.5775381021317658,2.0034669602612376,3.2412950261624323,False,0,0.2548119035454874,1.0,2.5,C_ref,2026-09-18 18:32:58,2026-09-19 00:48:16
pretrained_e20,0,1.0,1.0,33,0,2.483185956420019,2.199227061372494,2.775947080886786,0.5767200195142923,1.9235102453172643,3.078069708524831,False,0,0.0032754409803601,1.0,2.5,C_ref,2026-09-18 18:32:58,2026-09-19 00:48:16
pretrained_e20,0,1.0,1.0,34,0,2.5580192910225725,2.272694686845921,2.852371886067891,0.5796771992219694,1.995865675629816,3.156197645769529,False,0,0.0402830164784973,1.0,2.5,C_ref,2026-09-18 18:32:58,2026-09-19 00:48:16
pretrained_e20,0,1.0,1.0,35,0,2.4906371103973792,2.208702264735852,2.7816991279851067,0.5729968632492546,1.9355443620423505,3.0822585957861484,False,0,0.0010635638864187,1.0,2.5,C_ref,2026-09-18 18:32:58,2026-09-19 00:48:16
pretrained_e20,0,1.0,1.0,36,0,2.6606238690604034,2.376962192597679,2.953711290441472,0.576749097843793,2.1023558163216287,3.256577070771826,False,0,0.3160011344116356,1.0,2.5,C_ref,2026-09-18 18:32:58,2026-09-19 00:48:16
pretrained_e20,0,1.0,1.0,37,0,2.659768814461052,2.375040592425359,2.953750036638091,0.5787094442127323,2.0990678225844936,3.257398440561513,False,0,0.3103682170258253,1.0,2.5,C_ref,2026-09-18 18:32:58,2026-09-19 00:48:16
pretrained_e20,0,1.0,1.0,38,0,2.739924061806476,2.4587435365022428,3.0309659046723603,0.5722223681701175,2.1872365105530407,3.3320691664457653,False,0,0.7242170919453201,1.0,2.5,C_ref,2026-09-18 18:32:58,2026-09-19 00:48:16
pretrained_e20,0,1.0,1.0,39,0,2.555090379925357,2.274276124969434,2.845742678869141,0.571466553899707,2.0031621543922205,3.146406647939405,False,0,0.0371313706818909,1.0,2.5,C_ref,2026-09-18 18:32:58,2026-09-19 00:48:16
pretrained_e20,0,1.0,1.0,40,0,2.395680373655709,2.2399124653413702,2.8675540341289705,0.6276415687876002,1.9987897833655173,3.1978335525250934,False,0,0.4588786276653991,1.0,2.5,C_ref,2026-09-18 18:32:58,2026-09-19 00:48:16
pretrained_e20,0,1.0,1.0,41,0,2.502841359513419,2.2193597784616186,2.7953348328468968,0.5759750543852782,1.94446612192646,3.097336221887484,False,0,0.0,1.0,2.5,C_ref,2026-09-18 18:32:58,2026-09-19 00:48:16
pretrained_e20,0,1.0,1.0,42,0,2.6119653972626486,2.325753570918746,2.9069068211100584,0.5811532501913126,2.0476049277124075,3.211042733144088,False,0,0.1502019139879848,1.0,2.5,C_ref,2026-09-18 18:32:58,2026-09-19 00:48:16
pretrained_e20,0,1.0,1.0,43,0,2.2083769641392905,2.0736251018674063,2.229198195993193,0.1555730941257871,1.8483097418119183,3.077468608544857,False,0,0.2291391812650545,0.0,2.5,C_ref,2026-09-18 18:32:58,2026-09-19 00:48:16
pretrained_e20,0,1.0,1.0,44,0,2.5094003746760816,2.2234349188062468,2.804167048387292,0.5807321295810453,1.945614260543239,3.108296280890547,False,0,0.0010439983125252,1.0,2.5,C_ref,2026-09-18 18:32:58,2026-09-19 00:48:16
pretrained_e20,0,1.0,1.0,45,0,2.5095431660009098,2.2268557511207923,2.8013168744589465,0.5744611233381542,1.9526178001447143,3.102629652276372,False,0,0.0011016040953109,1.0,2.5,C_ref,2026-09-18 18:32:58,2026-09-19 00:48:16
pretrained_e20,0,1.0,1.0,46,0,2.668083033195976,2.384064298993468,2.9614929566742205,0.5774286576807524,2.1089641733536766,3.2646132600483457,False,0,0.3454633678375103,1.0,2.5,C_ref,2026-09-18 18:32:58,2026-09-19 00:48:16
pretrained_e20,0,1.0,1.0,47,0,2.6429697364155724,2.362111587342096,2.927204158057617,0.565092570715521,2.088980879921492,3.1142349328264225,False,0,0.2557326342539454,1.0,2.5,C_ref,2026-09-18 18:32:58,2026-09-19 00:48:16
