variant,seed,frac_sig,frac_sbi,toy,n_nonfinite,mu_hat,lo,hi,width,lo_2sig,hi_2sig,at_boundary,n_nan_t,t_true,covers_1sig,mu_true,calibration,finished_sig,finished_sbi
pretrained,0,0.01,0.01,0,0,0.2026380537101728,0.0831395967265995,0.5107000419184313,0.4275604451918318,0.0253822380956167,1.0013540069426947,False,0,0.5641475797383464,1.0,0.4,C_ref,2026-09-18 03:50:55,2026-09-18 04:37:11
pretrained,0,0.01,0.01,1,0,0.1593405486159092,0.0635154467182981,0.3740115209058928,0.3104960741875947,0.0168763746211357,0.8888450617975929,False,0,1.148413395661919,0.0,0.4,C_ref,2026-09-18 03:50:55,2026-09-18 04:37:11
pretrained,0,0.01,0.01,2,0,0.0771026295490037,0.0415621085667245,0.3010636207731551,0.2595015122064305,0.0095242806603123,1.12097616598477,False,0,1.4748966168917832,0.0,0.4,C_ref,2026-09-18 03:50:55,2026-09-18 04:37:11
pretrained,0,0.01,0.01,3,0,0.131441626745986,0.0494819634550193,0.2142657278022866,0.1647837643472673,0.0106458986034826,1.0738183231802303,False,0,1.97964139659598,0.0,0.4,C_ref,2026-09-18 03:50:55,2026-09-18 04:37:11
pretrained,0,0.01,0.01,4,0,0.1620680967560022,0.0755273787481858,0.3997068405012304,0.3241794617530445,0.0228546040263517,1.0429373994087838,False,0,1.0011490603537825,0.0,0.4,C_ref,2026-09-18 03:50:55,2026-09-18 04:37:11
pretrained,0,0.01,0.01,5,0,0.1865031707512062,0.0735735086756581,0.5081411134656941,0.434567604790036,0.0200243668083843,1.0825694283828615,False,0,0.6341932858849759,1.0,0.4,C_ref,2026-09-18 03:50:55,2026-09-18 04:37:11
pretrained,0,0.01,0.01,6,0,0.1155139739635913,0.0620393091998012,0.2468317957506252,0.184792486550824,0.0182352885536795,1.0296876199219165,False,0,1.604388298765116,0.0,0.4,C_ref,2026-09-18 03:50:55,2026-09-18 04:37:11
pretrained,0,0.01,0.01,7,0,0.1331488415868729,0.0522249679424225,0.2530533491656802,0.2008283812232576,0.0123673019973605,0.7446912869618478,False,0,1.750073193674325,0.0,0.4,C_ref,2026-09-18 03:50:55,2026-09-18 04:37:11
pretrained,0,0.01,0.01,8,0,0.1397998659430877,0.0606737154140564,0.1822624754677581,0.1215887600537016,0.0164166529435249,1.0082657507179915,False,0,2.330847860430368,0.0,0.4,C_ref,2026-09-18 03:50:55,2026-09-18 04:37:11
pretrained,0,0.01,0.01,9,0,0.1277812077504864,0.0497393364257355,0.2178648520014177,0.1681255155756821,0.0113249702835828,0.7044726402563817,False,0,2.4682783561620454,0.0,0.4,C_ref,2026-09-18 03:50:55,2026-09-18 04:37:11
pretrained,0,0.01,0.01,10,0,0.1520402946300239,0.0604941172959467,0.4003794171451124,0.3398852998491657,0.0158298004283569,1.037167810508551,False,0,0.9987699246994453,1.0,0.4,C_ref,2026-09-18 03:50:55,2026-09-18 04:37:11
pretrained,0,0.01,0.01,11,0,0.1314373396755976,0.0505152175823364,0.2817930647685574,0.2312778471862209,0.0113035242070397,0.8547612926028034,False,0,1.6407466721539097,0.0,0.4,C_ref,2026-09-18 03:50:55,2026-09-18 04:37:11
pretrained,0,0.01,0.01,12,0,0.1257489563123487,0.0461134712121762,0.2956777776524548,0.2495643064402785,0.0094809915382378,0.7976943894183288,False,0,1.7606348161352798,0.0,0.4,C_ref,2026-09-18 03:50:55,2026-09-18 04:37:11
pretrained,0,0.01,0.01,13,0,0.1339684498932063,0.0503943185180939,0.3227160640859159,0.272321745567822,0.0109555828543784,0.9103827244170476,False,0,1.4355492685390343,0.0,0.4,C_ref,2026-09-18 03:50:55,2026-09-18 04:37:11
pretrained,0,0.01,0.01,14,0,0.1683222417576565,0.0698249101623542,0.3986950215225038,0.3288701113601496,0.0197142475958187,0.89662483815191,False,0,1.0065946178001468,0.0,0.4,C_ref,2026-09-18 03:50:55,2026-09-18 04:37:11
pretrained,0,0.01,0.01,15,0,0.1516792008686925,0.0578758265224105,0.3888094608016292,0.3309336342792187,0.0141766150595246,1.0513581912924466,False,0,1.0485451206259313,0.0,0.4,C_ref,2026-09-18 03:50:55,2026-09-18 04:37:11
pretrained,0,0.01,0.01,16,0,0.1608307928527321,0.0647452582670457,0.3824977938378036,0.3177525355707578,0.017129062171822,1.1171310793574094,False,0,1.0567775505078316,0.0,0.4,C_ref,2026-09-18 03:50:55,2026-09-18 04:37:11
pretrained,0,0.01,0.01,17,0,0.1788076738701711,0.0739527097074394,0.4080064412117333,0.3340537315042938,0.0214153097738449,0.871624337611968,False,0,0.9548091167998792,1.0,0.4,C_ref,2026-09-18 03:50:55,2026-09-18 04:37:11
pretrained,0,0.01,0.01,18,0,0.170274489062624,0.0673658482032307,0.4299758629723713,0.3626100147691405,0.0181237846013838,1.021061678513142,False,0,0.8703157327036024,1.0,0.4,C_ref,2026-09-18 03:50:55,2026-09-18 04:37:11
pretrained,0,0.01,0.01,19,0,0.1386422219487295,0.0523911293667772,0.3335794762229503,0.281188346856173,0.0118441267051894,0.9476403267413512,False,0,1.3888034250012424,0.0,0.4,C_ref,2026-09-18 03:50:55,2026-09-18 04:37:11
pretrained,0,0.01,0.01,20,0,0.1479878114600642,0.0695950309053173,0.1669849428881471,0.0973899119828297,0.0204759104309571,1.0569917346806657,False,0,2.091144493566389,0.0,0.4,C_ref,2026-09-18 03:50:55,2026-09-18 04:37:11
pretrained,0,0.01,0.01,21,0,0.1307947948113728,0.0492944425327629,0.3030035480427254,0.2537091055099625,0.010529425435252,0.8352432780131978,False,0,1.653836892099207,0.0,0.4,C_ref,2026-09-18 03:50:55,2026-09-18 04:37:11
pretrained,0,0.01,0.01,22,0,0.1792493760951236,0.0714171198266095,0.4431335062415194,0.3717163864149098,0.019508172819422,0.9843206844360044,False,0,0.806572824374598,1.0,0.4,C_ref,2026-09-18 03:50:55,2026-09-18 04:37:11
pretrained,0,0.01,0.01,23,0,0.1838278989607298,0.0778867908198159,0.4484828649820355,0.3705960741622195,0.0230429745909442,1.0140652967723012,False,0,0.8045731208549114,1.0,0.4,C_ref,2026-09-18 03:50:55,2026-09-18 04:37:11
pretrained,0,0.01,0.01,24,0,0.1736982670537025,0.0696860054467064,0.4355993058589827,0.3659133004122762,0.0192527435549684,1.0109083797989291,False,0,0.8480754650117888,1.0,0.4,C_ref,2026-09-18 03:50:55,2026-09-18 04:37:11
pretrained,0,0.01,0.01,25,0,0.2113681370382008,0.0769174840750487,0.5208900309245499,0.4439725468495011,0.0254468071648604,1.0202312350005414,False,0,0.5190778011092334,1.0,0.4,C_ref,2026-09-18 03:50:55,2026-09-18 04:37:11
pretrained,0,0.01,0.01,26,0,0.1478752557223967,0.0718115578668737,0.345894747412175,0.2740831895453012,0.0211181947071335,1.0723727163427077,False,0,1.197085570445779,0.0,0.4,C_ref,2026-09-18 03:50:55,2026-09-18 04:37:11
pretrained,0,0.01,0.01,27,0,0.1350454063017936,0.0605059044300791,0.2511682041966588,0.1906622997665796,0.0167842569563228,0.8108488945761332,False,0,1.9833593469265909,0.0,0.4,C_ref,2026-09-18 03:50:55,2026-09-18 04:37:11
pretrained,0,0.01,0.01,28,0,0.1531282912219253,0.0608618908253753,0.30017826170392,0.2393163708785446,0.0159053684106376,1.0279440106282596,False,0,1.455074947236426,0.0,0.4,C_ref,2026-09-18 03:50:55,2026-09-18 04:37:11
pretrained,0,0.01,0.01,29,0,0.1569417412940073,0.0621648050367793,0.3938399738444661,0.3316751688076867,0.0163663913677042,0.9840535541528148,False,0,1.0276026000501588,0.0,0.4,C_ref,2026-09-18 03:50:55,2026-09-18 04:37:11
pretrained,0,0.01,0.01,30,0,0.2022896793259049,0.0848217275877019,0.4780963237460116,0.3932745961583096,0.0264242073404581,0.9563993863716334,False,0,0.6444406045920914,1.0,0.4,C_ref,2026-09-18 03:50:55,2026-09-18 04:37:11
pretrained,0,0.01,0.01,31,0,0.1480332453397235,0.0572318928758061,0.3499223945679077,0.2926905016921016,0.0139715879909002,0.8973970232525352,False,0,1.2949973283684812,0.0,0.4,C_ref,2026-09-18 03:50:55,2026-09-18 04:37:11
pretrained,0,0.01,0.01,32,0,0.1398881233363261,0.0543479231417451,0.3010475111914389,0.2466995880496938,0.0129806313850079,0.8443223785234182,False,0,1.53068521836758,0.0,0.4,C_ref,2026-09-18 03:50:55,2026-09-18 04:37:11
pretrained,0,0.01,0.01,33,0,0.216847722396741,0.0909737808061567,0.5070729279746565,0.4160991471684997,0.0288170363696939,0.9762721632690364,False,0,0.5307323823217303,1.0,0.4,C_ref,2026-09-18 03:50:55,2026-09-18 04:37:11
pretrained,0,0.01,0.01,34,0,0.1070173943826545,0.0591290969772236,0.3903407340948449,0.3312116371176212,0.0169566287624535,1.0500961959139017,False,0,1.036806468218856,0.0,0.4,C_ref,2026-09-18 03:50:55,2026-09-18 04:37:11
pretrained,0,0.01,0.01,35,0,0.1445975793201574,0.0566289453277311,0.3469702466303941,0.290341301302663,0.0142223193325006,0.9328963289468428,False,0,1.2877427588427963,0.0,0.4,C_ref,2026-09-18 03:50:55,2026-09-18 04:37:11
pretrained,0,0.01,0.01,36,0,0.139342614849484,0.0538764506196354,0.320846938826965,0.2669704882073295,0.01275059839025,0.8025418909428028,False,0,1.5456530393967114,0.0,0.4,C_ref,2026-09-18 03:50:55,2026-09-18 04:37:11
pretrained,0,0.01,0.01,37,0,0.12928484537701,0.0479520336442169,0.3097256238704881,0.2617735902262711,0.0098747431456783,0.9095880081145514,False,0,1.5644323375381646,0.0,0.4,C_ref,2026-09-18 03:50:55,2026-09-18 04:37:11
pretrained,0,0.01,0.01,38,0,0.1491922920905753,0.0579395640622706,0.3659498803180593,0.3080103162557887,0.0145708198147291,0.9995617367800214,False,0,1.170440260284522,0.0,0.4,C_ref,2026-09-18 03:50:55,2026-09-18 04:37:11
pretrained,0,0.01,0.01,39,0,0.0989268408956849,0.0493920615401709,0.1184247376611726,0.0690326761210017,0.0128615256232052,0.9678541440003328,False,0,2.994731274811784,0.0,0.4,C_ref,2026-09-18 03:50:55,2026-09-18 04:37:11
pretrained,0,0.01,0.01,40,0,0.1671114091786552,0.0658749950834927,0.2590696887084696,0.1931946936249768,0.0172945228766587,1.1665198059162394,False,0,0.6767260427986912,0.0,0.4,C_ref,2026-09-18 03:50:55,2026-09-18 04:37:11
pretrained,0,0.01,0.01,41,0,0.1911570512821983,0.0765714303506619,0.5113040057825559,0.4347325754318938,0.0219976309432152,1.056914349386301,False,0,0.610697248030192,1.0,0.4,C_ref,2026-09-18 03:50:55,2026-09-18 04:37:11
pretrained,0,0.01,0.01,42,0,0.1630534984896279,0.0641373787516425,0.4041217752119604,0.3399843964603178,0.0168770713712763,0.9886052848331276,False,0,0.981295976373076,1.0,0.4,C_ref,2026-09-18 03:50:55,2026-09-18 04:37:11
pretrained,0,0.01,0.01,43,0,0.2280083869731747,0.0957572807705663,0.546220589760104,0.4504633089895376,0.0308736886092854,1.017014715708486,False,0,0.4257762844608805,1.0,0.4,C_ref,2026-09-18 03:50:55,2026-09-18 04:37:11
pretrained,0,0.01,0.01,44,0,0.1871086673408497,0.0764717424324911,0.4420790316215006,0.3656072891890094,0.0220950709763066,0.9346593038632074,False,0,0.7926974962210807,1.0,0.4,C_ref,2026-09-18 03:50:55,2026-09-18 04:37:11
pretrained,0,0.01,0.01,45,0,0.1872195264252573,0.0771522496736521,0.4495376473502213,0.3723853976765691,0.0227176079293726,0.941604679141105,False,0,0.7661178046364512,1.0,0.4,C_ref,2026-09-18 03:50:55,2026-09-18 04:37:11
pretrained,0,0.01,0.01,46,0,0.1264340681545311,0.0663459388228897,0.4292357304829878,0.3628897916600981,0.0187597610954182,1.0835069667156962,False,0,0.8949099051787925,1.0,0.4,C_ref,2026-09-18 03:50:55,2026-09-18 04:37:11
pretrained,0,0.01,0.01,47,0,0.1561530838485587,0.0632919235444671,0.2741434391970318,0.2108515156525646,0.0169493968183975,0.9060573543238613,False,0,1.716945501713781,0.0,0.4,C_ref,2026-09-18 03:50:55,2026-09-18 04:37:11
pretrained,0,0.01,0.01,0,0,0.0,,0.0046231919839487,,,0.0244052284970794,True,0,11.08794944140027,,2.5,C_ref,2026-09-18 03:50:55,2026-09-18 04:37:11
pretrained,0,0.01,0.01,1,0,0.0,,0.0036049085276503,,,0.017772417747922,True,0,12.848316388903186,,2.5,C_ref,2026-09-18 03:50:55,2026-09-18 04:37:11
pretrained,0,0.01,0.01,2,0,0.0,,0.0028444795435273,,,0.0125666345716165,True,0,8.528769660013495,,2.5,C_ref,2026-09-18 03:50:55,2026-09-18 04:37:11
pretrained,0,0.01,0.01,3,0,0.0,,0.0028142193549125,,,0.0123506933391459,True,0,8.63059414408417,,2.5,C_ref,2026-09-18 03:50:55,2026-09-18 04:37:11
pretrained,0,0.01,0.01,4,0,0.0,,0.0039531005766458,,,0.0198284177884071,True,0,10.72780239286658,,2.5,C_ref,2026-09-18 03:50:55,2026-09-18 04:37:11
pretrained,0,0.01,0.01,5,0,0.0,,0.0037285320749999,,,0.0185993488910686,True,0,7.826964764379227,,2.5,C_ref,2026-09-18 03:50:55,2026-09-18 04:37:11
pretrained,0,0.01,0.01,6,0,0.0,,0.0043699752306639,,,0.022749524728755,True,0,11.07873755300534,,2.5,C_ref,2026-09-18 03:50:55,2026-09-18 04:37:11
pretrained,0,0.01,0.01,7,0,0.0,,0.0032790552684017,,,0.015605174244089,True,0,16.778173312577565,,2.5,C_ref,2026-09-18 03:50:55,2026-09-18 04:37:11
pretrained,0,0.01,0.01,8,0,0.0,,0.0035422575967112,,,0.0173283344203167,True,0,10.29238860609621,,2.5,C_ref,2026-09-18 03:50:55,2026-09-18 04:37:11
pretrained,0,0.01,0.01,9,0,0.0,,0.0031854863819696,,,0.0149549745134751,True,0,17.103439485206763,,2.5,C_ref,2026-09-18 03:50:55,2026-09-18 04:37:11
pretrained,0,0.01,0.01,10,0,0.0,,0.0031523649003118,,,0.014760991601151,True,0,9.789348800066364,,2.5,C_ref,2026-09-18 03:50:55,2026-09-18 04:37:11
pretrained,0,0.01,0.01,11,0,0.0,,0.0034016873696674,,,0.0164673757279456,True,0,14.022080356437073,,2.5,C_ref,2026-09-18 03:50:55,2026-09-18 04:37:11
pretrained,0,0.01,0.01,12,0,0.0,,0.0027042637547656,,,0.0115579960563157,True,0,12.38254897571096,,2.5,C_ref,2026-09-18 03:50:55,2026-09-18 04:37:11
pretrained,0,0.01,0.01,13,0,0.0,,0.0028780729513233,,,0.0128307363341706,True,0,11.811276565080334,,2.5,C_ref,2026-09-18 03:50:55,2026-09-18 04:37:11
pretrained,0,0.01,0.01,14,0,0.0,,0.0039332169103296,,,0.0197842447532981,True,0,13.503196754063538,,2.5,C_ref,2026-09-18 03:50:55,2026-09-18 04:37:11
pretrained,0,0.01,0.01,15,0,0.0,,0.0029532190775515,,,0.0133668127341889,True,0,8.588235483890458,,2.5,C_ref,2026-09-18 03:50:55,2026-09-18 04:37:11
pretrained,0,0.01,0.01,16,0,0.0,,0.0029510280847544,,,0.0133659778167325,True,0,6.408518093590828,,2.5,C_ref,2026-09-18 03:50:55,2026-09-18 04:37:11
pretrained,0,0.01,0.01,17,0,0.0,,0.0046046918291157,,,0.0241905472003301,True,0,14.269482812665956,,2.5,C_ref,2026-09-18 03:50:55,2026-09-18 04:37:11
pretrained,0,0.01,0.01,18,0,0.0,,0.0032801186091529,,,0.015632707883324,True,0,9.436184876391051,,2.5,C_ref,2026-09-18 03:50:55,2026-09-18 04:37:11
pretrained,0,0.01,0.01,19,0,0.0,,0.003009383083093,,,0.0137580904124118,True,0,9.79300294335917,,2.5,C_ref,2026-09-18 03:50:55,2026-09-18 04:37:11
pretrained,0,0.01,0.01,20,0,0.0,,0.0041887154348494,,,0.0215015186400226,True,0,9.860824074818083,,2.5,C_ref,2026-09-18 03:50:55,2026-09-18 04:37:11
pretrained,0,0.01,0.01,21,0,0.0,,0.0028144179479992,,,0.0123548127477925,True,0,13.041609888587118,,2.5,C_ref,2026-09-18 03:50:55,2026-09-18 04:37:11
pretrained,0,0.01,0.01,22,0,0.0,,0.0038059161739605,,,0.0190902900053834,True,0,10.358703636218706,,2.5,C_ref,2026-09-18 03:50:55,2026-09-18 04:37:11
pretrained,0,0.01,0.01,23,0,0.0,,0.0042256515746407,,,0.0217814218348833,True,0,10.675882590912806,,2.5,C_ref,2026-09-18 03:50:55,2026-09-18 04:37:11
pretrained,0,0.01,0.01,24,0,0.0,,0.0037790546906025,,,0.0188465336427338,True,0,9.697032188501908,,2.5,C_ref,2026-09-18 03:50:55,2026-09-18 04:37:11
pretrained,0,0.01,0.01,25,0,0.0,,0.0055984956332188,,,0.0296621986157412,True,0,12.03443914393938,,2.5,C_ref,2026-09-18 03:50:55,2026-09-18 04:37:11
pretrained,0,0.01,0.01,26,0,0.0,,0.0040667616588158,,,0.0206920940600456,True,0,9.18445979979515,,2.5,C_ref,2026-09-18 03:50:55,2026-09-18 04:37:11
pretrained,0,0.01,0.01,27,0,0.0,,0.0037031437977545,,,0.018322857406034,True,0,15.332291387592704,,2.5,C_ref,2026-09-18 03:50:55,2026-09-18 04:37:11
pretrained,0,0.01,0.01,28,0,0.0,,0.0032468319708607,,,0.0153960814483031,True,0,9.322116553277738,,2.5,C_ref,2026-09-18 03:50:55,2026-09-18 04:37:11
pretrained,0,0.01,0.01,29,0,0.0,,0.0036125588415312,,,0.0178113845393495,True,0,10.293091723127873,,2.5,C_ref,2026-09-18 03:50:55,2026-09-18 04:37:11
pretrained,0,0.01,0.01,30,0,0.0,,0.0043005659988725,,,0.0223069249295116,True,0,11.285449498136586,,2.5,C_ref,2026-09-18 03:50:55,2026-09-18 04:37:11
pretrained,0,0.01,0.01,31,0,0.0,,0.0032540000420496,,,0.0154820722024398,True,0,11.524664272106747,,2.5,C_ref,2026-09-18 03:50:55,2026-09-18 04:37:11
pretrained,0,0.01,0.01,32,0,0.0,,0.003170051462285,,,0.0148699774365449,True,0,13.120457328834163,,2.5,C_ref,2026-09-18 03:50:55,2026-09-18 04:37:11
pretrained,0,0.01,0.01,33,0,0.0,,0.005054677837365,,,0.0270122285195397,True,0,11.681737319173408,,2.5,C_ref,2026-09-18 03:50:55,2026-09-18 04:37:11
pretrained,0,0.01,0.01,34,0,0.0,,0.0041020966057767,,,0.0209203440341941,True,0,10.88823456213504,,2.5,C_ref,2026-09-18 03:50:55,2026-09-18 04:37:11
pretrained,0,0.01,0.01,35,0,0.0,,0.0034834774969213,,,0.0169232445608597,True,0,12.09026450426245,,2.5,C_ref,2026-09-18 03:50:55,2026-09-18 04:37:11
pretrained,0,0.01,0.01,36,0,0.0,,0.0030342945567654,,,0.013933171672592,True,0,14.132439893928677,,2.5,C_ref,2026-09-18 03:50:55,2026-09-18 04:37:11
pretrained,0,0.01,0.01,37,0,0.0,,0.0027408205891279,,,0.0118182755518507,True,0,10.73310543894695,,2.5,C_ref,2026-09-18 03:50:55,2026-09-18 04:37:11
pretrained,0,0.01,0.01,38,0,0.0,,0.0029929868574316,,,0.013634266309908,True,0,10.02957566679106,,2.5,C_ref,2026-09-18 03:50:55,2026-09-18 04:37:11
pretrained,0,0.01,0.01,39,0,0.0,,0.0034529098757288,,,0.0166964094035346,True,0,12.2264938620865,,2.5,C_ref,2026-09-18 03:50:55,2026-09-18 04:37:11
pretrained,0,0.01,0.01,40,0,0.0,,0.0033056687410914,,,0.0158310248129634,True,0,5.887625540573936,,2.5,C_ref,2026-09-18 03:50:55,2026-09-18 04:37:11
pretrained,0,0.01,0.01,41,0,0.0,,0.004031755849854,,,0.0204832110470369,True,0,9.427532534347849,,2.5,C_ref,2026-09-18 03:50:55,2026-09-18 04:37:11
pretrained,0,0.01,0.01,42,0,0.0,,0.0031608978775581,,,0.0148292853203564,True,0,9.274679215719516,,2.5,C_ref,2026-09-18 03:50:55,2026-09-18 04:37:11
pretrained,0,0.01,0.01,43,0,0.0,,0.0051841776266387,,,0.0277307370244032,True,0,10.148326060629188,,2.5,C_ref,2026-09-18 03:50:55,2026-09-18 04:37:11
pretrained,0,0.01,0.01,44,0,0.0,,0.0043491564895185,,,0.0227030827016117,True,0,11.905483319416817,,2.5,C_ref,2026-09-18 03:50:55,2026-09-18 04:37:11
pretrained,0,0.01,0.01,45,0,0.0,,0.0045894024740878,,,0.0241711366181557,True,0,12.02010898363369,,2.5,C_ref,2026-09-18 03:50:55,2026-09-18 04:37:11
pretrained,0,0.01,0.01,46,0,0.0,,0.0037677100239595,,,0.018827361231391,True,0,8.542326659542596,,2.5,C_ref,2026-09-18 03:50:55,2026-09-18 04:37:11
pretrained,0,0.01,0.01,47,0,0.0,,0.0033492925395311,,,0.0160901725836042,True,0,12.028537689628138,,2.5,C_ref,2026-09-18 03:50:55,2026-09-18 04:37:11
pretrained,0,0.03,0.03,0,0,0.9945373741547084,0.9850335181651344,1.0467222827039042,0.0616887645387699,0.9303828320748366,1.1672937246385249,False,0,5.740748029616952,0.0,0.4,C_ref,2026-09-18 05:26:33,2026-09-18 06:19:26
pretrained,0,0.03,0.03,1,0,0.99953685587551,0.9805115548199808,1.0781812497574588,0.097669694937478,0.9495607872748072,1.2148500618882796,False,0,26.73573688085889,0.0,0.4,C_ref,2026-09-18 05:26:33,2026-09-18 06:19:26
pretrained,0,0.03,0.03,2,0,0.8547159546053541,0.8384803408611848,0.9346520359702252,0.0961716951090403,0.8086603004243443,1.115987766504705,False,0,12.319860589261223,0.0,0.4,C_ref,2026-09-18 05:26:33,2026-09-18 06:19:26
pretrained,0,0.03,0.03,3,0,1.0046630207533485,0.9888105426349167,1.0842506918463022,0.0954401492113854,0.9845711881763236,1.2229820987258953,False,0,18.17531345277166,0.0,0.4,C_ref,2026-09-18 05:26:33,2026-09-18 06:19:26
pretrained,0,0.03,0.03,4,0,0.9943873060658154,0.9834313019396952,1.0480273887292657,0.0645960867895701,0.9305827840657216,1.1687490346642186,False,0,10.641391418372224,0.0,0.4,C_ref,2026-09-18 05:26:33,2026-09-18 06:19:26
pretrained,0,0.03,0.03,5,0,0.9944286663535422,0.9847472237609494,1.0470082380394212,0.0622610142784718,0.8882038180358972,1.1713460749410158,False,0,5.556786488617945,0.0,0.4,C_ref,2026-09-18 05:26:33,2026-09-18 06:19:26
pretrained,0,0.03,0.03,6,0,0.9979084482814656,0.9853442756238464,1.0582865076267918,0.0729422320029452,0.8692597316670301,1.1840163315535233,False,0,25.07848456919237,0.0,0.4,C_ref,2026-09-18 05:26:33,2026-09-18 06:19:26
pretrained,0,0.03,0.03,7,0,0.9948788213646445,0.987266599383168,1.0562999185884434,0.0690333192052755,0.9729135574994696,1.183547080858396,False,0,8.889371652836417,0.0,0.4,C_ref,2026-09-18 05:26:33,2026-09-18 06:19:26
pretrained,0,0.03,0.03,8,0,1.0010560167096094,0.9817425963176524,1.0932843848011526,0.1115417884835001,0.9453289386748036,1.2379493545596274,False,0,38.68565667503208,0.0,0.4,C_ref,2026-09-18 05:26:33,2026-09-18 06:19:26
pretrained,0,0.03,0.03,9,0,0.9849043007276213,0.9769588800095824,1.048581644838277,0.0716227648286944,0.9155722944175102,1.1754132653884837,False,0,10.976159287172775,0.0,0.4,C_ref,2026-09-18 05:26:33,2026-09-18 06:19:26
pretrained,0,0.03,0.03,10,0,1.0913868216864988,1.007202696303486,1.2173390368678123,0.2101363405643261,0.9849912284153776,1.3797856397831372,False,0,89.15620705361653,0.0,0.4,C_ref,2026-09-18 05:26:33,2026-09-18 06:19:26
pretrained,0,0.03,0.03,11,0,0.9932282200560152,0.9539917342003188,1.0432342773538394,0.0892425431535205,0.803575360823997,1.16885110624655,False,0,14.2839778114394,0.0,0.4,C_ref,2026-09-18 05:26:33,2026-09-18 06:19:26
pretrained,0,0.03,0.03,12,0,0.9744424327501822,0.9399618655219,1.046910830578257,0.1069489650563569,0.931098611866618,1.1886780034303213,False,0,33.029059111941024,0.0,0.4,C_ref,2026-09-18 05:26:33,2026-09-18 06:19:26
pretrained,0,0.03,0.03,13,0,0.9247063867893442,0.899573094067482,1.0075052524299914,0.1079321583625094,0.8390163137366732,1.1604885822519306,False,0,19.072814988685423,0.0,0.4,C_ref,2026-09-18 05:26:33,2026-09-18 06:19:26
pretrained,0,0.03,0.03,14,0,0.9961894593450114,0.9868245129932092,1.0632912414001623,0.0764667284069532,0.8122689927571161,1.194159336553246,False,0,21.3934417018354,0.0,0.4,C_ref,2026-09-18 05:26:33,2026-09-18 06:19:26
pretrained,0,0.03,0.03,15,0,0.993193754870642,0.941068760538216,1.044888506028527,0.103819745490311,0.6735351206554718,1.1738408979533594,False,0,11.95565666058974,0.0,0.4,C_ref,2026-09-18 05:26:33,2026-09-18 06:19:26
pretrained,0,0.03,0.03,16,0,0.9969127707127594,0.9519932748357496,1.1071413107750636,0.1551480359393141,0.9472692103208852,1.2665184901176794,False,0,49.13451020074717,0.0,0.4,C_ref,2026-09-18 05:26:33,2026-09-18 06:19:26
pretrained,0,0.03,0.03,17,0,0.9844991580494532,0.9740267294701492,1.041445979162224,0.0674192496920746,0.8769480568064664,1.166427909521907,False,0,14.694201121539663,0.0,0.4,C_ref,2026-09-18 05:26:33,2026-09-18 06:19:26
pretrained,0,0.03,0.03,18,0,0.9899828215264028,0.9744921359506052,1.0598524292169365,0.0853602932663313,0.9508775074351729,1.195513011730524,False,0,13.56625992395493,0.0,0.4,C_ref,2026-09-18 05:26:33,2026-09-18 06:19:26
pretrained,0,0.03,0.03,19,0,0.9846464548119938,0.9737573551647768,1.0487735980437949,0.0750162428790177,0.905706786987029,1.183125208080115,False,0,17.589108359767124,0.0,0.4,C_ref,2026-09-18 05:26:33,2026-09-18 06:19:26
pretrained,0,0.03,0.03,20,0,0.8547292858378345,0.8424804685155587,0.926060731465818,0.0835802629502592,0.6551915639014855,1.07041315534602,False,0,20.59212110270164,0.0,0.4,C_ref,2026-09-18 05:26:33,2026-09-18 06:19:26
pretrained,0,0.03,0.03,21,0,0.9834241566729108,0.9052255167424658,1.0394896196454828,0.134264102903017,0.8124403322418728,1.1740886041111251,False,0,23.683904974353936,0.0,0.4,C_ref,2026-09-18 05:26:33,2026-09-18 06:19:26
pretrained,0,0.03,0.03,22,0,0.9547293689208568,0.929837491644682,1.0382867297310874,0.1084492380864052,0.8793388305623391,1.1757201566808708,False,0,25.976027817971044,0.0,0.4,C_ref,2026-09-18 05:26:33,2026-09-18 06:19:26
pretrained,0,0.03,0.03,23,0,1.011119188136266,0.9797870146152268,1.0934850197261348,0.1136980051109078,0.9776220836462692,1.227375646381066,False,0,26.12373422228848,0.0,0.4,C_ref,2026-09-18 05:26:33,2026-09-18 06:19:26
pretrained,0,0.03,0.03,24,0,0.9631583962265368,0.948423702524742,1.0331119449628672,0.0846882424381252,0.9428810069941096,1.161991783160149,False,0,10.799321652117214,0.0,0.4,C_ref,2026-09-18 05:26:33,2026-09-18 06:19:26
pretrained,0,0.03,0.03,25,0,0.996359368895947,0.9800310992487304,1.0467893931832253,0.0667582939344949,0.5510229309211273,1.1619843765802365,False,0,3.6542897947947495,0.0,0.4,C_ref,2026-09-18 05:26:33,2026-09-18 06:19:26
pretrained,0,0.03,0.03,26,0,0.9761447586591884,0.9590699079113624,1.046455224427166,0.0873853165158036,0.9542308351089084,1.173839495316894,False,0,17.541630273401097,0.0,0.4,C_ref,2026-09-18 05:26:33,2026-09-18 06:19:26
pretrained,0,0.03,0.03,27,0,0.9951183565237666,0.9788037653655772,1.0685012783424193,0.089697512976842,0.9730941110953092,1.1986246711568127,False,0,20.52447543607559,0.0,0.4,C_ref,2026-09-18 05:26:33,2026-09-18 06:19:26
pretrained,0,0.03,0.03,28,0,0.9981108062003692,0.98565105996519,1.0628483321620166,0.0771972721968266,0.9074881445202516,1.1939263829424818,False,0,14.41579703982643,0.0,0.4,C_ref,2026-09-18 05:26:33,2026-09-18 06:19:26
pretrained,0,0.03,0.03,29,0,0.9978826332847316,0.9877186094160256,1.064454897217539,0.0767362878015134,0.9806304036369368,1.1920198304171918,False,0,16.13863569719615,0.0,0.4,C_ref,2026-09-18 05:26:33,2026-09-18 06:19:26
pretrained,0,0.03,0.03,30,0,0.9943497478837248,0.9838908134032004,1.048159458462402,0.0642686450592016,0.9058447266425592,1.1724738101216154,False,0,15.072295328744076,0.0,0.4,C_ref,2026-09-18 05:26:33,2026-09-18 06:19:26
pretrained,0,0.03,0.03,31,0,1.007108034032463,0.988102420707131,1.0894435994290412,0.1013411787219102,0.9807093343566968,1.2284328911784008,False,0,29.755654387445247,0.0,0.4,C_ref,2026-09-18 05:26:33,2026-09-18 06:19:26
pretrained,0,0.03,0.03,32,0,0.9819527845312036,0.966693033414829,1.0449494388473324,0.0782564054325033,0.9149926684689076,1.1754443737515985,False,0,13.541829867732304,0.0,0.4,C_ref,2026-09-18 05:26:33,2026-09-18 06:19:26
pretrained,0,0.03,0.03,33,0,0.9544170578748804,0.9437220181111284,1.0139838334623927,0.0702618153512644,0.7128091005245698,1.1505040593498792,False,0,21.07417939785228,0.0,0.4,C_ref,2026-09-18 05:26:33,2026-09-18 06:19:26
pretrained,0,0.03,0.03,34,0,0.9993829781169978,0.9879564731728426,1.062057409318897,0.0741009361460544,0.9813880675890668,1.1861750682460266,False,0,9.61230719140076,0.0,0.4,C_ref,2026-09-18 05:26:33,2026-09-18 06:19:26
pretrained,0,0.03,0.03,35,0,0.9918907536985836,0.9263200243058276,1.0591785379114151,0.1328585136055874,0.916279767005422,1.198115501549175,False,0,25.77124083253875,0.0,0.4,C_ref,2026-09-18 05:26:33,2026-09-18 06:19:26
pretrained,0,0.03,0.03,36,0,0.9828991549846992,0.9438848527014976,1.0790137805133173,0.1351289278118196,0.937906423340383,1.2253452004501906,False,0,38.3630064970348,0.0,0.4,C_ref,2026-09-18 05:26:33,2026-09-18 06:19:26
pretrained,0,0.03,0.03,37,0,1.0001055378292576,0.9828855363848564,1.0737854459362173,0.0908999095513607,0.975927974746066,1.203831021657142,False,0,15.079102615676677,0.0,0.4,C_ref,2026-09-18 05:26:33,2026-09-18 06:19:26
pretrained,0,0.03,0.03,38,0,0.9628462525024112,0.9365387047324658,1.0537110260115834,0.1171723212791175,0.92739711654573,1.2016398591847466,False,0,20.327305656832323,0.0,0.4,C_ref,2026-09-18 05:26:33,2026-09-18 06:19:26
pretrained,0,0.03,0.03,39,0,1.013112074344224,0.9887363267840704,1.1012618285606073,0.1125255017765368,0.9820665262814826,1.2409792994731976,False,0,40.91654257402115,0.0,0.4,C_ref,2026-09-18 05:26:33,2026-09-18 06:19:26
pretrained,0,0.03,0.03,40,0,1.007908790881893,0.9786543001694424,1.0994504616111231,0.1207961614416807,0.9723873143841834,1.2409624959047114,False,0,33.55721738489956,0.0,0.4,C_ref,2026-09-18 05:26:33,2026-09-18 06:19:26
pretrained,0,0.03,0.03,41,0,0.8466968248416303,0.8338340832465242,0.9369690681186847,0.1031349848721606,0.7881730546629833,1.0901232383252413,False,0,19.238605708444084,0.0,0.4,C_ref,2026-09-18 05:26:33,2026-09-18 06:19:26
pretrained,0,0.03,0.03,42,0,0.904216814510639,0.8920991681297974,0.960257503077836,0.0681583349480385,0.6340840273899963,1.0914883651439606,False,0,10.838776149670592,0.0,0.4,C_ref,2026-09-18 05:26:33,2026-09-18 06:19:26
pretrained,0,0.03,0.03,43,0,0.9742387568727836,0.9622752106767196,1.0286400944674274,0.0663648837907077,0.8140895688360511,1.154763221066595,False,0,9.046760836634348,0.0,0.4,C_ref,2026-09-18 05:26:33,2026-09-18 06:19:26
pretrained,0,0.03,0.03,44,0,0.9940055019989128,0.9595160001686548,1.0681266557768878,0.1086106556082331,0.8558066360648287,1.215089596468507,False,0,52.85197549191798,0.0,0.4,C_ref,2026-09-18 05:26:33,2026-09-18 06:19:26
pretrained,0,0.03,0.03,45,0,0.9356879272610136,0.8433185176643749,0.9900713959352508,0.1467528782708759,0.6241932749284526,1.1116418720799646,False,0,4.407652620211593,0.0,0.4,C_ref,2026-09-18 05:26:33,2026-09-18 06:19:26
pretrained,0,0.03,0.03,46,0,0.9907353400784976,0.9693373881998012,1.066569988627429,0.0972326004276278,0.9651962851088256,1.200364369744903,False,0,23.55860687051245,0.0,0.4,C_ref,2026-09-18 05:26:33,2026-09-18 06:19:26
pretrained,0,0.03,0.03,47,0,1.008757096922931,0.986925905475858,1.0900038447180669,0.1030779392422087,0.9788899633989872,1.226808777794044,False,0,20.78276697129695,0.0,0.4,C_ref,2026-09-18 05:26:33,2026-09-18 06:19:26
pretrained,0,0.03,0.03,0,0,0.0,,0.000534537689615,,,0.0021381507584601,True,0,34.78384627208652,,2.5,C_ref,2026-09-18 05:26:33,2026-09-18 06:19:26
pretrained,0,0.03,0.03,1,0,0.0,,0.0002657635201009,,,0.0010630540804039,True,0,30.49510793874288,,2.5,C_ref,2026-09-18 05:26:33,2026-09-18 06:19:26
pretrained,0,0.03,0.03,2,0,0.0,,0.0023975449763205,,,0.0095901799052823,True,0,34.30201000653324,,2.5,C_ref,2026-09-18 05:26:33,2026-09-18 06:19:26
pretrained,0,0.03,0.03,3,0,0.0,,0.0003703550912467,,,0.0014814203649869,True,0,28.59877534056432,,2.5,C_ref,2026-09-18 05:26:33,2026-09-18 06:19:26
pretrained,0,0.03,0.03,4,0,0.0,,0.0006127191614188,,,0.0024508766456754,True,0,39.27773186976265,,2.5,C_ref,2026-09-18 05:26:33,2026-09-18 06:19:26
pretrained,0,0.03,0.03,5,0,0.0,,0.000559436149915,,,0.00223774459966,True,0,34.38056118558234,,2.5,C_ref,2026-09-18 05:26:33,2026-09-18 06:19:26
pretrained,0,0.03,0.03,6,0,0.0,,0.0009017826502052,,,0.0036071306008208,True,0,35.36007795119804,,2.5,C_ref,2026-09-18 05:26:33,2026-09-18 06:19:26
pretrained,0,0.03,0.03,7,0,0.0,,0.0008711046388117,,,0.0034844185552469,True,0,30.60799581396349,,2.5,C_ref,2026-09-18 05:26:33,2026-09-18 06:19:26
pretrained,0,0.03,0.03,8,0,0.0,,0.0002501823227435,,,0.0010007292909743,True,0,29.02536350067021,,2.5,C_ref,2026-09-18 05:26:33,2026-09-18 06:19:26
pretrained,0,0.03,0.03,9,0,0.0,,0.0004520481462253,,,0.0018081925849013,True,0,33.633060351865424,,2.5,C_ref,2026-09-18 05:26:33,2026-09-18 06:19:26
pretrained,0,0.03,0.03,10,0,0.0,,0.0001038968719416,,,0.0004155874877666,True,0,18.736559578002925,,2.5,C_ref,2026-09-18 05:26:33,2026-09-18 06:19:26
pretrained,0,0.03,0.03,11,0,0.0,,0.0009553024185663,,,0.0038212096742653,True,0,33.5581822215463,,2.5,C_ref,2026-09-18 05:26:33,2026-09-18 06:19:26
pretrained,0,0.03,0.03,12,0,0.0,,0.0007029081279925,,,0.0028116325119702,True,0,32.80619338904944,,2.5,C_ref,2026-09-18 05:26:33,2026-09-18 06:19:26
pretrained,0,0.03,0.03,13,0,0.0,,0.0014274544814966,,,0.0057098179259867,True,0,29.574188252619933,,2.5,C_ref,2026-09-18 05:26:33,2026-09-18 06:19:26
pretrained,0,0.03,0.03,14,0,0.0,,0.0013041892906963,,,0.0052167571627854,True,0,34.21458373577843,,2.5,C_ref,2026-09-18 05:26:33,2026-09-18 06:19:26
pretrained,0,0.03,0.03,15,0,0.0,,0.0014881366411534,,,0.0059525465646137,True,0,34.71356291244592,,2.5,C_ref,2026-09-18 05:26:33,2026-09-18 06:19:26
pretrained,0,0.03,0.03,16,0,0.0,,0.0002457001472356,,,0.0009828005889427,True,0,21.90298372322286,,2.5,C_ref,2026-09-18 05:26:33,2026-09-18 06:19:26
pretrained,0,0.03,0.03,17,0,0.0,,0.0006535013316424,,,0.0026140053265697,True,0,31.58317207567597,,2.5,C_ref,2026-09-18 05:26:33,2026-09-18 06:19:26
pretrained,0,0.03,0.03,18,0,0.0,,0.0004553881413104,,,0.0018215525652419,True,0,29.66267054443233,,2.5,C_ref,2026-09-18 05:26:33,2026-09-18 06:19:26
pretrained,0,0.03,0.03,19,0,0.0,,0.0008639105973848,,,0.0034556423895393,True,0,31.45666911822628,,2.5,C_ref,2026-09-18 05:26:33,2026-09-18 06:19:26
pretrained,0,0.03,0.03,20,0,0.0093207591794347,,0.0206817582159423,,,0.0272104346758269,False,0,33.854646487994614,,2.5,C_ref,2026-09-18 05:26:33,2026-09-18 06:19:26
pretrained,0,0.03,0.03,21,0,0.0,,0.0010474776445939,,,0.0041899105783759,True,0,35.04488458876949,,2.5,C_ref,2026-09-18 05:26:33,2026-09-18 06:19:26
pretrained,0,0.03,0.03,22,0,0.0,,0.000346244854159,,,0.0013849794166362,True,0,30.98701843440722,,2.5,C_ref,2026-09-18 05:26:33,2026-09-18 06:19:26
pretrained,0,0.03,0.03,23,0,0.0,,0.0002521871813136,,,0.0010087487252545,True,0,28.75029278868533,,2.5,C_ref,2026-09-18 05:26:33,2026-09-18 06:19:26
pretrained,0,0.03,0.03,24,0,0.0,,0.0007462377975103,,,0.0029849511900414,True,0,36.63016675233303,,2.5,C_ref,2026-09-18 05:26:33,2026-09-18 06:19:26
pretrained,0,0.03,0.03,25,0,0.0,,0.0018495188218753,,,0.0073980752875014,True,0,35.11777254503977,,2.5,C_ref,2026-09-18 05:26:33,2026-09-18 06:19:26
pretrained,0,0.03,0.03,26,0,0.0,,0.0004201983919353,,,0.0016807935677415,True,0,31.388944066438853,,2.5,C_ref,2026-09-18 05:26:33,2026-09-18 06:19:26
pretrained,0,0.03,0.03,27,0,0.0,,0.0004228084967616,,,0.0016912339870465,True,0,30.965156805425067,,2.5,C_ref,2026-09-18 05:26:33,2026-09-18 06:19:26
pretrained,0,0.03,0.03,28,0,0.0,,0.0002733130051618,,,0.0010932520206475,True,0,29.84749364232266,,2.5,C_ref,2026-09-18 05:26:33,2026-09-18 06:19:26
pretrained,0,0.03,0.03,29,0,0.0,,0.0002986060096402,,,0.001194424038561,True,0,33.18410220676378,,2.5,C_ref,2026-09-18 05:26:33,2026-09-18 06:19:26
pretrained,0,0.03,0.03,30,0,0.0,,0.0005317472659299,,,0.0021269890637199,True,0,34.22664711894322,,2.5,C_ref,2026-09-18 05:26:33,2026-09-18 06:19:26
pretrained,0,0.03,0.03,31,0,0.0,,0.0002382453870028,,,0.0009529815480115,True,0,27.84984903773875,,2.5,C_ref,2026-09-18 05:26:33,2026-09-18 06:19:26
pretrained,0,0.03,0.03,32,0,0.0,,0.0005298563947108,,,0.0021194255788434,True,0,32.834136495075654,,2.5,C_ref,2026-09-18 05:26:33,2026-09-18 06:19:26
pretrained,0,0.03,0.03,33,0,0.0,,0.0020677565540793,,,0.0082710262163174,True,0,30.846580279358022,,2.5,C_ref,2026-09-18 05:26:33,2026-09-18 06:19:26
pretrained,0,0.03,0.03,34,0,0.0,,0.000489030950595,,,0.0019561238023802,True,0,34.15167387494148,,2.5,C_ref,2026-09-18 05:26:33,2026-09-18 06:19:26
pretrained,0,0.03,0.03,35,0,0.0,,0.0004978397668049,,,0.0019913590672198,True,0,30.12293910830704,,2.5,C_ref,2026-09-18 05:26:33,2026-09-18 06:19:26
pretrained,0,0.03,0.03,36,0,0.0,,0.0002060319184612,,,0.0008241276738449,True,0,27.21578837521156,,2.5,C_ref,2026-09-18 05:26:33,2026-09-18 06:19:26
pretrained,0,0.03,0.03,37,0,0.0,,0.0002796935516973,,,0.0011187742067895,True,0,32.81305878583589,,2.5,C_ref,2026-09-18 05:26:33,2026-09-18 06:19:26
pretrained,0,0.03,0.03,38,0,0.0,,0.0004535373636654,,,0.0018141494546618,True,0,29.94380644377816,,2.5,C_ref,2026-09-18 05:26:33,2026-09-18 06:19:26
pretrained,0,0.03,0.03,39,0,0.0,,0.0001667107111354,,,0.0006668428445417,True,0,26.93714713994996,,2.5,C_ref,2026-09-18 05:26:33,2026-09-18 06:19:26
pretrained,0,0.03,0.03,40,0,0.0,,0.0002048877954451,,,0.0008195511817805,True,0,27.86831447009172,,2.5,C_ref,2026-09-18 05:26:33,2026-09-18 06:19:26
pretrained,0,0.03,0.03,41,0,0.0,,0.0118836074115088,,,0.0190140416656936,True,0,29.17240135492466,,2.5,C_ref,2026-09-18 05:26:33,2026-09-18 06:19:26
pretrained,0,0.03,0.03,42,0,0.0056789410967406,,0.0125902141504618,,,0.0202003101147359,False,0,36.819611567512766,,2.5,C_ref,2026-09-18 05:26:33,2026-09-18 06:19:26
pretrained,0,0.03,0.03,43,0,0.0,,0.0008516673782446,,,0.0034066695129784,True,0,32.32655528509349,,2.5,C_ref,2026-09-18 05:26:33,2026-09-18 06:19:26
pretrained,0,0.03,0.03,44,0,0.0,,0.0006280516041996,,,0.0025122064167986,True,0,27.13109777552017,,2.5,C_ref,2026-09-18 05:26:33,2026-09-18 06:19:26
pretrained,0,0.03,0.03,45,0,0.0,,0.0035130654914194,,,0.0203440392281118,True,0,37.30319882556796,,2.5,C_ref,2026-09-18 05:26:33,2026-09-18 06:19:26
pretrained,0,0.03,0.03,46,0,0.0,,0.0004199922551246,,,0.0016799690204987,True,0,32.927335096868774,,2.5,C_ref,2026-09-18 05:26:33,2026-09-18 06:19:26
pretrained,0,0.03,0.03,47,0,0.0,,0.0003174103666913,,,0.0012696414667655,True,0,27.39226297246205,,2.5,C_ref,2026-09-18 05:26:33,2026-09-18 06:19:26
pretrained,0,0.1,0.1,0,0,0.9549299467840056,0.8414801558423988,1.1026821739294246,0.2612020180870258,0.3767561592501667,1.360701184467988,False,0,3.627069727070193,0.0,0.4,C_ref,2026-09-18 07:26:27,2026-09-18 08:42:44
pretrained,0,0.1,0.1,1,0,0.9739738737182574,0.5903480724547391,1.112149878919403,0.5218018064646642,0.0270348858421678,1.3746325606974732,False,0,2.1133679892955115,0.0,0.4,C_ref,2026-09-18 07:26:27,2026-09-18 08:42:44
pretrained,0,0.1,0.1,2,0,0.8682275328609006,0.8316601809169434,1.1028690097785236,0.2712088288615802,0.510904310088461,1.4031501058343778,False,0,5.914644632099225,0.0,0.4,C_ref,2026-09-18 07:26:27,2026-09-18 08:42:44
pretrained,0,0.1,0.1,3,0,0.9812023967029032,0.9092272148915804,1.2013499293653482,0.2921227144737678,0.9013945144051528,1.47438480924756,False,0,19.73960017324498,0.0,0.4,C_ref,2026-09-18 07:26:27,2026-09-18 08:42:44
pretrained,0,0.1,0.1,4,0,0.9047721546187923,0.8278447722113926,1.0739810513987669,0.246136279187374,0.7724123317028704,1.3446652941467665,False,0,6.070274733570841,0.0,0.4,C_ref,2026-09-18 07:26:27,2026-09-18 08:42:44
pretrained,0,0.1,0.1,5,0,0.9252876252621308,0.8929708637333293,1.0947025332263032,0.2017316694929738,0.0552928947630314,1.364711980770449,False,0,3.0045982260853634,0.0,0.4,C_ref,2026-09-18 07:26:27,2026-09-18 08:42:44
pretrained,0,0.1,0.1,6,0,0.8842523214711031,0.7963744404136642,1.0727214551220514,0.2763470147083872,0.6721614302599913,1.3501045493422734,False,0,13.207870953036036,0.0,0.4,C_ref,2026-09-18 07:26:27,2026-09-18 08:42:44
pretrained,0,0.1,0.1,7,0,0.9279652561199392,0.8896018834460018,1.128342609792814,0.2387407263468122,0.5277848512248164,1.405799790242734,False,0,5.260563053627266,0.0,0.4,C_ref,2026-09-18 07:26:27,2026-09-18 08:42:44
pretrained,0,0.1,0.1,8,0,1.0110165476874804,0.9245256025594158,1.233549422204005,0.3090238196445894,0.8589227865790575,1.5009574107299593,False,0,28.953747325700533,0.0,0.4,C_ref,2026-09-18 07:26:27,2026-09-18 08:42:44
pretrained,0,0.1,0.1,9,0,0.8776020145558295,0.8084036174060842,1.107278976387286,0.2988753589812016,0.8010503115429224,1.3894892204067055,False,0,11.335155037388176,0.0,0.4,C_ref,2026-09-18 07:26:27,2026-09-18 08:42:44
pretrained,0,0.1,0.1,10,0,1.0925110814991563,0.9082221614289272,1.3487310825384533,0.4405089211095262,0.8367721186937606,1.6255197798200445,False,0,21.153121925941377,0.0,0.4,C_ref,2026-09-18 07:26:27,2026-09-18 08:42:44
pretrained,0,0.1,0.1,11,0,0.9280132126619288,0.8657882505806407,1.1587879799173038,0.2929997293366631,0.8019224972091921,1.4361033093565387,False,0,11.840509936511808,0.0,0.4,C_ref,2026-09-18 07:26:27,2026-09-18 08:42:44
pretrained,0,0.1,0.1,12,0,0.8537683993170541,0.7324306649999268,1.1194050683153458,0.386974403315419,0.7237026364674799,1.4177623289611023,False,0,18.44629693013485,0.0,0.4,C_ref,2026-09-18 07:26:27,2026-09-18 08:42:44
pretrained,0,0.1,0.1,13,0,0.9839615157276972,0.9190807188193996,1.2054731039965407,0.286392385177141,0.9125329728071068,1.4870573396046756,False,0,7.070025560715294,0.0,0.4,C_ref,2026-09-18 07:26:27,2026-09-18 08:42:44
pretrained,0,0.1,0.1,14,0,0.7858558489658319,0.7187458737482029,1.025662098820252,0.3069162250720492,0.6764041494337676,1.3197269415160604,False,0,8.20346986248478,0.0,0.4,C_ref,2026-09-18 07:26:27,2026-09-18 08:42:44
pretrained,0,0.1,0.1,15,0,0.953952599378584,0.864715039400467,1.178656660131,0.313941620730533,0.8534239440394291,1.465160340398984,False,0,10.860330761130172,0.0,0.4,C_ref,2026-09-18 07:26:27,2026-09-18 08:42:44
pretrained,0,0.1,0.1,16,0,1.016504306015371,0.8549547966693275,1.28098678301997,0.4260319863506424,0.6876231407464456,1.5646253885760917,False,0,37.3067320259579,0.0,0.4,C_ref,2026-09-18 07:26:27,2026-09-18 08:42:44
pretrained,0,0.1,0.1,17,0,0.7854868757915291,0.6791177295641084,1.0141729064781688,0.3350551769140604,0.4781638614540708,1.3022783870412915,False,0,6.094819142650522,0.0,0.4,C_ref,2026-09-18 07:26:27,2026-09-18 08:42:44
pretrained,0,0.1,0.1,18,0,0.8784145964033576,0.7615859449841402,1.1276269398269494,0.3660409948428091,0.7266373733510054,1.4208396835535977,False,0,10.15785793561372,0.0,0.4,C_ref,2026-09-18 07:26:27,2026-09-18 08:42:44
pretrained,0,0.1,0.1,19,0,0.8640148509654243,0.6498643158173814,1.083102109731059,0.4332377939136775,0.6095679991742894,1.3747210902124538,False,0,14.618505478152656,0.0,0.4,C_ref,2026-09-18 07:26:27,2026-09-18 08:42:44
pretrained,0,0.1,0.1,20,0,0.9348716307782692,0.8483582204492807,1.155459479128874,0.3071012586795932,0.8289701348495412,1.428454455656554,False,0,15.54397836078715,0.0,0.4,C_ref,2026-09-18 07:26:27,2026-09-18 08:42:44
pretrained,0,0.1,0.1,21,0,0.8928490140722649,0.7963543396195094,1.1591640811630508,0.3628097415435414,0.5517684607529092,1.4568794100594948,False,0,13.463464575885157,0.0,0.4,C_ref,2026-09-18 07:26:27,2026-09-18 08:42:44
pretrained,0,0.1,0.1,22,0,0.9257190039939458,0.8690702810637679,1.1254375782126154,0.2563672971488474,0.8641220888482455,1.3953306399317136,False,0,12.116929335050372,0.0,0.4,C_ref,2026-09-18 07:26:27,2026-09-18 08:42:44
pretrained,0,0.1,0.1,23,0,0.9059247711145052,0.7914020424304983,1.141969724299129,0.3505676818686306,0.7397793756953682,1.4158662843379164,False,0,24.0443057913144,0.0,0.4,C_ref,2026-09-18 07:26:27,2026-09-18 08:42:44
pretrained,0,0.1,0.1,24,0,0.954448831722252,0.8993638172536275,1.1425433157816824,0.2431794985280549,0.8942964202563077,1.4033483135758382,False,0,9.504782212425198,0.0,0.4,C_ref,2026-09-18 07:26:27,2026-09-18 08:42:44
pretrained,0,0.1,0.1,25,0,0.1767689920547293,0.1174860474164823,0.2773794765678954,0.159893429151413,0.0476231080677738,1.3016537644650452,False,0,2.0288558206921152,0.0,0.4,C_ref,2026-09-18 07:26:27,2026-09-18 08:42:44
pretrained,0,0.1,0.1,26,0,0.9255259573799708,0.8653770042127944,1.116234374819146,0.2508573706063515,0.8554534778760204,1.3757083463897637,False,0,17.118700347353297,0.0,0.4,C_ref,2026-09-18 07:26:27,2026-09-18 08:42:44
pretrained,0,0.1,0.1,27,0,0.836512232269161,0.8173653896712711,1.0042815735226691,0.1869161838513982,0.0502232018632931,1.2761574109339695,False,0,1.6546660040330607,0.0,0.4,C_ref,2026-09-18 07:26:27,2026-09-18 08:42:44
pretrained,0,0.1,0.1,28,0,0.843794627458888,0.7869621392479825,1.0733427331031835,0.286380593855201,0.7047420232118141,1.372190028684702,False,0,5.533212102800462,0.0,0.4,C_ref,2026-09-18 07:26:27,2026-09-18 08:42:44
pretrained,0,0.1,0.1,29,0,0.9143375739278758,0.8923016710956234,1.0832815074633306,0.1909798363677072,0.6911787469813122,1.3533633259212234,False,0,4.830353831261164,0.0,0.4,C_ref,2026-09-18 07:26:27,2026-09-18 08:42:44
pretrained,0,0.1,0.1,30,0,0.8082844400018493,0.6903755119283896,1.0129645039436863,0.3225889920152966,0.6149371478601494,1.304999458933101,False,0,6.998331102851807,0.0,0.4,C_ref,2026-09-18 07:26:27,2026-09-18 08:42:44
pretrained,0,0.1,0.1,31,0,0.8944869697257213,0.8633008069542301,1.1008232495597206,0.2375224426054905,0.6997023774908763,1.3809308342922215,False,0,9.4509603894694,0.0,0.4,C_ref,2026-09-18 07:26:27,2026-09-18 08:42:44
pretrained,0,0.1,0.1,32,0,0.9798390697613888,0.9030541579339884,1.184121456739263,0.2810672988052747,0.8959229546052613,1.449474775847553,False,0,15.408048902707378,0.0,0.4,C_ref,2026-09-18 07:26:27,2026-09-18 08:42:44
pretrained,0,0.1,0.1,33,0,0.8812800597778628,0.8190263696534036,1.0880705602546168,0.2690441906012132,0.8133806111623617,1.359283562549042,False,0,8.535537392570404,0.0,0.4,C_ref,2026-09-18 07:26:27,2026-09-18 08:42:44
pretrained,0,0.1,0.1,34,0,0.977431290696366,0.9195511506472728,1.1621379966997127,0.2425868460524399,0.9147621995867292,1.4191565700808153,False,0,13.22735134992763,0.0,0.4,C_ref,2026-09-18 07:26:27,2026-09-18 08:42:44
pretrained,0,0.1,0.1,35,0,0.884253759385209,0.8269417679025306,1.084842606654135,0.2579008387516044,0.4673909784681302,1.3712886192455975,False,0,7.393211738399259,0.0,0.4,C_ref,2026-09-18 07:26:27,2026-09-18 08:42:44
pretrained,0,0.1,0.1,36,0,0.892179134217996,0.8378249505580295,1.1280826911153512,0.2902577405573217,0.6542386728413239,1.4171255885753702,False,0,10.82258103911954,0.0,0.4,C_ref,2026-09-18 07:26:27,2026-09-18 08:42:44
pretrained,0,0.1,0.1,37,0,0.856479093425508,0.826138712180641,1.0552266886241377,0.2290879764434964,0.0561505934926852,1.342657118218955,False,0,3.3240565643100126,0.0,0.4,C_ref,2026-09-18 07:26:27,2026-09-18 08:42:44
pretrained,0,0.1,0.1,38,0,0.9660242807684816,0.9044133113278272,1.1721047473636552,0.2676914360358279,0.8963034981864999,1.4456859806653086,False,0,11.045282267947186,0.0,0.4,C_ref,2026-09-18 07:26:27,2026-09-18 08:42:44
pretrained,0,0.1,0.1,39,0,0.8566087086140478,0.8162706371688755,1.0614191572025449,0.2451485200336693,0.4992523256293005,1.3480148562757908,False,0,7.17478269343701,0.0,0.4,C_ref,2026-09-18 07:26:27,2026-09-18 08:42:44
pretrained,0,0.1,0.1,40,0,0.9818782366844044,0.879142352975907,1.2166126381521558,0.3374702851762488,0.8253079076790988,1.4913069376458503,False,0,21.510724329295044,0.0,0.4,C_ref,2026-09-18 07:26:27,2026-09-18 08:42:44
pretrained,0,0.1,0.1,41,0,0.975624870810741,0.8969008068711345,1.1669274920060897,0.2700266851349552,0.8877256008360304,1.420766104438172,False,0,12.521290332566425,0.0,0.4,C_ref,2026-09-18 07:26:27,2026-09-18 08:42:44
pretrained,0,0.1,0.1,42,0,0.8675287614379955,0.8452007967720816,1.0584322120628116,0.2132314152907299,0.5232921202606712,1.344813349040636,False,0,4.492272457835497,0.0,0.4,C_ref,2026-09-18 07:26:27,2026-09-18 08:42:44
pretrained,0,0.1,0.1,43,0,0.899225319785951,0.8837441839212068,1.0649524721720869,0.1812082882508801,0.5849115506422313,1.330782794983156,False,0,5.868858220466791,0.0,0.4,C_ref,2026-09-18 07:26:27,2026-09-18 08:42:44
pretrained,0,0.1,0.1,44,0,0.9560382279527982,0.7648600918893118,1.1060123450595305,0.3411522531702187,0.5543187987596948,1.3673710177231568,False,0,5.027891890131286,0.0,0.4,C_ref,2026-09-18 07:26:27,2026-09-18 08:42:44
pretrained,0,0.1,0.1,45,0,0.185368587781492,0.1169117904069428,0.2072609001983744,0.0903491097914316,0.0470433109964625,1.1902912581207112,False,0,0.6494460189096571,0.0,0.4,C_ref,2026-09-18 07:26:27,2026-09-18 08:42:44
pretrained,0,0.1,0.1,46,0,0.957545759213463,0.9086768836398108,1.1478873453510454,0.2392104617112347,0.9026631929114856,1.409285999174163,False,0,11.482208618235743,0.0,0.4,C_ref,2026-09-18 07:26:27,2026-09-18 08:42:44
pretrained,0,0.1,0.1,47,0,0.8336815581757052,0.7080778348594027,1.1004506495352024,0.3923728146757997,0.6312184069427459,1.3976751078539738,False,0,17.624669785174774,0.0,0.4,C_ref,2026-09-18 07:26:27,2026-09-18 08:42:44
pretrained,0,0.1,0.1,0,0,2.168592097255559,1.863136171440352,2.477823330597226,0.6146871591568739,1.5576565610493531,2.793071820110967,False,0,1.1469414414459609,0.0,2.5,C_ref,2026-09-18 07:26:27,2026-09-18 08:42:44
pretrained,0,0.1,0.1,1,0,2.208022173375676,1.901603606256472,2.517973657336812,0.6163700510803398,1.594611349228624,2.833807902987544,False,0,0.8880991140213155,1.0,2.5,C_ref,2026-09-18 07:26:27,2026-09-18 08:42:44
pretrained,0,0.1,0.1,2,0,2.312073826161513,2.0102985512219025,2.61883986548401,0.6085413142621077,1.7107442236818382,2.932330875540183,False,0,0.3780928148953535,1.0,2.5,C_ref,2026-09-18 07:26:27,2026-09-18 08:42:44
pretrained,0,0.1,0.1,3,0,2.335505663317293,2.037252188194826,2.640198175972712,0.6029459877778862,1.7436369112324677,2.952446985283597,False,0,0.2944356725602119,1.0,2.5,C_ref,2026-09-18 07:26:27,2026-09-18 08:42:44
pretrained,0,0.1,0.1,4,0,2.189093007416189,1.885585429088588,2.4962975093289868,0.6107120802403991,1.5818605252534768,2.8095255844055465,False,0,1.0237917237645888,0.0,2.5,C_ref,2026-09-18 07:26:27,2026-09-18 08:42:44
pretrained,0,0.1,0.1,5,0,2.1965209095729947,1.893747014380362,2.503298005402132,0.6095509910217696,1.591192384674133,2.816265004746925,False,0,0.9785812643858662,1.0,2.5,C_ref,2026-09-18 07:26:27,2026-09-18 08:42:44
pretrained,0,0.1,0.1,6,0,2.164125336829852,1.8593064130082408,2.472808305559202,0.6135018925509614,1.5548921050274973,2.7875180594222964,False,0,1.18188600502981,0.0,2.5,C_ref,2026-09-18 07:26:27,2026-09-18 08:42:44
pretrained,0,0.1,0.1,7,0,2.252033188827439,1.9526981740367235,2.5567350765702264,0.6040369025335028,1.6560629993861298,2.868479798232657,False,0,0.6647153887497552,1.0,2.5,C_ref,2026-09-18 07:26:27,2026-09-18 08:42:44
pretrained,0,0.1,0.1,8,0,2.29970421055416,2.002603347455636,2.603338321879796,0.6007349744241597,1.710359791545372,2.9147355065778773,False,0,0.4385927788353001,1.0,2.5,C_ref,2026-09-18 07:26:27,2026-09-18 08:42:44
pretrained,0,0.1,0.1,9,0,2.2402675063101176,1.9408864945149813,2.5450094842078057,0.6041229896928242,1.6443279512242122,2.8568160049738047,False,0,0.7285089328470349,1.0,2.5,C_ref,2026-09-18 07:26:27,2026-09-18 08:42:44
pretrained,0,0.1,0.1,10,0,2.427332341932409,2.133254858388326,2.7288179533637096,0.5955630949753834,1.8452865782580528,3.038589793946322,False,0,0.0591744594094052,1.0,2.5,C_ref,2026-09-18 07:26:27,2026-09-18 08:42:44
pretrained,0,0.1,0.1,11,0,2.231340165456274,1.931505173014968,2.537044248354737,0.6055390753397694,1.635511174595497,2.850071722938828,False,0,0.7742391374486033,1.0,2.5,C_ref,2026-09-18 07:26:27,2026-09-18 08:42:44
pretrained,0,0.1,0.1,12,0,2.33350594686368,2.0321687942654707,2.640642421147865,0.6084736268823945,1.7342778094129898,2.954996212703996,False,0,0.2966673906703363,1.0,2.5,C_ref,2026-09-18 07:26:27,2026-09-18 08:42:44
pretrained,0,0.1,0.1,13,0,2.37226417443944,2.073528582589227,2.6773112822055523,0.6037826996163251,1.779106930708626,2.98998257182929,False,0,0.1776186220813542,1.0,2.5,C_ref,2026-09-18 07:26:27,2026-09-18 08:42:44
pretrained,0,0.1,0.1,14,0,2.191339774162794,1.891594328015684,2.495640482594916,0.6040461545792319,1.5931011459245503,2.8065207812675115,False,0,1.0283073789832995,0.0,2.5,C_ref,2026-09-18 07:26:27,2026-09-18 08:42:44
pretrained,0,0.1,0.1,15,0,2.364066676506885,2.065879039455662,2.6683680591600765,0.6024890197044144,1.7716758648833746,2.980112791823496,False,0,0.2018710692282184,1.0,2.5,C_ref,2026-09-18 07:26:27,2026-09-18 08:42:44
pretrained,0,0.1,0.1,16,0,2.4542852038856044,2.16069204263652,2.7552473258702066,0.5945552832336864,1.8732949780544568,3.064501145420143,False,0,0.0233786486278404,1.0,2.5,C_ref,2026-09-18 07:26:27,2026-09-18 08:42:44
pretrained,0,0.1,0.1,17,0,2.10017416780566,1.7986861168704062,2.4057921389154577,0.6071060220450515,1.4976168664060454,2.717764122045437,False,0,1.7010494741007278,0.0,2.5,C_ref,2026-09-18 07:26:27,2026-09-18 08:42:44
pretrained,0,0.1,0.1,18,0,2.3186313716295635,2.019511851542327,2.62328087996535,0.6037690284230233,1.7235879983280424,2.935046915668052,False,0,0.3573852972695022,1.0,2.5,C_ref,2026-09-18 07:26:27,2026-09-18 08:42:44
pretrained,0,0.1,0.1,19,0,2.248166292697817,1.9466059353298464,2.554692472405295,0.6080865370754489,1.6472077869681474,2.8679634574548234,False,0,0.6772002445941325,1.0,2.5,C_ref,2026-09-18 07:26:27,2026-09-18 08:42:44
pretrained,0,0.1,0.1,20,0,2.221090910719446,1.9212151518761165,2.5264580317088523,0.6052428798327358,1.6245229584334775,2.838928259583917,False,0,0.8355699056846788,1.0,2.5,C_ref,2026-09-18 07:26:27,2026-09-18 08:42:44
pretrained,0,0.1,0.1,21,0,2.3658027159239463,2.068761555592007,2.669324541056465,0.6005629854644585,1.7762991468115217,2.9805371072815,False,0,0.1979027659763232,1.0,2.5,C_ref,2026-09-18 07:26:27,2026-09-18 08:42:44
pretrained,0,0.1,0.1,22,0,2.215531651350906,1.9105025163276763,2.524801711636562,0.6142991953088859,1.606664765039082,2.840323281055216,False,0,0.8470313030047691,1.0,2.5,C_ref,2026-09-18 07:26:27,2026-09-18 08:42:44
pretrained,0,0.1,0.1,23,0,2.204882857776876,1.908098231511395,2.507562139742277,0.5994639082308819,1.6151593879443258,2.817525262444809,False,0,0.9509969929385989,1.0,2.5,C_ref,2026-09-18 07:26:27,2026-09-18 08:42:44
pretrained,0,0.1,0.1,24,0,2.1969285872238684,1.89639473770527,2.502032656509546,0.605637918804276,1.5973680710630414,2.8135938976111143,False,0,0.9866808655278874,1.0,2.5,C_ref,2026-09-18 07:26:27,2026-09-18 08:42:44
pretrained,0,0.1,0.1,25,0,2.0056784175449884,1.69949540032562,2.313626939376267,0.6141315390506472,1.3892780460531702,2.6264932115285458,False,0,2.553432231128681,0.0,2.5,C_ref,2026-09-18 07:26:27,2026-09-18 08:42:44
pretrained,0,0.1,0.1,26,0,2.172214765816685,1.872793951110312,2.476743361997735,0.6039494108874226,1.5759822516973927,2.788104090522801,False,0,1.1564879942925472,0.0,2.5,C_ref,2026-09-18 07:26:27,2026-09-18 08:42:44
pretrained,0,0.1,0.1,27,0,2.145698854945463,1.839064176546388,2.4549136600194825,0.6158494834730945,1.530185663131033,2.7694643031899764,False,0,1.3097070124313177,0.0,2.5,C_ref,2026-09-18 07:26:27,2026-09-18 08:42:44
pretrained,0,0.1,0.1,28,0,2.292707751628019,1.9935343723483827,2.5971798655124947,0.603645493164112,1.696821009418482,2.908676507922316,False,0,0.4664801855287805,1.0,2.5,C_ref,2026-09-18 07:26:27,2026-09-18 08:42:44
pretrained,0,0.1,0.1,29,0,2.1810885933403465,1.875994233941587,2.4900610985152616,0.6140668645736747,1.571047444771503,2.805022349105599,False,0,1.0647633319240413,0.0,2.5,C_ref,2026-09-18 07:26:27,2026-09-18 08:42:44
pretrained,0,0.1,0.1,30,0,2.1911369377391527,1.890060066214153,2.4961888023737275,0.6061287361595742,1.589248751938484,2.807475489465914,False,0,1.024659518843691,0.0,2.5,C_ref,2026-09-18 07:26:27,2026-09-18 08:42:44
pretrained,0,0.1,0.1,31,0,2.2420932949801133,1.9401427963480715,2.549093224098188,0.6089504277501165,1.6404763013119663,2.862875659976273,False,0,0.7079583835620724,1.0,2.5,C_ref,2026-09-18 07:26:27,2026-09-18 08:42:44
pretrained,0,0.1,0.1,32,0,2.277073760521448,1.977581932574235,2.582333288828748,0.6047513562545128,1.681778064546588,2.8947800834906032,False,0,0.5363086627367011,1.0,2.5,C_ref,2026-09-18 07:26:27,2026-09-18 08:42:44
pretrained,0,0.1,0.1,33,0,2.155430394036812,1.8535152769631915,2.461883084385689,0.6083678074224976,1.5530826674674807,2.774734295603704,False,0,1.2610605069894518,0.0,2.5,C_ref,2026-09-18 07:26:27,2026-09-18 08:42:44
pretrained,0,0.1,0.1,34,0,2.1902139352652705,1.886300963587308,2.4986942882222904,0.6123933246349824,1.5841001353235644,2.813570992864592,False,0,1.0082869308098452,0.0,2.5,C_ref,2026-09-18 07:26:27,2026-09-18 08:42:44
pretrained,0,0.1,0.1,35,0,2.19580698599664,1.8939419536493425,2.502324567955608,0.6083826143062652,1.5934262150261782,2.8153955549075054,False,0,0.9848539386257472,1.0,2.5,C_ref,2026-09-18 07:26:27,2026-09-18 08:42:44
pretrained,0,0.1,0.1,36,0,2.3210755905228457,2.0245953582488103,2.623926149841556,0.5993307915927453,1.7324384633068957,2.93448531887639,False,0,0.352326894608268,1.0,2.5,C_ref,2026-09-18 07:26:27,2026-09-18 08:42:44
pretrained,0,0.1,0.1,37,0,2.257882366529461,1.953028620702468,2.567228870993481,0.6142002502910133,1.649418936754085,2.8830089004981687,False,0,0.6149157947220374,1.0,2.5,C_ref,2026-09-18 07:26:27,2026-09-18 08:42:44
pretrained,0,0.1,0.1,38,0,2.343765906344809,2.044925164702653,2.648408558635285,0.6034833939326321,1.7495650556310205,2.960287139949884,False,0,0.2656542093718599,1.0,2.5,C_ref,2026-09-18 07:26:27,2026-09-18 08:42:44
pretrained,0,0.1,0.1,39,0,2.219929605259425,1.919703071399356,2.5249118840306024,0.6052088126312467,1.6211272539061723,2.836635161135646,False,0,0.8444658038861235,1.0,2.5,C_ref,2026-09-18 07:26:27,2026-09-18 08:42:44
pretrained,0,0.1,0.1,40,0,2.3068335986834705,2.0115516406723786,2.6087513781958287,0.5971997375234501,1.7211234961824973,2.9184922624157648,False,0,0.4128259392091422,1.0,2.5,C_ref,2026-09-18 07:26:27,2026-09-18 08:42:44
pretrained,0,0.1,0.1,41,0,2.187343715137464,1.890059457234312,2.4903485587813163,0.6002891015470049,1.5964058359681812,2.800530211679868,False,0,1.0639343142065627,0.0,2.5,C_ref,2026-09-18 07:26:27,2026-09-18 08:42:44
pretrained,0,0.1,0.1,42,0,2.2766023042966466,1.9719966345870288,2.5853500009526167,0.6133533663655875,1.667983307407198,2.900384165137176,False,0,0.5259373388216773,1.0,2.5,C_ref,2026-09-18 07:26:27,2026-09-18 08:42:44
pretrained,0,0.1,0.1,43,0,2.1392704660028192,1.8345427770386595,2.447545142821653,0.6130023657829942,1.5291618783767669,2.7617538688657395,False,0,1.3649796395438898,0.0,2.5,C_ref,2026-09-18 07:26:27,2026-09-18 08:42:44
pretrained,0,0.1,0.1,44,0,2.16080415164925,1.855894025401836,2.4698298184007985,0.6139357929989624,1.551326327195659,2.785047625748997,False,0,1.2026193829224212,0.0,2.5,C_ref,2026-09-18 07:26:27,2026-09-18 08:42:44
pretrained,0,0.1,0.1,45,0,2.0798016618327484,1.76925546313542,2.3916499907248263,0.6223945275894063,1.453647356524676,2.7081388428606803,False,0,1.807163046105416,0.0,2.5,C_ref,2026-09-18 07:26:27,2026-09-18 08:42:44
pretrained,0,0.1,0.1,46,0,2.2115599905295382,1.9094221136504093,2.518430338271094,0.6090082246206854,1.6092138777467375,2.831864002900126,False,0,0.8844015852700977,1.0,2.5,C_ref,2026-09-18 07:26:27,2026-09-18 08:42:44
pretrained,0,0.1,0.1,47,0,2.2989552192472376,2.0008932403410777,2.6026379789669734,0.6017447386258956,1.705963049000933,2.913563580469912,False,0,0.4414102794398786,1.0,2.5,C_ref,2026-09-18 07:26:27,2026-09-18 08:42:44
pretrained,0,0.3,0.3,0,0,0.7749636977754183,0.1797055174002778,1.0579727216472945,0.8782672042470165,0.0422892391945864,1.3892447481325385,False,0,0.367813629527518,1.0,0.4,C_ref,2026-09-18 10:40:35,2026-09-18 13:03:13
pretrained,0,0.3,0.3,1,0,0.7472719950267791,0.6913552548476528,1.072673053460548,0.3813177986128951,0.0387736943303831,1.4109413059373384,False,0,2.611464271180012,0.0,0.4,C_ref,2026-09-18 10:40:35,2026-09-18 13:03:13
pretrained,0,0.3,0.3,2,0,0.9795528107792926,0.8608603306656474,1.2485559986913153,0.3876956680256679,0.8062669294001599,1.5429665654944666,False,0,13.23639862013806,0.0,0.4,C_ref,2026-09-18 10:40:35,2026-09-18 13:03:13
pretrained,0,0.3,0.3,3,0,0.8858128087457784,0.654432495234627,1.2092524638571984,0.5548199686225714,0.5978123087816646,1.5235830795064615,False,0,10.771925519522483,0.0,0.4,C_ref,2026-09-18 10:40:35,2026-09-18 13:03:13
pretrained,0,0.3,0.3,4,0,0.8875185604282294,0.7095909433705272,1.1182960296381572,0.40870508626763,0.026519715956075,1.4261983807656355,False,0,2.2557535910418665,0.0,0.4,C_ref,2026-09-18 10:40:35,2026-09-18 13:03:13
pretrained,0,0.3,0.3,5,0,0.974643296380299,0.8972288820308282,1.1997774514797983,0.3025485694489701,0.8212547933683968,1.4871808483296751,False,0,4.686304280974582,0.0,0.4,C_ref,2026-09-18 10:40:35,2026-09-18 13:03:13
pretrained,0,0.3,0.3,6,0,0.711626579173106,0.5845080835219586,1.0449818518494292,0.4604737683274705,0.0422943512335908,1.3828179255340312,False,0,1.1709564175980631,0.0,0.4,C_ref,2026-09-18 10:40:35,2026-09-18 13:03:13
pretrained,0,0.3,0.3,7,0,0.3272342041937373,0.1270096046003062,0.9925107467174392,0.8655011421171328,0.041973888882067,1.363136725897288,False,0,0.0257133997292839,1.0,0.4,C_ref,2026-09-18 10:40:35,2026-09-18 13:03:13
pretrained,0,0.3,0.3,8,0,0.9030108204440168,0.7534339797387384,1.1912468235756268,0.4378128438368884,0.7443973909526977,1.4950436987168507,False,0,9.032491391466465,0.0,0.4,C_ref,2026-09-18 10:40:35,2026-09-18 13:03:13
pretrained,0,0.3,0.3,9,0,1.01133946307382,0.9199903649868644,1.2353655425494845,0.3153751775626198,0.9164407374162892,1.5103545568141885,False,0,9.971060279382073,0.0,0.4,C_ref,2026-09-18 10:40:35,2026-09-18 13:03:13
pretrained,0,0.3,0.3,10,0,0.934467178908963,0.7090641961781274,1.2239376238120594,0.514873427633932,0.6463012326159744,1.5321296196529444,False,0,8.300996713773202,0.0,0.4,C_ref,2026-09-18 10:40:35,2026-09-18 13:03:13
pretrained,0,0.3,0.3,11,0,0.867219537848054,0.7343768043789102,1.1492625653086472,0.414885760929737,0.6557775801344321,1.4565073641623612,False,0,7.76518965696232,0.0,0.4,C_ref,2026-09-18 10:40:35,2026-09-18 13:03:13
pretrained,0,0.3,0.3,12,0,0.8047991615963419,0.4503605592891548,1.1428496595075417,0.6924891002183868,0.0262019690491393,1.47633012817256,False,0,1.8868090338728507,0.0,0.4,C_ref,2026-09-18 10:40:35,2026-09-18 13:03:13
pretrained,0,0.3,0.3,13,0,0.9215178705054208,0.549957056194931,1.1902376038675786,0.6402805476726476,0.0230421063022948,1.508595224130696,False,0,3.472282057733537,0.0,0.4,C_ref,2026-09-18 10:40:35,2026-09-18 13:03:13
pretrained,0,0.3,0.3,14,0,0.8548842124222307,0.7673024373891404,1.1250891670673744,0.357786729678234,0.625420926829201,1.433596223004748,False,0,5.167679709029471,0.0,0.4,C_ref,2026-09-18 10:40:35,2026-09-18 13:03:13
pretrained,0,0.3,0.3,15,0,0.914271740665992,0.8565675837085588,1.1967302304994472,0.3401626467908883,0.0665236754922819,1.509821306348643,False,0,2.4398991942034627,0.0,0.4,C_ref,2026-09-18 10:40:35,2026-09-18 13:03:13
pretrained,0,0.3,0.3,16,0,0.9777066899433128,0.773119578152446,1.2881960173453928,0.5150764391929468,0.657063506298827,1.592728899998065,False,0,7.381057623082597,0.0,0.4,C_ref,2026-09-18 10:40:35,2026-09-18 13:03:13
pretrained,0,0.3,0.3,17,0,0.4066004033247231,0.1609144964839002,0.880423339907814,0.7195088434239137,0.0578782583983075,1.2598717884198805,False,0,0.0001946865522768,1.0,0.4,C_ref,2026-09-18 10:40:35,2026-09-18 13:03:13
pretrained,0,0.3,0.3,18,0,0.9358596607168718,0.8232231936679935,1.224132107179418,0.4009089135114245,0.7733005833686459,1.5254980267171498,False,0,6.412185114324529,0.0,0.4,C_ref,2026-09-18 10:40:35,2026-09-18 13:03:13
pretrained,0,0.3,0.3,19,0,0.798820613905337,0.7250136806204546,1.1043351111338118,0.3793214305133572,0.028037740086701,1.4307224821589488,False,0,2.2473832822870463,0.0,0.4,C_ref,2026-09-18 10:40:35,2026-09-18 13:03:13
pretrained,0,0.3,0.3,20,0,0.9557322466165826,0.8399354084068421,1.2036400359282575,0.3637046275214156,0.833695250638219,1.4893645487995502,False,0,14.5762591095081,0.0,0.4,C_ref,2026-09-18 10:40:35,2026-09-18 13:03:13
pretrained,0,0.3,0.3,21,0,0.9167559098604026,0.7859706810714981,1.2197142158368346,0.4337435347653364,0.7264111382038377,1.529253380390012,False,0,4.878212651081412,0.0,0.4,C_ref,2026-09-18 10:40:35,2026-09-18 13:03:13
pretrained,0,0.3,0.3,22,0,0.6962450314564725,0.5510327984141492,1.0898675151382282,0.538834716724079,0.0380494719707877,1.4191256244274384,False,0,1.2882280912344868,0.0,0.4,C_ref,2026-09-18 10:40:35,2026-09-18 13:03:13
pretrained,0,0.3,0.3,23,0,0.8967323179241383,0.7157477432815471,1.1769066780733457,0.4611589347917983,0.6967250350852168,1.4720056372361854,False,0,13.760146630807869,0.0,0.4,C_ref,2026-09-18 10:40:35,2026-09-18 13:03:13
pretrained,0,0.3,0.3,24,0,0.9165671385063088,0.8736273321670427,1.1577460923954803,0.2841187602284378,0.0498745972707627,1.4659067518448952,False,0,2.1818978735282144,0.0,0.4,C_ref,2026-09-18 10:40:35,2026-09-18 13:03:13
pretrained,0,0.3,0.3,25,0,0.5848852898985398,0.2223407858135476,0.984962988117842,0.7626222023042943,0.0448880299418838,1.2827946543274311,False,0,0.6407887170935282,1.0,0.4,C_ref,2026-09-18 10:40:35,2026-09-18 13:03:13
pretrained,0,0.3,0.3,26,0,0.4044340548259837,0.1520997821680509,0.904591420117021,0.7524916379489701,0.0521983537048669,1.2927028636114537,False,0,0.0,1.0,0.4,C_ref,2026-09-18 10:40:35,2026-09-18 13:03:13
pretrained,0,0.3,0.3,27,0,0.9840409341044004,0.9622324243772308,1.156893818996702,0.194661394619471,0.0967006623976705,1.4320624640352788,False,0,2.2234627576181083,0.0,0.4,C_ref,2026-09-18 10:40:35,2026-09-18 13:03:13
pretrained,0,0.3,0.3,28,0,0.8518240102701582,0.8039062122849181,1.1240153066296676,0.3201090943447495,0.5974211359457333,1.4359004569467717,False,0,5.295882817601523,0.0,0.4,C_ref,2026-09-18 10:40:35,2026-09-18 13:03:13
pretrained,0,0.3,0.3,29,0,0.7949305540421887,0.4258167771658628,1.0648720601648531,0.6390552829989904,0.0386236562523161,1.3804890927515838,False,0,1.8657013675692724,0.0,0.4,C_ref,2026-09-18 10:40:35,2026-09-18 13:03:13
pretrained,0,0.3,0.3,30,0,0.8275818571083327,0.7123005646644589,1.1393111466626726,0.4270105819982137,0.4345486341301551,1.4472047739985436,False,0,4.429274886057101,0.0,0.4,C_ref,2026-09-18 10:40:35,2026-09-18 13:03:13
pretrained,0,0.3,0.3,31,0,0.8785110763573839,0.8442454181875388,1.1410223555326433,0.2967769373451044,0.0492394910879675,1.4538763533145265,False,0,1.9025091039693507,0.0,0.4,C_ref,2026-09-18 10:40:35,2026-09-18 13:03:13
pretrained,0,0.3,0.3,32,0,0.9553527440431684,0.9236129873855236,1.1950372225209538,0.2714242351354302,0.1235135703117671,1.4947031790765424,False,0,3.054283450823277,0.0,0.4,C_ref,2026-09-18 10:40:35,2026-09-18 13:03:13
pretrained,0,0.3,0.3,33,0,0.955680785062746,0.8534501116248979,1.1907447474228832,0.3372946357979852,0.8463489368843198,1.4689311905240112,False,0,10.79155456432636,0.0,0.4,C_ref,2026-09-18 10:40:35,2026-09-18 13:03:13
pretrained,0,0.3,0.3,34,0,0.9428603110823772,0.8979817389239879,1.1663153373235278,0.2683335983995398,0.8903064091565197,1.456517977132358,False,0,3.813653212662757,0.0,0.4,C_ref,2026-09-18 10:40:35,2026-09-18 13:03:13
pretrained,0,0.3,0.3,35,0,0.8495564561505919,0.7849459777201947,1.1421744277832502,0.3572284500630555,0.0660608897535784,1.4558947229524974,False,0,3.462636295331322,0.0,0.4,C_ref,2026-09-18 10:40:35,2026-09-18 13:03:13
pretrained,0,0.3,0.3,36,0,0.9505554026954786,0.894355317239242,1.2173319826750777,0.3229766654358357,0.5524778751950381,1.518712041384153,False,0,4.166771955831791,0.0,0.4,C_ref,2026-09-18 10:40:35,2026-09-18 13:03:13
pretrained,0,0.3,0.3,37,0,0.2746015453372382,0.1061641771237231,0.9070152690123056,0.8008510918885824,0.0329679394566908,1.3313417744847316,False,0,0.109657014341792,1.0,0.4,C_ref,2026-09-18 10:40:35,2026-09-18 13:03:13
pretrained,0,0.3,0.3,38,0,0.9221310958736534,0.1105925069451748,1.1663256934934894,1.0557331865483146,0.0303837532727702,1.480038912672191,False,0,0.3606121732591418,1.0,0.4,C_ref,2026-09-18 10:40:35,2026-09-18 13:03:13
pretrained,0,0.3,0.3,39,0,0.7138927393379763,0.5544624846082468,1.0604013707392028,0.5059388861309561,0.3652124854864213,1.3874533854949247,False,0,1.468331852407573,0.0,0.4,C_ref,2026-09-18 10:40:35,2026-09-18 13:03:13
pretrained,0,0.3,0.3,40,0,0.8992387800007176,0.7209949470678112,1.1446817676686232,0.423686820600812,0.0346896907284304,1.4591896183617674,False,0,0.9895892019085296,0.0,0.4,C_ref,2026-09-18 10:40:35,2026-09-18 13:03:13
pretrained,0,0.3,0.3,41,0,0.4107444352714702,0.1482745023306192,0.929281420397764,0.7810069180671447,0.0503002166039102,1.2998503709436109,False,0,0.000487505516503,1.0,0.4,C_ref,2026-09-18 10:40:35,2026-09-18 13:03:13
pretrained,0,0.3,0.3,42,0,0.7782306141483959,0.6474622831521901,1.1001691435317011,0.452706860379511,0.0312719968825617,1.4309353681860353,False,0,2.474946252837981,0.0,0.4,C_ref,2026-09-18 10:40:35,2026-09-18 13:03:13
pretrained,0,0.3,0.3,43,0,0.938275342500094,0.9043775507487626,1.1509455046212582,0.2465679538724956,0.6284003991880108,1.4316319147585377,False,0,11.835179291065288,0.0,0.4,C_ref,2026-09-18 10:40:35,2026-09-18 13:03:13
pretrained,0,0.3,0.3,44,0,0.8793111018603569,0.8436849975733755,1.1046242682316043,0.2609392706582291,0.2353438974470673,1.4001052265875509,False,0,2.4350662253527844,0.0,0.4,C_ref,2026-09-18 10:40:35,2026-09-18 13:03:13
pretrained,0,0.3,0.3,45,0,0.8640902496202053,0.6360799075608302,1.0590508942454917,0.4229709866846615,0.0701196794256412,1.3543907527331822,False,0,2.487418876207812,0.0,0.4,C_ref,2026-09-18 10:40:35,2026-09-18 13:03:13
pretrained,0,0.3,0.3,46,0,1.1895847856693342,0.990153680157835,1.4362073649384672,0.4460536847806322,0.8857274212656167,1.704596436846079,False,0,41.61235297029634,0.0,0.4,C_ref,2026-09-18 10:40:35,2026-09-18 13:03:13
pretrained,0,0.3,0.3,47,0,0.8255259826107011,0.4472829355188514,1.1839302135899874,0.736647278071136,0.0285647636874766,1.5030546547305068,False,0,1.3584655764534546,0.0,0.4,C_ref,2026-09-18 10:40:35,2026-09-18 13:03:13
pretrained,0,0.3,0.3,0,0,2.3193176954634,2.0250971973573337,2.61922809490754,0.5941308975502064,1.7338423397615117,2.926366171210135,False,0,0.3661155990921543,1.0,2.5,C_ref,2026-09-18 10:40:35,2026-09-18 13:03:13
pretrained,0,0.3,0.3,1,0,2.3598201646558694,2.0653592644751546,2.6598458459067453,0.5944865814315907,1.7737560314864498,2.966952617139196,False,0,0.2208030752444756,1.0,2.5,C_ref,2026-09-18 10:40:35,2026-09-18 13:03:13
pretrained,0,0.3,0.3,2,0,2.4407668613832447,2.149977142567728,2.738176297570213,0.5881991550024854,1.864067164753504,3.043410594513834,False,0,0.0404352474251936,1.0,2.5,C_ref,2026-09-18 10:40:35,2026-09-18 13:03:13
pretrained,0,0.3,0.3,3,0,2.4650823141216978,2.173694708522492,2.763209739977217,0.5895150314547255,1.8872795518404049,3.069185490049903,False,0,0.0137387292197672,1.0,2.5,C_ref,2026-09-18 10:40:35,2026-09-18 13:03:13
pretrained,0,0.3,0.3,4,0,2.3499250461203545,2.055959826140777,2.6496868630196206,0.5937270368788434,1.7651384090215283,2.956710771070276,False,0,0.2534318512189202,1.0,2.5,C_ref,2026-09-18 10:40:35,2026-09-18 13:03:13
pretrained,0,0.3,0.3,5,0,2.3387586795524093,2.047477435723412,2.636126181017848,0.5886487452944364,1.7600418808060996,2.9410086456926376,False,0,0.2970583571295719,1.0,2.5,C_ref,2026-09-18 10:40:35,2026-09-18 13:03:13
pretrained,0,0.3,0.3,6,0,2.298905797887817,2.003714209110313,2.599552201617024,0.5958379925067101,1.7110894393979177,2.907223115571056,False,0,0.4505462637098389,1.0,2.5,C_ref,2026-09-18 10:40:35,2026-09-18 13:03:13
pretrained,0,0.3,0.3,7,0,2.354326019729304,2.062319772341309,2.652147477662848,0.5898277053215386,1.7737293695105112,2.957213190304284,False,0,0.241784143843688,1.0,2.5,C_ref,2026-09-18 10:40:35,2026-09-18 13:03:13
pretrained,0,0.3,0.3,8,0,2.3858702470164017,2.094351614308554,2.6841352084161025,0.5897835941075487,1.8077046373057943,2.990319456233588,False,0,0.1484622749339905,1.0,2.5,C_ref,2026-09-18 10:40:35,2026-09-18 13:03:13
pretrained,0,0.3,0.3,9,0,2.3510919439447058,2.060562201480758,2.647915906332329,0.5873537048515711,1.7742808718091807,2.9523771555116984,False,0,0.254618365499482,1.0,2.5,C_ref,2026-09-18 10:40:35,2026-09-18 13:03:13
pretrained,0,0.3,0.3,10,0,2.47062228168692,2.1803670218679887,2.767774817824322,0.5874077959563335,1.8953761974403909,3.0729611837423736,False,0,0.0099930037540616,1.0,2.5,C_ref,2026-09-18 10:40:35,2026-09-18 13:03:13
pretrained,0,0.3,0.3,11,0,2.339584799201424,2.0458161208159247,2.639525404929416,0.593709284113491,1.7559613779429892,2.9469451390349057,False,0,0.2891096799830848,1.0,2.5,C_ref,2026-09-18 10:40:35,2026-09-18 13:03:13
pretrained,0,0.3,0.3,12,0,2.458283200126575,2.163564615437496,2.759364200122954,0.5957995846854582,1.8730719143619408,3.068048926974836,False,0,0.0195520339002541,1.0,2.5,C_ref,2026-09-18 10:40:35,2026-09-18 13:03:13
pretrained,0,0.3,0.3,13,0,2.476189219556465,2.181595590097952,2.777140785499632,0.5955451954016797,1.891399498383535,3.0856987307550963,False,0,0.0062305220744747,1.0,2.5,C_ref,2026-09-18 10:40:35,2026-09-18 13:03:13
pretrained,0,0.3,0.3,14,0,2.328766854381769,2.03913822651216,2.62425828629067,0.5851200597785104,1.7529984562551255,2.927135483060803,False,0,0.3389450836803007,1.0,2.5,C_ref,2026-09-18 10:40:35,2026-09-18 13:03:13
pretrained,0,0.3,0.3,15,0,2.4600981245361013,2.166933514457938,2.759762427446583,0.592828912988645,1.8782644101467327,3.0670860260547177,False,0,0.0180976360243221,1.0,2.5,C_ref,2026-09-18 10:40:35,2026-09-18 13:03:13
pretrained,0,0.3,0.3,16,0,2.547410589944184,2.258469252544058,2.843775182162785,0.5853059296187273,1.9756370454598824,3.148504280056807,False,0,0.0262990083429031,1.0,2.5,C_ref,2026-09-18 10:40:35,2026-09-18 13:03:13
pretrained,0,0.3,0.3,17,0,2.2105271781472475,1.9148638825389408,2.5107035276935354,0.5958396451545946,1.620120733161603,2.8173334285081246,False,0,0.930541117042594,1.0,2.5,C_ref,2026-09-18 10:40:35,2026-09-18 13:03:13
pretrained,0,0.3,0.3,18,0,2.433004152030372,2.143960992840583,2.728886311274459,0.5849253184338759,1.8599277782304733,3.0326856379036773,False,0,0.0521649135371262,1.0,2.5,C_ref,2026-09-18 10:40:35,2026-09-18 13:03:13
pretrained,0,0.3,0.3,19,0,2.378420541346844,2.0861017598511618,2.676882057754539,0.5907802979033772,1.7976491372295151,2.982881552741815,False,0,0.168162240912352,1.0,2.5,C_ref,2026-09-18 10:40:35,2026-09-18 13:03:13
pretrained,0,0.3,0.3,20,0,2.3206838487002748,2.028438396514697,2.619135197522146,0.5906968010074491,1.740265464407672,2.925109578084902,False,0,0.3643417001367197,1.0,2.5,C_ref,2026-09-18 10:40:35,2026-09-18 13:03:13
pretrained,0,0.3,0.3,21,0,2.4630340032626448,2.1718844389568908,2.761177881534344,0.5892934425774534,1.8859481918684056,3.06744140205144,False,0,0.0156126885740377,1.0,2.5,C_ref,2026-09-18 10:40:35,2026-09-18 13:03:13
pretrained,0,0.3,0.3,22,0,2.3472880112762007,2.053210848570632,2.647116872224721,0.593906023654089,1.7623944905258977,2.95419948573537,False,0,0.2621199042987427,1.0,2.5,C_ref,2026-09-18 10:40:35,2026-09-18 13:03:13
pretrained,0,0.3,0.3,23,0,2.317166897793597,2.027982137958393,2.612701323886085,0.5847191859276921,1.743041862630568,2.9159086488169192,False,0,0.3861276021598314,1.0,2.5,C_ref,2026-09-18 10:40:35,2026-09-18 13:03:13
pretrained,0,0.3,0.3,24,0,2.3563503606880745,2.061307340843844,2.6571154897140365,0.5958081488701925,1.7694868208889571,2.9651262336278896,False,0,0.2305794096828322,1.0,2.5,C_ref,2026-09-18 10:40:35,2026-09-18 13:03:13
pretrained,0,0.3,0.3,25,0,2.1436420282745874,1.848110292321544,2.442985793876669,0.5948755015551248,1.5522950622237792,2.748427491517873,False,0,1.4119452269587782,0.0,2.5,C_ref,2026-09-18 10:40:35,2026-09-18 13:03:13
pretrained,0,0.3,0.3,26,0,2.276458300184908,1.9815437742107496,2.576307656665567,0.5947638824548176,1.6884351408687883,2.8829450250392035,False,0,0.5584867165889591,1.0,2.5,C_ref,2026-09-18 10:40:35,2026-09-18 13:03:13
pretrained,0,0.3,0.3,27,0,2.2966295594911217,2.0041744869851903,2.5944756910712834,0.5903012040860931,1.7143613553038188,2.899371897764928,False,0,0.4692157880272134,1.0,2.5,C_ref,2026-09-18 10:40:35,2026-09-18 13:03:13
pretrained,0,0.3,0.3,28,0,2.368900134495425,2.0756392330404894,2.668021496200299,0.5923822631598097,1.7857865147366174,2.9744673258239445,False,0,0.1944684280533692,1.0,2.5,C_ref,2026-09-18 10:40:35,2026-09-18 13:03:13
pretrained,0,0.3,0.3,29,0,2.290587085554095,1.994598495188676,2.591802628635868,0.597204133447192,1.7008328938282629,2.899969802877111,False,0,0.4863471843200386,1.0,2.5,C_ref,2026-09-18 10:40:35,2026-09-18 13:03:13
pretrained,0,0.3,0.3,30,0,2.348089695055003,2.0613299589423093,2.641518788378248,0.5801888294359383,1.779300330977163,2.9428302298061184,False,0,0.2712132077285787,1.0,2.5,C_ref,2026-09-18 10:40:35,2026-09-18 13:03:13
pretrained,0,0.3,0.3,31,0,2.373031149718753,2.0799240738070703,2.672137963408657,0.5922138896015867,1.790594714486086,2.9786804450401565,False,0,0.1824513364736049,1.0,2.5,C_ref,2026-09-18 10:40:35,2026-09-18 13:03:13
pretrained,0,0.3,0.3,32,0,2.398725038800796,2.107728123863865,2.696315442740919,0.5885873188770536,1.8212662652443328,3.0018496314845726,False,0,0.1176576328871306,1.0,2.5,C_ref,2026-09-18 10:40:35,2026-09-18 13:03:13
pretrained,0,0.3,0.3,33,0,2.278184862456941,1.988266723594676,2.5744183226162902,0.5861515990216142,1.7025718541497243,2.878345609177413,False,0,0.563919165135303,1.0,2.5,C_ref,2026-09-18 10:40:35,2026-09-18 13:03:13
pretrained,0,0.3,0.3,34,0,2.3155686201815304,2.020855234053904,2.615714840306405,0.5948596062525011,1.7290039190378106,2.92290623668401,False,0,0.3804630241938866,1.0,2.5,C_ref,2026-09-18 10:40:35,2026-09-18 13:03:13
pretrained,0,0.3,0.3,35,0,2.331482805160876,2.0378566457125515,2.6310348441940605,0.593178198481509,1.7477132837005438,2.9379466002048584,False,0,0.3195748732941865,1.0,2.5,C_ref,2026-09-18 10:40:35,2026-09-18 13:03:13
pretrained,0,0.3,0.3,36,0,2.434781998105988,2.143699662263636,2.732415208777738,0.5887155465141016,1.85727232309324,3.037757215187434,False,0,0.0486613359353214,1.0,2.5,C_ref,2026-09-18 10:40:35,2026-09-18 13:03:13
pretrained,0,0.3,0.3,37,0,2.384505468667452,2.089597584256284,2.6852407199721817,0.5956431357158984,1.7981920217594591,2.993313268930231,False,0,0.1492792464741796,1.0,2.5,C_ref,2026-09-18 10:40:35,2026-09-18 13:03:13
pretrained,0,0.3,0.3,38,0,2.4247513423179896,2.1368669215402303,2.712667633661701,0.5758007121214708,1.851155725036789,2.930686811969329,False,0,0.0675047766962961,1.0,2.5,C_ref,2026-09-18 10:40:35,2026-09-18 13:03:13
pretrained,0,0.3,0.3,39,0,2.285536399077717,1.9961489765891465,2.5805618970572626,0.5844129204681163,1.7099926248242263,2.882459077638327,False,0,0.5314582374994643,1.0,2.5,C_ref,2026-09-18 10:40:35,2026-09-18 13:03:13
pretrained,0,0.3,0.3,40,0,2.391320477839757,2.0979941646847524,2.690933554630291,0.5929393899455384,1.8087738701307348,2.9981326307117,False,0,0.1335176561442494,1.0,2.5,C_ref,2026-09-18 10:40:35,2026-09-18 13:03:13
pretrained,0,0.3,0.3,41,0,2.2631956333745937,1.970068384826491,2.5615747628658294,0.5915063780393384,1.679328196448145,2.86692417644368,False,0,0.6325140836124774,1.0,2.5,C_ref,2026-09-18 10:40:35,2026-09-18 13:03:13
pretrained,0,0.3,0.3,42,0,2.405933348763009,2.1129140421254324,2.705035737199585,0.5921216950741526,1.8238794562940173,3.0114479526852747,False,0,0.1002533760110964,1.0,2.5,C_ref,2026-09-18 10:40:35,2026-09-18 13:03:13
pretrained,0,0.3,0.3,43,0,2.269427160545452,1.976560924738856,2.56792883918096,0.5913679144421042,1.6867239702001324,2.873632163321059,False,0,0.5995655907499895,1.0,2.5,C_ref,2026-09-18 10:40:35,2026-09-18 13:03:13
pretrained,0,0.3,0.3,44,0,2.257556440908607,1.962575866263136,2.557766572747304,0.5951907064841684,1.6698669817461005,2.8649303961342287,False,0,0.6547020647631143,1.0,2.5,C_ref,2026-09-18 10:40:35,2026-09-18 13:03:13
pretrained,0,0.3,0.3,45,0,2.217429090656776,1.9207193142016104,2.5187038522849696,0.5979845380833593,1.6252108900941682,2.826475508609067,False,0,0.8806498493831896,1.0,2.5,C_ref,2026-09-18 10:40:35,2026-09-18 13:03:13
pretrained,0,0.3,0.3,46,0,2.454954357808844,2.167794386008103,2.749773899485925,0.5819795134778225,1.887135777779492,3.05293447970586,False,0,0.0236062277290329,1.0,2.5,C_ref,2026-09-18 10:40:35,2026-09-18 13:03:13
pretrained,0,0.3,0.3,47,0,2.440049252403505,2.1514386761263213,2.735623825870916,0.5841851497445942,1.8680812895608183,3.0393399940708874,False,0,0.0419756544833944,1.0,2.5,C_ref,2026-09-18 10:40:35,2026-09-18 13:03:13
pretrained,0,1.0,1.0,0,0,1.1097898788357916,0.9735995187782506,1.34137876318003,0.3677792444017794,0.9574534216879576,1.6048834304340724,False,0,27.09150904199123,0.0,0.4,C_ref,2026-09-18 17:53:32,2026-09-19 00:09:59
pretrained,0,1.0,1.0,1,0,1.0735843158724383,0.9647462405154108,1.320517758416281,0.3557715179008701,0.9052037611040394,1.5962828208145208,False,0,18.113054419740365,0.0,0.4,C_ref,2026-09-18 17:53:32,2026-09-19 00:09:59
pretrained,0,1.0,1.0,2,0,1.0873601152861998,0.9425993530290024,1.354467360861825,0.4118680078328225,0.8773548194208076,1.6368666275278254,False,0,18.05086297679009,0.0,0.4,C_ref,2026-09-18 17:53:32,2026-09-19 00:09:59
pretrained,0,1.0,1.0,3,0,1.1087269095498693,0.9314764861788845,1.368927481898106,0.4374509957192216,0.9079389692296344,1.6477065342189725,False,0,19.706687265301294,0.0,0.4,C_ref,2026-09-18 17:53:32,2026-09-19 00:09:59
pretrained,0,1.0,1.0,4,0,1.0722148646461338,0.928800174310669,1.3457651439162823,0.4169649696056136,0.8597323776479175,1.6319546578982933,False,0,10.759929626859956,0.0,0.4,C_ref,2026-09-18 17:53:32,2026-09-19 00:09:59
pretrained,0,1.0,1.0,5,0,1.0549780701375582,0.9411867886683112,1.3125534454464889,0.3713666567781776,0.8553839493848279,1.591646970262605,False,0,19.050687623494014,0.0,0.4,C_ref,2026-09-18 17:53:32,2026-09-19 00:09:59
pretrained,0,1.0,1.0,6,0,1.0455291630429264,0.9260105242385788,1.2989120296337182,0.3729015053951393,0.8906200271517001,1.578128676635199,False,0,13.164213136562466,0.0,0.4,C_ref,2026-09-18 17:53:32,2026-09-19 00:09:59
pretrained,0,1.0,1.0,7,0,1.099561870826725,0.9277478533753892,1.354919828298491,0.4271719749231013,0.8995246251590047,1.6281195152519694,False,0,23.69302904406504,0.0,0.4,C_ref,2026-09-18 17:53:32,2026-09-19 00:09:59
pretrained,0,1.0,1.0,8,0,1.2157827883984726,1.016035929267887,1.458107158968812,0.4420712297009248,0.9443502766017542,1.720067319223556,False,0,59.91867028440902,0.0,0.4,C_ref,2026-09-18 17:53:32,2026-09-19 00:09:59
pretrained,0,1.0,1.0,9,0,1.1282041750981358,0.9694415394647704,1.3728015683702792,0.4033600289055089,0.9478518372821324,1.6416973806056507,False,0,30.185567147233087,0.0,0.4,C_ref,2026-09-18 17:53:32,2026-09-19 00:09:59
pretrained,0,1.0,1.0,10,0,1.1776365831247388,0.983885640172226,1.4301695566965962,0.44628391652437,0.9514876778459856,1.7019499303955463,False,0,30.739323649486323,0.0,0.4,C_ref,2026-09-18 17:53:32,2026-09-19 00:09:59
pretrained,0,1.0,1.0,11,0,1.0954363039800936,0.9573186675579816,1.350072547329835,0.3927538797718535,0.9052137189337068,1.625338204613931,False,0,22.89119113521156,0.0,0.4,C_ref,2026-09-18 17:53:32,2026-09-19 00:09:59
pretrained,0,1.0,1.0,12,0,1.1762368963801648,0.9671396634219158,1.4385756450788545,0.4714359816569387,0.943611433236914,1.6923092038180192,False,0,29.857186788543917,0.0,0.4,C_ref,2026-09-18 17:53:32,2026-09-19 00:09:59
pretrained,0,1.0,1.0,13,0,1.248830654066302,1.0101654466703935,1.5108683390899555,0.500702892419562,0.92506703948871,1.7840112245919122,False,0,43.828176277656894,0.0,0.4,C_ref,2026-09-18 17:53:32,2026-09-19 00:09:59
pretrained,0,1.0,1.0,14,0,1.0794403026360304,0.9587688285945538,1.3300994539091535,0.3713306253145999,0.9471770772210756,1.605935888294822,False,0,20.427472456769465,0.0,0.4,C_ref,2026-09-18 17:53:32,2026-09-19 00:09:59
pretrained,0,1.0,1.0,15,0,1.0721455312094077,0.9557298211996874,1.3500788465636784,0.3943490253639909,0.8472283523822183,1.639681168660997,False,0,12.178661044767068,0.0,0.4,C_ref,2026-09-18 17:53:32,2026-09-19 00:09:59
pretrained,0,1.0,1.0,16,0,1.251092966643208,1.0329214102505746,1.5009633282872723,0.4680419180366977,0.9333419213485988,1.7623812751464571,False,0,56.73113881679819,0.0,0.4,C_ref,2026-09-18 17:53:32,2026-09-19 00:09:59
pretrained,0,1.0,1.0,17,0,1.0528723086213585,0.9574542172071568,1.282659238595472,0.3252050213883152,0.923339033853518,1.5486170616975756,False,0,17.21874837134237,0.0,0.4,C_ref,2026-09-18 17:53:32,2026-09-19 00:09:59
pretrained,0,1.0,1.0,18,0,1.1265908472007689,0.9551575076637304,1.390026944321438,0.4348694366577074,0.8693721807510094,1.6647355134010366,False,0,26.63735795755929,0.0,0.4,C_ref,2026-09-18 17:53:32,2026-09-19 00:09:59
pretrained,0,1.0,1.0,19,0,1.1768745713314634,1.007600229620592,1.4113419102960243,0.4037416806754323,0.9640644801573354,1.6726598238481976,False,0,42.40036042469728,0.0,0.4,C_ref,2026-09-18 17:53:32,2026-09-19 00:09:59
pretrained,0,1.0,1.0,20,0,1.1950907490736558,0.9962915563365656,1.4412212672990508,0.4449297109624852,0.9469787432558524,1.7061891459743652,False,0,37.29689982065247,0.0,0.4,C_ref,2026-09-18 17:53:32,2026-09-19 00:09:59
pretrained,0,1.0,1.0,21,0,1.1290773462676358,0.9661217694728568,1.3909034340830184,0.4247816646101616,0.92854368182134,1.6687827085465707,False,0,20.607474701446336,0.0,0.4,C_ref,2026-09-18 17:53:32,2026-09-19 00:09:59
pretrained,0,1.0,1.0,22,0,1.1137625493142935,0.9688068467770756,1.364837997917962,0.3960311511408865,0.9459118685692184,1.638601525372516,False,0,26.543268470300973,0.0,0.4,C_ref,2026-09-18 17:53:32,2026-09-19 00:09:59
pretrained,0,1.0,1.0,23,0,1.0166445571338816,0.8795936821035387,1.2800947770172424,0.4005010949137036,0.8678730159816032,1.5626581227999896,False,0,14.192205685933004,0.0,0.4,C_ref,2026-09-18 17:53:32,2026-09-19 00:09:59
pretrained,0,1.0,1.0,24,0,1.0802668954224697,0.9448300676033684,1.334798912792956,0.3899688451895877,0.8495307084550764,1.6089072890458715,False,0,20.72676590892297,0.0,0.4,C_ref,2026-09-18 17:53:32,2026-09-19 00:09:59
pretrained,0,1.0,1.0,25,0,1.025194440126198,0.9579431475810124,1.2494548165767183,0.2915116689957059,0.9047207867587964,1.5176545847512968,False,0,12.960933367507096,0.0,0.4,C_ref,2026-09-18 17:53:32,2026-09-19 00:09:59
pretrained,0,1.0,1.0,26,0,0.9810161804207622,0.895510246599728,1.2271235122187407,0.3316132656190127,0.7812256354169184,1.508942894002705,False,0,14.37465995067032,0.0,0.4,C_ref,2026-09-18 17:53:32,2026-09-19 00:09:59
pretrained,0,1.0,1.0,27,0,1.0686344847295293,0.9131451789146592,1.3198213133179302,0.4066761344032709,0.8642290225507875,1.5916169041939257,False,0,22.818105126389128,0.0,0.4,C_ref,2026-09-18 17:53:32,2026-09-19 00:09:59
pretrained,0,1.0,1.0,28,0,1.0202892696285608,0.976692506961714,1.2522452780854187,0.2755527711237048,0.7824422447044137,1.5349841161296225,False,0,8.158454206888564,0.0,0.4,C_ref,2026-09-18 17:53:32,2026-09-19 00:09:59
pretrained,0,1.0,1.0,29,0,0.9945953325038048,0.9314893126729896,1.2547739890331644,0.3232846763601746,0.8008335592828623,1.5406612477801451,False,0,16.822641660535737,0.0,0.4,C_ref,2026-09-18 17:53:32,2026-09-19 00:09:59
pretrained,0,1.0,1.0,30,0,1.1154678906121829,0.9750992119262047,1.353660073322507,0.3785608613963023,0.936220076070968,1.6172214741918929,False,0,27.07233378745877,0.0,0.4,C_ref,2026-09-18 17:53:32,2026-09-19 00:09:59
pretrained,0,1.0,1.0,31,0,1.2213934355535865,1.0200083093536212,1.4688537645290891,0.4488454551754679,0.9597388325716708,1.7347661920245732,False,0,45.81598829560608,0.0,0.4,C_ref,2026-09-18 17:53:32,2026-09-19 00:09:59
pretrained,0,1.0,1.0,32,0,1.1613202216041572,0.9803332069774076,1.4073617710691215,0.4270285640917141,0.9423317405141806,1.675555913137578,False,0,29.53467821529921,0.0,0.4,C_ref,2026-09-18 17:53:32,2026-09-19 00:09:59
pretrained,0,1.0,1.0,33,0,1.0798986954177408,0.9721124910617298,1.3111644412125831,0.3390519501508533,0.9086807738363334,1.575726305693917,False,0,25.241652668195456,0.0,0.4,C_ref,2026-09-18 17:53:32,2026-09-19 00:09:59
pretrained,0,1.0,1.0,34,0,1.0762741986847777,0.953514090978028,1.338262144387257,0.3847480534092291,0.8765892753763859,1.6173544693467288,False,0,19.336672332796297,0.0,0.4,C_ref,2026-09-18 17:53:32,2026-09-19 00:09:59
pretrained,0,1.0,1.0,35,0,1.1272737050288224,0.973993703684189,1.3588793640324128,0.3848856603482238,0.9561634791932392,1.6196505276177764,False,0,30.09807157186151,0.0,0.4,C_ref,2026-09-18 17:53:32,2026-09-19 00:09:59
pretrained,0,1.0,1.0,36,0,1.0314963789517906,0.8178398948111921,1.3172419408327976,0.4994020460216054,0.7822459883732505,1.6076315113834083,False,0,15.544201897559104,0.0,0.4,C_ref,2026-09-18 17:53:32,2026-09-19 00:09:59
pretrained,0,1.0,1.0,37,0,1.1606586313224116,0.9694886186298166,1.406674293736668,0.4371856751068512,0.9234950797662776,1.6679532877172414,False,0,32.21171064344526,0.0,0.4,C_ref,2026-09-18 17:53:32,2026-09-19 00:09:59
pretrained,0,1.0,1.0,38,0,1.1997218514369712,0.9615518964307695,1.464053403557919,0.5025015071271491,0.8742490097939076,1.7381993784502652,False,0,30.106861106451102,0.0,0.4,C_ref,2026-09-18 17:53:32,2026-09-19 00:09:59
pretrained,0,1.0,1.0,39,0,1.1629681295219234,0.999100377565672,1.3877396177049284,0.3886392401392564,0.949017219959806,1.6414650289664328,False,0,42.98055101725549,0.0,0.4,C_ref,2026-09-18 17:53:32,2026-09-19 00:09:59
pretrained,0,1.0,1.0,40,0,1.0876019811442896,0.939171395421156,1.3479688847201232,0.4087974892989673,0.9175805631604018,1.627256318376492,False,0,20.88942648342345,0.0,0.4,C_ref,2026-09-18 17:53:32,2026-09-19 00:09:59
pretrained,0,1.0,1.0,41,0,1.1316382094216029,0.9749390002690662,1.367421013586389,0.3924820133173224,0.9509143192780444,1.6285672989698508,False,0,38.44321739597217,0.0,0.4,C_ref,2026-09-18 17:53:32,2026-09-19 00:09:59
pretrained,0,1.0,1.0,42,0,1.1274808841876498,0.9839886055550868,1.3695326870774618,0.3855440815223749,0.9304227497706246,1.6353022732709788,False,0,29.16091793363012,0.0,0.4,C_ref,2026-09-18 17:53:32,2026-09-19 00:09:59
pretrained,0,1.0,1.0,43,0,1.072735574988224,0.9659549840436168,1.3061700726564207,0.3402150886128039,0.946619513728104,1.574404496568822,False,0,19.606645367810412,0.0,0.4,C_ref,2026-09-18 17:53:32,2026-09-19 00:09:59
pretrained,0,1.0,1.0,44,0,1.1177988142202555,0.9706989252527518,1.3452874403056907,0.3745885150529389,0.9483472766134838,1.6049565518515896,False,0,29.265126768623304,0.0,0.4,C_ref,2026-09-18 17:53:32,2026-09-19 00:09:59
pretrained,0,1.0,1.0,45,0,1.0626491761907444,0.9293983799752848,1.310883975900534,0.3814855959252492,0.8596676387719641,1.5799742295747718,False,0,30.279542161300924,0.0,0.4,C_ref,2026-09-18 17:53:32,2026-09-19 00:09:59
pretrained,0,1.0,1.0,46,0,1.2513550533953623,1.0258308412895514,1.501165804921071,0.4753349636315196,0.8863368156786153,1.7643920135692823,False,0,63.76417023082831,0.0,0.4,C_ref,2026-09-18 17:53:32,2026-09-19 00:09:59
pretrained,0,1.0,1.0,47,0,1.174036318049955,0.9821068857161062,1.4231888380822415,0.4410819523661353,0.946683443072034,1.6916159361904364,False,0,32.98041452288453,0.0,0.4,C_ref,2026-09-18 17:53:32,2026-09-19 00:09:59
pretrained,0,1.0,1.0,0,0,2.268804316764052,2.0584998692954533,2.3153448388108995,0.2568449695154462,1.6865974616799646,2.732923454937382,False,0,2.842959666315437,0.0,2.5,C_ref,2026-09-18 17:53:32,2026-09-19 00:09:59
pretrained,0,1.0,1.0,1,0,2.140823280328803,2.009393432888337,2.156562248915506,0.1471688160271691,1.791373791511128,2.993875660572202,False,0,0.5409609650632774,0.0,2.5,C_ref,2026-09-18 17:53:32,2026-09-19 00:09:59
pretrained,0,1.0,1.0,2,0,2.5156181107787194,2.232804112411843,2.806285720472696,0.5734816080608525,1.9567494749900936,3.105553854003684,False,0,0.0027394786920922,1.0,2.5,C_ref,2026-09-18 17:53:32,2026-09-19 00:09:59
pretrained,0,1.0,1.0,3,0,2.497648099193821,2.225594769258144,2.7376347608941907,0.5120399916360467,1.955019854766885,2.769460538210247,False,0,0.0,1.0,2.5,C_ref,2026-09-18 17:53:32,2026-09-19 00:09:59
pretrained,0,1.0,1.0,4,0,2.49008928667854,2.207868137902525,2.780010590693404,0.5721424527908789,1.9319789973949515,3.078459501038027,False,0,0.0012014655148959,1.0,2.5,C_ref,2026-09-18 17:53:32,2026-09-19 00:09:59
pretrained,0,1.0,1.0,5,0,2.431491060322555,2.14927266693706,2.721411402225204,0.5721387352881435,1.8735200696080772,3.019923936369701,False,0,0.0570213076498475,1.0,2.5,C_ref,2026-09-18 17:53:32,2026-09-19 00:09:59
pretrained,0,1.0,1.0,6,0,2.394255228662069,2.110688869476496,2.685277478216134,0.5745886087396386,1.8332407869396965,2.9848037832215906,False,0,0.1341302295368223,1.0,2.5,C_ref,2026-09-18 17:53:32,2026-09-19 00:09:59
pretrained,0,1.0,1.0,7,0,2.447627515914164,2.170459573251969,2.723439144975534,0.5529795717235655,1.898679399422718,2.9152992935270245,False,0,0.035036813969782,1.0,2.5,C_ref,2026-09-18 17:53:32,2026-09-19 00:09:59
pretrained,0,1.0,1.0,8,0,2.517380377442514,2.239166020852829,2.8046596496109357,0.5654936287581065,1.8781573371432512,3.101496883568013,False,0,0.0036995207810832,1.0,2.5,C_ref,2026-09-18 17:53:32,2026-09-19 00:09:59
pretrained,0,1.0,1.0,9,0,2.4653446289350858,2.184810849648668,2.754134897517716,0.5693240478690478,1.9115747944841144,3.0518389513843376,False,0,0.0145152177901763,1.0,2.5,C_ref,2026-09-18 17:53:32,2026-09-19 00:09:59
pretrained,0,1.0,1.0,10,0,2.573640346799501,2.292635738056068,2.8632638969682103,0.5706281589121422,2.019491946653634,3.162070690591506,False,0,0.0670138062996557,1.0,2.5,C_ref,2026-09-18 17:53:32,2026-09-19 00:09:59
pretrained,0,1.0,1.0,11,0,2.445434835601365,2.1620508829607323,2.736846470098761,0.5747955871380288,1.885677418787674,3.037011339942442,False,0,0.0356405366947001,1.0,2.5,C_ref,2026-09-18 17:53:32,2026-09-19 00:09:59
pretrained,0,1.0,1.0,12,0,2.5221162382393723,2.286345966343516,2.567891846143528,0.2815458798000123,1.9816851368608104,3.09290208469118,False,0,0.0141003589997126,1.0,2.5,C_ref,2026-09-18 17:53:32,2026-09-19 00:09:59
pretrained,0,1.0,1.0,13,0,2.629173094148504,2.348495939705613,2.9186812060628724,0.5701852663572593,2.075976160566745,3.217526429575443,False,0,0.208283410192962,1.0,2.5,C_ref,2026-09-18 17:53:32,2026-09-19 00:09:59
pretrained,0,1.0,1.0,14,0,2.434399471874219,2.153426892656559,2.723109792494672,0.5696828998381127,1.878889274530008,3.020412601882258,False,0,0.0525319530606793,1.0,2.5,C_ref,2026-09-18 17:53:32,2026-09-19 00:09:59
pretrained,0,1.0,1.0,15,0,2.538409333728877,2.2576376813262637,2.8232647847286287,0.5656271034023654,1.9823757485401032,3.02438499310529,False,0,0.0183619761082809,1.0,2.5,C_ref,2026-09-18 17:53:32,2026-09-19 00:09:59
pretrained,0,1.0,1.0,16,0,2.636881651349341,2.3573365492279765,2.925489496825248,0.5681529475972713,2.086348911358956,3.223594859336106,False,0,0.2357461553328903,1.0,2.5,C_ref,2026-09-18 17:53:32,2026-09-19 00:09:59
pretrained,0,1.0,1.0,17,0,2.321858331924429,2.039964438002914,2.6111800193154653,0.5712155813125515,1.764176165940814,2.908900279196627,False,0,0.3830829670259845,1.0,2.5,C_ref,2026-09-18 17:53:32,2026-09-19 00:09:59
pretrained,0,1.0,1.0,18,0,2.532935766749093,2.251915328975849,2.8220755098787587,0.5701601809029095,1.9780230685546971,3.1200452128147838,False,0,0.0132940418880025,1.0,2.5,C_ref,2026-09-18 17:53:32,2026-09-19 00:09:59
pretrained,0,1.0,1.0,19,0,2.4792321347149198,2.1992936102094216,2.7677224968404435,0.5684288866310219,1.9272415811136128,3.065363480705252,False,0,0.0053259364940458,1.0,2.5,C_ref,2026-09-18 17:53:32,2026-09-19 00:09:59
pretrained,0,1.0,1.0,20,0,2.4658789484971355,2.1862262549178766,2.7541806660395336,0.567954411121657,1.914444210885292,3.0517084089019337,False,0,0.0141850761792738,1.0,2.5,C_ref,2026-09-18 17:53:32,2026-09-19 00:09:59
pretrained,0,1.0,1.0,21,0,2.2704892040527698,2.129137615637144,2.2871143742321296,0.1579767585949856,1.904055736017456,3.0864619461150804,False,0,0.626869987048849,0.0,2.5,C_ref,2026-09-18 17:53:32,2026-09-19 00:09:59
pretrained,0,1.0,1.0,22,0,2.4568740101611186,2.1742327403145776,2.747490501106284,0.5732577607917064,1.898456102842772,3.046825525289514,False,0,0.0224466360450605,1.0,2.5,C_ref,2026-09-18 17:53:32,2026-09-19 00:09:59
pretrained,0,1.0,1.0,23,0,2.3996597122154544,2.117300200311805,2.689533374386828,0.5722331740750222,1.8409536390748773,2.987831196376289,False,0,0.1219963507501233,1.0,2.5,C_ref,2026-09-18 17:53:32,2026-09-19 00:09:59
pretrained,0,1.0,1.0,24,0,2.4200672534314744,2.1395260579783195,2.7084285180349017,0.5689024600565822,1.8656563233488663,3.005460293088573,False,0,0.0784380294790025,1.0,2.5,C_ref,2026-09-18 17:53:32,2026-09-19 00:09:59
pretrained,0,1.0,1.0,25,0,2.2900003691986126,2.008829431171082,2.578182461715011,0.5693530305439292,1.7329971746857509,2.874505508796763,False,0,0.5347717681761424,1.0,2.5,C_ref,2026-09-18 17:53:32,2026-09-19 00:09:59
pretrained,0,1.0,1.0,26,0,2.084446532456492,1.946656953488468,2.627508285513117,0.6808513320246492,1.718937295282002,2.91838463701748,False,0,0.3516186550732527,1.0,2.5,C_ref,2026-09-18 17:53:32,2026-09-19 00:09:59
pretrained,0,1.0,1.0,27,0,2.0148927270120294,1.90277802761156,2.025663400321557,0.122885372709997,1.707091569351895,2.9596299970739945,False,0,0.2026683179647079,0.0,2.5,C_ref,2026-09-18 17:53:32,2026-09-19 00:09:59
pretrained,0,1.0,1.0,28,0,2.4139401934096645,2.1277109132249903,2.7074321864529303,0.57972127322794,1.8472068022103,3.009186990488884,False,0,0.087422620068537,1.0,2.5,C_ref,2026-09-18 17:53:32,2026-09-19 00:09:59
pretrained,0,1.0,1.0,29,0,2.381023970622962,2.0992159751077284,2.5698241526716896,0.4706081775639612,1.820943412224792,2.9331502685892588,False,0,0.1822035190998576,1.0,2.5,C_ref,2026-09-18 17:53:32,2026-09-19 00:09:59
pretrained,0,1.0,1.0,30,0,2.163293830414675,2.02840245700212,2.1783426450088457,0.1499401880067257,1.809442448904608,2.986945806794408,False,0,0.4128380789843504,0.0,2.5,C_ref,2026-09-18 17:53:32,2026-09-19 00:09:59
pretrained,0,1.0,1.0,31,0,2.51478628535318,2.2343821424639856,2.803725218628525,0.5693430761645395,1.961732061630848,3.1017520874371507,False,0,0.0024206854432122,1.0,2.5,C_ref,2026-09-18 17:53:32,2026-09-19 00:09:59
pretrained,0,1.0,1.0,32,0,2.5047759583416185,2.2239641024544152,2.7941456892506578,0.5701815867962425,1.9509518024322596,3.092618058513113,False,0,0.0,1.0,2.5,C_ref,2026-09-18 17:53:32,2026-09-19 00:09:59
pretrained,0,1.0,1.0,33,0,2.361837426362474,2.079586236205749,2.651740363936608,0.5721541277308586,1.8038711860939545,2.950154184350864,False,0,0.230414153473248,1.0,2.5,C_ref,2026-09-18 17:53:32,2026-09-19 00:09:59
pretrained,0,1.0,1.0,34,0,2.437084499882297,2.1554899830589034,2.72673558115008,0.5712455980911768,1.8808021315913124,3.025210032874822,False,0,0.0481601368592237,1.0,2.5,C_ref,2026-09-18 17:53:32,2026-09-19 00:09:59
pretrained,0,1.0,1.0,35,0,2.172219491595368,2.012781731113619,2.1954647226002963,0.1826829914866774,1.7806163892480722,2.880146659721904,False,0,1.3861961797192637,0.0,2.5,C_ref,2026-09-18 17:53:32,2026-09-19 00:09:59
pretrained,0,1.0,1.0,36,0,2.4996028211430144,2.21930417400064,2.7837754663454266,0.5644712923447868,1.944298138251992,3.007875211108485,False,0,0.0,1.0,2.5,C_ref,2026-09-18 17:53:32,2026-09-19 00:09:59
pretrained,0,1.0,1.0,37,0,2.5317678559052115,2.251286227799015,2.8207862237215533,0.5694999959225382,1.978574538168486,3.118902559620914,False,0,0.0124545361395576,1.0,2.5,C_ref,2026-09-18 17:53:32,2026-09-19 00:09:59
pretrained,0,1.0,1.0,38,0,2.6027868321190737,2.32454455443397,2.88977803934283,0.5652334849088603,2.054277263497576,3.1860371102334795,False,0,0.1337452322659373,1.0,2.5,C_ref,2026-09-18 17:53:32,2026-09-19 00:09:59
pretrained,0,1.0,1.0,39,0,2.4031420261358845,2.1256770902754485,2.6896166404662547,0.5639395501908062,1.85660281465946,2.985488063324825,False,0,0.1166609263964346,1.0,2.5,C_ref,2026-09-18 17:53:32,2026-09-19 00:09:59
pretrained,0,1.0,1.0,40,0,2.490881499630104,2.207977782714853,2.7818141333253843,0.5738363506105308,1.931980164240114,3.081558192810912,False,0,0.0010016845444624,1.0,2.5,C_ref,2026-09-18 17:53:32,2026-09-19 00:09:59
pretrained,0,1.0,1.0,41,0,2.4102701315822044,2.131729554515616,2.6972527244742093,0.5655231699585936,1.8608044882149173,2.993340093336718,False,0,0.0998163383701467,1.0,2.5,C_ref,2026-09-18 17:53:32,2026-09-19 00:09:59
pretrained,0,1.0,1.0,42,0,2.5002753002597204,2.2184141745960524,2.7903690784518678,0.5719549038558149,1.9438652851533047,3.0893213212078687,False,0,0.0,1.0,2.5,C_ref,2026-09-18 17:53:32,2026-09-19 00:09:59
pretrained,0,1.0,1.0,43,0,2.3701015796432454,2.089002170567252,2.6567658150607683,0.5677636444935161,1.813602935787557,2.8765780756889177,False,0,0.2070379997894633,1.0,2.5,C_ref,2026-09-18 17:53:32,2026-09-19 00:09:59
pretrained,0,1.0,1.0,44,0,2.3740330970527204,2.0929860494589514,2.663214591632818,0.5702285421738664,1.8191453975949912,2.961225452105021,False,0,0.1927064268966205,1.0,2.5,C_ref,2026-09-18 17:53:32,2026-09-19 00:09:59
pretrained,0,1.0,1.0,45,0,2.34714516105822,2.066325561509231,2.6356754498105603,0.5693498883013293,1.7088791414254905,2.932825982523572,False,0,0.2842779563434305,1.0,2.5,C_ref,2026-09-18 17:53:32,2026-09-19 00:09:59
pretrained,0,1.0,1.0,46,0,2.528550875009421,2.247841606644185,2.8177609763676745,0.5699193697234897,1.7836024653213545,3.1160722024552467,False,0,0.010044970884337,1.0,2.5,C_ref,2026-09-18 17:53:32,2026-09-19 00:09:59
pretrained,0,1.0,1.0,47,0,2.534516246902665,2.2548467965244807,2.822885113768363,0.5680383172438823,1.9831233282142164,3.120478231818678,False,0,0.0145796307078853,1.0,2.5,C_ref,2026-09-18 17:53:32,2026-09-19 00:09:59
pretrained_e05,0,0.01,0.01,0,0,0.08509516107055,0.0329824121278527,0.1701558528653184,0.1371734407374657,0.0081099368445264,0.2985124806643916,False,0,6.722778568942886,0.0,0.4,C_ref,2026-09-18 03:58:32,2026-09-18 04:44:28
pretrained_e05,0,0.01,0.01,1,0,0.0914599928390951,0.0359959345207626,0.1819004729225657,0.1459045384018031,0.0086175193887525,0.3206011947688856,False,0,5.951417636249971,0.0,0.4,C_ref,2026-09-18 03:58:32,2026-09-18 04:44:28
pretrained_e05,0,0.01,0.01,2,0,0.0751222418151786,0.0284077200490826,0.1260094467802028,0.0976017267311201,0.0070073738268754,0.2806047490135118,False,0,6.735391762722429,0.0,0.4,C_ref,2026-09-18 03:58:32,2026-09-18 04:44:28
pretrained_e05,0,0.01,0.01,3,0,0.0645129199039814,0.0209422981998012,0.1398707726684806,0.1189284744686794,0.0049000086428497,0.2607396569169574,False,0,7.697028344296996,0.0,0.4,C_ref,2026-09-18 03:58:32,2026-09-18 04:44:28
pretrained_e05,0,0.01,0.01,4,0,0.0784498053289514,0.029174263257521,0.1582808398620938,0.1291065766045727,0.0073219823884432,0.2664200698089115,False,0,7.305538083070132,0.0,0.4,C_ref,2026-09-18 03:58:32,2026-09-18 04:44:28
pretrained_e05,0,0.01,0.01,5,0,0.0877434688171549,0.0336494180104116,0.1769273232085014,0.1432779051980897,0.0080992004838685,0.3149580816120222,False,0,6.081824813099956,0.0,0.4,C_ref,2026-09-18 03:58:32,2026-09-18 04:44:28
pretrained_e05,0,0.01,0.01,6,0,0.0819855927011948,0.0313644899224001,0.133187552186316,0.1018230622639158,0.0077662501235989,0.2502549413205645,False,0,7.533977625942498,0.0,0.4,C_ref,2026-09-18 03:58:32,2026-09-18 04:44:28
pretrained_e05,0,0.01,0.01,7,0,0.0682339360326245,0.0236637542763961,0.1430605425616555,0.1193967882852593,0.0056778570534188,0.2596049704605941,False,0,8.055887714723212,0.0,0.4,C_ref,2026-09-18 03:58:32,2026-09-18 04:44:28
pretrained_e05,0,0.01,0.01,8,0,0.0796747161469473,0.0293355595982893,0.1615995247851853,0.132263965186896,0.0072584399095485,0.2889079532347939,False,0,6.777061715438322,0.0,0.4,C_ref,2026-09-18 03:58:32,2026-09-18 04:44:28
pretrained_e05,0,0.01,0.01,9,0,0.0563658978607074,0.0178061345844455,0.1229078836520843,0.1051017490676387,0.0037525555859481,0.2253327235437901,False,0,9.669674685876087,0.0,0.4,C_ref,2026-09-18 03:58:32,2026-09-18 04:44:28
pretrained_e05,0,0.01,0.01,10,0,0.0763582892544487,0.0277719355497479,0.1571507280710673,0.1293787925213194,0.0067920184061215,0.2841647383507059,False,0,6.916985033240053,0.0,0.4,C_ref,2026-09-18 03:58:32,2026-09-18 04:44:28
pretrained_e05,0,0.01,0.01,11,0,0.0710303515489633,0.02485140733062,0.1489685952157718,0.1241171878851517,0.0059140822721367,0.272252234118892,False,0,7.422198979504174,0.0,0.4,C_ref,2026-09-18 03:58:32,2026-09-18 04:44:28
pretrained_e05,0,0.01,0.01,12,0,0.074572898223454,0.0261610170990612,0.1576006306965078,0.1314396135974465,0.0061629647758161,0.2879905494651699,False,0,6.866909283791756,0.0,0.4,C_ref,2026-09-18 03:58:32,2026-09-18 04:44:28
pretrained_e05,0,0.01,0.01,13,0,0.0868343814727943,0.0329026744429305,0.1766234805416864,0.1437208060987558,0.0079215314729161,0.3191756429093906,False,0,5.852866786572122,0.0,0.4,C_ref,2026-09-18 03:58:32,2026-09-18 04:44:28
pretrained_e05,0,0.01,0.01,14,0,0.0765130399525913,0.0282830897184313,0.1545036676390152,0.1262205779205839,0.0070342706341376,0.2382124247642918,False,0,8.507212675638584,0.0,0.4,C_ref,2026-09-18 03:58:32,2026-09-18 04:44:28
pretrained_e05,0,0.01,0.01,15,0,0.0647861654694454,0.0211127524473272,0.1399230336483005,0.1188102812009733,0.004914751163553,0.257984993786909,False,0,7.964730790892645,0.0,0.4,C_ref,2026-09-18 03:58:32,2026-09-18 04:44:28
pretrained_e05,0,0.01,0.01,16,0,0.0831071542506449,0.0309061936931922,0.1691849660322758,0.1382787723390836,0.0075783107934629,0.3047284982995363,False,0,6.321160713327117,0.0,0.4,C_ref,2026-09-18 03:58:32,2026-09-18 04:44:28
pretrained_e05,0,0.01,0.01,17,0,0.0955118187210366,0.0385907976095802,0.1870655520883599,0.1484747544787796,0.009262922348003,0.3244444618543169,False,0,5.896325331203116,0.0,0.4,C_ref,2026-09-18 03:58:32,2026-09-18 04:44:28
pretrained_e05,0,0.01,0.01,18,0,0.0949465582591626,0.0375979749035263,0.189404390657271,0.1518064157537446,0.008929800484837,0.3354746359297371,False,0,5.478565547567996,0.0,0.4,C_ref,2026-09-18 03:58:32,2026-09-18 04:44:28
pretrained_e05,0,0.01,0.01,19,0,0.0661937093802218,0.0220639414290388,0.1418200320383679,0.1197560906093291,0.0051905748427608,0.2607890963359666,False,0,7.892786122654797,0.0,0.4,C_ref,2026-09-18 03:58:32,2026-09-18 04:44:28
pretrained_e05,0,0.01,0.01,20,0,0.1032330140321254,0.0438043022780367,0.1632134813660009,0.1194091790879641,0.0106242998185712,0.2854741770757558,False,0,6.439923923477181,0.0,0.4,C_ref,2026-09-18 03:58:32,2026-09-18 04:44:28
pretrained_e05,0,0.01,0.01,21,0,0.0800890780195539,0.0290961392900802,0.1647654575132785,0.1356693182231982,0.0071003348783116,0.2983118401271813,False,0,6.531472395836317,0.0,0.4,C_ref,2026-09-18 03:58:32,2026-09-18 04:44:28
pretrained_e05,0,0.01,0.01,22,0,0.0888282054165199,0.0344369856688646,0.1778812297280632,0.1434442440591986,0.0082790238368709,0.3146775972168788,False,0,6.123023431377078,0.0,0.4,C_ref,2026-09-18 03:58:32,2026-09-18 04:44:28
pretrained_e05,0,0.01,0.01,23,0,0.0717760134146944,0.0257451104241606,0.1481841165393622,0.1224390061152016,0.0062808009158137,0.2655276041935452,False,0,7.928687879790232,0.0,0.4,C_ref,2026-09-18 03:58:32,2026-09-18 04:44:28
pretrained_e05,0,0.01,0.01,24,0,0.0810429532809399,0.0298730729910791,0.1646195648191186,0.1347464918280395,0.0074199725441886,0.2942223994233301,False,0,6.758614807175036,0.0,0.4,C_ref,2026-09-18 03:58:32,2026-09-18 04:44:28
pretrained_e05,0,0.01,0.01,25,0,0.0933703671899437,0.0382634546399545,0.163950110752379,0.1256866561124245,0.0092850731966742,0.3042458303364225,False,0,6.423515930226131,0.0,0.4,C_ref,2026-09-18 03:58:32,2026-09-18 04:44:28
pretrained_e05,0,0.01,0.01,26,0,0.0798894411961441,0.029788680465747,0.1573420409645661,0.127553360498819,0.0074744167422287,0.260386044977844,False,0,7.69924677115705,0.0,0.4,C_ref,2026-09-18 03:58:32,2026-09-18 04:44:28
pretrained_e05,0,0.01,0.01,27,0,0.0853214558547914,0.033296184307955,0.1695721106255622,0.1362759263176071,0.0082101086612964,0.2710551409940168,False,0,6.645977294239856,0.0,0.4,C_ref,2026-09-18 03:58:32,2026-09-18 04:44:28
pretrained_e05,0,0.01,0.01,28,0,0.0851718160720272,0.0324918089311032,0.1723344296941364,0.1398426207630332,0.0079500268936723,0.2885279641489269,False,0,6.176522157751606,0.0,0.4,C_ref,2026-09-18 03:58:32,2026-09-18 04:44:28
pretrained_e05,0,0.01,0.01,29,0,0.0930066832004387,0.0367090082792054,0.185436683948825,0.1487276756696196,0.0087571295090048,0.33028061029604,False,0,5.605086548086547,0.0,0.4,C_ref,2026-09-18 03:58:32,2026-09-18 04:44:28
pretrained_e05,0,0.01,0.01,30,0,0.075370914559903,0.0277367518122533,0.153799614239033,0.1260628624267796,0.0068867413981037,0.2717516852580139,False,0,7.789802238818083,0.0,0.4,C_ref,2026-09-18 03:58:32,2026-09-18 04:44:28
pretrained_e05,0,0.01,0.01,31,0,0.0870675909492572,0.0328739512900461,0.1769078085805099,0.1440338572904637,0.007870776707855,0.3164676633363694,False,0,6.009438058747037,0.0,0.4,C_ref,2026-09-18 03:58:32,2026-09-18 04:44:28
pretrained_e05,0,0.01,0.01,32,0,0.0614056201147769,0.0195984474391199,0.1317532964709178,0.1121548490317978,0.0045166772295555,0.2414989548121459,False,0,8.851162656254019,0.0,0.4,C_ref,2026-09-18 03:58:32,2026-09-18 04:44:28
pretrained_e05,0,0.01,0.01,33,0,0.0994437000601573,0.0406447313260276,0.1923569612495254,0.1517122299234977,0.0096406162218248,0.3308473214433378,False,0,5.732999521285819,0.0,0.4,C_ref,2026-09-18 03:58:32,2026-09-18 04:44:28
pretrained_e05,0,0.01,0.01,34,0,0.0939426829789874,0.0390876310487761,0.1646117934548297,0.1255241624060535,0.009358277731282,0.3226312815342404,False,0,5.732045559045218,0.0,0.4,C_ref,2026-09-18 03:58:32,2026-09-18 04:44:28
pretrained_e05,0,0.01,0.01,35,0,0.0627636076600616,0.0203478599368902,0.1341102047562808,0.1137623448193906,0.0048486278365483,0.2462011083819643,False,0,8.575028065020888,0.0,0.4,C_ref,2026-09-18 03:58:32,2026-09-18 04:44:28
pretrained_e05,0,0.01,0.01,36,0,0.0788977057651159,0.0287688703524932,0.1618813916205876,0.1331125212680943,0.0070572941129844,0.2910974260432286,False,0,6.8435160662047565,0.0,0.4,C_ref,2026-09-18 03:58:32,2026-09-18 04:44:28
pretrained_e05,0,0.01,0.01,37,0,0.0742500255409768,0.0262682757808187,0.1563736839034537,0.130105408122635,0.0062850238344921,0.2864846947088828,False,0,6.878177198464982,0.0,0.4,C_ref,2026-09-18 03:58:32,2026-09-18 04:44:28
pretrained_e05,0,0.01,0.01,38,0,0.0776013239614034,0.02812724492468,0.160487490227899,0.132360245303219,0.0068676688079407,0.2909133625322794,False,0,6.777535623001313,0.0,0.4,C_ref,2026-09-18 03:58:32,2026-09-18 04:44:28
pretrained_e05,0,0.01,0.01,39,0,0.0783250488582194,0.0296281787972948,0.1240533828742203,0.0944252040769255,0.0074540796413789,0.2098648831652053,False,0,8.65892563962916,0.0,0.4,C_ref,2026-09-18 03:58:32,2026-09-18 04:44:28
pretrained_e05,0,0.01,0.01,40,0,0.0723732158376894,0.0254339168559983,0.1519832037050069,0.1265492868490085,0.0060608805469836,0.2779842937280596,False,0,7.207216973456525,0.0,0.4,C_ref,2026-09-18 03:58:32,2026-09-18 04:44:28
pretrained_e05,0,0.01,0.01,41,0,0.0818557016414189,0.0304354312244603,0.1657143428351885,0.1352789116107282,0.0075470338584304,0.2951083491669122,False,0,6.755501977913809,0.0,0.4,C_ref,2026-09-18 03:58:32,2026-09-18 04:44:28
pretrained_e05,0,0.01,0.01,42,0,0.0896476492618498,0.0346669760643782,0.1803428842569353,0.145675908192557,0.0082995860330655,0.321516558928004,False,0,5.866441319438309,0.0,0.4,C_ref,2026-09-18 03:58:32,2026-09-18 04:44:28
pretrained_e05,0,0.01,0.01,43,0,0.1123094884091407,0.0484224930821005,0.2126633178505416,0.1642408247684411,0.0132507426549739,0.3617049147729025,False,0,4.882430041310727,0.0,0.4,C_ref,2026-09-18 03:58:32,2026-09-18 04:44:28
pretrained_e05,0,0.01,0.01,44,0,0.0907586014273893,0.0357652696955298,0.1798638925647828,0.1440986228692529,0.0085825763643988,0.3150371351823369,False,0,6.160018163085624,0.0,0.4,C_ref,2026-09-18 03:58:32,2026-09-18 04:44:28
pretrained_e05,0,0.01,0.01,45,0,0.1008316334991685,0.0413832246928291,0.19531999958356,0.1539367748907308,0.0097439016931807,0.338613982441159,False,0,5.462097922983958,0.0,0.4,C_ref,2026-09-18 03:58:32,2026-09-18 04:44:28
pretrained_e05,0,0.01,0.01,46,0,0.0844297775015088,0.0320480156532614,0.1627216138957081,0.1306735982424467,0.0078379358890243,0.2883373800347335,False,0,6.3986816611432005,0.0,0.4,C_ref,2026-09-18 03:58:32,2026-09-18 04:44:28
pretrained_e05,0,0.01,0.01,47,0,0.0817897679359558,0.0303461389093161,0.1656247176900981,0.1352785787807821,0.0075228960955082,0.2951367114007759,False,0,6.737945375622076,0.0,0.4,C_ref,2026-09-18 03:58:32,2026-09-18 04:44:28
pretrained_e05,0,0.01,0.01,0,0,0.0,,0.0047569530599953,,,0.0246884595336333,True,0,73.91621497438246,,2.5,C_ref,2026-09-18 03:58:32,2026-09-18 04:44:28
pretrained_e05,0,0.01,0.01,1,0,0.0,,0.0045317992625999,,,0.0234874364790339,True,0,66.93351579073715,,2.5,C_ref,2026-09-18 03:58:32,2026-09-18 04:44:28
pretrained_e05,0,0.01,0.01,2,0,0.0,,0.0033465871867232,,,0.015957802437561,True,0,61.524768591698376,,2.5,C_ref,2026-09-18 03:58:32,2026-09-18 04:44:28
pretrained_e05,0,0.01,0.01,3,0,0.0,,0.0029080036482955,,,0.0129819013760628,True,0,67.9754578349457,,2.5,C_ref,2026-09-18 03:58:32,2026-09-18 04:44:28
pretrained_e05,0,0.01,0.01,4,0,0.0,,0.003859982543514,,,0.0190872785073391,True,0,74.99240193934384,,2.5,C_ref,2026-09-18 03:58:32,2026-09-18 04:44:28
pretrained_e05,0,0.01,0.01,5,0,0.0,,0.0041418914486478,,,0.0210376052564538,True,0,66.24299802795213,,2.5,C_ref,2026-09-18 03:58:32,2026-09-18 04:44:28
pretrained_e05,0,0.01,0.01,6,0,0.0,,0.0046628046189071,,,0.0242087372744186,True,0,71.5293280148544,,2.5,C_ref,2026-09-18 03:58:32,2026-09-18 04:44:28
pretrained_e05,0,0.01,0.01,7,0,0.0,,0.0034686961340001,,,0.0167368503095278,True,0,76.4571175561905,,2.5,C_ref,2026-09-18 03:58:32,2026-09-18 04:44:28
pretrained_e05,0,0.01,0.01,8,0,0.0,,0.0038817082869722,,,0.0192858828424073,True,0,68.78873316328463,,2.5,C_ref,2026-09-18 03:58:32,2026-09-18 04:44:28
pretrained_e05,0,0.01,0.01,9,0,0.0,,0.0030632520856596,,,0.0140355120854356,True,0,83.31993506614162,,2.5,C_ref,2026-09-18 03:58:32,2026-09-18 04:44:28
pretrained_e05,0,0.01,0.01,10,0,0.0,,0.0033879100813979,,,0.016236560328347,True,0,67.69354266756636,,2.5,C_ref,2026-09-18 03:58:32,2026-09-18 04:44:28
pretrained_e05,0,0.01,0.01,11,0,0.0,,0.0037605312605447,,,0.0186133525724633,True,0,72.06713188637877,,2.5,C_ref,2026-09-18 03:58:32,2026-09-18 04:44:28
pretrained_e05,0,0.01,0.01,12,0,0.0,,0.0031877074259389,,,0.0149751562054685,True,0,66.30274020505385,,2.5,C_ref,2026-09-18 03:58:32,2026-09-18 04:44:28
pretrained_e05,0,0.01,0.01,13,0,0.0,,0.003655816154284,,,0.0179954839277473,True,0,62.99136625656684,,2.5,C_ref,2026-09-18 03:58:32,2026-09-18 04:44:28
pretrained_e05,0,0.01,0.01,14,0,0.0,,0.0039619941831681,,,0.0197378444588449,True,0,75.59505752109908,,2.5,C_ref,2026-09-18 03:58:32,2026-09-18 04:44:28
pretrained_e05,0,0.01,0.01,15,0,0.0,,0.0029647879719988,,,0.0133970583326229,True,0,71.65338644308213,,2.5,C_ref,2026-09-18 03:58:32,2026-09-18 04:44:28
pretrained_e05,0,0.01,0.01,16,0,0.0,,0.0032919826929635,,,0.0156436932776983,True,0,64.65560703567462,,2.5,C_ref,2026-09-18 03:58:32,2026-09-18 04:44:28
pretrained_e05,0,0.01,0.01,17,0,0.0,,0.0056114196086642,,,0.0292638890542968,True,0,69.94178419091986,,2.5,C_ref,2026-09-18 03:58:32,2026-09-18 04:44:28
pretrained_e05,0,0.01,0.01,18,0,0.0,,0.0039929031099572,,,0.0200178931270485,True,0,62.29123052075738,,2.5,C_ref,2026-09-18 03:58:32,2026-09-18 04:44:28
pretrained_e05,0,0.01,0.01,19,0,0.0,,0.0031397468938508,,,0.0145881855160042,True,0,72.34061579257104,,2.5,C_ref,2026-09-18 03:58:32,2026-09-18 04:44:28
pretrained_e05,0,0.01,0.01,20,0,0.0,,0.0056131818274059,,,0.0293298125595719,True,0,61.18441625525156,,2.5,C_ref,2026-09-18 03:58:32,2026-09-18 04:44:28
pretrained_e05,0,0.01,0.01,21,0,0.0,,0.0033810831833428,,,0.0162128529775192,True,0,66.60758962966065,,2.5,C_ref,2026-09-18 03:58:32,2026-09-18 04:44:28
pretrained_e05,0,0.01,0.01,22,0,0.0,,0.0043577638136832,,,0.0224349748225278,True,0,67.31276244563196,,2.5,C_ref,2026-09-18 03:58:32,2026-09-18 04:44:28
pretrained_e05,0,0.01,0.01,23,0,0.0,,0.0038729078628705,,,0.0192237278267063,True,0,78.12064469093457,,2.5,C_ref,2026-09-18 03:58:32,2026-09-18 04:44:28
pretrained_e05,0,0.01,0.01,24,0,0.0,,0.0040183208395105,,,0.0201328739650257,True,0,69.19866939500571,,2.5,C_ref,2026-09-18 03:58:32,2026-09-18 04:44:28
pretrained_e05,0,0.01,0.01,25,0,0.0,,0.0059480813240864,,,0.0307581295271467,True,0,72.20704414244756,,2.5,C_ref,2026-09-18 03:58:32,2026-09-18 04:44:28
pretrained_e05,0,0.01,0.01,26,0,0.0,,0.0041024456926454,,,0.0206155407688021,True,0,71.80253426733543,,2.5,C_ref,2026-09-18 03:58:32,2026-09-18 04:44:28
pretrained_e05,0,0.01,0.01,27,0,0.0,,0.0043298378832224,,,0.0220569308195234,True,0,70.862837462053,,2.5,C_ref,2026-09-18 03:58:32,2026-09-18 04:44:28
pretrained_e05,0,0.01,0.01,28,0,0.0,,0.0037883979890128,,,0.0187333818508117,True,0,65.82611791800082,,2.5,C_ref,2026-09-18 03:58:32,2026-09-18 04:44:28
pretrained_e05,0,0.01,0.01,29,0,0.0,,0.0046245839088227,,,0.0240482140146789,True,0,63.446981894747296,,2.5,C_ref,2026-09-18 03:58:32,2026-09-18 04:44:28
pretrained_e05,0,0.01,0.01,30,0,0.0,,0.0038686569447839,,,0.0192100859948485,True,0,78.99456090288004,,2.5,C_ref,2026-09-18 03:58:32,2026-09-18 04:44:28
pretrained_e05,0,0.01,0.01,31,0,0.0,,0.003963953313487,,,0.01992075934497,True,0,64.69393370526814,,2.5,C_ref,2026-09-18 03:58:32,2026-09-18 04:44:28
pretrained_e05,0,0.01,0.01,32,0,0.0,,0.0031216747658005,,,0.0144461812032325,True,0,78.87724445495405,,2.5,C_ref,2026-09-18 03:58:32,2026-09-18 04:44:28
pretrained_e05,0,0.01,0.01,33,0,0.0,,0.0057639905912891,,,0.0301651457149156,True,0,69.82350676409624,,2.5,C_ref,2026-09-18 03:58:32,2026-09-18 04:44:28
pretrained_e05,0,0.01,0.01,34,0,0.0,,0.0053412997262295,,,0.0279889976184508,True,0,64.10941103547884,,2.5,C_ref,2026-09-18 03:58:32,2026-09-18 04:44:28
pretrained_e05,0,0.01,0.01,35,0,0.0,,0.0033833449472797,,,0.0161496186093317,True,0,77.98779317167646,,2.5,C_ref,2026-09-18 03:58:32,2026-09-18 04:44:28
pretrained_e05,0,0.01,0.01,36,0,0.0,,0.0035116030121211,,,0.0170452692237009,True,0,69.76184651855874,,2.5,C_ref,2026-09-18 03:58:32,2026-09-18 04:44:28
pretrained_e05,0,0.01,0.01,37,0,0.0,,0.003182346353226,,,0.0149003936778221,True,0,66.12826977051373,,2.5,C_ref,2026-09-18 03:58:32,2026-09-18 04:44:28
pretrained_e05,0,0.01,0.01,38,0,0.0,,0.0033162953666565,,,0.0157724661925877,True,0,67.01034740860268,,2.5,C_ref,2026-09-18 03:58:32,2026-09-18 04:44:28
pretrained_e05,0,0.01,0.01,39,0,0.0,,0.0040176771706307,,,0.0200436049138926,True,0,68.579785131049,,2.5,C_ref,2026-09-18 03:58:32,2026-09-18 04:44:28
pretrained_e05,0,0.01,0.01,40,0,0.0,,0.0033581201966698,,,0.0160626684647549,True,0,68.64621286305191,,2.5,C_ref,2026-09-18 03:58:32,2026-09-18 04:44:28
pretrained_e05,0,0.01,0.01,41,0,0.0,,0.0041945545945808,,,0.0213064508495714,True,0,71.31907336855875,,2.5,C_ref,2026-09-18 03:58:32,2026-09-18 04:44:28
pretrained_e05,0,0.01,0.01,42,0,0.0,,0.003783646674757,,,0.0187920537669888,True,0,63.01311246775367,,2.5,C_ref,2026-09-18 03:58:32,2026-09-18 04:44:28
pretrained_e05,0,0.01,0.01,43,0,0.0,,0.0067397568508467,,,0.0347358295832037,True,0,64.74872845616119,,2.5,C_ref,2026-09-18 03:58:32,2026-09-18 04:44:28
pretrained_e05,0,0.01,0.01,44,0,0.0,,0.0049048685281712,,,0.0256920247508142,True,0,69.15482667788456,,2.5,C_ref,2026-09-18 03:58:32,2026-09-18 04:44:28
pretrained_e05,0,0.01,0.01,45,0,0.0,,0.0059471818755692,,,0.0311169345618702,True,0,66.9941974032663,,2.5,C_ref,2026-09-18 03:58:32,2026-09-18 04:44:28
pretrained_e05,0,0.01,0.01,46,0,0.0,,0.0041236835571338,,,0.0208901855738083,True,0,67.6323558039112,,2.5,C_ref,2026-09-18 03:58:32,2026-09-18 04:44:28
pretrained_e05,0,0.01,0.01,47,0,0.0,,0.0037405489924431,,,0.0184707403045123,True,0,69.63858357238132,,2.5,C_ref,2026-09-18 03:58:32,2026-09-18 04:44:28
pretrained_e05,0,0.03,0.03,0,0,0.0753464377074851,0.0397147491436158,0.0855193512461219,0.0458046021025061,0.0056624306039116,0.2418298278455745,False,0,6.3459641209447,0.0,0.4,C_ref,2026-09-18 05:34:09,2026-09-18 06:26:50
pretrained_e05,0,0.03,0.03,1,0,0.0892238822988692,0.0355978313548829,0.1442531483999084,0.1086553170450254,0.0084881307514711,0.2224147183951733,False,0,9.120967033788476,0.0,0.4,C_ref,2026-09-18 05:34:09,2026-09-18 06:26:50
pretrained_e05,0,0.03,0.03,2,0,0.0967994824412373,0.0263311049736263,0.1277062444452426,0.1013751394716163,0.0070362223477375,0.3437238412367879,False,0,5.010939362309728,0.0,0.4,C_ref,2026-09-18 05:34:09,2026-09-18 06:26:50
pretrained_e05,0,0.03,0.03,3,0,0.0593513548194773,0.0279409384479169,0.1096792435722695,0.0817383051243525,0.0071215994651164,0.1147249211428471,False,0,11.697270020889846,0.0,0.4,C_ref,2026-09-18 05:34:09,2026-09-18 06:26:50
pretrained_e05,0,0.03,0.03,4,0,0.0222522387978127,0.0123592444331623,0.0360810679206673,0.0237218234875049,0.0043986607320748,0.3841823592087761,False,0,4.291578224168916,0.0,0.4,C_ref,2026-09-18 05:34:09,2026-09-18 06:26:50
pretrained_e05,0,0.03,0.03,5,0,0.0555948968718416,0.0289593071821156,0.0660527168796835,0.0370934096975679,0.0079208863888492,0.1055179665588583,False,0,9.34724004457894,0.0,0.4,C_ref,2026-09-18 05:34:09,2026-09-18 06:26:50
pretrained_e05,0,0.03,0.03,6,0,0.0279485478769325,0.0176103078650843,0.0360180585831739,0.0184077507180896,0.0055902023394684,0.2823914294179657,False,0,6.898012451605609,0.0,0.4,C_ref,2026-09-18 05:34:09,2026-09-18 06:26:50
pretrained_e05,0,0.03,0.03,7,0,0.0777657793028087,0.0322129407526788,0.1020874231704312,0.0698744824177523,0.0078697195728121,0.2501826533891117,False,0,7.270186816756905,0.0,0.4,C_ref,2026-09-18 05:34:09,2026-09-18 06:26:50
pretrained_e05,0,0.03,0.03,8,0,0.0991148627634217,0.0397942186158874,0.1534440287567487,0.1136498101408613,0.0075487242531068,0.2320685495822838,False,0,6.957539403221745,0.0,0.4,C_ref,2026-09-18 05:34:09,2026-09-18 06:26:50
pretrained_e05,0,0.03,0.03,9,0,0.017504152363229,0.0092989162746606,0.0249374368005232,0.0156385205258626,0.0027951543911745,0.31347415957378,False,0,5.602044079183543,0.0,0.4,C_ref,2026-09-18 05:34:09,2026-09-18 06:26:50
pretrained_e05,0,0.03,0.03,10,0,0.0281835617389568,0.0172883364801213,0.0370485741292599,0.0197602376491385,,0.1942600672717512,False,0,6.446194635358552,0.0,0.4,C_ref,2026-09-18 05:34:09,2026-09-18 06:26:50
pretrained_e05,0,0.03,0.03,11,0,0.0570140807156999,0.0226534176705701,0.1457545012329423,0.1231010835623722,0.0062362994463815,0.2341915849105723,False,0,7.637021486036247,0.0,0.4,C_ref,2026-09-18 05:34:09,2026-09-18 06:26:50
pretrained_e05,0,0.03,0.03,12,0,0.0773194821146166,0.0271343479643937,0.1609872654796051,0.1338529175152114,0.0062948921561163,0.2674105427065231,False,0,6.863887303032243,0.0,0.4,C_ref,2026-09-18 05:34:09,2026-09-18 06:26:50
pretrained_e05,0,0.03,0.03,13,0,0.0895445886466803,0.0335857519614498,0.1500723942346018,0.1164866422731519,0.0077497987850866,0.2612143001615418,False,0,6.660053633535426,0.0,0.4,C_ref,2026-09-18 05:34:09,2026-09-18 06:26:50
pretrained_e05,0,0.03,0.03,14,0,0.035548892381449,0.0187049456680117,0.0441573868851073,0.0254524412170955,0.0059082539854964,0.1490925428225825,False,0,9.347857417713383,0.0,0.4,C_ref,2026-09-18 05:34:09,2026-09-18 06:26:50
pretrained_e05,0,0.03,0.03,15,0,0.0398348673369018,0.0222083984549945,0.0778832047685795,0.055674806313585,0.0063229029891626,0.2967203440821446,False,0,5.881967602017539,0.0,0.4,C_ref,2026-09-18 05:34:09,2026-09-18 06:26:50
pretrained_e05,0,0.03,0.03,16,0,0.0832884937334876,0.0294876514515775,0.1732814574774965,0.143793806025919,0.0069162822627866,0.2496936174323608,False,0,5.48306130068886,0.0,0.4,C_ref,2026-09-18 05:34:09,2026-09-18 06:26:50
pretrained_e05,0,0.03,0.03,17,0,0.066138835563325,0.0396175009997709,0.0768428686297457,0.0372253676299748,0.0107348085092431,0.3314687152236708,False,0,5.24601788196378,0.0,0.4,C_ref,2026-09-18 05:34:09,2026-09-18 06:26:50
pretrained_e05,0,0.03,0.03,18,0,0.0635693392322764,0.0258645105823017,0.0813896615636234,0.0555251509813216,0.0064956010337443,0.1512588521148652,False,0,10.97352433139531,0.0,0.4,C_ref,2026-09-18 05:34:09,2026-09-18 06:26:50
pretrained_e05,0,0.03,0.03,19,0,0.1058779726999088,0.0481551011129244,0.1490533525554183,0.1008982514424939,0.0119474549376355,0.363320569701252,False,0,4.609006031307217,0.0,0.4,C_ref,2026-09-18 05:34:09,2026-09-18 06:26:50
pretrained_e05,0,0.03,0.03,20,0,0.1025804861064656,0.0397288378100937,0.2072143889591582,0.1674855511490644,0.00906806847592,0.3768766430037905,False,0,4.446608667527471,0.0,0.4,C_ref,2026-09-18 05:34:09,2026-09-18 06:26:50
pretrained_e05,0,0.03,0.03,21,0,0.0850187793136079,0.0353102436665843,0.1137353590764864,0.078425115409902,0.0083550585107212,0.2856495631406016,False,0,6.261356749768311,0.0,0.4,C_ref,2026-09-18 05:34:09,2026-09-18 06:26:50
pretrained_e05,0,0.03,0.03,22,0,0.0634786098149928,0.0295139968141577,0.0954826756833992,0.0659686788692414,0.0076012521789891,0.1199903565875291,False,0,8.410784444215096,0.0,0.4,C_ref,2026-09-18 05:34:09,2026-09-18 06:26:50
pretrained_e05,0,0.03,0.03,23,0,0.073205178794585,0.0165543930498781,0.1029222596300271,0.086367866580149,0.0051166628025122,0.1418631464695088,False,0,21.29433792817872,0.0,0.4,C_ref,2026-09-18 05:34:09,2026-09-18 06:26:50
pretrained_e05,0,0.03,0.03,24,0,0.0165849342036532,0.0096749102078989,0.0221998141488409,0.012524903940942,0.0028934832014302,0.0287992565953638,False,0,8.158818633957708,0.0,0.4,C_ref,2026-09-18 05:34:09,2026-09-18 06:26:50
pretrained_e05,0,0.03,0.03,25,0,0.0206374919155729,0.0121536057117733,0.0459633312719706,0.0338097255601972,0.004201752877555,0.3346430761673102,False,0,5.432449837233435,0.0,0.4,C_ref,2026-09-18 05:34:09,2026-09-18 06:26:50
pretrained_e05,0,0.03,0.03,26,0,0.0162956214486177,0.0096966744737071,0.0217181956916774,0.0120215212179703,0.0028906259483275,0.0268727827667099,False,0,10.362438513126108,0.0,0.4,C_ref,2026-09-18 05:34:09,2026-09-18 06:26:50
pretrained_e05,0,0.03,0.03,27,0,0.0849417001726225,0.0355166664987349,0.1304196847830579,0.094903018284323,0.0087143687095387,0.1366628043984548,False,0,11.47394986447398,0.0,0.4,C_ref,2026-09-18 05:34:09,2026-09-18 06:26:50
pretrained_e05,0,0.03,0.03,28,0,0.0964535089149117,0.0464991974005857,0.1171830472971844,0.0706838498965986,0.0117709845896197,0.3420946562834073,False,0,4.913782257230196,0.0,0.4,C_ref,2026-09-18 05:34:09,2026-09-18 06:26:50
pretrained_e05,0,0.03,0.03,29,0,0.0942799295644226,0.0363571357600934,0.1784442714428735,0.1420871356827801,,0.2680133062547881,False,0,5.302244105387217,0.0,0.4,C_ref,2026-09-18 05:34:09,2026-09-18 06:26:50
pretrained_e05,0,0.03,0.03,30,0,0.0562291981880317,0.032437410656251,0.0669085666259244,0.0344711559696734,0.0083451869557384,0.3002282808675803,False,0,5.77548981376458,0.0,0.4,C_ref,2026-09-18 05:34:09,2026-09-18 06:26:50
pretrained_e05,0,0.03,0.03,31,0,0.035698568517541,0.0195692514749387,0.0431567415151616,0.0235874900402228,0.0061462035505163,0.1582994915665502,False,0,9.170223187844384,0.0,0.4,C_ref,2026-09-18 05:34:09,2026-09-18 06:26:50
pretrained_e05,0,0.03,0.03,32,0,0.0910553390901002,0.0361597039590869,0.1036594812469563,0.0674997772878694,0.0092113952408291,0.2643943726021571,False,0,6.249182498868322,0.0,0.4,C_ref,2026-09-18 05:34:09,2026-09-18 06:26:50
pretrained_e05,0,0.03,0.03,33,0,0.0776253157360133,0.0383887698193636,0.0934503992212159,0.0550616294018523,0.0095523139347038,0.2466741371051185,False,0,6.545390901246719,0.0,0.4,C_ref,2026-09-18 05:34:09,2026-09-18 06:26:50
pretrained_e05,0,0.03,0.03,34,0,0.0550947195186822,0.0129023088961388,0.0624070552769912,0.0495047463808523,0.0040467917637625,0.0696282211079648,False,0,8.115459146705689,0.0,0.4,C_ref,2026-09-18 05:34:09,2026-09-18 06:26:50
pretrained_e05,0,0.03,0.03,35,0,0.115652824757329,0.0478321479372378,0.2279636173960144,0.1801314694587766,0.0117409205331911,0.415929640504715,False,0,3.736325031895831,0.0,0.4,C_ref,2026-09-18 05:34:09,2026-09-18 06:26:50
pretrained_e05,0,0.03,0.03,36,0,0.1050625772255921,0.0312318504117545,0.2152204843773802,0.1839886339656257,0.0081172023821615,0.3986102121647346,False,0,4.024223934669863,0.0,0.4,C_ref,2026-09-18 05:34:09,2026-09-18 06:26:50
pretrained_e05,0,0.03,0.03,37,0,0.0671955752480032,0.0288753924148643,0.0878403293381968,0.0589649369233324,0.0017478381268328,0.1041493950651686,False,0,13.7274414222411,0.0,0.4,C_ref,2026-09-18 05:34:09,2026-09-18 06:26:50
pretrained_e05,0,0.03,0.03,38,0,0.0365653009894395,0.0173533600041287,0.0663564101486423,0.0490030501445136,0.0047425005513393,0.0747372324356619,False,0,12.016659746670484,0.0,0.4,C_ref,2026-09-18 05:34:09,2026-09-18 06:26:50
pretrained_e05,0,0.03,0.03,39,0,0.0452183412507692,0.0214401839604081,0.0523995847482658,0.0309594007878577,0.0060556527639847,0.0595983389930632,False,0,11.59878545369429,0.0,0.4,C_ref,2026-09-18 05:34:09,2026-09-18 06:26:50
pretrained_e05,0,0.03,0.03,40,0,0.0722875688701402,0.0281037329776592,0.1131746735099425,0.0850709405322832,0.0071077813013539,0.1642985634398633,False,0,8.411096680891205,0.0,0.4,C_ref,2026-09-18 05:34:09,2026-09-18 06:26:50
pretrained_e05,0,0.03,0.03,41,0,0.1060575936189916,0.0451165905249408,0.1375091211406372,0.0923925306156963,0.0105415723606921,0.3280809981637148,False,0,5.387090801854356,0.0,0.4,C_ref,2026-09-18 05:34:09,2026-09-18 06:26:50
pretrained_e05,0,0.03,0.03,42,0,0.1139763835535501,0.0461474465235859,0.2278084254157872,0.1816609788922013,0.0090572926891723,0.4102678845602513,False,0,3.815585583273787,0.0,0.4,C_ref,2026-09-18 05:34:09,2026-09-18 06:26:50
pretrained_e05,0,0.03,0.03,43,0,0.050526083900549,0.0324869882097571,0.1560735675676423,0.1235865793578852,0.0067566364043644,0.3716528799987065,False,0,4.476105108948104,0.0,0.4,C_ref,2026-09-18 05:34:09,2026-09-18 06:26:50
pretrained_e05,0,0.03,0.03,44,0,0.0732484774227376,0.0361916947866469,0.0834974771460152,0.0473057823593682,0.0092096335706821,0.206208563664154,False,0,7.185963638261455,0.0,0.4,C_ref,2026-09-18 05:34:09,2026-09-18 06:26:50
pretrained_e05,0,0.03,0.03,45,0,0.1144239332903887,0.0520781092336204,0.2145828674699465,0.1625047582363261,0.0096775362210811,0.3970873158713679,False,0,4.056142045410525,0.0,0.4,C_ref,2026-09-18 05:34:09,2026-09-18 06:26:50
pretrained_e05,0,0.03,0.03,46,0,0.0590994953151106,0.0261275834050981,0.0719062929516166,0.0457787095465185,0.0069332084563666,0.0783614672400587,False,0,13.129581896657328,0.0,0.4,C_ref,2026-09-18 05:34:09,2026-09-18 06:26:50
pretrained_e05,0,0.03,0.03,47,0,0.0450704473002447,0.0235361422561597,0.0580497517792726,0.0345136095231129,0.0070565709382541,0.1084110133672288,False,0,9.555766425586626,0.0,0.4,C_ref,2026-09-18 05:34:09,2026-09-18 06:26:50
pretrained_e05,0,0.03,0.03,0,0,0.0,,0.0034516057728733,,,0.0115839190988822,True,0,45.54459461080114,,2.5,C_ref,2026-09-18 05:34:09,2026-09-18 06:26:50
pretrained_e05,0,0.03,0.03,1,0,0.0,,0.0038631415301598,,,0.0192816528476773,True,0,47.57958114785652,,2.5,C_ref,2026-09-18 05:34:09,2026-09-18 06:26:50
pretrained_e05,0,0.03,0.03,2,0,0.0,,0.0026688040559892,,,0.0116732110817664,True,0,43.64815500335317,,2.5,C_ref,2026-09-18 05:34:09,2026-09-18 06:26:50
pretrained_e05,0,0.03,0.03,3,0,0.0,,0.0033419881778123,,,0.0159964423207902,True,0,44.80723714734995,,2.5,C_ref,2026-09-18 05:34:09,2026-09-18 06:26:50
pretrained_e05,0,0.03,0.03,4,0,0.0,,0.0042564166352193,,,0.020381716478053,True,0,47.24008097284968,,2.5,C_ref,2026-09-18 05:34:09,2026-09-18 06:26:50
pretrained_e05,0,0.03,0.03,5,0,0.0,,0.0043345139317127,,,0.0222776525197508,True,0,45.10015339309757,,2.5,C_ref,2026-09-18 05:34:09,2026-09-18 06:26:50
pretrained_e05,0,0.03,0.03,6,0,0.0,,0.0044290066187903,,,0.0219603335208869,True,0,51.12420415080487,,2.5,C_ref,2026-09-18 05:34:09,2026-09-18 06:26:50
pretrained_e05,0,0.03,0.03,7,0,0.0,,0.003686945679639,,,0.0182753599851694,True,0,54.01436110195209,,2.5,C_ref,2026-09-18 05:34:09,2026-09-18 06:26:50
pretrained_e05,0,0.03,0.03,8,0,0.0,,0.0017640597991299,,,0.0070562391965199,True,0,46.35163856689542,,2.5,C_ref,2026-09-18 05:34:09,2026-09-18 06:26:50
pretrained_e05,0,0.03,0.03,9,0,0.0,,0.0036736933969605,,,0.0141646866435079,True,0,46.43073842219019,,2.5,C_ref,2026-09-18 05:34:09,2026-09-18 06:26:50
pretrained_e05,0,0.03,0.03,10,0,0.0,,0.0011827128268869,,,0.0047308513075478,True,0,39.603814086509374,,2.5,C_ref,2026-09-18 05:34:09,2026-09-18 06:26:50
pretrained_e05,0,0.03,0.03,11,0,0.0,,0.0039136636878657,,,0.0196955723119477,True,0,51.844580318378576,,2.5,C_ref,2026-09-18 05:34:09,2026-09-18 06:26:50
pretrained_e05,0,0.03,0.03,12,0,0.0,,0.0028856577141127,,,0.012879873546783,True,0,49.082389518946,,2.5,C_ref,2026-09-18 05:34:09,2026-09-18 06:26:50
pretrained_e05,0,0.03,0.03,13,0,0.0,,0.0032623424645965,,,0.01559691258065,True,0,46.47506937829894,,2.5,C_ref,2026-09-18 05:34:09,2026-09-18 06:26:50
pretrained_e05,0,0.03,0.03,14,0,0.0,,0.0039011933408866,,,0.0191622033030875,True,0,46.743077969364094,,2.5,C_ref,2026-09-18 05:34:09,2026-09-18 06:26:50
pretrained_e05,0,0.03,0.03,15,0,0.0,,0.0034239643024459,,,0.0165330677020224,True,0,48.07929611449436,,2.5,C_ref,2026-09-18 05:34:09,2026-09-18 06:26:50
pretrained_e05,0,0.03,0.03,16,0,0.0,,0.0027592573122028,,,0.0119713249332394,True,0,44.36677378532113,,2.5,C_ref,2026-09-18 05:34:09,2026-09-18 06:26:50
pretrained_e05,0,0.03,0.03,17,0,0.0,,0.0065167500647984,,,0.0343489297066418,True,0,48.64506627241644,,2.5,C_ref,2026-09-18 05:34:09,2026-09-18 06:26:50
pretrained_e05,0,0.03,0.03,18,0,0.0,,0.0030577901255094,,,0.0140295194820692,True,0,49.547196407565934,,2.5,C_ref,2026-09-18 05:34:09,2026-09-18 06:26:50
pretrained_e05,0,0.03,0.03,19,0,0.0,,0.0044987765214576,,,0.0239530670706482,True,0,41.02738477977982,,2.5,C_ref,2026-09-18 05:34:09,2026-09-18 06:26:50
pretrained_e05,0,0.03,0.03,20,0,0.0,,0.0041225627409736,,,0.0213182954227642,True,0,48.04368770563087,,2.5,C_ref,2026-09-18 05:34:09,2026-09-18 06:26:50
pretrained_e05,0,0.03,0.03,21,0,0.0,,0.0035714577140259,,,0.0176195360696253,True,0,48.01855394654558,,2.5,C_ref,2026-09-18 05:34:09,2026-09-18 06:26:50
pretrained_e05,0,0.03,0.03,22,0,0.0,,0.0037640219648965,,,0.0187135991859611,True,0,46.18553619921295,,2.5,C_ref,2026-09-18 05:34:09,2026-09-18 06:26:50
pretrained_e05,0,0.03,0.03,23,0,0.0,,0.0035493862185805,,,0.0166257566266036,True,0,45.3718472861583,,2.5,C_ref,2026-09-18 05:34:09,2026-09-18 06:26:50
pretrained_e05,0,0.03,0.03,24,0,0.0,,0.0037809807480493,,,0.0164071095384725,True,0,47.35421138865786,,2.5,C_ref,2026-09-18 05:34:09,2026-09-18 06:26:50
pretrained_e05,0,0.03,0.03,25,0,0.0,,0.0048313078904174,,,0.021164782521358,True,0,56.16329676594614,,2.5,C_ref,2026-09-18 05:34:09,2026-09-18 06:26:50
pretrained_e05,0,0.03,0.03,26,0,0.0,,0.0032203648614277,,,0.0133019068151102,True,0,49.97024618744399,,2.5,C_ref,2026-09-18 05:34:09,2026-09-18 06:26:50
pretrained_e05,0,0.03,0.03,27,0,0.0,,0.0041292239971232,,,0.0209003183089863,True,0,50.22992528309624,,2.5,C_ref,2026-09-18 05:34:09,2026-09-18 06:26:50
pretrained_e05,0,0.03,0.03,28,0,0.0,,0.0019790446620892,,,0.007916178648357,True,0,41.05873238366257,,2.5,C_ref,2026-09-18 05:34:09,2026-09-18 06:26:50
pretrained_e05,0,0.03,0.03,29,0,0.0,,0.0010219228893444,,,0.0040876915573779,True,0,48.751757347065,,2.5,C_ref,2026-09-18 05:34:09,2026-09-18 06:26:50
pretrained_e05,0,0.03,0.03,30,0,0.0,,0.0043334338244089,,,0.0214339444374493,True,0,48.356044146559725,,2.5,C_ref,2026-09-18 05:34:09,2026-09-18 06:26:50
pretrained_e05,0,0.03,0.03,31,0,0.0,,0.0037390042197395,,,0.0181285755563801,True,0,41.15343893868703,,2.5,C_ref,2026-09-18 05:34:09,2026-09-18 06:26:50
pretrained_e05,0,0.03,0.03,32,0,0.0,,0.0041603497950691,,,0.0211898833514063,True,0,43.54153613809831,,2.5,C_ref,2026-09-18 05:34:09,2026-09-18 06:26:50
pretrained_e05,0,0.03,0.03,33,0,0.0,,0.0051942586343358,,,0.0273067474028927,True,0,47.69253502192805,,2.5,C_ref,2026-09-18 05:34:09,2026-09-18 06:26:50
pretrained_e05,0,0.03,0.03,34,0,0.0,,0.0040133188603414,,,0.0196282002491724,True,0,48.16651508472569,,2.5,C_ref,2026-09-18 05:34:09,2026-09-18 06:26:50
pretrained_e05,0,0.03,0.03,35,0,0.0,,0.0046890116571899,,,0.0248408768791319,True,0,42.71076036134036,,2.5,C_ref,2026-09-18 05:34:09,2026-09-18 06:26:50
pretrained_e05,0,0.03,0.03,36,0,0.0,,0.003362052881116,,,0.0161930021584911,True,0,41.76128151084413,,2.5,C_ref,2026-09-18 05:34:09,2026-09-18 06:26:50
pretrained_e05,0,0.03,0.03,37,0,0.0,,0.0029301262662557,,,0.0107581158745011,True,0,45.47098288005509,,2.5,C_ref,2026-09-18 05:34:09,2026-09-18 06:26:50
pretrained_e05,0,0.03,0.03,38,0,0.0,,0.0028809669230305,,,0.0127036225803091,True,0,45.30799554085752,,2.5,C_ref,2026-09-18 05:34:09,2026-09-18 06:26:50
pretrained_e05,0,0.03,0.03,39,0,0.0,,0.0034671842022643,,,0.0164570551438548,True,0,47.8185018561453,,2.5,C_ref,2026-09-18 05:34:09,2026-09-18 06:26:50
pretrained_e05,0,0.03,0.03,40,0,0.0,,0.0033578523470226,,,0.0159928448633928,True,0,43.963083079463104,,2.5,C_ref,2026-09-18 05:34:09,2026-09-18 06:26:50
pretrained_e05,0,0.03,0.03,41,0,0.0,,0.0047945987817688,,,0.0256608102688886,True,0,48.42182574388062,,2.5,C_ref,2026-09-18 05:34:09,2026-09-18 06:26:50
pretrained_e05,0,0.03,0.03,42,0,0.0,,0.0038556958468555,,,0.0191688911700973,True,0,44.066018331373925,,2.5,C_ref,2026-09-18 05:34:09,2026-09-18 06:26:50
pretrained_e05,0,0.03,0.03,43,0,0.0,,0.0053860007061445,,,0.0136025867360149,True,0,43.59604345810658,,2.5,C_ref,2026-09-18 05:34:09,2026-09-18 06:26:50
pretrained_e05,0,0.03,0.03,44,0,0.0,,0.0050807168647534,,,0.0268828256558817,True,0,45.87180994629671,,2.5,C_ref,2026-09-18 05:34:09,2026-09-18 06:26:50
pretrained_e05,0,0.03,0.03,45,0,0.0,,0.006112199290387,,,0.032096106398186,True,0,48.989436919462605,,2.5,C_ref,2026-09-18 05:34:09,2026-09-18 06:26:50
pretrained_e05,0,0.03,0.03,46,0,0.0,,0.0037043051306766,,,0.0181253341306306,True,0,47.6316977170718,,2.5,C_ref,2026-09-18 05:34:09,2026-09-18 06:26:50
pretrained_e05,0,0.03,0.03,47,0,0.0,,0.0039958161630863,,,0.0199657770026723,True,0,45.08703898499152,,2.5,C_ref,2026-09-18 05:34:09,2026-09-18 06:26:50
pretrained_e05,0,0.1,0.1,0,0,0.1563882472691876,0.0681259140424056,0.304522732774711,0.2363968187323053,0.0197319980631256,0.547108362964038,False,0,2.1069795918920136,0.0,0.4,C_ref,2026-09-18 07:34:14,2026-09-18 08:50:14
pretrained_e05,0,0.1,0.1,1,0,0.1315177882272251,0.0544062335790331,0.2617263631240328,0.2073201295449996,0.0139495053592341,0.4771045348978494,False,0,2.875286472535663,0.0,0.4,C_ref,2026-09-18 07:34:14,2026-09-18 08:50:14
pretrained_e05,0,0.1,0.1,2,0,0.1347433760761003,0.0548995093840327,0.2747163724407238,0.219816863056691,0.0138054846815389,0.5200265150080795,False,0,2.497694684730959,0.0,0.4,C_ref,2026-09-18 07:34:14,2026-09-18 08:50:14
pretrained_e05,0,0.1,0.1,3,0,0.147660790059656,0.0616896820741395,0.2979597208130893,0.2362700387389497,0.01686224659895,0.5643862761678948,False,0,2.1113479221385205,0.0,0.4,C_ref,2026-09-18 07:34:14,2026-09-18 08:50:14
pretrained_e05,0,0.1,0.1,4,0,0.1506303083268421,0.0653641262061568,0.2946454271043722,0.2292813008982154,0.0188396511553379,0.5367882891199677,False,0,2.2456255577126285,0.0,0.4,C_ref,2026-09-18 07:34:14,2026-09-18 08:50:14
pretrained_e05,0,0.1,0.1,5,0,0.1529086921652157,0.0651170917399497,0.304435584762903,0.2393184930229532,0.0182704537950964,0.5628463582993477,False,0,2.051429689290672,0.0,0.4,C_ref,2026-09-18 07:34:14,2026-09-18 08:50:14
pretrained_e05,0,0.1,0.1,6,0,0.1704771534886643,0.0759934267645005,0.329758179413987,0.2537647526494865,0.0238345453082454,0.5927599434145355,False,0,1.7352828662951651,0.0,0.4,C_ref,2026-09-18 07:34:14,2026-09-18 08:50:14
pretrained_e05,0,0.1,0.1,7,0,0.118936448924877,0.0475365649373699,0.2402837177782389,0.192747152840869,0.0105652090837197,0.4423025712215352,False,0,3.342744908648456,0.0,0.4,C_ref,2026-09-18 07:34:14,2026-09-18 08:50:14
pretrained_e05,0,0.1,0.1,8,0,0.1313388528902531,0.0539797053690721,0.2643507630214494,0.2103710576523772,0.0136953847337483,0.4948226046082199,False,0,2.7311404540341755,0.0,0.4,C_ref,2026-09-18 07:34:14,2026-09-18 08:50:14
pretrained_e05,0,0.1,0.1,9,0,0.1277143821985515,0.0525783959818904,0.2542626438179866,0.2016842478360961,0.0132725247320851,0.4634441090669511,False,0,3.0465521287151205,0.0,0.4,C_ref,2026-09-18 07:34:14,2026-09-18 08:50:14
pretrained_e05,0,0.1,0.1,10,0,0.1434659063621922,0.0596881630006301,0.2888034131975176,0.2291152501968875,0.0162043289329948,0.5430953991512903,False,0,2.2703421445003187,0.0,0.4,C_ref,2026-09-18 07:34:14,2026-09-18 08:50:14
pretrained_e05,0,0.1,0.1,11,0,0.1460657245385432,0.0618426953703425,0.2895419603195348,0.2276992649491922,0.0171470819570935,0.5307077623231975,False,0,2.314436010503414,0.0,0.4,C_ref,2026-09-18 07:34:14,2026-09-18 08:50:14
pretrained_e05,0,0.1,0.1,12,0,0.1077488542783656,0.0405385875409603,0.2243027928937197,0.1837642053527593,0.0089097472264795,0.4243070325948974,False,0,3.6253142429814034,0.0,0.4,C_ref,2026-09-18 07:34:14,2026-09-18 08:50:14
pretrained_e05,0,0.1,0.1,13,0,0.1398929391072374,0.0575002828621873,0.2834076763559737,0.2259073934937864,0.0149638498058931,0.534960553400018,False,0,2.351150538383081,0.0,0.4,C_ref,2026-09-18 07:34:14,2026-09-18 08:50:14
pretrained_e05,0,0.1,0.1,14,0,0.1324227850787936,0.0558462728184669,0.2606015584032337,0.2047552855847667,0.015030396304177,0.4717722491814441,False,0,2.9323267412364658,0.0,0.4,C_ref,2026-09-18 07:34:14,2026-09-18 08:50:14
pretrained_e05,0,0.1,0.1,15,0,0.1244997696492481,0.0498310187415153,0.2528231894113721,0.2029921706698567,0.0117630189069607,0.4720486291679038,False,0,2.9835820214866544,0.0,0.4,C_ref,2026-09-18 07:34:14,2026-09-18 08:50:14
pretrained_e05,0,0.1,0.1,16,0,0.1127317365369454,0.0429911789716781,0.2360837800596543,0.1930926010879761,0.0092611860407451,0.456404269347551,False,0,3.2255432884194306,0.0,0.4,C_ref,2026-09-18 07:34:14,2026-09-18 08:50:14
pretrained_e05,0,0.1,0.1,17,0,0.1478373073029505,0.0645729894540889,0.2851876094660278,0.2206146200119388,0.0186938628428694,0.5049729614566106,False,0,2.4887107832473703,0.0,0.4,C_ref,2026-09-18 07:34:14,2026-09-18 08:50:14
pretrained_e05,0,0.1,0.1,18,0,0.1173754273027988,0.0464160874190252,0.2396918817891463,0.1932757943701211,0.0099383780211061,0.4477853678357449,False,0,3.2879130469482334,0.0,0.4,C_ref,2026-09-18 07:34:14,2026-09-18 08:50:14
pretrained_e05,0,0.1,0.1,19,0,0.1568369213917318,0.0671457718188243,0.3125280324034579,0.2453822605846335,0.0190792429800037,0.5820548731520658,False,0,1.9228533572495508,0.0,0.4,C_ref,2026-09-18 07:34:14,2026-09-18 08:50:14
pretrained_e05,0,0.1,0.1,20,0,0.1302544006214263,0.0538348877132421,0.2663782629640064,0.2125433752507643,0.0138436264579142,0.5159136027626079,False,0,2.5539741139837133,0.0,0.4,C_ref,2026-09-18 07:34:14,2026-09-18 08:50:14
pretrained_e05,0,0.1,0.1,21,0,0.1279738925622573,0.051822910253858,0.2586877721312799,0.2068648618774219,0.0126368233145392,0.482578916230418,False,0,2.8592894389475987,0.0,0.4,C_ref,2026-09-18 07:34:14,2026-09-18 08:50:14
pretrained_e05,0,0.1,0.1,22,0,0.1601809919974269,0.0686831754050465,0.3177615165074069,0.2490783411023604,0.0195621875460337,0.5867903015965454,False,0,1.8601534816662024,0.0,0.4,C_ref,2026-09-18 07:34:14,2026-09-18 08:50:14
pretrained_e05,0,0.1,0.1,23,0,0.1501385486658163,0.0641845026582334,0.2974680415465002,0.2332835388882668,0.0181194916320801,0.5483166379279161,False,0,2.168402648821939,0.0,0.4,C_ref,2026-09-18 07:34:14,2026-09-18 08:50:14
pretrained_e05,0,0.1,0.1,24,0,0.1293576764132283,0.0533133849011201,0.25842699588379,0.2051136109826698,0.0135799023719589,0.4750484219435117,False,0,2.9181689896759053,0.0,0.4,C_ref,2026-09-18 07:34:14,2026-09-18 08:50:14
pretrained_e05,0,0.1,0.1,25,0,0.1663924230982363,0.0760288320317642,0.3129469736737086,0.2369181416419444,0.0172570906381789,0.5421854498713243,False,0,2.0480216826399555,0.0,0.4,C_ref,2026-09-18 07:34:14,2026-09-18 08:50:14
pretrained_e05,0,0.1,0.1,26,0,0.1641947379634021,0.0717611685828314,0.3249899023541012,0.2532287337712697,0.021592976003777,0.601933768828832,False,0,1.7564720597147243,0.0,0.4,C_ref,2026-09-18 07:34:14,2026-09-18 08:50:14
pretrained_e05,0,0.1,0.1,27,0,0.1725801109886152,0.077610299105579,0.3318461438626555,0.2542358447570765,0.0249084343049282,0.5930395485029799,False,0,1.7152917149032874,0.0,0.4,C_ref,2026-09-18 07:34:14,2026-09-18 08:50:14
pretrained_e05,0,0.1,0.1,28,0,0.121274801836601,0.048542319938114,0.2448285492428223,0.1962862293047083,0.0110760296813354,0.4510488292560882,False,0,3.2237498508329736,0.0,0.4,C_ref,2026-09-18 07:34:14,2026-09-18 08:50:14
pretrained_e05,0,0.1,0.1,29,0,0.1356426649929754,0.0565987612353207,0.2701310337029471,0.2135322724676263,0.0149862499288173,0.4946051583385788,False,0,2.68344171748322,0.0,0.4,C_ref,2026-09-18 07:34:14,2026-09-18 08:50:14
pretrained_e05,0,0.1,0.1,30,0,0.1297961283724598,0.0544718611535167,0.2545745046970993,0.2001026435435826,0.0143642250075509,0.4552803217083764,False,0,3.122505359708157,0.0,0.4,C_ref,2026-09-18 07:34:14,2026-09-18 08:50:14
pretrained_e05,0,0.1,0.1,31,0,0.1208259505844375,0.0481597521422627,0.2447812624932917,0.1966215103510289,0.0107587841733102,0.4531941039386769,False,0,3.20270233246265,0.0,0.4,C_ref,2026-09-18 07:34:14,2026-09-18 08:50:14
pretrained_e05,0,0.1,0.1,32,0,0.1434146751979684,0.0602700017938326,0.2854403859887492,0.2251703841949165,0.0166444466174006,0.526540202795808,False,0,2.3709407516180363,0.0,0.4,C_ref,2026-09-18 07:34:14,2026-09-18 08:50:14
pretrained_e05,0,0.1,0.1,33,0,0.1603572438079309,0.0700548302738101,0.3115933696005107,0.2415385393267006,0.0207591745995403,0.5599439142481977,False,0,1.9949636101810029,0.0,0.4,C_ref,2026-09-18 07:34:14,2026-09-18 08:50:14
pretrained_e05,0,0.1,0.1,34,0,0.1432137270418819,0.0606770510609645,0.2842265804348383,0.2235495293738736,0.0169342927604655,0.5302068164023429,False,0,2.3705176068178844,0.0,0.4,C_ref,2026-09-18 07:34:14,2026-09-18 08:50:14
pretrained_e05,0,0.1,0.1,35,0,0.1450087170737122,0.0623381315799221,0.2830106241149914,0.2206724925350693,0.0176481711339184,0.507142889953049,False,0,2.4966349542046373,0.0,0.4,C_ref,2026-09-18 07:34:14,2026-09-18 08:50:14
pretrained_e05,0,0.1,0.1,36,0,0.1457567263900051,0.0613583262052941,0.2913460059976186,0.2299876797923244,0.016952920282256,0.543232994670118,False,0,2.249122060817172,0.0,0.4,C_ref,2026-09-18 07:34:14,2026-09-18 08:50:14
pretrained_e05,0,0.1,0.1,37,0,0.1347686362399496,0.0561924469691879,0.2687279885770374,0.2125355416078494,0.0148439561754381,0.4930850060764518,False,0,2.705923130677548,0.0,0.4,C_ref,2026-09-18 07:34:14,2026-09-18 08:50:14
pretrained_e05,0,0.1,0.1,38,0,0.1286301527966924,0.0541292688700179,0.2546364387454482,0.2005071698754303,0.0142877658703404,0.5526444073406133,False,0,2.5257522145620896,0.0,0.4,C_ref,2026-09-18 07:34:14,2026-09-18 08:50:14
pretrained_e05,0,0.1,0.1,39,0,0.1441369385911943,0.0616810087657491,0.2824424500110873,0.2207614412453382,0.0174038476825109,0.5102239027378049,False,0,2.484924622785911,0.0,0.4,C_ref,2026-09-18 07:34:14,2026-09-18 08:50:14
pretrained_e05,0,0.1,0.1,40,0,0.1379594017076821,0.0565290498818007,0.2805768615082558,0.2240478116264551,0.0145513323134188,0.5316053194855661,False,0,2.3898644938999496,0.0,0.4,C_ref,2026-09-18 07:34:14,2026-09-18 08:50:14
pretrained_e05,0,0.1,0.1,41,0,0.1572766611158073,0.0686969368100536,0.3056679989860763,0.2369710621760226,0.0200359744006775,0.5485381687119508,False,0,2.0907565949091804,0.0,0.4,C_ref,2026-09-18 07:34:14,2026-09-18 08:50:14
pretrained_e05,0,0.1,0.1,42,0,0.1267002191941542,0.0511057886303791,0.2563167507698438,0.2052109621394646,0.0123392170287784,0.4762428997527637,False,0,2.922111864809267,0.0,0.4,C_ref,2026-09-18 07:34:14,2026-09-18 08:50:14
pretrained_e05,0,0.1,0.1,43,0,0.1634802861751328,0.0720614666084909,0.3167812725253757,0.2447198059168847,0.0217930870691208,0.5671541624026647,False,0,1.9229625084699364,0.0,0.4,C_ref,2026-09-18 07:34:14,2026-09-18 08:50:14
pretrained_e05,0,0.1,0.1,44,0,0.1707081483859732,0.0756072849780987,0.3310014803009137,0.255394195322815,0.0233321716148382,0.5933095601495328,False,0,1.7197401748708216,0.0,0.4,C_ref,2026-09-18 07:34:14,2026-09-18 08:50:14
pretrained_e05,0,0.1,0.1,45,0,0.1721539670268062,0.077745082647529,0.3278647578386535,0.2501196751911245,0.025006630058735,0.5757556878261818,False,0,1.79202582810467,0.0,0.4,C_ref,2026-09-18 07:34:14,2026-09-18 08:50:14
pretrained_e05,0,0.1,0.1,46,0,0.1667890656593527,0.0728712142374775,0.3274694837830961,0.2545982695456186,0.021793278504578,0.5964988008224633,False,0,1.7465419735926844,0.0,0.4,C_ref,2026-09-18 07:34:14,2026-09-18 08:50:14
pretrained_e05,0,0.1,0.1,47,0,0.1234060876961896,0.0494368067572779,0.249755049339392,0.2003182425821141,0.011565635036282,0.4627283358660369,False,0,3.0822091988520697,0.0,0.4,C_ref,2026-09-18 07:34:14,2026-09-18 08:50:14
pretrained_e05,0,0.1,0.1,0,0,0.0,,0.0039627814702326,,,0.0201042764360721,True,0,25.881334845893434,,2.5,C_ref,2026-09-18 07:34:14,2026-09-18 08:50:14
pretrained_e05,0,0.1,0.1,1,0,0.0,,0.0033212366304618,,,0.0159508206768176,True,0,28.551411953551,,2.5,C_ref,2026-09-18 07:34:14,2026-09-18 08:50:14
pretrained_e05,0,0.1,0.1,2,0,0.0,,0.0029328441523463,,,0.0132492993974623,True,0,22.20612955778779,,2.5,C_ref,2026-09-18 07:34:14,2026-09-18 08:50:14
pretrained_e05,0,0.1,0.1,3,0,0.0,,0.0030343768331515,,,0.0139753536309553,True,0,20.00547786030438,,2.5,C_ref,2026-09-18 07:34:14,2026-09-18 08:50:14
pretrained_e05,0,0.1,0.1,4,0,0.0,,0.0035204902821783,,,0.0172213862022445,True,0,24.97733921625695,,2.5,C_ref,2026-09-18 07:34:14,2026-09-18 08:50:14
pretrained_e05,0,0.1,0.1,5,0,0.0,,0.003548901606905,,,0.0174906293301553,True,0,22.51594895330709,,2.5,C_ref,2026-09-18 07:34:14,2026-09-18 08:50:14
pretrained_e05,0,0.1,0.1,6,0,0.0,,0.0043415376212628,,,0.0226996222581179,True,0,22.502108792210493,,2.5,C_ref,2026-09-18 07:34:14,2026-09-18 08:50:14
pretrained_e05,0,0.1,0.1,7,0,0.0,,0.0029404258501033,,,0.0132829867512525,True,0,29.68091447437473,,2.5,C_ref,2026-09-18 07:34:14,2026-09-18 08:50:14
pretrained_e05,0,0.1,0.1,8,0,0.0,,0.003156252843187,,,0.0147980137197613,True,0,25.501411212237144,,2.5,C_ref,2026-09-18 07:34:14,2026-09-18 08:50:14
pretrained_e05,0,0.1,0.1,9,0,0.0,,0.0031651283088335,,,0.0148605087047867,True,0,29.26833534014077,,2.5,C_ref,2026-09-18 07:34:14,2026-09-18 08:50:14
pretrained_e05,0,0.1,0.1,10,0,0.0,,0.0030086883894539,,,0.0137852639380514,True,0,22.17876583151883,,2.5,C_ref,2026-09-18 07:34:14,2026-09-18 08:50:14
pretrained_e05,0,0.1,0.1,11,0,0.0,,0.0036599554781651,,,0.0182181862709807,True,0,24.69584367104835,,2.5,C_ref,2026-09-18 07:34:14,2026-09-18 08:50:14
pretrained_e05,0,0.1,0.1,12,0,0.0,,0.0025366287079387,,,0.0102836483885611,True,0,27.51297891270952,,2.5,C_ref,2026-09-18 07:34:14,2026-09-18 08:50:14
pretrained_e05,0,0.1,0.1,13,0,0.0,,0.0029524024901677,,,0.0133962638103823,True,0,21.604687124843625,,2.5,C_ref,2026-09-18 07:34:14,2026-09-18 08:50:14
pretrained_e05,0,0.1,0.1,14,0,0.0,,0.0033692514951026,,,0.0162053512361065,True,0,28.778850582973973,,2.5,C_ref,2026-09-18 07:34:14,2026-09-18 08:50:14
pretrained_e05,0,0.1,0.1,15,0,0.0,,0.0027710866849856,,,0.0120518488011069,True,0,25.215322407479107,,2.5,C_ref,2026-09-18 07:34:14,2026-09-18 08:50:14
pretrained_e05,0,0.1,0.1,16,0,0.0,,0.0023892848840031,,,0.0095571395360127,True,0,22.718406317388144,,2.5,C_ref,2026-09-18 07:34:14,2026-09-18 08:50:14
pretrained_e05,0,0.1,0.1,17,0,0.0,,0.0041449917713806,,,0.0213175981932821,True,0,28.82873201111579,,2.5,C_ref,2026-09-18 07:34:14,2026-09-18 08:50:14
pretrained_e05,0,0.1,0.1,18,0,0.0,,0.0027250643923694,,,0.0117085244379868,True,0,27.72582912920916,,2.5,C_ref,2026-09-18 07:34:14,2026-09-18 08:50:14
pretrained_e05,0,0.1,0.1,19,0,0.0,,0.0034159124862974,,,0.016603192240324,True,0,20.27115989623053,,2.5,C_ref,2026-09-18 07:34:14,2026-09-18 08:50:14
pretrained_e05,0,0.1,0.1,20,0,0.0,,0.0033837734770747,,,0.0163493993721972,True,0,25.07573502994637,,2.5,C_ref,2026-09-18 07:34:14,2026-09-18 08:50:14
pretrained_e05,0,0.1,0.1,21,0,0.0,,0.0028383186506548,,,0.0125468150969009,True,0,25.212124419649623,,2.5,C_ref,2026-09-18 07:34:14,2026-09-18 08:50:14
pretrained_e05,0,0.1,0.1,22,0,0.0,,0.0036662192868595,,,0.0182881216554086,True,0,20.8622072276994,,2.5,C_ref,2026-09-18 07:34:14,2026-09-18 08:50:14
pretrained_e05,0,0.1,0.1,23,0,0.0,,0.0035836430017345,,,0.0176767361002248,True,0,23.37517990059132,,2.5,C_ref,2026-09-18 07:34:14,2026-09-18 08:50:14
pretrained_e05,0,0.1,0.1,24,0,0.0,,0.0032489752638394,,,0.015426594629572,True,0,27.38326932601558,,2.5,C_ref,2026-09-18 07:34:14,2026-09-18 08:50:14
pretrained_e05,0,0.1,0.1,25,0,0.0,,0.0050094714824579,,,0.0234302748067576,True,0,28.002622610263643,,2.5,C_ref,2026-09-18 07:34:14,2026-09-18 08:50:14
pretrained_e05,0,0.1,0.1,26,0,0.0,,0.0038420630971472,,,0.0193019778077202,True,0,20.76562290108268,,2.5,C_ref,2026-09-18 07:34:14,2026-09-18 08:50:14
pretrained_e05,0,0.1,0.1,27,0,0.0,,0.0041826012629574,,,0.0215835951862751,True,0,22.406558270296955,,2.5,C_ref,2026-09-18 07:34:14,2026-09-18 08:50:14
pretrained_e05,0,0.1,0.1,28,0,0.0,,0.0029415460561691,,,0.0132972171671493,True,0,29.20083046927175,,2.5,C_ref,2026-09-18 07:34:14,2026-09-18 08:50:14
pretrained_e05,0,0.1,0.1,29,0,0.0,,0.0034780922939529,,,0.0169908702328503,True,0,26.85416920498028,,2.5,C_ref,2026-09-18 07:34:14,2026-09-18 08:50:14
pretrained_e05,0,0.1,0.1,30,0,0.0,,0.0033359183638795,,,0.0160190786571276,True,0,32.21054978585016,,2.5,C_ref,2026-09-18 07:34:14,2026-09-18 08:50:14
pretrained_e05,0,0.1,0.1,31,0,0.0,,0.0030079244173038,,,0.0137775435331556,True,0,27.953542200906668,,2.5,C_ref,2026-09-18 07:34:14,2026-09-18 08:50:14
pretrained_e05,0,0.1,0.1,32,0,0.0,,0.0032685195380677,,,0.0155827596325068,True,0,24.67609572722722,,2.5,C_ref,2026-09-18 07:34:14,2026-09-18 08:50:14
pretrained_e05,0,0.1,0.1,33,0,0.0,,0.0041089280101847,,,0.0211456979269766,True,0,24.51446715374186,,2.5,C_ref,2026-09-18 07:34:14,2026-09-18 08:50:14
pretrained_e05,0,0.1,0.1,34,0,0.0,,0.0036551045789403,,,0.0181082603522342,True,0,24.265831892244023,,2.5,C_ref,2026-09-18 07:34:14,2026-09-18 08:50:14
pretrained_e05,0,0.1,0.1,35,0,0.0,,0.0038827523138042,,,0.0195636785914139,True,0,27.81519700397257,,2.5,C_ref,2026-09-18 07:34:14,2026-09-18 08:50:14
pretrained_e05,0,0.1,0.1,36,0,0.0,,0.0031235178442562,,,0.0145889057177734,True,0,22.13642678953329,,2.5,C_ref,2026-09-18 07:34:14,2026-09-18 08:50:14
pretrained_e05,0,0.1,0.1,37,0,0.0,,0.0030478883311797,,,0.0140478034741915,True,0,26.69931945426288,,2.5,C_ref,2026-09-18 07:34:14,2026-09-18 08:50:14
pretrained_e05,0,0.1,0.1,38,0,0.0,,0.0028535251966361,,,0.0126334001523269,True,0,21.032431162930152,,2.5,C_ref,2026-09-18 07:34:14,2026-09-18 08:50:14
pretrained_e05,0,0.1,0.1,39,0,0.0,,0.0035820705346653,,,0.0176509283707343,True,0,26.11716106116364,,2.5,C_ref,2026-09-18 07:34:14,2026-09-18 08:50:14
pretrained_e05,0,0.1,0.1,40,0,0.0,,0.0030487694461217,,,0.0140755883046247,True,0,22.21897421137692,,2.5,C_ref,2026-09-18 07:34:14,2026-09-18 08:50:14
pretrained_e05,0,0.1,0.1,41,0,0.0,,0.0039202135604102,,,0.0198383609228711,True,0,24.73836676823339,,2.5,C_ref,2026-09-18 07:34:14,2026-09-18 08:50:14
pretrained_e05,0,0.1,0.1,42,0,0.0,,0.0028471815546892,,,0.0126158138088335,True,0,26.370829478844826,,2.5,C_ref,2026-09-18 07:34:14,2026-09-18 08:50:14
pretrained_e05,0,0.1,0.1,43,0,0.0,,0.0040846455669442,,,0.0209916983431979,True,0,24.123077795233257,,2.5,C_ref,2026-09-18 07:34:14,2026-09-18 08:50:14
pretrained_e05,0,0.1,0.1,44,0,0.0,,0.0042976016406729,,,0.0225207664416613,True,0,22.64889109344949,,2.5,C_ref,2026-09-18 07:34:14,2026-09-18 08:50:14
pretrained_e05,0,0.1,0.1,45,0,0.0,,0.0048320132521723,,,0.0258263119107868,True,0,25.146208396367,,2.5,C_ref,2026-09-18 07:34:14,2026-09-18 08:50:14
pretrained_e05,0,0.1,0.1,46,0,0.0,,0.0037941389393341,,,0.0191013540365165,True,0,20.94409399824144,,2.5,C_ref,2026-09-18 07:34:14,2026-09-18 08:50:14
pretrained_e05,0,0.1,0.1,47,0,0.0,,0.0028894280510992,,,0.0129220655828315,True,0,27.091801208542165,,2.5,C_ref,2026-09-18 07:34:14,2026-09-18 08:50:14
pretrained_e05,0,0.3,0.3,0,0,0.2406415374375939,0.1047727079947095,0.6068934940541694,0.5021207860594598,0.0355959017470182,1.248592206540538,False,0,0.371938958967803,1.0,0.4,C_ref,2026-09-18 10:48:55,2026-09-18 13:11:12
pretrained_e05,0,0.3,0.3,1,0,0.1777850178545509,0.0766295603540217,0.3821057374343141,0.3054761770802923,0.0232707202870364,1.2936720413284466,False,0,1.1079108547673968,0.0,0.4,C_ref,2026-09-18 10:48:55,2026-09-18 13:11:12
pretrained_e05,0,0.3,0.3,2,0,0.1928026181195606,0.0809479307302445,0.4606934845343577,0.3797455538041131,0.024564800585141,1.390207753289445,False,0,0.7597349841817049,1.0,0.4,C_ref,2026-09-18 10:48:55,2026-09-18 13:11:12
pretrained_e05,0,0.3,0.3,3,0,0.1791917320896464,0.0749284636718573,0.400064500062178,0.3251360363903207,0.021594726060614,1.370503333474594,False,0,0.9996486162381188,1.0,0.4,C_ref,2026-09-18 10:48:55,2026-09-18 13:11:12
pretrained_e05,0,0.3,0.3,4,0,0.2124066918337552,0.0931326901562545,0.4867393676361413,0.3936066774798868,0.0305826732381196,1.2471459654685564,False,0,0.6351895997322572,1.0,0.4,C_ref,2026-09-18 10:48:55,2026-09-18 13:11:12
pretrained_e05,0,0.3,0.3,5,0,0.2426132860795435,0.103366843786879,0.8293678531097398,0.7260010093228607,0.0344042603225683,1.377206319819979,False,0,0.3146070197835797,1.0,0.4,C_ref,2026-09-18 10:48:55,2026-09-18 13:11:12
pretrained_e05,0,0.3,0.3,6,0,0.2306580511057824,0.1012622533284618,0.5498257715926171,0.4485635182641553,0.0343396431149411,1.2222036572958432,False,0,0.4748375224189658,1.0,0.4,C_ref,2026-09-18 10:48:55,2026-09-18 13:11:12
pretrained_e05,0,0.3,0.3,7,0,0.2241914825610282,0.0960280198157928,0.6674034222424372,0.5713754024266444,0.0312046232385902,1.3630157435761638,False,0,0.4400431174035475,1.0,0.4,C_ref,2026-09-18 10:48:55,2026-09-18 13:11:12
pretrained_e05,0,0.3,0.3,8,0,0.2043049797973969,0.0879458985380347,0.4777436893895892,0.3897977908515545,0.0278439120765705,1.3477572579462505,False,0,0.6889504465725622,1.0,0.4,C_ref,2026-09-18 10:48:55,2026-09-18 13:11:12
pretrained_e05,0,0.3,0.3,9,0,0.2189312030744973,0.0958378337012391,0.5158112290234055,0.4199733953221664,0.0318097979481857,1.25092399631438,False,0,0.5569004288736323,1.0,0.4,C_ref,2026-09-18 10:48:55,2026-09-18 13:11:12
pretrained_e05,0,0.3,0.3,10,0,0.2039023100815467,0.0851950346369407,0.5589447340904036,0.4737496994534628,0.0260000807911424,1.4494743175631006,False,0,0.5864336087106494,1.0,0.4,C_ref,2026-09-18 10:48:55,2026-09-18 13:11:12
pretrained_e05,0,0.3,0.3,11,0,0.2365825170565096,0.1012624997437171,0.9388157138356292,0.8375532140919121,0.0333715020641699,1.4150106175321682,False,0,0.3583282276413229,1.0,0.4,C_ref,2026-09-18 10:48:55,2026-09-18 13:11:12
pretrained_e05,0,0.3,0.3,12,0,0.1563422869806343,0.0635183292564958,0.3454088015883824,0.2818904723318866,0.0168681416338792,1.3088883453538394,False,0,1.3665813766965584,0.0,0.4,C_ref,2026-09-18 10:48:55,2026-09-18 13:11:12
pretrained_e05,0,0.3,0.3,13,0,0.1609910069488137,0.0659784062023797,0.3566223795667782,0.2906439733643985,0.0178104411218026,1.3177028809031552,False,0,1.26246304867891,0.0,0.4,C_ref,2026-09-18 10:48:55,2026-09-18 13:11:12
pretrained_e05,0,0.3,0.3,14,0,0.1730453291021179,0.0756619870517633,0.3614356484701831,0.2857736614184198,0.0233588619493957,1.2399244311418762,False,0,1.2568514673403115,0.0,0.4,C_ref,2026-09-18 10:48:55,2026-09-18 13:11:12
pretrained_e05,0,0.3,0.3,15,0,0.1808185619982895,0.0757090911797118,0.4098063381997032,0.3340972470199914,0.0219658116787283,1.3352036277917043,False,0,0.9502285489761562,1.0,0.4,C_ref,2026-09-18 10:48:55,2026-09-18 13:11:12
pretrained_e05,0,0.3,0.3,16,0,0.1950993606986085,0.0782495217661232,0.8379974757255227,0.7597479539593995,0.0220563904421467,1.4815076837944403,False,0,0.596665702167229,1.0,0.4,C_ref,2026-09-18 10:48:55,2026-09-18 13:11:12
pretrained_e05,0,0.3,0.3,17,0,0.2783287291249912,0.1239388294198514,0.7525052220201958,0.6285663926003443,0.0452536228114728,1.2748974618479076,False,0,0.1957872673301608,1.0,0.4,C_ref,2026-09-18 10:48:55,2026-09-18 13:11:12
pretrained_e05,0,0.3,0.3,18,0,0.1940720043451033,0.0825447522939185,0.4471830640126836,0.364638311718765,0.025425693605568,1.2830524930535094,False,0,0.7892101537327108,1.0,0.4,C_ref,2026-09-18 10:48:55,2026-09-18 13:11:12
pretrained_e05,0,0.3,0.3,19,0,0.187863834920282,0.080580176323389,0.3844140158748762,0.3038338395514872,0.0247177290877802,1.2724586180505115,False,0,1.1660212420028984,0.0,0.4,C_ref,2026-09-18 10:48:55,2026-09-18 13:11:12
pretrained_e05,0,0.3,0.3,20,0,0.2051490887468256,0.0928994395684575,0.3214141567099828,0.2285147171415253,0.0307708823774018,1.3377352485278926,False,0,3.434284697519616,0.0,0.4,C_ref,2026-09-18 10:48:55,2026-09-18 13:11:12
pretrained_e05,0,0.3,0.3,21,0,0.1879325968906296,0.0792364584703315,0.3550494997271954,0.2758130412568639,0.023810306936336,1.4237083607000636,False,0,1.4560992716360488,0.0,0.4,C_ref,2026-09-18 10:48:55,2026-09-18 13:11:12
pretrained_e05,0,0.3,0.3,22,0,0.2452635129903059,0.1040951610606364,0.784058455430502,0.6799632943698656,0.0343870579875113,1.3599568588499558,False,0,0.3122310730359459,1.0,0.4,C_ref,2026-09-18 10:48:55,2026-09-18 13:11:12
pretrained_e05,0,0.3,0.3,23,0,0.2487241482533608,0.1068416898164749,0.8648964288289843,0.7580547390125094,0.0362941336811087,1.3763643443004776,False,0,0.3014522041994496,1.0,0.4,C_ref,2026-09-18 10:48:55,2026-09-18 13:11:12
pretrained_e05,0,0.3,0.3,24,0,0.1978808889403736,0.0870309630616209,0.4293024390796491,0.3422714760180282,0.0281598314648825,1.1532719763290746,False,0,0.8443441299605183,1.0,0.4,C_ref,2026-09-18 10:48:55,2026-09-18 13:11:12
pretrained_e05,0,0.3,0.3,25,0,0.2649063987414075,0.1224352418297546,0.6210754845668267,0.4986402427370721,0.0462446716554882,1.310833335022407,False,0,0.2871298883510462,1.0,0.4,C_ref,2026-09-18 10:48:55,2026-09-18 13:11:12
pretrained_e05,0,0.3,0.3,26,0,0.2573292649350455,0.113483272733902,0.6300248829124423,0.5165416101785403,0.0396069753322319,1.2315389781856196,False,0,0.2938517906768538,1.0,0.4,C_ref,2026-09-18 10:48:55,2026-09-18 13:11:12
pretrained_e05,0,0.3,0.3,27,0,0.2350781597792051,0.1029519026914421,0.6256093981948537,0.5226574955034116,0.0352397049083198,1.300137568999041,False,0,0.4051065833409666,1.0,0.4,C_ref,2026-09-18 10:48:55,2026-09-18 13:11:12
pretrained_e05,0,0.3,0.3,28,0,0.2152417905989324,0.0916104524361193,0.5674115699425594,0.47580111750644,0.0290971913267062,1.3351585837209516,False,0,0.5202597140050784,1.0,0.4,C_ref,2026-09-18 10:48:55,2026-09-18 13:11:12
pretrained_e05,0,0.3,0.3,29,0,0.2423709993891163,0.1051422145827539,0.6358529699899242,0.5307107554071703,0.0356829959611536,1.2722883134666294,False,0,0.3542782207950949,1.0,0.4,C_ref,2026-09-18 10:48:55,2026-09-18 13:11:12
pretrained_e05,0,0.3,0.3,30,0,0.2783195340552409,0.1216163842816609,0.846107613565862,0.7244912292842011,0.0436564692840981,1.3456118082302553,False,0,0.1913315951242111,1.0,0.4,C_ref,2026-09-18 10:48:55,2026-09-18 13:11:12
pretrained_e05,0,0.3,0.3,31,0,0.1999560202907009,0.0843397831273187,0.4833501412004606,0.3990103580731419,0.0259277912925522,1.2842130317765663,False,0,0.6754213309395709,1.0,0.4,C_ref,2026-09-18 10:48:55,2026-09-18 13:11:12
pretrained_e05,0,0.3,0.3,32,0,0.2188540308870979,0.0924810298925936,0.8107887852521047,0.7183077553595111,0.0291103751015856,1.4183060343381153,False,0,0.4777895117003936,1.0,0.4,C_ref,2026-09-18 10:48:55,2026-09-18 13:11:12
pretrained_e05,0,0.3,0.3,33,0,0.4523411157359727,0.3938001419782785,1.051339872704529,0.6575397307262507,0.0379145120796933,1.42494915092817,False,0,0.1347606157614791,1.0,0.4,C_ref,2026-09-18 10:48:55,2026-09-18 13:11:12
pretrained_e05,0,0.3,0.3,34,0,0.2319531763506194,0.1004490336803447,0.5988455256413832,0.4983964919610384,0.0334803376300909,1.3185040942297523,False,0,0.4318578806705773,1.0,0.4,C_ref,2026-09-18 10:48:55,2026-09-18 13:11:12
pretrained_e05,0,0.3,0.3,35,0,0.2393155609886253,0.1036715332686473,0.8372877316524144,0.7336161983837671,0.0351361263842051,1.4065676479815024,False,0,0.3433406414224009,1.0,0.4,C_ref,2026-09-18 10:48:55,2026-09-18 13:11:12
pretrained_e05,0,0.3,0.3,36,0,0.1627411201597738,0.0684538618276084,0.3477416666621607,0.2792878048345523,0.0193281294296962,1.4573397100186287,False,0,1.4244773561804325,0.0,0.4,C_ref,2026-09-18 10:48:55,2026-09-18 13:11:12
pretrained_e05,0,0.3,0.3,37,0,0.2071136946862255,0.0875062300144121,0.5084727630574235,0.4209665330430113,0.0273098787097751,1.2721949089973716,False,0,0.6009321089841251,1.0,0.4,C_ref,2026-09-18 10:48:55,2026-09-18 13:11:12
pretrained_e05,0,0.3,0.3,38,0,0.1868907964021847,0.0767870708502069,0.4641176217272951,0.3873305508770882,0.0220974751500908,1.370004650771296,False,0,0.7573245514868177,1.0,0.4,C_ref,2026-09-18 10:48:55,2026-09-18 13:11:12
pretrained_e05,0,0.3,0.3,39,0,0.1943852001473453,0.0859390287373186,0.4107004780946659,0.3247614493573473,0.0278357633620512,1.193879972198186,False,0,0.9368739855417516,1.0,0.4,C_ref,2026-09-18 10:48:55,2026-09-18 13:11:12
pretrained_e05,0,0.3,0.3,40,0,0.2006025329216125,0.0852596019589725,0.5041478423618303,0.4188882404028577,0.0195927625754435,1.4623943375344122,False,0,0.6611802456063742,1.0,0.4,C_ref,2026-09-18 10:48:55,2026-09-18 13:11:12
pretrained_e05,0,0.3,0.3,41,0,0.2522854333321335,0.1084219649431913,0.753753940641703,0.6453319756985116,0.0369914428458707,1.3107664179249503,False,0,0.2734026347607141,1.0,0.4,C_ref,2026-09-18 10:48:55,2026-09-18 13:11:12
pretrained_e05,0,0.3,0.3,42,0,0.1986987615778164,0.0835715138762824,0.483800950970747,0.4002294370944646,0.0255141990139225,1.3302588101143695,False,0,0.689103196713404,1.0,0.4,C_ref,2026-09-18 10:48:55,2026-09-18 13:11:12
pretrained_e05,0,0.3,0.3,43,0,0.259138285873591,0.1157513808022972,0.7307015472137744,0.6149501664114773,0.0410862430991219,1.2883436890672326,False,0,0.3140583373788104,1.0,0.4,C_ref,2026-09-18 10:48:55,2026-09-18 13:11:12
pretrained_e05,0,0.3,0.3,44,0,0.2865747427308651,0.1247912743355021,0.8050061465905888,0.6802148722550866,0.0446720425208596,1.3191636265443771,False,0,0.1464597356934973,1.0,0.4,C_ref,2026-09-18 10:48:55,2026-09-18 13:11:12
pretrained_e05,0,0.3,0.3,45,0,0.2951984274775384,0.1280188328395818,0.8287325990439132,0.7007137662043313,0.0462245188323459,1.306484494685017,False,0,0.1181110254801751,1.0,0.4,C_ref,2026-09-18 10:48:55,2026-09-18 13:11:12
pretrained_e05,0,0.3,0.3,46,0,0.2379461215711691,0.1027232199036208,0.7570967600608436,0.6543735401572227,0.0344618689628754,1.361722745493082,False,0,0.3623139498195087,1.0,0.4,C_ref,2026-09-18 10:48:55,2026-09-18 13:11:12
pretrained_e05,0,0.3,0.3,47,0,0.2199611273225558,0.0921442221478969,0.6288639364200154,0.5367197142721185,0.0289135362709297,1.354123258645553,False,0,0.4507007762149442,1.0,0.4,C_ref,2026-09-18 10:48:55,2026-09-18 13:11:12
pretrained_e05,0,0.3,0.3,0,0,2.405121496532032,2.10840496938783,2.707462136103907,0.5990571667160767,1.8146873690562184,3.0169880592601,False,0,0.0996762869945087,1.0,2.5,C_ref,2026-09-18 10:48:55,2026-09-18 13:11:12
pretrained_e05,0,0.3,0.3,1,0,2.493832686740576,2.2007475559530643,2.79337155544568,0.5926239994926159,1.9122191564542024,3.1006364830998288,False,0,0.0002665765168785,1.0,2.5,C_ref,2026-09-18 10:48:55,2026-09-18 13:11:12
pretrained_e05,0,0.3,0.3,2,0,2.5411014525880526,2.248455394488349,2.8403794677394463,0.5919240732510973,1.96052451714416,3.147446125476393,False,0,0.0193585790111683,1.0,2.5,C_ref,2026-09-18 10:48:55,2026-09-18 13:11:12
pretrained_e05,0,0.3,0.3,3,0,2.5790770984989244,2.2865549058671872,2.8783994596077256,0.5918445537405383,1.998997808369539,3.18564539322456,False,0,0.0719237779740069,1.0,2.5,C_ref,2026-09-18 10:48:55,2026-09-18 13:11:12
pretrained_e05,0,0.3,0.3,4,0,2.466603042899482,2.1741178795892484,2.76510355919813,0.5909856796088815,1.8852920004098603,3.071073492847704,False,0,0.0126362357004836,1.0,2.5,C_ref,2026-09-18 10:48:55,2026-09-18 13:11:12
pretrained_e05,0,0.3,0.3,5,0,2.445294145096222,2.152749425467386,2.7440032716777583,0.5912538462103725,1.8641517942322765,3.050254656829728,False,0,0.0339206214921432,1.0,2.5,C_ref,2026-09-18 10:48:55,2026-09-18 13:11:12
pretrained_e05,0,0.3,0.3,6,0,2.393765080391837,2.097755130036669,2.695210902528306,0.5974557724916374,1.8044470317183103,3.003743761643563,False,0,0.1257264917476277,1.0,2.5,C_ref,2026-09-18 10:48:55,2026-09-18 13:11:12
pretrained_e05,0,0.3,0.3,7,0,2.4815061768090305,2.1896584966722537,2.779808190314835,0.5901496936425814,1.9022837339317629,3.085780828090847,False,0,0.0039049042352417,1.0,2.5,C_ref,2026-09-18 10:48:55,2026-09-18 13:11:12
pretrained_e05,0,0.3,0.3,8,0,2.508207164078033,2.21378694713271,2.80892988210981,0.5951429349771002,1.923487735878384,3.117236662068709,False,0,0.0007252880423038,1.0,2.5,C_ref,2026-09-18 10:48:55,2026-09-18 13:11:12
pretrained_e05,0,0.3,0.3,9,0,2.454399027740924,2.161648989231576,2.7533009215261592,0.5916519322945835,1.87285096325996,3.0597324455023,False,0,0.023508783087891,1.0,2.5,C_ref,2026-09-18 10:48:55,2026-09-18 13:11:12
pretrained_e05,0,0.3,0.3,10,0,2.576624360646464,2.283303740555587,2.8767717936993416,0.5934680531437544,1.9950385927939505,3.184869003172594,False,0,0.0670354161411523,1.0,2.5,C_ref,2026-09-18 10:48:55,2026-09-18 13:11:12
pretrained_e05,0,0.3,0.3,11,0,2.451855169962054,2.1559608621643744,2.753852491157961,0.5978916289935867,1.863936463586022,3.063341594305269,False,0,0.0258560964575735,1.0,2.5,C_ref,2026-09-18 10:48:55,2026-09-18 13:11:12
pretrained_e05,0,0.3,0.3,12,0,2.602745301743256,2.3093835380783263,2.903078658690648,0.5936951206123218,2.021392615056397,3.211495815065521,False,0,0.1208466121934179,1.0,2.5,C_ref,2026-09-18 10:48:55,2026-09-18 13:11:12
pretrained_e05,0,0.3,0.3,13,0,2.600234588900993,2.3064373448899635,2.900945868156826,0.5945085232668625,2.017798444783638,3.2096388719232163,False,0,0.1147268852946581,1.0,2.5,C_ref,2026-09-18 10:48:55,2026-09-18 13:11:12
pretrained_e05,0,0.3,0.3,14,0,2.460151410776472,2.1709135918895064,2.755970755109365,0.5850571632198585,1.886327295712949,3.0596890469729447,False,0,0.0185294814764347,1.0,2.5,C_ref,2026-09-18 10:48:55,2026-09-18 13:11:12
pretrained_e05,0,0.3,0.3,15,0,2.573978554719851,2.28122907293961,2.8734935834690027,0.5922645105293927,1.993503829862683,3.180941980340499,False,0,0.0626774812517396,1.0,2.5,C_ref,2026-09-18 10:48:55,2026-09-18 13:11:12
pretrained_e05,0,0.3,0.3,16,0,2.62733441805554,2.334531093011912,2.9271249661060104,0.5925938730940983,2.04708772827906,3.2349393982821955,False,0,0.1866802166732668,1.0,2.5,C_ref,2026-09-18 10:48:55,2026-09-18 13:11:12
pretrained_e05,0,0.3,0.3,17,0,2.3380236750212187,2.0439746758961306,2.637313065966413,0.593338390070282,1.7521914020499758,2.943575177286486,False,0,0.2956273853305902,1.0,2.5,C_ref,2026-09-18 10:48:55,2026-09-18 13:11:12
pretrained_e05,0,0.3,0.3,18,0,2.518157513291758,2.225392834243892,2.817287965012494,0.5918951307686022,1.936913027375197,3.124066531092086,False,0,0.003734689362318,1.0,2.5,C_ref,2026-09-18 10:48:55,2026-09-18 13:11:12
pretrained_e05,0,0.3,0.3,19,0,2.482586105667328,2.1885117395040683,2.782852933328188,0.5943411938241199,1.898492073569425,3.090683827933067,False,0,0.003360846400028,1.0,2.5,C_ref,2026-09-18 10:48:55,2026-09-18 13:11:12
pretrained_e05,0,0.3,0.3,20,0,2.4358383653694227,2.140714284178681,2.73689796427322,0.5961836800945388,1.8492341424271248,3.0453429582990914,False,0,0.0460235203645424,1.0,2.5,C_ref,2026-09-18 10:48:55,2026-09-18 13:11:12
pretrained_e05,0,0.3,0.3,21,0,2.5803675533379,2.287257525626796,2.8803663346375594,0.5931088090107637,1.9992191346014487,3.188328795698152,False,0,0.0739960190294368,1.0,2.5,C_ref,2026-09-18 10:48:55,2026-09-18 13:11:12
pretrained_e05,0,0.3,0.3,22,0,2.4551184691572456,2.159779512055103,2.7562685952394093,0.5964890831843062,1.86796037019192,3.0647018405608817,False,0,0.0223581523641769,1.0,2.5,C_ref,2026-09-18 10:48:55,2026-09-18 13:11:12
pretrained_e05,0,0.3,0.3,23,0,2.4298022169628752,2.13772455377699,2.7281069788999446,0.5903824251229546,1.849579282681787,3.0340277942895497,False,0,0.0563613768899813,1.0,2.5,C_ref,2026-09-18 10:48:55,2026-09-18 13:11:12
pretrained_e05,0,0.3,0.3,24,0,2.4131008145439528,2.1200102054546046,2.71194262685472,0.5919324214001147,1.830209198262425,3.0180805367935126,False,0,0.085772673068277,1.0,2.5,C_ref,2026-09-18 10:48:55,2026-09-18 13:11:12
pretrained_e05,0,0.3,0.3,25,0,2.287975803955397,1.9944899553591169,2.5864429233172896,0.5919529679581728,1.702765391278412,2.891757428021527,False,0,0.507505663070333,1.0,2.5,C_ref,2026-09-18 10:48:55,2026-09-18 13:11:12
pretrained_e05,0,0.3,0.3,26,0,2.393439652053308,2.097654563736276,2.694469502627069,0.5968149388907937,1.8042096877180205,3.002487128580257,False,0,0.1268312800930289,1.0,2.5,C_ref,2026-09-18 10:48:55,2026-09-18 13:11:12
pretrained_e05,0,0.3,0.3,27,0,2.439470623456744,2.146488304809203,2.7383924687354755,0.5919041639262725,1.8569906653322048,3.044708284606072,False,0,0.0417308300020522,1.0,2.5,C_ref,2026-09-18 10:48:55,2026-09-18 13:11:12
pretrained_e05,0,0.3,0.3,28,0,2.496327140157549,2.203743842411172,2.795309849592119,0.5915660071809468,1.9154790029307465,3.101996146725871,False,0,0.0,1.0,2.5,C_ref,2026-09-18 10:48:55,2026-09-18 13:11:12
pretrained_e05,0,0.3,0.3,29,0,2.414799115386374,2.118014794980299,2.717017361215982,0.5990025662356828,1.8240249401259576,3.026254829082504,False,0,0.0804169617840671,1.0,2.5,C_ref,2026-09-18 10:48:55,2026-09-18 13:11:12
pretrained_e05,0,0.3,0.3,30,0,2.4340206354635554,2.1425914182633345,2.7313778794302865,0.588786461166952,1.854649106552806,3.0360817025094406,False,0,0.0499153641248995,1.0,2.5,C_ref,2026-09-18 10:48:55,2026-09-18 13:11:12
pretrained_e05,0,0.3,0.3,31,0,2.500573647348427,2.205806229085416,2.8015070920939675,0.5957008630085516,1.9149352800842228,3.1099747987613964,False,0,0.0,1.0,2.5,C_ref,2026-09-18 10:48:55,2026-09-18 13:11:12
pretrained_e05,0,0.3,0.3,32,0,2.5107320351934432,2.217764926251911,2.8103221309906106,0.5925572047386996,1.929424580124774,3.117710002968709,False,0,0.0013082147015666,1.0,2.5,C_ref,2026-09-18 10:48:55,2026-09-18 13:11:12
pretrained_e05,0,0.3,0.3,33,0,2.396073973577946,2.101825295054976,2.696160960206185,0.5943356651512093,1.8109838202060704,3.003579850558796,False,0,0.1215017846843693,1.0,2.5,C_ref,2026-09-18 10:48:55,2026-09-18 13:11:12
pretrained_e05,0,0.3,0.3,34,0,2.450710289969812,2.1550363934912053,2.752214915438905,0.5971785219476997,1.8626707105536413,3.061053520882858,False,0,0.0272068299273087,1.0,2.5,C_ref,2026-09-18 10:48:55,2026-09-18 13:11:12
pretrained_e05,0,0.3,0.3,35,0,2.453756356748132,2.160165593892836,2.753489716329288,0.593324122436452,1.8705677250497283,3.0607846896393136,False,0,0.0241058012397843,1.0,2.5,C_ref,2026-09-18 10:48:55,2026-09-18 13:11:12
pretrained_e05,0,0.3,0.3,36,0,2.5691625691135105,2.2796543482385645,2.865830370396833,0.586176022158269,1.995791274882948,3.170769904708465,False,0,0.0560636012378381,1.0,2.5,C_ref,2026-09-18 10:48:55,2026-09-18 13:11:12
pretrained_e05,0,0.3,0.3,37,0,2.522885943412619,2.22812093215296,2.823827104928882,0.5957061727759227,1.93740456581192,3.1323104378274897,False,0,0.0058280415287299,1.0,2.5,C_ref,2026-09-18 10:48:55,2026-09-18 13:11:12
pretrained_e05,0,0.3,0.3,38,0,2.583128260465109,2.291144758893439,2.8819180105002187,0.5907732516067798,2.0042372995474613,3.188647064522894,False,0,0.0797132143270573,1.0,2.5,C_ref,2026-09-18 10:48:55,2026-09-18 13:11:12
pretrained_e05,0,0.3,0.3,39,0,2.450117319614362,2.157985413515385,2.748529347851877,0.590543934336492,1.8698522461833127,3.054590454575321,False,0,0.0284882973464846,1.0,2.5,C_ref,2026-09-18 10:48:55,2026-09-18 13:11:12
pretrained_e05,0,0.3,0.3,40,0,2.507690204165379,2.215009948082344,2.8071134074469835,0.5921034593646395,1.92713084725624,3.1144749188173093,False,0,0.00061441372236,1.0,2.5,C_ref,2026-09-18 10:48:55,2026-09-18 13:11:12
pretrained_e05,0,0.3,0.3,41,0,2.3984829904470373,2.1051347502550297,2.697682766674233,0.5925480164192032,1.8151258463829565,3.004229729601497,False,0,0.1167771094733325,1.0,2.5,C_ref,2026-09-18 10:48:55,2026-09-18 13:11:12
pretrained_e05,0,0.3,0.3,42,0,2.547676112240925,2.2547750835470057,2.847146096972984,0.5923710134259776,1.9664567303826648,3.154413032904261,False,0,0.0259758345564478,1.0,2.5,C_ref,2026-09-18 10:48:55,2026-09-18 13:11:12
pretrained_e05,0,0.3,0.3,43,0,2.3766497162838283,2.0828186186984032,2.676061842472824,0.5932432237744205,1.791830792613559,2.9826887234657224,False,0,0.1717486937595822,1.0,2.5,C_ref,2026-09-18 10:48:55,2026-09-18 13:11:12
pretrained_e05,0,0.3,0.3,44,0,2.388314710389418,2.0919176843958724,2.6900725130968124,0.59815482870094,1.7979874651523626,2.998825251669272,False,0,0.1387601639689819,1.0,2.5,C_ref,2026-09-18 10:48:55,2026-09-18 13:11:12
pretrained_e05,0,0.3,0.3,45,0,2.35009356867492,2.054236430932172,2.651193515925627,0.5969570849934547,1.7606040212155196,2.9592478172720247,False,0,0.2504253307924955,1.0,2.5,C_ref,2026-09-18 10:48:55,2026-09-18 13:11:12
pretrained_e05,0,0.3,0.3,46,0,2.467164943678811,2.173066504392211,2.767434031777236,0.5943675273850251,1.8829178173042824,3.075222721780689,False,0,0.0121104462705261,1.0,2.5,C_ref,2026-09-18 10:48:55,2026-09-18 13:11:12
pretrained_e05,0,0.3,0.3,47,0,2.516543129481616,2.223532575412253,2.815960705735507,0.5924281303232539,1.9348765601324684,3.123071622899,False,0,0.0029904240764153,1.0,2.5,C_ref,2026-09-18 10:48:55,2026-09-18 13:11:12
pretrained_e05,0,1.0,1.0,0,0,0.7606590035670223,0.5866879505712841,1.0619618085898943,0.4752738580186104,0.5762281046508201,1.3776874705174589,False,0,8.573718915289646,0.0,0.4,C_ref,2026-09-18 18:03:24,2026-09-19 00:19:32
pretrained_e05,0,1.0,1.0,1,0,0.3219478997380666,0.1123100308994763,0.9734786456414212,0.8611686147419447,0.0315250475970941,1.3460149190284962,False,0,0.0160998325409309,1.0,0.4,C_ref,2026-09-18 18:03:24,2026-09-19 00:19:32
pretrained_e05,0,1.0,1.0,2,0,0.2948154979082569,0.1065940278857094,0.9944556987429188,0.8878616708572092,0.0288443515182222,1.374017604634472,False,0,0.0624482350722246,1.0,0.4,C_ref,2026-09-18 18:03:24,2026-09-19 00:19:32
pretrained_e05,0,1.0,1.0,3,0,0.5535975147330225,0.1200055072814868,1.0453166358792163,0.9253111285977296,0.0307390710504397,1.4052951313884874,False,0,0.0303986986073141,1.0,0.4,C_ref,2026-09-18 18:03:24,2026-09-19 00:19:32
pretrained_e05,0,1.0,1.0,4,0,0.5629581251938637,0.449089905058709,0.9646237167567552,0.5155338116980462,0.0280549932412188,1.331450396481504,False,0,2.9214158406903152,0.0,0.4,C_ref,2026-09-18 18:03:24,2026-09-19 00:19:32
pretrained_e05,0,1.0,1.0,5,0,0.874009337358254,0.826055444161027,1.1250226894497708,0.2989672452887437,0.4363233206361762,1.427356458308329,False,0,9.25890882227759,0.0,0.4,C_ref,2026-09-18 18:03:24,2026-09-19 00:19:32
pretrained_e05,0,1.0,1.0,6,0,0.4019367093807683,0.1494660064492181,0.8603991624983305,0.7109331560491123,0.0467476207101053,1.250211219366028,False,0,0.0,1.0,0.4,C_ref,2026-09-18 18:03:24,2026-09-19 00:19:32
pretrained_e05,0,1.0,1.0,7,0,0.8109738754856283,0.739024299387646,1.0783691471750856,0.3393448477874395,0.6355621816368252,1.3887335512691663,False,0,4.605169819540606,0.0,0.4,C_ref,2026-09-18 18:03:24,2026-09-19 00:19:32
pretrained_e05,0,1.0,1.0,8,0,0.7783713419275191,0.5766612437545781,1.136451298344032,0.559790054589454,0.020620479237638,1.4659320810525298,False,0,3.411231300477084,0.0,0.4,C_ref,2026-09-18 18:03:24,2026-09-19 00:19:32
pretrained_e05,0,1.0,1.0,9,0,0.6163226526386858,0.4021296249333494,1.0014647820665343,0.5993351571331849,0.0388839675847258,1.3424691575400176,False,0,1.1850143608171493,0.0,0.4,C_ref,2026-09-18 18:03:24,2026-09-19 00:19:32
pretrained_e05,0,1.0,1.0,10,0,0.8525451061872281,0.7650870861733282,1.1669280130163089,0.4018409268429804,0.2070508564780486,1.4865842352801868,False,0,3.726108283088252,0.0,0.4,C_ref,2026-09-18 18:03:24,2026-09-19 00:19:32
pretrained_e05,0,1.0,1.0,11,0,0.6527868691719151,0.2139197178313709,1.034093485802086,0.8201737679707151,0.0517861607707669,1.3736674049391369,False,0,0.3219720628258073,1.0,0.4,C_ref,2026-09-18 18:03:24,2026-09-19 00:19:32
pretrained_e05,0,1.0,1.0,12,0,0.7678662178930695,0.6707357012549428,1.1324311869231225,0.4616954856681795,0.0247239242886097,1.4707885122731084,False,0,1.2078184698621044,0.0,0.4,C_ref,2026-09-18 18:03:24,2026-09-19 00:19:32
pretrained_e05,0,1.0,1.0,13,0,0.7618037638324641,0.511040434168595,1.138876947101812,0.6278365129332171,0.0306188673736067,1.4744648177996569,False,0,1.8274642404430776,0.0,0.4,C_ref,2026-09-18 18:03:24,2026-09-19 00:19:32
pretrained_e05,0,1.0,1.0,14,0,0.7920558269540233,0.7205546696878057,1.0365921883077172,0.3160375186199115,0.0387777786364121,1.3534395580832588,False,0,1.084199082928535,0.0,0.4,C_ref,2026-09-18 18:03:24,2026-09-19 00:19:32
pretrained_e05,0,1.0,1.0,15,0,0.4073417345263744,0.1196237377081366,1.010068273950428,0.8904445362422913,0.0321446787551058,1.38507453218735,False,0,9.590187255525962e-05,1.0,0.4,C_ref,2026-09-18 18:03:24,2026-09-19 00:19:32
pretrained_e05,0,1.0,1.0,16,0,0.867129978496341,0.5549433599743137,1.2169155879183786,0.661972227944065,0.0291234726884547,1.5394772772007357,False,0,1.6805814778454078,0.0,0.4,C_ref,2026-09-18 18:03:24,2026-09-19 00:19:32
pretrained_e05,0,1.0,1.0,17,0,0.8098031246903533,0.7466555365822511,1.0665661014272063,0.3199105648449554,0.6074074550520078,1.3643755008743228,False,0,7.168772886121587,0.0,0.4,C_ref,2026-09-18 18:03:24,2026-09-19 00:19:32
pretrained_e05,0,1.0,1.0,18,0,0.5546156350664799,0.126012472672737,1.020549258660202,0.8945367859874651,0.0340069453175434,1.3801924513505346,False,0,0.0442699588966206,1.0,0.4,C_ref,2026-09-18 18:03:24,2026-09-19 00:19:32
pretrained_e05,0,1.0,1.0,19,0,0.7978636171939705,0.6066326781792748,1.1263762085628737,0.5197435303835987,0.0318371642482743,1.4448301286110248,False,0,2.5192234959649795,0.0,0.4,C_ref,2026-09-18 18:03:24,2026-09-19 00:19:32
pretrained_e05,0,1.0,1.0,20,0,0.747417719461234,0.63274997943376,1.0671728262927165,0.4344228468589565,0.6118169168891352,1.39381349045885,False,0,4.506911622545886,0.0,0.4,C_ref,2026-09-18 18:03:24,2026-09-19 00:19:32
pretrained_e05,0,1.0,1.0,21,0,0.8630459615075871,0.8055648986293398,1.1485664443301415,0.3430015457008017,0.6720397982602775,1.467318400223548,False,0,4.730770724821923,0.0,0.4,C_ref,2026-09-18 18:03:24,2026-09-19 00:19:32
pretrained_e05,0,1.0,1.0,22,0,0.6920822851457613,0.4957257591371916,1.0681667406757749,0.5724409815385834,0.0409910410698334,1.403982195334122,False,0,1.9344891020264183,0.0,0.4,C_ref,2026-09-18 18:03:24,2026-09-19 00:19:32
pretrained_e05,0,1.0,1.0,23,0,0.8206979670863706,0.7910169864410116,1.0522304436143304,0.2612134571733188,0.0618136022373332,1.3642577441967656,False,0,0.7229403576675395,0.0,0.4,C_ref,2026-09-18 18:03:24,2026-09-19 00:19:32
pretrained_e05,0,1.0,1.0,24,0,0.3765884610748227,0.1345517303320912,0.8882168597111357,0.7536651293790445,0.0403772860188031,1.2826565992303778,False,0,0.0029413274751277,1.0,0.4,C_ref,2026-09-18 18:03:24,2026-09-19 00:19:32
pretrained_e05,0,1.0,1.0,25,0,0.4150367231974314,0.1656945205716418,0.8239483397157485,0.6582538191441067,0.0563194151139004,1.248438460405295,False,0,0.0015490210826101,1.0,0.4,C_ref,2026-09-18 18:03:24,2026-09-19 00:19:32
pretrained_e05,0,1.0,1.0,26,0,0.5268077869735199,0.1622450816408107,1.000597860306317,0.8383527786655063,0.0500003129885153,1.317138310863362,False,0,0.1675931399913679,1.0,0.4,C_ref,2026-09-18 18:03:24,2026-09-19 00:19:32
pretrained_e05,0,1.0,1.0,27,0,0.4386203911483268,0.1385721699027048,0.938536666662956,0.799964496760251,0.0406926149476172,1.3088079134495862,False,0,0.0053387650405056,1.0,0.4,C_ref,2026-09-18 18:03:24,2026-09-19 00:19:32
pretrained_e05,0,1.0,1.0,28,0,0.7296678238430012,0.6465788680555641,1.050038961963518,0.4034600939079539,0.0396040662279651,1.380405256883262,False,0,2.454840923648589,0.0,0.4,C_ref,2026-09-18 18:03:24,2026-09-19 00:19:32
pretrained_e05,0,1.0,1.0,29,0,0.65304152872231,0.610625747018103,0.9869330688266872,0.3763073218085843,0.0632397353213753,1.3352841967192877,False,0,0.969892259923654,0.0,0.4,C_ref,2026-09-18 18:03:24,2026-09-19 00:19:32
pretrained_e05,0,1.0,1.0,30,0,0.7240681921735663,0.6315222883382423,1.05187806691248,0.4203557785742378,0.0361012628678996,1.3728953647876534,False,0,1.4967421569817816,0.0,0.4,C_ref,2026-09-18 18:03:24,2026-09-19 00:19:32
pretrained_e05,0,1.0,1.0,31,0,0.7625623053810094,0.693057820874524,1.0921541012996034,0.3990962804250794,0.0525536707603303,1.423978846964588,False,0,1.8277259105416304,0.0,0.4,C_ref,2026-09-18 18:03:24,2026-09-19 00:19:32
pretrained_e05,0,1.0,1.0,32,0,0.8647396700605242,0.8330760575466841,1.1135699746342933,0.2804939170876092,0.1063945701410504,1.4227051496807075,False,0,3.473517626956891,0.0,0.4,C_ref,2026-09-18 18:03:24,2026-09-19 00:19:32
pretrained_e05,0,1.0,1.0,33,0,0.598567785517174,0.1818543798436198,0.979029379343464,0.7971749994998443,0.0527529100377456,1.3223662527908555,False,0,0.2343275301354879,1.0,0.4,C_ref,2026-09-18 18:03:24,2026-09-19 00:19:32
pretrained_e05,0,1.0,1.0,34,0,0.6071645557918042,0.1455079837775086,1.042518106687058,0.8970101229095493,0.0394693102364324,1.3927464485408894,False,0,0.1089012225165788,1.0,0.4,C_ref,2026-09-18 18:03:24,2026-09-19 00:19:32
pretrained_e05,0,1.0,1.0,35,0,0.7482552546681653,0.6484468646329707,1.053635665938066,0.4051888013050954,0.2686633075763246,1.3762160024879435,False,0,3.833265161734744,0.0,0.4,C_ref,2026-09-18 18:03:24,2026-09-19 00:19:32
pretrained_e05,0,1.0,1.0,36,0,0.71087237549878,0.1664137386445455,1.0500267583434166,0.8836130196988711,0.0247381689346199,1.393232489553868,False,0,0.7493470818881178,1.0,0.4,C_ref,2026-09-18 18:03:24,2026-09-19 00:19:32
pretrained_e05,0,1.0,1.0,37,0,0.767635811474221,0.5387638327361414,1.0985096817050226,0.5597458489688812,0.0427251933432612,1.430067924924667,False,0,1.857592023188772,0.0,0.4,C_ref,2026-09-18 18:03:24,2026-09-19 00:19:32
pretrained_e05,0,1.0,1.0,38,0,0.2610855966654294,0.0877423406862849,1.082454282670127,0.9947119419838422,0.0216639654818811,1.430946360668437,False,0,0.0512171883456176,1.0,0.4,C_ref,2026-09-18 18:03:24,2026-09-19 00:19:32
pretrained_e05,0,1.0,1.0,39,0,0.2025902773362886,0.093642574206139,0.2358972814702571,0.1422547072641181,0.0286327795727443,1.3245228329133447,False,0,1.746853332319006,0.0,0.4,C_ref,2026-09-18 18:03:24,2026-09-19 00:19:32
pretrained_e05,0,1.0,1.0,40,0,0.9073853488220596,0.8814680381379775,1.130414447348601,0.2489464092106236,0.490876843901468,1.4351378236353345,False,0,4.06623524067254,0.0,0.4,C_ref,2026-09-18 18:03:24,2026-09-19 00:19:32
pretrained_e05,0,1.0,1.0,41,0,0.6847429188034453,0.315157031101607,0.972588113120146,0.6574310820185392,0.0482935562191475,1.3046517316003323,False,0,0.861926049907197,1.0,0.4,C_ref,2026-09-18 18:03:24,2026-09-19 00:19:32
pretrained_e05,0,1.0,1.0,42,0,0.760016927496874,0.6397266728714415,1.0804948197481925,0.4407681468767508,0.5639869986243131,1.407354629360711,False,0,4.806642109022505,0.0,0.4,C_ref,2026-09-18 18:03:24,2026-09-19 00:19:32
pretrained_e05,0,1.0,1.0,43,0,0.7656951179257719,0.6358134173987298,1.0256157638940795,0.3898023464953497,0.0491579603484153,1.3452456393732484,False,0,1.4954056259848585,0.0,0.4,C_ref,2026-09-18 18:03:24,2026-09-19 00:19:32
pretrained_e05,0,1.0,1.0,44,0,0.8636858731403201,0.8313386458151578,1.1050625445476394,0.2737238987324816,0.577200554084963,1.4021849154528685,False,0,6.851853509760986,0.0,0.4,C_ref,2026-09-18 18:03:24,2026-09-19 00:19:32
pretrained_e05,0,1.0,1.0,45,0,0.783077450132976,0.7614711207434132,1.004962492476395,0.2434913717329817,0.0743147017215117,1.3129470333938815,False,0,1.541863184364047,0.0,0.4,C_ref,2026-09-18 18:03:24,2026-09-19 00:19:32
pretrained_e05,0,1.0,1.0,46,0,0.506045728814523,0.1564126333378779,0.9865362056942558,0.8301235723563779,0.0448344949546872,1.3543567730251906,False,0,0.0388305263077199,1.0,0.4,C_ref,2026-09-18 18:03:24,2026-09-19 00:19:32
pretrained_e05,0,1.0,1.0,47,0,0.6683356380818606,0.1274632563386716,1.081190702530587,0.9537274461919152,0.0335619140111271,1.4193327612640028,False,0,0.1190050772311224,1.0,0.4,C_ref,2026-09-18 18:03:24,2026-09-19 00:19:32
pretrained_e05,0,1.0,1.0,0,0,2.289267492250136,1.9916864498845257,2.5926363610992533,0.6009499112147276,1.6974507460437185,2.9033393277112736,False,0,0.485704779955995,1.0,2.5,C_ref,2026-09-18 18:03:24,2026-09-19 00:19:32
pretrained_e05,0,1.0,1.0,1,0,2.343194156005454,2.0452103994277366,2.6466435533586155,0.6014331539308788,1.749948580006928,2.9571890329533748,False,0,0.2696160643936309,1.0,2.5,C_ref,2026-09-18 18:03:24,2026-09-19 00:19:32
pretrained_e05,0,1.0,1.0,2,0,2.4066094390597668,2.1085624443406905,2.710380856764813,0.6018184124241226,1.813826692914948,3.021309565079893,False,0,0.0958086749669746,1.0,2.5,C_ref,2026-09-18 18:03:24,2026-09-19 00:19:32
pretrained_e05,0,1.0,1.0,3,0,2.431798177465329,2.134055486774848,2.735408358644486,0.6013528718696382,1.839823907513053,3.046355219515834,False,0,0.0512720576807623,1.0,2.5,C_ref,2026-09-18 18:03:24,2026-09-19 00:19:32
pretrained_e05,0,1.0,1.0,4,0,2.346964529414885,2.050783580645839,2.648430048310316,0.5976464676644766,1.7571092937108204,2.956866864641269,False,0,0.2602384179044748,1.0,2.5,C_ref,2026-09-18 18:03:24,2026-09-19 00:19:32
pretrained_e05,0,1.0,1.0,5,0,2.3175364962448763,2.020810658885676,2.619880382989394,0.5990697241037184,1.727180126110418,2.929356381475632,False,0,0.3672982394054997,1.0,2.5,C_ref,2026-09-18 18:03:24,2026-09-19 00:19:32
pretrained_e05,0,1.0,1.0,6,0,2.249217498863,1.949150336218556,2.5536727316350625,0.6045223954165067,1.6499642003524684,2.864603634782217,False,0,0.6806013318091573,1.0,2.5,C_ref,2026-09-18 18:03:24,2026-09-19 00:19:32
pretrained_e05,0,1.0,1.0,7,0,2.3210849634307644,2.0245801391303813,2.623053189125076,0.5984730499946949,1.7308789330112582,2.9320997490364187,False,0,0.3540119636745658,1.0,2.5,C_ref,2026-09-18 18:03:24,2026-09-19 00:19:32
pretrained_e05,0,1.0,1.0,8,0,2.405745351383701,2.1108238299777704,2.707111687072352,0.5962878570945818,1.8203725036084677,3.0161969429672224,False,0,0.0992156948450428,1.0,2.5,C_ref,2026-09-18 18:03:24,2026-09-19 00:19:32
pretrained_e05,0,1.0,1.0,9,0,2.310267637295442,2.013012650722769,2.612783483537953,0.5997708328151843,1.7182021176860591,2.9222629198355023,False,0,0.3963277340262721,1.0,2.5,C_ref,2026-09-18 18:03:24,2026-09-19 00:19:32
pretrained_e05,0,1.0,1.0,10,0,2.4594912965004,2.164820298027088,2.7608317470141954,0.5960114489871073,1.874894298812582,3.070008694983112,False,0,0.0184472134678799,1.0,2.5,C_ref,2026-09-18 18:03:24,2026-09-19 00:19:32
pretrained_e05,0,1.0,1.0,11,0,2.31306123508279,2.0139932025935803,2.6174814713585906,0.6034882687650103,1.7175024201452949,2.9289053834668577,False,0,0.3800007488243864,1.0,2.5,C_ref,2026-09-18 18:03:24,2026-09-19 00:19:32
pretrained_e05,0,1.0,1.0,12,0,2.473150365437746,2.17463508281804,2.7778917684856026,0.6032566856675627,1.880201712452748,3.0901717352215057,False,0,0.0078142917664081,1.0,2.5,C_ref,2026-09-18 18:03:24,2026-09-19 00:19:32
pretrained_e05,0,1.0,1.0,13,0,2.4699036845832305,2.1737891579123585,2.7724724895583366,0.5986833316459781,1.8821145820180607,3.082759972371625,False,0,0.0101031755948497,1.0,2.5,C_ref,2026-09-18 18:03:24,2026-09-19 00:19:32
pretrained_e05,0,1.0,1.0,14,0,2.2903739352597814,1.9950661961152083,2.5909466664104026,0.5958804702951943,1.7020620092306131,2.898478779482181,False,0,0.4894561455366784,1.0,2.5,C_ref,2026-09-18 18:03:24,2026-09-19 00:19:32
pretrained_e05,0,1.0,1.0,15,0,2.4284113445124698,2.1310743953465567,2.7316420174562075,0.6005676221096508,1.837310218106985,3.042226397213683,False,0,0.0566432626110326,1.0,2.5,C_ref,2026-09-18 18:03:24,2026-09-19 00:19:32
pretrained_e05,0,1.0,1.0,16,0,2.536346923459886,2.2420575608198288,2.8376497247487946,0.5955921639289659,1.9532285793886817,3.146984378966465,False,0,0.0148069216993462,1.0,2.5,C_ref,2026-09-18 18:03:24,2026-09-19 00:19:32
pretrained_e05,0,1.0,1.0,17,0,2.206770252420079,1.911652111304068,2.5071531302047534,0.5955010189006857,1.6189623431742264,2.8145206633237674,False,0,0.9532164445263334,1.0,2.5,C_ref,2026-09-18 18:03:24,2026-09-19 00:19:32
pretrained_e05,0,1.0,1.0,18,0,2.4034579849810145,2.106776335889301,2.705894420967547,0.599118085078246,1.8134494537210524,3.0155736045336443,False,0,0.1032621596714307,1.0,2.5,C_ref,2026-09-18 18:03:24,2026-09-19 00:19:32
pretrained_e05,0,1.0,1.0,19,0,2.3773112013778546,2.082852025789039,2.678062855860259,0.59521083007122,1.7925941444684836,2.9864004962406456,False,0,0.1686280050780624,1.0,2.5,C_ref,2026-09-18 18:03:24,2026-09-19 00:19:32
pretrained_e05,0,1.0,1.0,20,0,2.311929879154952,2.0145765257051207,2.614857244473208,0.6002807187680874,1.7200852108329263,2.924994723331373,False,0,0.3884882746533549,1.0,2.5,C_ref,2026-09-18 18:03:24,2026-09-19 00:19:32
pretrained_e05,0,1.0,1.0,21,0,2.443717488433185,2.147454710284576,2.74620844383549,0.5987537335509137,1.8553220949430256,3.05626467720126,False,0,0.0351104923684033,1.0,2.5,C_ref,2026-09-18 18:03:24,2026-09-19 00:19:32
pretrained_e05,0,1.0,1.0,22,0,2.3432867553932377,2.04648415745579,2.645881443805129,0.5993972863493391,1.7530188362916257,2.9557735802597565,False,0,0.2709197934818803,1.0,2.5,C_ref,2026-09-18 18:03:24,2026-09-19 00:19:32
pretrained_e05,0,1.0,1.0,23,0,2.2792394330425445,1.9817634040765293,2.581852844764527,0.6000894406879975,1.6864473342497304,2.8913854245237545,False,0,0.5350886267187889,1.0,2.5,C_ref,2026-09-18 18:03:24,2026-09-19 00:19:32
pretrained_e05,0,1.0,1.0,24,0,2.284302730637595,1.9873097626455487,2.586207027037695,0.5988972643921464,1.6921199915943126,2.894847051663219,False,0,0.5131610397547774,1.0,2.5,C_ref,2026-09-18 18:03:24,2026-09-19 00:19:32
pretrained_e05,0,1.0,1.0,25,0,2.147689168173895,1.8496985132557136,2.4495380324126987,0.5998395191569852,1.551554903798534,2.7574831850528554,False,0,1.3580533272506727,0.0,2.5,C_ref,2026-09-18 18:03:24,2026-09-19 00:19:32
pretrained_e05,0,1.0,1.0,26,0,2.249982836046032,1.951345304274859,2.55327894330225,0.6019336390273908,1.654073373834393,2.863217516638997,False,0,0.6817193801653048,1.0,2.5,C_ref,2026-09-18 18:03:24,2026-09-19 00:19:32
pretrained_e05,0,1.0,1.0,27,0,2.298978532223836,2.002168701360067,2.6009693468727693,0.5988006455127022,1.7075967761091184,2.909867854233327,False,0,0.4461216830022749,1.0,2.5,C_ref,2026-09-18 18:03:24,2026-09-19 00:19:32
pretrained_e05,0,1.0,1.0,28,0,2.3579575657418337,2.061046706656513,2.6606028449744863,0.5995561383179733,1.767448125238561,2.970466099978243,False,0,0.2227830887568416,1.0,2.5,C_ref,2026-09-18 18:03:24,2026-09-19 00:19:32
pretrained_e05,0,1.0,1.0,29,0,2.296371013242865,1.9971830023217256,2.6007159147109866,0.6035329123892608,1.7001319310953575,2.911910336442732,False,0,0.4505894974026887,1.0,2.5,C_ref,2026-09-18 18:03:24,2026-09-19 00:19:32
pretrained_e05,0,1.0,1.0,30,0,2.31094534612664,2.0179249317199432,2.6098291456509317,0.591904213930988,1.7283190198688752,2.916003777480505,False,0,0.4034144769211707,1.0,2.5,C_ref,2026-09-18 18:03:24,2026-09-19 00:19:32
pretrained_e05,0,1.0,1.0,31,0,2.375581535835193,2.077896377332643,2.679089067617193,0.6011926902845506,1.7836204378049356,2.989846487696784,False,0,0.1700300312550098,1.0,2.5,C_ref,2026-09-18 18:03:24,2026-09-19 00:19:32
pretrained_e05,0,1.0,1.0,32,0,2.356235932160181,2.0599176771043397,2.6583791083123103,0.598461431207971,1.767085564061586,2.967832061667471,False,0,0.2288861704510054,1.0,2.5,C_ref,2026-09-18 18:03:24,2026-09-19 00:19:32
pretrained_e05,0,1.0,1.0,33,0,2.2599160704210712,1.9623049419776808,2.562380775562633,0.6000758335849523,1.6665432989741582,2.871368974346744,False,0,0.6325010963337263,1.0,2.5,C_ref,2026-09-18 18:03:24,2026-09-19 00:19:32
pretrained_e05,0,1.0,1.0,34,0,2.336349032602816,2.039687204028924,2.638648180288749,0.5989609762598254,1.7461516595985929,2.9481312005636062,False,0,0.2958557464335172,1.0,2.5,C_ref,2026-09-18 18:03:24,2026-09-19 00:19:32
pretrained_e05,0,1.0,1.0,35,0,2.28844111238446,1.9919277087754168,2.590473552575286,0.598545843799869,1.6982471926628764,2.899603544967943,False,0,0.4937696763990971,1.0,2.5,C_ref,2026-09-18 18:03:24,2026-09-19 00:19:32
pretrained_e05,0,1.0,1.0,36,0,2.406050592624109,2.1092154648584827,2.708718076557386,0.5995026116989033,1.8159187715696516,3.0186483710659577,False,0,0.0976427855021029,1.0,2.5,C_ref,2026-09-18 18:03:24,2026-09-19 00:19:32
pretrained_e05,0,1.0,1.0,37,0,2.4164222842803817,2.121347817969828,2.717846656588476,0.5964988386186483,1.8305939437962584,3.02690348338691,False,0,0.0780411078048928,1.0,2.5,C_ref,2026-09-18 18:03:24,2026-09-19 00:19:32
pretrained_e05,0,1.0,1.0,38,0,2.4495103559230897,2.1539673395967123,2.7513214392311007,0.5973540996343885,1.862560384313197,3.060699483883768,False,0,0.0285184270433092,1.0,2.5,C_ref,2026-09-18 18:03:24,2026-09-19 00:19:32
pretrained_e05,0,1.0,1.0,39,0,2.2688931666940686,1.97202270484896,2.571172080005157,0.5991493751561972,1.677743481042558,2.8805288233406303,False,0,0.587418296468968,1.0,2.5,C_ref,2026-09-18 18:03:24,2026-09-19 00:19:32
pretrained_e05,0,1.0,1.0,40,0,2.374342294229924,2.0762808144457923,2.678158697437717,0.6018778829919249,1.781487175898132,2.9892003579435125,False,0,0.1730461198385455,1.0,2.5,C_ref,2026-09-18 18:03:24,2026-09-19 00:19:32
pretrained_e05,0,1.0,1.0,41,0,2.251416288839652,1.953250930612488,2.554435964096781,0.6011850334842928,1.6567686015782932,2.864202391346544,False,0,0.6752321861495147,1.0,2.5,C_ref,2026-09-18 18:03:24,2026-09-19 00:19:32
pretrained_e05,0,1.0,1.0,42,0,2.3935226534324205,2.0974087844287945,2.695695427977192,0.5982866435483971,1.8051241875439856,3.005335702429386,False,0,0.1258383027889067,1.0,2.5,C_ref,2026-09-18 18:03:24,2026-09-19 00:19:32
pretrained_e05,0,1.0,1.0,43,0,2.263663653317925,1.9665051941683516,2.566017664449231,0.5995124702808798,1.6716023410463825,2.8753055347605345,False,0,0.6135650858232111,1.0,2.5,C_ref,2026-09-18 18:03:24,2026-09-19 00:19:32
pretrained_e05,0,1.0,1.0,44,0,2.261374210040615,1.9654143933018924,2.563066082425449,0.5976516891235568,1.6725935690588576,2.8720648255757024,False,0,0.6283858056995086,1.0,2.5,C_ref,2026-09-18 18:03:24,2026-09-19 00:19:32
pretrained_e05,0,1.0,1.0,45,0,2.199404895601228,1.9003222754590223,2.502879046562105,0.6025567711030826,1.602102162057171,2.812851603707436,False,0,0.9810865942235978,1.0,2.5,C_ref,2026-09-18 18:03:24,2026-09-19 00:19:32
pretrained_e05,0,1.0,1.0,46,0,2.351701970017128,2.0530296603377325,2.655723518783096,0.6026938584453632,1.7569703539767665,2.9667712915316744,False,0,0.2403880641431897,1.0,2.5,C_ref,2026-09-18 18:03:24,2026-09-19 00:19:32
pretrained_e05,0,1.0,1.0,47,0,2.397763028112148,2.102783355899525,2.699103891845352,0.5963205359458268,1.8120311917724528,3.0080796646109182,False,0,0.1168378469374147,1.0,2.5,C_ref,2026-09-18 18:03:24,2026-09-19 00:19:32
pretrained_e10,0,0.01,0.01,0,0,0.1405667088577993,0.0586096614540815,0.2848274003266895,0.226217738872608,0.0160657870668029,0.5323027328861383,False,0,2.324101719837927,0.0,0.4,C_ref,2026-09-18 04:06:09,2026-09-18 04:51:47
pretrained_e10,0,0.01,0.01,1,0,0.1391972445387989,0.0572704337194028,0.2860751166930733,0.2288046829736704,0.0151861785922297,0.5445725920375696,False,0,2.257383428324829,0.0,0.4,C_ref,2026-09-18 04:06:09,2026-09-18 04:51:47
pretrained_e10,0,0.01,0.01,2,0,0.1077707845514178,0.0402339887155579,0.2307438428302007,0.1905098541146427,0.0089504641567792,0.4628125411152874,False,0,3.188156489417452,0.0,0.4,C_ref,2026-09-18 04:06:09,2026-09-18 04:51:47
pretrained_e10,0,0.01,0.01,3,0,0.1038371749747367,0.0384819444244634,0.2231898943802073,0.1847079499557438,0.0085834717459284,0.4474527659250862,False,0,3.3682342402062204,0.0,0.4,C_ref,2026-09-18 04:06:09,2026-09-18 04:51:47
pretrained_e10,0,0.01,0.01,4,0,0.1039951357626285,0.0396037704128536,0.2177148056186906,0.178111035205837,0.0090117876378492,0.420486241816936,False,0,3.691929933549545,0.0,0.4,C_ref,2026-09-18 04:06:09,2026-09-18 04:51:47
pretrained_e10,0,0.01,0.01,5,0,0.1453816640512741,0.0599971835264753,0.2992375271068075,0.2392403435803322,0.0164098289053103,0.5680032078181697,False,0,2.05715736716229,0.0,0.4,C_ref,2026-09-18 04:06:09,2026-09-18 04:51:47
pretrained_e10,0,0.01,0.01,6,0,0.1360365380121931,0.0563896072223543,0.2769089280282484,0.220519320805894,0.0150282846851269,0.5206506733364248,False,0,2.449215019274561,0.0,0.4,C_ref,2026-09-18 04:06:09,2026-09-18 04:51:47
pretrained_e10,0,0.01,0.01,7,0,0.1011618865316969,0.0379519391197912,0.212339737411509,0.1743877982917178,0.008550477059539,0.4064923749223141,False,0,3.896627223723044,0.0,0.4,C_ref,2026-09-18 04:06:09,2026-09-18 04:51:47
pretrained_e10,0,0.01,0.01,8,0,0.1231833226003465,0.0489190120960085,0.2568355454745864,0.2079165333785778,0.0114291396195039,0.5026744418724188,False,0,2.7229904269916005,0.0,0.4,C_ref,2026-09-18 04:06:09,2026-09-18 04:51:47
pretrained_e10,0,0.01,0.01,9,0,0.1129047712451177,0.0444949953710571,0.2329962179757732,0.188501222604716,0.0097522569439774,0.4425077439186978,False,0,3.3695722777410992,0.0,0.4,C_ref,2026-09-18 04:06:09,2026-09-18 04:51:47
pretrained_e10,0,0.01,0.01,10,0,0.1166578955469227,0.0452338286453078,0.2470844318128539,0.201850603167546,0.0097326795207881,0.4903151482819138,False,0,2.871578540343762,0.0,0.4,C_ref,2026-09-18 04:06:09,2026-09-18 04:51:47
pretrained_e10,0,0.01,0.01,11,0,0.103870860496795,0.0385223551457182,0.2204580814794325,0.1819357263337143,0.0085297027978875,0.4267267322328666,False,0,3.601712367591972,0.0,0.4,C_ref,2026-09-18 04:06:09,2026-09-18 04:51:47
pretrained_e10,0,0.01,0.01,12,0,0.0924155828663381,0.0323203681066323,0.2028930644553816,0.1705726963487492,0.0072149299138155,0.4121455076002736,False,0,3.8301041698650806,0.0,0.4,C_ref,2026-09-18 04:06:09,2026-09-18 04:51:47
pretrained_e10,0,0.01,0.01,13,0,0.1203246730463175,0.0467485266576346,0.254541908750971,0.2077933820933363,0.0099288790809223,0.5044535508766778,False,0,2.7253632700740127,0.0,0.4,C_ref,2026-09-18 04:06:09,2026-09-18 04:51:47
pretrained_e10,0,0.01,0.01,14,0,0.1331218218497144,0.0548772230696871,0.2708373418876449,0.2159601188179578,0.0143543606426467,0.507955233146641,False,0,2.574368857032823,0.0,0.4,C_ref,2026-09-18 04:06:09,2026-09-18 04:51:47
pretrained_e10,0,0.01,0.01,15,0,0.1165760353925237,0.0452279392635058,0.2459154880866444,0.2006875488231386,0.009729214212202,0.4820676669294979,False,0,2.9368798695650185,0.0,0.4,C_ref,2026-09-18 04:06:09,2026-09-18 04:51:47
pretrained_e10,0,0.01,0.01,16,0,0.1350161421268041,0.0542494560165857,0.2883609582949063,0.2341115022783206,0.0135940238684534,0.5907675578426854,False,0,2.0652677061152644,0.0,0.4,C_ref,2026-09-18 04:06:09,2026-09-18 04:51:47
pretrained_e10,0,0.01,0.01,17,0,0.1199945134970238,0.0485342432870546,0.2426651714208053,0.1941309281337507,0.0116266414311583,0.4488780002378973,False,0,3.2488771689750138,0.0,0.4,C_ref,2026-09-18 04:06:09,2026-09-18 04:51:47
pretrained_e10,0,0.01,0.01,18,0,0.1030456048022536,0.0384950666907583,0.2178628962631475,0.1793678295723891,0.0086189140451699,0.421179642699217,False,0,3.680022242308041,0.0,0.4,C_ref,2026-09-18 04:06:09,2026-09-18 04:51:47
pretrained_e10,0,0.01,0.01,19,0,0.1167377182663829,0.0451998047742161,0.2478772501964611,0.202677445422245,0.0097252406716586,0.4946927638984796,False,0,2.838361646161502,0.0,0.4,C_ref,2026-09-18 04:06:09,2026-09-18 04:51:47
pretrained_e10,0,0.01,0.01,20,0,0.1505122078433037,0.0645889772438204,0.2991895466467291,0.2346005694029086,0.0185030002577422,0.5444142100612234,False,0,2.144712290020834,0.0,0.4,C_ref,2026-09-18 04:06:09,2026-09-18 04:51:47
pretrained_e10,0,0.01,0.01,21,0,0.1323558373502503,0.0523680680218528,0.2838407613425442,0.2314726933206913,0.0126528712205686,0.5850893813540765,False,0,2.134264495845855,0.0,0.4,C_ref,2026-09-18 04:06:09,2026-09-18 04:51:47
pretrained_e10,0,0.01,0.01,22,0,0.135125343373428,0.0554578231098641,0.2774602996518492,0.222002476541985,0.0144394953014657,0.5257733008419769,False,0,2.420034105995001,0.0,0.4,C_ref,2026-09-18 04:06:09,2026-09-18 04:51:47
pretrained_e10,0,0.01,0.01,23,0,0.1106379882049962,0.0429402318809711,0.2294261916637631,0.1864859597827921,0.0094593256717867,0.4356893307082846,False,0,3.460512709796604,0.0,0.4,C_ref,2026-09-18 04:06:09,2026-09-18 04:51:47
pretrained_e10,0,0.01,0.01,24,0,0.1196711707978346,0.0478332930441699,0.2451704027587304,0.1973371097145604,0.0110012843370105,0.4621747944317644,False,0,3.1042138547854847,0.0,0.4,C_ref,2026-09-18 04:06:09,2026-09-18 04:51:47
pretrained_e10,0,0.01,0.01,25,0,0.1495072359447622,0.0653341259000689,0.2933208719174774,0.2279867460174084,0.0192611237381324,0.5284041587849123,False,0,2.269510888465448,0.0,0.4,C_ref,2026-09-18 04:06:09,2026-09-18 04:51:47
pretrained_e10,0,0.01,0.01,26,0,0.1403681251958459,0.0586048340857437,0.2861653753064107,0.2275605412206669,0.016162580844762,0.5449666510489021,False,0,2.256825494692748,0.0,0.4,C_ref,2026-09-18 04:06:09,2026-09-18 04:51:47
pretrained_e10,0,0.01,0.01,27,0,0.1180504200154,0.0477323329506666,0.2207125585518937,0.1729802256012271,0.0112111632409863,0.4320099142730752,False,0,3.5128507715235173,0.0,0.4,C_ref,2026-09-18 04:06:09,2026-09-18 04:51:47
pretrained_e10,0,0.01,0.01,28,0,0.1186960616331618,0.0466477490931661,0.2493970780186535,0.2027493289254874,0.0100779559074365,0.4945507298174308,False,0,2.825577888226689,0.0,0.4,C_ref,2026-09-18 04:06:09,2026-09-18 04:51:47
pretrained_e10,0,0.01,0.01,29,0,0.13111096819304,0.0528060578793473,0.2730544906878369,0.2202484328084895,0.0131513242456217,0.5317757162083525,False,0,2.4292861712638114,0.0,0.4,C_ref,2026-09-18 04:06:09,2026-09-18 04:51:47
pretrained_e10,0,0.01,0.01,30,0,0.2026561379317323,0.0901482685896038,0.4081218317406847,0.3179735631510809,0.0300870453147393,0.7185436779553209,False,0,0.939722468105174,1.0,0.4,C_ref,2026-09-18 04:06:09,2026-09-18 04:51:47
pretrained_e10,0,0.01,0.01,31,0,0.1067883252729752,0.0396898175501792,0.2280848385502361,0.1883950210000568,0.0088107563999075,0.450635052256638,False,0,3.309975460437272,0.0,0.4,C_ref,2026-09-18 04:06:09,2026-09-18 04:51:47
pretrained_e10,0,0.01,0.01,32,0,0.1228370688711099,0.0485440472187072,0.255465402386507,0.2069213551677997,0.0110337241679436,0.4915495593613755,False,0,2.7990944658231456,0.0,0.4,C_ref,2026-09-18 04:06:09,2026-09-18 04:51:47
pretrained_e10,0,0.01,0.01,33,0,0.1262015068236576,0.0517891094557888,0.2550274272534857,0.2032383177976968,0.0132363390044486,0.4737678379229094,False,0,2.9375830786448205,0.0,0.4,C_ref,2026-09-18 04:06:09,2026-09-18 04:51:47
pretrained_e10,0,0.01,0.01,34,0,0.1440933756312961,0.0598248389806954,0.2945196445915846,0.2346948056108891,0.0164551794246182,0.5557896821366917,False,0,2.1409261955996044,0.0,0.4,C_ref,2026-09-18 04:06:09,2026-09-18 04:51:47
pretrained_e10,0,0.01,0.01,35,0,0.1057276174086058,0.0401065721875106,0.2214381378895875,0.1813315657020768,0.0090359227066254,0.4245382931062704,False,0,3.6266862881057023,0.0,0.4,C_ref,2026-09-18 04:06:09,2026-09-18 04:51:47
pretrained_e10,0,0.01,0.01,36,0,0.0962409773930239,0.0354322296449341,0.2049014875030548,0.1694692578581207,0.0080134789719341,0.3968800836764497,False,0,4.04963226756081,0.0,0.4,C_ref,2026-09-18 04:06:09,2026-09-18 04:51:47
pretrained_e10,0,0.01,0.01,37,0,0.1171567268680059,0.0454217351075746,0.2475887681283783,0.2021670330208036,0.0097530830994019,0.4865293328963829,False,0,2.890848154667765,0.0,0.4,C_ref,2026-09-18 04:06:09,2026-09-18 04:51:47
pretrained_e10,0,0.01,0.01,38,0,0.1111784333211256,0.0426844738209816,0.2341731342612503,0.1914886604402687,0.0093683530825734,0.4597928416393123,False,0,3.194684347254224,0.0,0.4,C_ref,2026-09-18 04:06:09,2026-09-18 04:51:47
pretrained_e10,0,0.01,0.01,39,0,0.1410728097504993,0.0582012880418815,0.2896760574607764,0.2314747694188949,0.0156718788018231,0.5506334740353882,False,0,2.203629091702169,0.0,0.4,C_ref,2026-09-18 04:06:09,2026-09-18 04:51:47
pretrained_e10,0,0.01,0.01,40,0,0.1190059177501247,0.0461344784943929,0.2539345760494119,0.207800097555019,0.0098681571560938,0.5128504875771781,False,0,2.6808352997722977,0.0,0.4,C_ref,2026-09-18 04:06:09,2026-09-18 04:51:47
pretrained_e10,0,0.01,0.01,41,0,0.1685246152045829,0.0736304463555657,0.3370392555770359,0.2634088092214701,0.0226368279685757,0.6152023838137575,False,0,1.6002923778287368,0.0,0.4,C_ref,2026-09-18 04:06:09,2026-09-18 04:51:47
pretrained_e10,0,0.01,0.01,42,0,0.1296816665110958,0.0519221415804098,0.271676058889953,0.2197539173095432,0.0128012684033718,0.534921389993201,False,0,2.4265124991325138,0.0,0.4,C_ref,2026-09-18 04:06:09,2026-09-18 04:51:47
pretrained_e10,0,0.01,0.01,43,0,0.1630342517035819,0.0711996209870201,0.3227207399758671,0.2515211189888469,0.0216198710292521,0.5835201131927219,False,0,1.8003025344150956,0.0,0.4,C_ref,2026-09-18 04:06:09,2026-09-18 04:51:47
pretrained_e10,0,0.01,0.01,44,0,0.1295465032459796,0.0533977343205772,0.2605716573219168,0.2071739230013395,0.0137658989527283,0.4792797412127418,False,0,2.8510798197930853,0.0,0.4,C_ref,2026-09-18 04:06:09,2026-09-18 04:51:47
pretrained_e10,0,0.01,0.01,45,0,0.1371191292533484,0.0564940437878017,0.2817724795808898,0.225278435793088,0.0149983009673953,0.5360609838258847,False,0,2.3323303547986143,0.0,0.4,C_ref,2026-09-18 04:06:09,2026-09-18 04:51:47
pretrained_e10,0,0.01,0.01,46,0,0.1497830439310763,0.063453137514584,0.3020125977258959,0.2385594602113119,0.0179175402166705,0.5594680197870628,False,0,2.0614678929741785,0.0,0.4,C_ref,2026-09-18 04:06:09,2026-09-18 04:51:47
pretrained_e10,0,0.01,0.01,47,0,0.1358056984667524,0.0558360115130835,0.2792045476648546,0.223368536151771,0.0146731552559994,0.5315949953574782,False,0,2.377570831940829,0.0,0.4,C_ref,2026-09-18 04:06:09,2026-09-18 04:51:47
pretrained_e10,0,0.01,0.01,0,0,0.0,,0.0043870955221171,,,0.0228580471227093,True,0,33.81578836275003,,2.5,C_ref,2026-09-18 04:06:09,2026-09-18 04:51:47
pretrained_e10,0,0.01,0.01,1,0,0.0,,0.003964862209898,,,0.020058491675031,True,0,32.01967973553474,,2.5,C_ref,2026-09-18 04:06:09,2026-09-18 04:51:47
pretrained_e10,0,0.01,0.01,2,0,0.0,,0.0029418433721001,,,0.0132716233476247,True,0,32.57063034657767,,2.5,C_ref,2026-09-18 04:06:09,2026-09-18 04:51:47
pretrained_e10,0,0.01,0.01,3,0,0.0,,0.002840800810026,,,0.012548071161025,True,0,33.08992022565508,,2.5,C_ref,2026-09-18 04:06:09,2026-09-18 04:51:47
pretrained_e10,0,0.01,0.01,4,0,0.0,,0.0031331586679931,,,0.0145590788795392,True,0,38.83650199172553,,2.5,C_ref,2026-09-18 04:06:09,2026-09-18 04:51:47
pretrained_e10,0,0.01,0.01,5,0,0.0,,0.004061556923678,,,0.0207561777875761,True,0,30.127874911639083,,2.5,C_ref,2026-09-18 04:06:09,2026-09-18 04:51:47
pretrained_e10,0,0.01,0.01,6,0,0.0,,0.0043861072536769,,,0.0228798429568524,True,0,34.15484781036139,,2.5,C_ref,2026-09-18 04:06:09,2026-09-18 04:51:47
pretrained_e10,0,0.01,0.01,7,0,0.0,,0.003102417236796,,,0.0143973160983886,True,0,40.140081008223206,,2.5,C_ref,2026-09-18 04:06:09,2026-09-18 04:51:47
pretrained_e10,0,0.01,0.01,8,0,0.0,,0.0035344677702226,,,0.0172776923268142,True,0,32.51558787895192,,2.5,C_ref,2026-09-18 04:06:09,2026-09-18 04:51:47
pretrained_e10,0,0.01,0.01,9,0,0.0,,0.003346549710988,,,0.0160390883330659,True,0,37.54121282887718,,2.5,C_ref,2026-09-18 04:06:09,2026-09-18 04:51:47
pretrained_e10,0,0.01,0.01,10,0,0.0,,0.00306790958412,,,0.0141738141056257,True,0,31.9944979564425,,2.5,C_ref,2026-09-18 04:06:09,2026-09-18 04:51:47
pretrained_e10,0,0.01,0.01,11,0,0.0,,0.0033459260125158,,,0.0161240659512501,True,0,37.78939183153852,,2.5,C_ref,2026-09-18 04:06:09,2026-09-18 04:51:47
pretrained_e10,0,0.01,0.01,12,0,0.0,,0.0025825092793984,,,0.0106333597079143,True,0,33.29442243639642,,2.5,C_ref,2026-09-18 04:06:09,2026-09-18 04:51:47
pretrained_e10,0,0.01,0.01,13,0,0.0,,0.0030837411591403,,,0.0143047722021756,True,0,30.91305065971028,,2.5,C_ref,2026-09-18 04:06:09,2026-09-18 04:51:47
pretrained_e10,0,0.01,0.01,14,0,0.0,,0.0038704506630786,,,0.0194195514452523,True,0,34.5055267528478,,2.5,C_ref,2026-09-18 04:06:09,2026-09-18 04:51:47
pretrained_e10,0,0.01,0.01,15,0,0.0,,0.0030733170082323,,,0.0142191129902877,True,0,32.41271707852138,,2.5,C_ref,2026-09-18 04:06:09,2026-09-18 04:51:47
pretrained_e10,0,0.01,0.01,16,0,0.0,,0.0030284262281756,,,0.0139173527711392,True,0,25.57151143804731,,2.5,C_ref,2026-09-18 04:06:09,2026-09-18 04:51:47
pretrained_e10,0,0.01,0.01,17,0,0.0,,0.0042240676728166,,,0.0216899651030922,True,0,41.087720222702046,,2.5,C_ref,2026-09-18 04:06:09,2026-09-18 04:51:47
pretrained_e10,0,0.01,0.01,18,0,0.0,,0.0029268350616143,,,0.0131708258546907,True,0,37.682358031474,,2.5,C_ref,2026-09-18 04:06:09,2026-09-18 04:51:47
pretrained_e10,0,0.01,0.01,19,0,0.0,,0.0032253101906562,,,0.0152615307544975,True,0,30.92864375259888,,2.5,C_ref,2026-09-18 04:06:09,2026-09-18 04:51:47
pretrained_e10,0,0.01,0.01,20,0,0.0,,0.0049530429468943,,,0.0264109795527342,True,0,34.25221396105189,,2.5,C_ref,2026-09-18 04:06:09,2026-09-18 04:51:47
pretrained_e10,0,0.01,0.01,21,0,0.0,,0.0031744402892091,,,0.0149211192107313,True,0,26.630690018235327,,2.5,C_ref,2026-09-18 04:06:09,2026-09-18 04:51:47
pretrained_e10,0,0.01,0.01,22,0,0.0,,0.0039064365592715,,,0.0196951718200205,True,0,32.776594765175105,,2.5,C_ref,2026-09-18 04:06:09,2026-09-18 04:51:47
pretrained_e10,0,0.01,0.01,23,0,0.0,,0.0034536204859823,,,0.0167623442859636,True,0,38.82767697071176,,2.5,C_ref,2026-09-18 04:06:09,2026-09-18 04:51:47
pretrained_e10,0,0.01,0.01,24,0,0.0,,0.0037174559853608,,,0.0184525299252034,True,0,37.16400139086909,,2.5,C_ref,2026-09-18 04:06:09,2026-09-18 04:51:47
pretrained_e10,0,0.01,0.01,25,0,0.0,,0.0055229385264108,,,0.0292202226531218,True,0,37.13437051185974,,2.5,C_ref,2026-09-18 04:06:09,2026-09-18 04:51:47
pretrained_e10,0,0.01,0.01,26,0,0.0,,0.0041416789018349,,,0.0211715818449731,True,0,32.405364362402906,,2.5,C_ref,2026-09-18 04:06:09,2026-09-18 04:51:47
pretrained_e10,0,0.01,0.01,27,0,0.0,,0.0037014882891669,,,0.0183233634182601,True,0,39.43240459623121,,2.5,C_ref,2026-09-18 04:06:09,2026-09-18 04:51:47
pretrained_e10,0,0.01,0.01,28,0,0.0,,0.0032566857165806,,,0.0154645559510126,True,0,32.244474227722094,,2.5,C_ref,2026-09-18 04:06:09,2026-09-18 04:51:47
pretrained_e10,0,0.01,0.01,29,0,0.0,,0.0038096161091111,,,0.0190564172362428,True,0,31.630554237992328,,2.5,C_ref,2026-09-18 04:06:09,2026-09-18 04:51:47
pretrained_e10,0,0.01,0.01,30,0,0.0,,0.0054637848715593,,,0.0292390653277777,True,0,24.746929578730487,,2.5,C_ref,2026-09-18 04:06:09,2026-09-18 04:51:47
pretrained_e10,0,0.01,0.01,31,0,0.0,,0.0030627904270671,,,0.0141442318086624,True,0,34.390378188883915,,2.5,C_ref,2026-09-18 04:06:09,2026-09-18 04:51:47
pretrained_e10,0,0.01,0.01,32,0,0.0,,0.0034981418794067,,,0.0171033834865146,True,0,33.62430164615944,,2.5,C_ref,2026-09-18 04:06:09,2026-09-18 04:51:47
pretrained_e10,0,0.01,0.01,33,0,0.0,,0.0042429186378354,,,0.0218277138565979,True,0,38.340155059871904,,2.5,C_ref,2026-09-18 04:06:09,2026-09-18 04:51:47
pretrained_e10,0,0.01,0.01,34,0,0.0,,0.0043754144355638,,,0.0228290715514716,True,0,31.78287974849445,,2.5,C_ref,2026-09-18 04:06:09,2026-09-18 04:51:47
pretrained_e10,0,0.01,0.01,35,0,0.0,,0.0034725010053778,,,0.0168706584247004,True,0,39.95417786379039,,2.5,C_ref,2026-09-18 04:06:09,2026-09-18 04:51:47
pretrained_e10,0,0.01,0.01,36,0,0.0,,0.002848642693208,,,0.0125996732254581,True,0,39.62560841423328,,2.5,C_ref,2026-09-18 04:06:09,2026-09-18 04:51:47
pretrained_e10,0,0.01,0.01,37,0,0.0,,0.0030923206082736,,,0.0143512444154546,True,0,32.81896450862769,,2.5,C_ref,2026-09-18 04:06:09,2026-09-18 04:51:47
pretrained_e10,0,0.01,0.01,38,0,0.0,,0.0030084110518373,,,0.0137494277661208,True,0,33.69522856860931,,2.5,C_ref,2026-09-18 04:06:09,2026-09-18 04:51:47
pretrained_e10,0,0.01,0.01,39,0,0.0,,0.0039433226707619,,,0.0198964922949102,True,0,31.094426889289025,,2.5,C_ref,2026-09-18 04:06:09,2026-09-18 04:51:47
pretrained_e10,0,0.01,0.01,40,0,0.0,,0.0031973208006248,,,0.0150629075233783,True,0,30.366918679934315,,2.5,C_ref,2026-09-18 04:06:09,2026-09-18 04:51:47
pretrained_e10,0,0.01,0.01,41,0,0.0,,0.0051305179418783,,,0.0273703728149948,True,0,29.82368220299759,,2.5,C_ref,2026-09-18 04:06:09,2026-09-18 04:51:47
pretrained_e10,0,0.01,0.01,42,0,0.0,,0.0032765569096795,,,0.0156047218043749,True,0,29.79369595076423,,2.5,C_ref,2026-09-18 04:06:09,2026-09-18 04:51:47
pretrained_e10,0,0.01,0.01,43,0,0.0,,0.0052380114895847,,,0.0279903910895518,True,0,31.84036279362772,,2.5,C_ref,2026-09-18 04:06:09,2026-09-18 04:51:47
pretrained_e10,0,0.01,0.01,44,0,0.0,,0.0042980970436412,,,0.0223110928038311,True,0,37.6712356523567,,2.5,C_ref,2026-09-18 04:06:09,2026-09-18 04:51:47
pretrained_e10,0,0.01,0.01,45,0,0.0,,0.0043512091830129,,,0.0226024965456251,True,0,32.970321189226524,,2.5,C_ref,2026-09-18 04:06:09,2026-09-18 04:51:47
pretrained_e10,0,0.01,0.01,46,0,0.0,,0.0043148866013961,,,0.0224528831617298,True,0,31.40690111821459,,2.5,C_ref,2026-09-18 04:06:09,2026-09-18 04:51:47
pretrained_e10,0,0.01,0.01,47,0,0.0,,0.0036137416211394,,,0.0178378988733165,True,0,32.11398436712261,,2.5,C_ref,2026-09-18 04:06:09,2026-09-18 04:51:47
pretrained_e10,0,0.03,0.03,0,0,0.0858234183494798,0.0610533424326919,0.0950325274764784,0.0339791850437865,,0.2927128645412131,False,0,6.286595013934857,0.0,0.4,C_ref,2026-09-18 05:41:47,2026-09-18 06:34:10
pretrained_e10,0,0.03,0.03,1,0,0.0,,0.0018950698038893,,,0.0075802792155574,True,0,22.48093501108451,,0.4,C_ref,2026-09-18 05:41:47,2026-09-18 06:34:10
pretrained_e10,0,0.03,0.03,2,0,0.0271683648116745,0.0163509970458822,0.0398053462778457,0.0234543492319635,0.0070263520071975,0.0662864266872461,False,0,12.652013814742531,0.0,0.4,C_ref,2026-09-18 05:41:47,2026-09-18 06:34:10
pretrained_e10,0,0.03,0.03,3,0,0.0,,0.0023691544454295,,,0.0094766177817181,True,0,17.261575516185985,,0.4,C_ref,2026-09-18 05:41:47,2026-09-18 06:34:10
pretrained_e10,0,0.03,0.03,4,0,0.0393350490501338,0.0279827710564583,0.0997977365179806,0.0718149654615222,,0.1592645626986744,False,0,7.916930175211746,0.0,0.4,C_ref,2026-09-18 05:41:47,2026-09-18 06:34:10
pretrained_e10,0,0.03,0.03,5,0,0.1055915288445827,0.0704530346600945,0.1165127983885458,0.0460597637284513,0.0269099852268308,0.2384215413430555,False,0,6.286401390196261,0.0,0.4,C_ref,2026-09-18 05:41:47,2026-09-18 06:34:10
pretrained_e10,0,0.03,0.03,6,0,0.0135349017238693,0.0064383246036239,0.0266699045100146,0.0202315799063906,,0.0327973150699101,False,0,20.8681913569526,0.0,0.4,C_ref,2026-09-18 05:41:47,2026-09-18 06:34:10
pretrained_e10,0,0.03,0.03,7,0,0.0126988745213176,0.0052233898182392,0.0241960750774219,0.0189726852591826,,0.0693208083566888,False,0,8.134342662666313,0.0,0.4,C_ref,2026-09-18 05:41:47,2026-09-18 06:34:10
pretrained_e10,0,0.03,0.03,8,0,0.0,,0.0007568435228449,,,0.0030273740913799,True,0,32.6304188804279,,0.4,C_ref,2026-09-18 05:41:47,2026-09-18 06:34:10
pretrained_e10,0,0.03,0.03,9,0,0.0577974785617922,0.0448945861377571,0.0669876989908692,0.0220931128531121,,0.2170328805040934,False,0,7.978620451976894,0.0,0.4,C_ref,2026-09-18 05:41:47,2026-09-18 06:34:10
pretrained_e10,0,0.03,0.03,10,0,0.0,,0.0008353795093044,,,0.0033415180372177,True,0,84.32534771379869,,0.4,C_ref,2026-09-18 05:41:47,2026-09-18 06:34:10
pretrained_e10,0,0.03,0.03,11,0,0.0385844121353338,0.0294084288822905,0.0460751354215727,0.0166667065392821,0.0119767924115204,0.1832061573575989,False,0,8.490149393801403,0.0,0.4,C_ref,2026-09-18 05:41:47,2026-09-18 06:34:10
pretrained_e10,0,0.03,0.03,12,0,0.0,,0.0225241431952592,,,0.0554384150184077,True,0,25.873554969421093,,0.4,C_ref,2026-09-18 05:41:47,2026-09-18 06:34:10
pretrained_e10,0,0.03,0.03,13,0,0.0175583172168516,0.0118142085948868,0.0228141284297525,0.0109999198348656,,0.0365645868334792,False,0,35.349443096132745,0.0,0.4,C_ref,2026-09-18 05:41:47,2026-09-18 06:34:10
pretrained_e10,0,0.03,0.03,14,0,0.0,,0.0006691874220928,,,0.0026767496883714,True,0,22.690200532073504,,0.4,C_ref,2026-09-18 05:41:47,2026-09-18 06:34:10
pretrained_e10,0,0.03,0.03,15,0,0.0475872914309537,0.0223020178237568,0.0577164564026618,0.0354144385789049,0.007416954903991,0.0689763636348682,False,0,18.040202400425187,0.0,0.4,C_ref,2026-09-18 05:41:47,2026-09-18 06:34:10
pretrained_e10,0,0.03,0.03,16,0,0.0,,0.0004115263798346,,,0.0016461055193387,True,0,57.84874403713548,,0.4,C_ref,2026-09-18 05:41:47,2026-09-18 06:34:10
pretrained_e10,0,0.03,0.03,17,0,0.0299909258934883,0.0177808567148774,0.0910326664796237,0.0732518097647463,,0.0966460190919403,False,0,8.869389755811426,0.0,0.4,C_ref,2026-09-18 05:41:47,2026-09-18 06:34:10
pretrained_e10,0,0.03,0.03,18,0,0.0,,0.0018424274178065,,,0.0073697096712261,True,0,23.28507397456269,,0.4,C_ref,2026-09-18 05:41:47,2026-09-18 06:34:10
pretrained_e10,0,0.03,0.03,19,0,0.0195084424672248,0.0143022818321679,0.0246776956083624,0.0103754137761945,0.0049944642205702,0.059025809126814,False,0,19.91212923179773,0.0,0.4,C_ref,2026-09-18 05:41:47,2026-09-18 06:34:10
pretrained_e10,0,0.03,0.03,20,0,0.0762529544867276,0.0433599249238422,0.0868405688081897,0.0434806438843474,0.0178459399892753,0.1504801540570786,False,0,16.373758971742063,0.0,0.4,C_ref,2026-09-18 05:41:47,2026-09-18 06:34:10
pretrained_e10,0,0.03,0.03,21,0,0.0272560448269006,0.0171464345179707,0.036196718291646,0.0190502837736752,,0.1124749728432151,False,0,26.342064033997303,0.0,0.4,C_ref,2026-09-18 05:41:47,2026-09-18 06:34:10
pretrained_e10,0,0.03,0.03,22,0,0.0170143606103029,0.0127903548706791,0.0218186177028608,0.0090282628321816,,0.0272744708114434,False,0,19.63007067831495,0.0,0.4,C_ref,2026-09-18 05:41:47,2026-09-18 06:34:10
pretrained_e10,0,0.03,0.03,23,0,0.0,,0.0100152562721689,,,0.0135014407339481,True,0,15.870571817427845,,0.4,C_ref,2026-09-18 05:41:47,2026-09-18 06:34:10
pretrained_e10,0,0.03,0.03,24,0,0.0469218564154083,0.0360945867312459,0.0538422980300789,0.017747711298833,,0.0921026464583714,False,0,12.12118396151709,0.0,0.4,C_ref,2026-09-18 05:41:47,2026-09-18 06:34:10
pretrained_e10,0,0.03,0.03,25,0,0.0977225806356165,0.0582098619815166,0.1424034692866864,0.0841936073051698,0.0191875565914791,0.1710130880196508,False,0,10.072428828658303,0.0,0.4,C_ref,2026-09-18 05:41:47,2026-09-18 06:34:10
pretrained_e10,0,0.03,0.03,26,0,0.0,,0.0019361850621225,,,0.0077447402484903,True,0,15.79001009762942,,0.4,C_ref,2026-09-18 05:41:47,2026-09-18 06:34:10
pretrained_e10,0,0.03,0.03,27,0,0.0,,0.0085360637772458,,,0.0301409724448517,True,0,23.698943460138253,,0.4,C_ref,2026-09-18 05:41:47,2026-09-18 06:34:10
pretrained_e10,0,0.03,0.03,28,0,0.0918947947984243,0.0461422047234399,0.107706909764702,0.061564705041262,0.0188118009071821,0.1200717180394864,False,0,22.994212450521445,0.0,0.4,C_ref,2026-09-18 05:41:47,2026-09-18 06:34:10
pretrained_e10,0,0.03,0.03,29,0,0.0,,0.0025160929585698,,,0.0291641539331762,True,0,13.891990447471471,,0.4,C_ref,2026-09-18 05:41:47,2026-09-18 06:34:10
pretrained_e10,0,0.03,0.03,30,0,0.008955627252296,,0.0165454561370398,,,0.0480191654931697,False,0,15.80773616611259,,0.4,C_ref,2026-09-18 05:41:47,2026-09-18 06:34:10
pretrained_e10,0,0.03,0.03,31,0,0.0,,0.003278546751912,,,0.0226116605841269,True,0,17.9450680411137,,0.4,C_ref,2026-09-18 05:41:47,2026-09-18 06:34:10
pretrained_e10,0,0.03,0.03,32,0,0.0081672835432001,0.0007352470338798,0.0142946461757834,0.0135593991419035,,0.0534926763773502,False,0,19.134183153269987,0.0,0.4,C_ref,2026-09-18 05:41:47,2026-09-18 06:34:10
pretrained_e10,0,0.03,0.03,33,0,0.0074827376193828,0.0072396299214929,0.0109116716020181,0.0036720416805251,,0.0136466864080726,False,0,15.128660827787826,0.0,0.4,C_ref,2026-09-18 05:41:47,2026-09-18 06:34:10
pretrained_e10,0,0.03,0.03,34,0,0.9863659722316868,0.977792962284957,1.0385050673949998,0.0607121051100427,0.971028664778097,1.1383061946106623,False,0,5.538679737346683,0.0,0.4,C_ref,2026-09-18 05:41:47,2026-09-18 06:34:10
pretrained_e10,0,0.03,0.03,35,0,0.0090284723164727,0.0044179122754134,0.0137657509197607,0.0093478386443473,,0.0309050203969223,False,0,29.386238774659432,0.0,0.4,C_ref,2026-09-18 05:41:47,2026-09-18 06:34:10
pretrained_e10,0,0.03,0.03,36,0,0.0065565070029414,0.0037657883364632,0.0111492393154699,0.0073834509790066,,0.0145969572618796,False,0,36.49215944948082,0.0,0.4,C_ref,2026-09-18 05:41:47,2026-09-18 06:34:10
pretrained_e10,0,0.03,0.03,37,0,0.0,,0.001559411881456,,,0.0062376475258242,True,0,12.318396046292037,,0.4,C_ref,2026-09-18 05:41:47,2026-09-18 06:34:10
pretrained_e10,0,0.03,0.03,38,0,0.0,,0.0031063032165595,,,0.0227329925601309,True,0,22.06102966239632,,0.4,C_ref,2026-09-18 05:41:47,2026-09-18 06:34:10
pretrained_e10,0,0.03,0.03,39,0,0.0,,0.000865835897342,,,0.0034633435893682,True,0,26.590861441844027,,0.4,C_ref,2026-09-18 05:41:47,2026-09-18 06:34:10
pretrained_e10,0,0.03,0.03,40,0,0.0,,0.000524337139204,,,0.0020973485568162,True,0,24.8049422667209,,0.4,C_ref,2026-09-18 05:41:47,2026-09-18 06:34:10
pretrained_e10,0,0.03,0.03,41,0,0.9046265556074398,0.8699164500499451,0.9587215642208786,0.0888051141709335,0.865695312648032,1.0688019794543662,False,0,7.2898958262230735,0.0,0.4,C_ref,2026-09-18 05:41:47,2026-09-18 06:34:10
pretrained_e10,0,0.03,0.03,42,0,0.0533771087147356,0.0345456549214767,0.0652888987587203,0.0307432438372435,0.0133528595038291,0.0907445808895616,False,0,19.68757007095701,0.0,0.4,C_ref,2026-09-18 05:41:47,2026-09-18 06:34:10
pretrained_e10,0,0.03,0.03,43,0,0.0099219666781894,0.006985905972942,0.0129214598302044,0.0059355538572624,,0.0393503048108001,False,0,7.783754109630536,0.0,0.4,C_ref,2026-09-18 05:41:47,2026-09-18 06:34:10
pretrained_e10,0,0.03,0.03,44,0,0.0,,0.0110875616259485,,,0.0195745780726954,True,0,22.031966137186828,,0.4,C_ref,2026-09-18 05:41:47,2026-09-18 06:34:10
pretrained_e10,0,0.03,0.03,45,0,0.1759628112124258,0.079119152016837,0.2076709432599411,0.1285517912431041,0.0085472469032245,0.3439829459762004,False,0,4.83871375002127,0.0,0.4,C_ref,2026-09-18 05:41:47,2026-09-18 06:34:10
pretrained_e10,0,0.03,0.03,46,0,0.0,,0.0017728960301844,,,0.0070915841207378,True,0,16.797780449764105,,0.4,C_ref,2026-09-18 05:41:47,2026-09-18 06:34:10
pretrained_e10,0,0.03,0.03,47,0,0.0,,0.0010657558397963,,,0.0042630233591854,True,0,14.532613750714518,,0.4,C_ref,2026-09-18 05:41:47,2026-09-18 06:34:10
pretrained_e10,0,0.03,0.03,0,0,0.0,,0.0004810700048444,,,0.0019242800193778,True,0,61.37432813597479,,2.5,C_ref,2026-09-18 05:41:47,2026-09-18 06:34:10
pretrained_e10,0,0.03,0.03,1,0,0.0,,0.0003847251194752,,,0.0015389004779011,True,0,52.96511245123838,,2.5,C_ref,2026-09-18 05:41:47,2026-09-18 06:34:10
pretrained_e10,0,0.03,0.03,2,0,0.0,,0.0036600782503644,,,0.020312050260655,True,0,55.12235369865812,,2.5,C_ref,2026-09-18 05:41:47,2026-09-18 06:34:10
pretrained_e10,0,0.03,0.03,3,0,0.0,,0.0004294378592855,,,0.0017177514371423,True,0,53.493089912855794,,2.5,C_ref,2026-09-18 05:41:47,2026-09-18 06:34:10
pretrained_e10,0,0.03,0.03,4,0,0.0,,0.0005865496013009,,,0.0023461984052039,True,0,64.72708181763664,,2.5,C_ref,2026-09-18 05:41:47,2026-09-18 06:34:10
pretrained_e10,0,0.03,0.03,5,0,0.0,,0.0005318924015467,,,0.0021275696061868,True,0,57.902675974452,,2.5,C_ref,2026-09-18 05:41:47,2026-09-18 06:34:10
pretrained_e10,0,0.03,0.03,6,0,0.0,,0.0008907891190682,,,0.0035631564762728,True,0,59.06123056685101,,2.5,C_ref,2026-09-18 05:41:47,2026-09-18 06:34:10
pretrained_e10,0,0.03,0.03,7,0,0.0,,0.0008425063774815,,,0.0033700255099261,True,0,53.01446769178801,,2.5,C_ref,2026-09-18 05:41:47,2026-09-18 06:34:10
pretrained_e10,0,0.03,0.03,8,0,0.0,,0.0002278883552763,,,0.0009115534211053,True,0,50.69766344339951,,2.5,C_ref,2026-09-18 05:41:47,2026-09-18 06:34:10
pretrained_e10,0,0.03,0.03,9,0,0.0,,0.0007746105637527,,,0.003098442255011,True,0,49.77339777321322,,2.5,C_ref,2026-09-18 05:41:47,2026-09-18 06:34:10
pretrained_e10,0,0.03,0.03,10,0,0.0,,0.0002638336630507,,,0.0010553346522028,True,0,44.6774348229701,,2.5,C_ref,2026-09-18 05:41:47,2026-09-18 06:34:10
pretrained_e10,0,0.03,0.03,11,0,0.0,,0.0005565521556213,,,0.0022262086224854,True,0,56.12134485698698,,2.5,C_ref,2026-09-18 05:41:47,2026-09-18 06:34:10
pretrained_e10,0,0.03,0.03,12,0,0.0,,0.000520769735679,,,0.0020830789427161,True,0,52.92701048371964,,2.5,C_ref,2026-09-18 05:41:47,2026-09-18 06:34:10
pretrained_e10,0,0.03,0.03,13,0,0.0,,0.0007823405003006,,,0.0031293620012025,True,0,49.61845204758356,,2.5,C_ref,2026-09-18 05:41:47,2026-09-18 06:34:10
pretrained_e10,0,0.03,0.03,14,0,0.0,,0.0002300860396033,,,0.0009203441584133,True,0,54.28158805203566,,2.5,C_ref,2026-09-18 05:41:47,2026-09-18 06:34:10
pretrained_e10,0,0.03,0.03,15,0,0.0,,0.0008789878148271,,,0.0035159512593087,True,0,55.223320634926495,,2.5,C_ref,2026-09-18 05:41:47,2026-09-18 06:34:10
pretrained_e10,0,0.03,0.03,16,0,0.0,,0.0001584457313114,,,0.0006337829252457,True,0,40.42238843735322,,2.5,C_ref,2026-09-18 05:41:47,2026-09-18 06:34:10
pretrained_e10,0,0.03,0.03,17,0,0.0,,0.0006044595333488,,,0.0024178381333952,True,0,57.472600967746985,,2.5,C_ref,2026-09-18 05:41:47,2026-09-18 06:34:10
pretrained_e10,0,0.03,0.03,18,0,0.0,,0.0003582743266426,,,0.0014330973065705,True,0,53.34716382048282,,2.5,C_ref,2026-09-18 05:41:47,2026-09-18 06:34:10
pretrained_e10,0,0.03,0.03,19,0,0.0,,0.0013797812780049,,,0.0055191251120199,True,0,53.526428031695104,,2.5,C_ref,2026-09-18 05:41:47,2026-09-18 06:34:10
pretrained_e10,0,0.03,0.03,20,0,0.0,,0.0008752556082877,,,0.0035010224331511,True,0,52.60709364724971,,2.5,C_ref,2026-09-18 05:41:47,2026-09-18 06:34:10
pretrained_e10,0,0.03,0.03,21,0,0.0,,0.0005891744677569,,,0.0023566978710278,True,0,57.26519928463313,,2.5,C_ref,2026-09-18 05:41:47,2026-09-18 06:34:10
pretrained_e10,0,0.03,0.03,22,0,0.0,,0.0005922612908275,,,0.00236904516331,True,0,52.30117959175914,,2.5,C_ref,2026-09-18 05:41:47,2026-09-18 06:34:10
pretrained_e10,0,0.03,0.03,23,0,0.0,,0.0005997758604845,,,0.0023991034419383,True,0,58.14890300914704,,2.5,C_ref,2026-09-18 05:41:47,2026-09-18 06:34:10
pretrained_e10,0,0.03,0.03,24,0,0.0,,0.0006163396446594,,,0.0024653585786379,True,0,55.97423669284035,,2.5,C_ref,2026-09-18 05:41:47,2026-09-18 06:34:10
pretrained_e10,0,0.03,0.03,25,0,0.0,,0.0015565381750055,,,0.0062261527000221,True,0,57.839361410951824,,2.5,C_ref,2026-09-18 05:41:47,2026-09-18 06:34:10
pretrained_e10,0,0.03,0.03,26,0,0.0,,0.0003137926121107,,,0.0012551704484431,True,0,53.219635739144,,2.5,C_ref,2026-09-18 05:41:47,2026-09-18 06:34:10
pretrained_e10,0,0.03,0.03,27,0,0.0,,0.0005409869708718,,,0.0021639478834873,True,0,56.50142086035339,,2.5,C_ref,2026-09-18 05:41:47,2026-09-18 06:34:10
pretrained_e10,0,0.03,0.03,28,0,0.0,,0.0013624473699199,,,0.0054497894796798,True,0,50.85924079106917,,2.5,C_ref,2026-09-18 05:41:47,2026-09-18 06:34:10
pretrained_e10,0,0.03,0.03,29,0,0.0,,0.000391107969543,,,0.0015644318781721,True,0,53.826480065759824,,2.5,C_ref,2026-09-18 05:41:47,2026-09-18 06:34:10
pretrained_e10,0,0.03,0.03,30,0,0.0,,0.0005807405449652,,,0.002322962179861,True,0,52.51468353864766,,2.5,C_ref,2026-09-18 05:41:47,2026-09-18 06:34:10
pretrained_e10,0,0.03,0.03,31,0,0.0,,0.0003978460780313,,,0.0015913843121253,True,0,48.762098826442525,,2.5,C_ref,2026-09-18 05:41:47,2026-09-18 06:34:10
pretrained_e10,0,0.03,0.03,32,0,0.0,,0.0006139595764257,,,0.0024558383057029,True,0,66.67092677711116,,2.5,C_ref,2026-09-18 05:41:47,2026-09-18 06:34:10
pretrained_e10,0,0.03,0.03,33,0,0.0,,0.001271715728457,,,0.0050868629138282,True,0,53.77362736969008,,2.5,C_ref,2026-09-18 05:41:47,2026-09-18 06:34:10
pretrained_e10,0,0.03,0.03,34,0,0.0,,0.0004491189154619,,,0.0017964756618476,True,0,52.05087437869952,,2.5,C_ref,2026-09-18 05:41:47,2026-09-18 06:34:10
pretrained_e10,0,0.03,0.03,35,0,0.0,,0.0007500626919037,,,0.0030002507676151,True,0,51.895663721184974,,2.5,C_ref,2026-09-18 05:41:47,2026-09-18 06:34:10
pretrained_e10,0,0.03,0.03,36,0,0.0,,0.0008107481583803,,,0.0032429926335214,True,0,54.35215188976872,,2.5,C_ref,2026-09-18 05:41:47,2026-09-18 06:34:10
pretrained_e10,0,0.03,0.03,37,0,0.0,,0.0002932473811057,,,0.0011729895244231,True,0,53.16873802129703,,2.5,C_ref,2026-09-18 05:41:47,2026-09-18 06:34:10
pretrained_e10,0,0.03,0.03,38,0,0.0,,0.0004759849556061,,,0.0019039398224245,True,0,54.32256560552924,,2.5,C_ref,2026-09-18 05:41:47,2026-09-18 06:34:10
pretrained_e10,0,0.03,0.03,39,0,0.0,,0.0002674256925377,,,0.001069702770151,True,0,49.025485871407,,2.5,C_ref,2026-09-18 05:41:47,2026-09-18 06:34:10
pretrained_e10,0,0.03,0.03,40,0,0.0,,0.0001963288343895,,,0.0007853153375583,True,0,49.8389270640364,,2.5,C_ref,2026-09-18 05:41:47,2026-09-18 06:34:10
pretrained_e10,0,0.03,0.03,41,0,0.0,,0.0018282911372751,,,0.0073131645491007,True,0,46.70006321300025,,2.5,C_ref,2026-09-18 05:41:47,2026-09-18 06:34:10
pretrained_e10,0,0.03,0.03,42,0,0.0,,0.0156062384832104,,,0.0449679818965086,True,0,59.76916567679291,,2.5,C_ref,2026-09-18 05:41:47,2026-09-18 06:34:10
pretrained_e10,0,0.03,0.03,43,0,0.0,,0.0009043201269478,,,0.0036172805077913,True,0,55.50527132260322,,2.5,C_ref,2026-09-18 05:41:47,2026-09-18 06:34:10
pretrained_e10,0,0.03,0.03,44,0,0.0,,0.0006591843525301,,,0.0026367374101205,True,0,52.88110749794578,,2.5,C_ref,2026-09-18 05:41:47,2026-09-18 06:34:10
pretrained_e10,0,0.03,0.03,45,0,0.0,,0.0107650288070485,,,0.0145825164310954,True,0,57.38352259466046,,2.5,C_ref,2026-09-18 05:41:47,2026-09-18 06:34:10
pretrained_e10,0,0.03,0.03,46,0,0.0,,0.0003936343631932,,,0.001574537452773,True,0,52.13521622513872,,2.5,C_ref,2026-09-18 05:41:47,2026-09-18 06:34:10
pretrained_e10,0,0.03,0.03,47,0,0.0,,0.0003031438931618,,,0.0012125755726473,True,0,52.42917278017558,,2.5,C_ref,2026-09-18 05:41:47,2026-09-18 06:34:10
pretrained_e10,0,0.1,0.1,0,0,0.9848034597814124,0.9493444337760006,1.101861217646828,0.1525167838708274,0.7959810101707897,1.3264453042118511,False,0,5.669927153379831,0.0,0.4,C_ref,2026-09-18 07:42:02,2026-09-18 08:57:48
pretrained_e10,0,0.1,0.1,1,0,0.984493733935356,0.788558142165032,1.093708032362431,0.3051498901973991,0.0662211169346068,1.325775630553184,False,0,1.847153082730074,0.0,0.4,C_ref,2026-09-18 07:42:02,2026-09-18 08:57:48
pretrained_e10,0,0.1,0.1,2,0,0.9082914569671776,0.8791282448365157,1.0561926934222143,0.1770644485856986,0.6664311920183655,1.3161878962191262,False,0,9.201948475947574,0.0,0.4,C_ref,2026-09-18 07:42:02,2026-09-18 08:57:48
pretrained_e10,0,0.1,0.1,3,0,1.0141900340267558,0.9620017500261082,1.186299107122227,0.2242973570961188,0.9519517413579508,1.432274441172547,False,0,17.33952843725274,0.0,0.4,C_ref,2026-09-18 07:42:02,2026-09-18 08:57:48
pretrained_e10,0,0.1,0.1,4,0,0.9816052177720108,0.9408600796463834,1.103754562336548,0.1628944826901645,0.913213695966395,1.3284686546880669,False,0,15.750286357160803,0.0,0.4,C_ref,2026-09-18 07:42:02,2026-09-18 08:57:48
pretrained_e10,0,0.1,0.1,5,0,0.9747003761972498,0.9602629397868154,1.0888712079160392,0.1286082681292237,0.561174976236279,1.317750560335486,False,0,3.4627802521681588,0.0,0.4,C_ref,2026-09-18 07:42:02,2026-09-18 08:57:48
pretrained_e10,0,0.1,0.1,6,0,0.9606444400961662,0.9367942736653704,1.094472919987329,0.157678646321959,0.8283521072084956,1.326651163575929,False,0,11.891813112244565,0.0,0.4,C_ref,2026-09-18 07:42:02,2026-09-18 08:57:48
pretrained_e10,0,0.1,0.1,7,0,0.9547157961277376,0.9370041023754356,1.0957006503954911,0.1586965480200556,0.7335714725930146,1.3376128209445437,False,0,3.092636629458866,0.0,0.4,C_ref,2026-09-18 07:42:02,2026-09-18 08:57:48
pretrained_e10,0,0.1,0.1,8,0,0.9942362483852316,0.9587523329992828,1.144919724400307,0.1861673914010244,0.9519408159902906,1.382679977723561,False,0,11.564219118648907,0.0,0.4,C_ref,2026-09-18 07:42:02,2026-09-18 08:57:48
pretrained_e10,0,0.1,0.1,9,0,0.9468737889962184,0.9084758866471077,1.1076748124647977,0.1991989258176899,0.9010433169278924,1.3525197366681707,False,0,13.013232144410722,0.0,0.4,C_ref,2026-09-18 07:42:02,2026-09-18 08:57:48
pretrained_e10,0,0.1,0.1,10,0,1.0769756247630782,0.9695020229910748,1.2817016032129307,0.3121995802218558,0.9577523387540552,1.5394482386500652,False,0,34.46082770365683,0.0,0.4,C_ref,2026-09-18 07:42:02,2026-09-18 08:57:48
pretrained_e10,0,0.1,0.1,11,0,0.980154979950634,0.9461982428268888,1.1475933489235652,0.2013951060966763,0.9207545690272848,1.3963907991155518,False,0,14.882221749430755,0.0,0.4,C_ref,2026-09-18 07:42:02,2026-09-18 08:57:48
pretrained_e10,0,0.1,0.1,12,0,0.9500319640706012,0.9260686667583172,1.1091502137754887,0.1830815470171714,0.8106309953056793,1.3702556339803516,False,0,5.511309990135487,0.0,0.4,C_ref,2026-09-18 07:42:02,2026-09-18 08:57:48
pretrained_e10,0,0.1,0.1,13,0,1.0175472152140932,0.9689184012455706,1.206412256123174,0.2374938548776034,0.962694101176344,1.4736025268075266,False,0,17.92922695530069,0.0,0.4,C_ref,2026-09-18 07:42:02,2026-09-18 08:57:48
pretrained_e10,0,0.1,0.1,14,0,0.8720566267074766,0.8381651491631769,1.0353030201572415,0.1971378709940646,0.8304334323977602,1.2881958557680042,False,0,11.434336018792235,0.0,0.4,C_ref,2026-09-18 07:42:02,2026-09-18 08:57:48
pretrained_e10,0,0.1,0.1,15,0,0.989307660132636,0.9486857652750392,1.1549128177663566,0.2062270524913174,0.9427058835116824,1.405277950242068,False,0,15.66457384721798,0.0,0.4,C_ref,2026-09-18 07:42:02,2026-09-18 08:57:48
pretrained_e10,0,0.1,0.1,16,0,1.0244708598905754,0.9155178187967924,1.241516272420604,0.3259984536238116,0.8308973171324806,1.503450150960473,False,0,34.431404680181004,0.0,0.4,C_ref,2026-09-18 07:42:02,2026-09-18 08:57:48
pretrained_e10,0,0.1,0.1,17,0,0.8642670363214583,0.8250246482808102,0.9947476449070144,0.169722996626204,0.0280125328888422,1.245994606766191,False,0,1.9998456389803323,0.0,0.4,C_ref,2026-09-18 07:42:02,2026-09-18 08:57:48
pretrained_e10,0,0.1,0.1,18,0,0.9449081337475084,0.8969415411471086,1.1195239390272795,0.2225823978801709,0.8829365158116282,1.3775910137593057,False,0,7.57618427509442,0.0,0.4,C_ref,2026-09-18 07:42:02,2026-09-18 08:57:48
pretrained_e10,0,0.1,0.1,19,0,0.9730745718752798,0.905193064510886,1.1426258216880474,0.2374327571771612,0.8977585014747621,1.3854450233795244,False,0,13.62657933907758,0.0,0.4,C_ref,2026-09-18 07:42:02,2026-09-18 08:57:48
pretrained_e10,0,0.1,0.1,20,0,0.9847387389859594,0.9377706069624704,1.1643362816465288,0.2265656746840583,0.9272710110416204,1.418795739238356,False,0,12.655523006869773,0.0,0.4,C_ref,2026-09-18 07:42:02,2026-09-18 08:57:48
pretrained_e10,0,0.1,0.1,21,0,0.934752482160952,0.8417385749641257,1.0984212345112363,0.2566826595471105,0.7900757067921177,1.3684107476804952,False,0,20.99348509665288,0.0,0.4,C_ref,2026-09-18 07:42:02,2026-09-18 08:57:48
pretrained_e10,0,0.1,0.1,22,0,0.9743518704562784,0.9389316913751048,1.1209266439073813,0.1819949525322766,0.9341517588251524,1.3521601480466734,False,0,11.379447556442756,0.0,0.4,C_ref,2026-09-18 07:42:02,2026-09-18 08:57:48
pretrained_e10,0,0.1,0.1,23,0,0.989458817634128,0.95730610861453,1.1531172012919544,0.1958110926774242,0.8687784589586665,1.3922974511525603,False,0,20.68401019304656,0.0,0.4,C_ref,2026-09-18 07:42:02,2026-09-18 08:57:48
pretrained_e10,0,0.1,0.1,24,0,0.9832733282045472,0.95048888008287,1.1231423917295138,0.1726535116466436,0.9447134263718794,1.3506280275992406,False,0,9.872447217039737,0.0,0.4,C_ref,2026-09-18 07:42:02,2026-09-18 08:57:48
pretrained_e10,0,0.1,0.1,25,0,0.9944939444477447,0.9383781059299084,1.088077497172113,0.1496993912422046,0.6710779516002138,1.2898259267702272,False,0,4.202186833208543,0.0,0.4,C_ref,2026-09-18 07:42:02,2026-09-18 08:57:48
pretrained_e10,0,0.1,0.1,26,0,0.9897147978867836,0.936945818396262,1.1360720157142097,0.1991261973179477,0.919240640208416,1.3554186394751837,False,0,14.573650546946736,0.0,0.4,C_ref,2026-09-18 07:42:02,2026-09-18 08:57:48
pretrained_e10,0,0.1,0.1,27,0,0.9446484392636596,0.9251497621053472,1.085946356316791,0.1607965942114438,0.7023015357487222,1.3233230911924552,False,0,19.330672456413595,0.0,0.4,C_ref,2026-09-18 07:42:02,2026-09-18 08:57:48
pretrained_e10,0,0.1,0.1,28,0,0.9185810338482144,0.8905837843502766,1.0743754726428243,0.1837916882925478,0.8356298475219754,1.3274128951091264,False,0,13.01756454745555,0.0,0.4,C_ref,2026-09-18 07:42:02,2026-09-18 08:57:48
pretrained_e10,0,0.1,0.1,29,0,0.7222514991739015,0.6493151649301694,0.8866825336187415,0.2373673686885721,0.4876502636469019,1.2988861211525318,False,0,5.403082082022593,0.0,0.4,C_ref,2026-09-18 07:42:02,2026-09-18 08:57:48
pretrained_e10,0,0.1,0.1,30,0,0.972868789584667,0.9485299864670876,1.1035680200471925,0.1550380335801048,0.9430351714434776,1.328630377843052,False,0,4.147790984221501,0.0,0.4,C_ref,2026-09-18 07:42:02,2026-09-18 08:57:48
pretrained_e10,0,0.1,0.1,31,0,0.9699005182054856,0.9340573766738648,1.1231256467044972,0.1890682700306325,0.9157844026531544,1.3619081106427249,False,0,8.701441529887234,0.0,0.4,C_ref,2026-09-18 07:42:02,2026-09-18 08:57:48
pretrained_e10,0,0.1,0.1,32,0,1.0122543731633815,0.9596009076444828,1.167948791429983,0.2083478837855004,0.95557571329589,1.399729857103902,False,0,17.2292734980947,0.0,0.4,C_ref,2026-09-18 07:42:02,2026-09-18 08:57:48
pretrained_e10,0,0.1,0.1,33,0,0.9704218872296612,0.9386879027228868,1.1169165631596976,0.1782286604368107,0.9333162729103897,1.3493712415971812,False,0,9.657033166840847,0.0,0.4,C_ref,2026-09-18 07:42:02,2026-09-18 08:57:48
pretrained_e10,0,0.1,0.1,34,0,0.9915441062518088,0.94629746157029,1.1401171343750018,0.1938196728047119,0.9363430549651568,1.3688784064703037,False,0,10.93875492726147,0.0,0.4,C_ref,2026-09-18 07:42:02,2026-09-18 08:57:48
pretrained_e10,0,0.1,0.1,35,0,0.942971427386368,0.8977417277544666,1.09586590675603,0.1981241790015633,0.7968435584480027,1.340513450518351,False,0,15.59873306985537,0.0,0.4,C_ref,2026-09-18 07:42:02,2026-09-18 08:57:48
pretrained_e10,0,0.1,0.1,36,0,0.9768594481773774,0.9391682726768952,1.1492330421445411,0.210064769467646,0.8508905360442779,1.3981102385390047,False,0,20.09645471829208,0.0,0.4,C_ref,2026-09-18 07:42:02,2026-09-18 08:57:48
pretrained_e10,0,0.1,0.1,37,0,0.956813374930265,0.9457055979311326,1.0892784294249285,0.1435728314937958,0.0214585810908718,1.3321829387281017,False,0,2.8698156206519343,0.0,0.4,C_ref,2026-09-18 07:42:02,2026-09-18 08:57:48
pretrained_e10,0,0.1,0.1,38,0,0.9838279609569096,0.9511058718812708,1.147123722102359,0.1960178502210882,0.9169528283594746,1.394691304221021,False,0,10.9815076652485,0.0,0.4,C_ref,2026-09-18 07:42:02,2026-09-18 08:57:48
pretrained_e10,0,0.1,0.1,39,0,0.9543463726454544,0.9247033759360832,1.1125495008447337,0.1878461249086505,0.8870037531309825,1.3595622902746556,False,0,9.803059598678374,0.0,0.4,C_ref,2026-09-18 07:42:02,2026-09-18 08:57:48
pretrained_e10,0,0.1,0.1,40,0,0.9717880671059408,0.9093853228253964,1.1561601799669174,0.246774857141521,0.8708213218624212,1.4074590948820431,False,0,20.608953793209366,0.0,0.4,C_ref,2026-09-18 07:42:02,2026-09-18 08:57:48
pretrained_e10,0,0.1,0.1,41,0,1.0126321371055789,0.9598169365755176,1.1625470985123485,0.2027301619368305,0.9572246130134522,1.3890489081204505,False,0,10.957560754861332,0.0,0.4,C_ref,2026-09-18 07:42:02,2026-09-18 08:57:48
pretrained_e10,0,0.1,0.1,42,0,0.8970233092570923,0.8682493153542384,1.0315549731416065,0.1633056577873678,0.8026357096697786,1.2770949336921755,False,0,2.274155928149412,0.0,0.4,C_ref,2026-09-18 07:42:02,2026-09-18 08:57:48
pretrained_e10,0,0.1,0.1,43,0,0.9553169502001854,0.9437059466437814,1.0720068367814024,0.128300890137621,0.8432726004700608,1.292405671216505,False,0,2.9564158225693973,0.0,0.4,C_ref,2026-09-18 07:42:02,2026-09-18 08:57:48
pretrained_e10,0,0.1,0.1,44,0,1.0180194541935166,0.9548138332636112,1.216219127237976,0.2614052939743649,0.8518841924726182,1.4654598633854408,False,0,39.99863680528506,0.0,0.4,C_ref,2026-09-18 07:42:02,2026-09-18 08:57:48
pretrained_e10,0,0.1,0.1,45,0,0.2059971696612063,0.0762859525549247,0.4491085822144937,0.3728226296595689,0.0332262847642959,1.092874652000158,False,0,0.7808616032380087,1.0,0.4,C_ref,2026-09-18 07:42:02,2026-09-18 08:57:48
pretrained_e10,0,0.1,0.1,46,0,1.0046428526548157,0.9786712002037598,1.1372394638976833,0.1585682636939235,0.9708504008148438,1.3628476529297424,False,0,9.157177407043491,0.0,0.4,C_ref,2026-09-18 07:42:02,2026-09-18 08:57:48
pretrained_e10,0,0.1,0.1,47,0,0.9510673598747668,0.8863843907446988,1.1487353443196888,0.26235095357499,0.7769733302074697,1.416591345089951,False,0,26.73311658688908,0.0,0.4,C_ref,2026-09-18 07:42:02,2026-09-18 08:57:48
pretrained_e10,0,0.1,0.1,0,0,0.0,,0.0011150437062173,,,0.0044601748248694,True,0,10.403355672518956,,2.5,C_ref,2026-09-18 07:42:02,2026-09-18 08:57:48
pretrained_e10,0,0.1,0.1,1,0,0.0,,0.0036785311947263,,,0.019923210541386,True,0,11.50518261282923,,2.5,C_ref,2026-09-18 07:42:02,2026-09-18 08:57:48
pretrained_e10,0,0.1,0.1,2,0,0.0,,0.0034247921267056,,,0.0157398101434255,True,0,10.412882778004132,,2.5,C_ref,2026-09-18 07:42:02,2026-09-18 08:57:48
pretrained_e10,0,0.1,0.1,3,0,0.0,,0.0004800150819275,,,0.0019200603277103,True,0,5.916514797943819,,2.5,C_ref,2026-09-18 07:42:02,2026-09-18 08:57:48
pretrained_e10,0,0.1,0.1,4,0,0.0,,0.0009401977065949,,,0.0037607908263798,True,0,13.89001568725871,,2.5,C_ref,2026-09-18 07:42:02,2026-09-18 08:57:48
pretrained_e10,0,0.1,0.1,5,0,0.0,,0.0020413387742475,,,0.0081653550969901,True,0,10.5024348566767,,2.5,C_ref,2026-09-18 07:42:02,2026-09-18 08:57:48
pretrained_e10,0,0.1,0.1,6,0,0.0,,0.001689135985551,,,0.006756543942204,True,0,9.324808119039515,,2.5,C_ref,2026-09-18 07:42:02,2026-09-18 08:57:48
pretrained_e10,0,0.1,0.1,7,0,0.0,,0.0009896278023111,,,0.0039585112092446,True,0,8.294988249115704,,2.5,C_ref,2026-09-18 07:42:02,2026-09-18 08:57:48
pretrained_e10,0,0.1,0.1,8,0,0.0,,0.0005507946915457,,,0.002203178766183,True,0,8.518172922525991,,2.5,C_ref,2026-09-18 07:42:02,2026-09-18 08:57:48
pretrained_e10,0,0.1,0.1,9,0,0.0,,0.0006098961733032,,,0.002439584693213,True,0,7.816795556795114,,2.5,C_ref,2026-09-18 07:42:02,2026-09-18 08:57:48
pretrained_e10,0,0.1,0.1,10,0,0.0,,0.0002561255667201,,,0.0010245022668805,True,0,0.6361376480926992,,2.5,C_ref,2026-09-18 07:42:02,2026-09-18 08:57:48
pretrained_e10,0,0.1,0.1,11,0,0.0,,0.0012411763705544,,,0.0049647054822176,True,0,3.936321562985541,,2.5,C_ref,2026-09-18 07:42:02,2026-09-18 08:57:48
pretrained_e10,0,0.1,0.1,12,0,0.0,,0.0010817413074169,,,0.0043269652296678,True,0,8.817905926342064,,2.5,C_ref,2026-09-18 07:42:02,2026-09-18 08:57:48
pretrained_e10,0,0.1,0.1,13,0,0.0,,0.0005156950169584,,,0.0020627800678339,True,0,2.6703385664404777,,2.5,C_ref,2026-09-18 07:42:02,2026-09-18 08:57:48
pretrained_e10,0,0.1,0.1,14,0,0.0,,0.0037627175738942,,,0.0158840625121114,True,0,12.252170476684114,,2.5,C_ref,2026-09-18 07:42:02,2026-09-18 08:57:48
pretrained_e10,0,0.1,0.1,15,0,0.0,,0.0005029716385163,,,0.0020118865540654,True,0,8.724257241501618,,2.5,C_ref,2026-09-18 07:42:02,2026-09-18 08:57:48
pretrained_e10,0,0.1,0.1,16,0,0.0,,0.0014076202509239,,,0.0056304810036957,True,0,2.6219117090586224,,2.5,C_ref,2026-09-18 07:42:02,2026-09-18 08:57:48
pretrained_e10,0,0.1,0.1,17,0,0.0,,0.0079759174745558,,,0.0381481236685412,True,0,8.74180822787821,,2.5,C_ref,2026-09-18 07:42:02,2026-09-18 08:57:48
pretrained_e10,0,0.1,0.1,18,0,0.0,,0.0023903465128685,,,0.0095613860514742,True,0,6.551503866503481,,2.5,C_ref,2026-09-18 07:42:02,2026-09-18 08:57:48
pretrained_e10,0,0.1,0.1,19,0,0.0,,0.0023249461003589,,,0.0092997844014356,True,0,7.958982961226866,,2.5,C_ref,2026-09-18 07:42:02,2026-09-18 08:57:48
pretrained_e10,0,0.1,0.1,20,0,0.0,,0.0007702441280527,,,0.0030809765122108,True,0,4.864783255758084,,2.5,C_ref,2026-09-18 07:42:02,2026-09-18 08:57:48
pretrained_e10,0,0.1,0.1,21,0,0.0,,0.0027238537343865,,,0.0108978763326035,True,0,8.080469351210922,,2.5,C_ref,2026-09-18 07:42:02,2026-09-18 08:57:48
pretrained_e10,0,0.1,0.1,22,0,0.0,,0.0004812169040245,,,0.0019248676160981,True,0,8.990606331295567,,2.5,C_ref,2026-09-18 07:42:02,2026-09-18 08:57:48
pretrained_e10,0,0.1,0.1,23,0,0.0,,0.0010062369292801,,,0.0040249477171207,True,0,6.7588044280564645,,2.5,C_ref,2026-09-18 07:42:02,2026-09-18 08:57:48
pretrained_e10,0,0.1,0.1,24,0,0.0,,0.0007379678303636,,,0.0029518713214545,True,0,10.16506776321694,,2.5,C_ref,2026-09-18 07:42:02,2026-09-18 08:57:48
pretrained_e10,0,0.1,0.1,25,0,0.0,,0.0029771467215199,,,0.0127056442484079,True,0,13.128747465249036,,2.5,C_ref,2026-09-18 07:42:02,2026-09-18 08:57:48
pretrained_e10,0,0.1,0.1,26,0,0.0,,0.0003347647798584,,,0.0013390591194339,True,0,8.908857587000966,,2.5,C_ref,2026-09-18 07:42:02,2026-09-18 08:57:48
pretrained_e10,0,0.1,0.1,27,0,0.0,,0.0010689480457548,,,0.0042757921830193,True,0,10.41339027649883,,2.5,C_ref,2026-09-18 07:42:02,2026-09-18 08:57:48
pretrained_e10,0,0.1,0.1,28,0,0.0,,0.0008513049205621,,,0.0034052196822484,True,0,7.651134597996133,,2.5,C_ref,2026-09-18 07:42:02,2026-09-18 08:57:48
pretrained_e10,0,0.1,0.1,29,0,0.0,,0.0015860644730066,,,0.0063442578920266,True,0,11.39570096722673,,2.5,C_ref,2026-09-18 07:42:02,2026-09-18 08:57:48
pretrained_e10,0,0.1,0.1,30,0,0.0,,0.0006934237757399,,,0.0027736951029599,True,0,9.31677920868242,,2.5,C_ref,2026-09-18 07:42:02,2026-09-18 08:57:48
pretrained_e10,0,0.1,0.1,31,0,0.0,,0.0005224924989468,,,0.0020899699957873,True,0,9.645830089088122,,2.5,C_ref,2026-09-18 07:42:02,2026-09-18 08:57:48
pretrained_e10,0,0.1,0.1,32,0,0.0,,0.0003507877533813,,,0.0014031510135255,True,0,8.747097478226351,,2.5,C_ref,2026-09-18 07:42:02,2026-09-18 08:57:48
pretrained_e10,0,0.1,0.1,33,0,0.0,,0.0005998585546814,,,0.0023994342187256,True,0,8.549018494024494,,2.5,C_ref,2026-09-18 07:42:02,2026-09-18 08:57:48
pretrained_e10,0,0.1,0.1,34,0,0.0,,0.0004705546582612,,,0.001882218633045,True,0,9.872075014347502,,2.5,C_ref,2026-09-18 07:42:02,2026-09-18 08:57:48
pretrained_e10,0,0.1,0.1,35,0,0.0,,0.0038080072031712,,,0.0136566637848283,True,0,9.417868277017988,,2.5,C_ref,2026-09-18 07:42:02,2026-09-18 08:57:48
pretrained_e10,0,0.1,0.1,36,0,0.0,,0.0014438026863169,,,0.0057752107452679,True,0,7.056371400012722,,2.5,C_ref,2026-09-18 07:42:02,2026-09-18 08:57:48
pretrained_e10,0,0.1,0.1,37,0,0.0,,0.0010590789170582,,,0.0042363156682329,True,0,10.373206125987052,,2.5,C_ref,2026-09-18 07:42:02,2026-09-18 08:57:48
pretrained_e10,0,0.1,0.1,38,0,0.0,,0.0004489707485462,,,0.0017958829941851,True,0,9.19342078405316,,2.5,C_ref,2026-09-18 07:42:02,2026-09-18 08:57:48
pretrained_e10,0,0.1,0.1,39,0,0.0,,0.0010862993332629,,,0.0043451973330518,True,0,8.540701653040742,,2.5,C_ref,2026-09-18 07:42:02,2026-09-18 08:57:48
pretrained_e10,0,0.1,0.1,40,0,0.0,,0.0006282718117718,,,0.0025130872470875,True,0,8.183312135137385,,2.5,C_ref,2026-09-18 07:42:02,2026-09-18 08:57:48
pretrained_e10,0,0.1,0.1,41,0,0.0,,0.0003762649409508,,,0.0015050597638033,True,0,5.218616151025344,,2.5,C_ref,2026-09-18 07:42:02,2026-09-18 08:57:48
pretrained_e10,0,0.1,0.1,42,0,0.0,,0.0036823534292175,,,0.0120041234788714,True,0,10.404957381335407,,2.5,C_ref,2026-09-18 07:42:02,2026-09-18 08:57:48
pretrained_e10,0,0.1,0.1,43,0,0.0,,0.0017876712462523,,,0.0071506849850093,True,0,11.106298473074276,,2.5,C_ref,2026-09-18 07:42:02,2026-09-18 08:57:48
pretrained_e10,0,0.1,0.1,44,0,0.0,,0.0006161877851834,,,0.0024647511407336,True,0,4.874078536504385,,2.5,C_ref,2026-09-18 07:42:02,2026-09-18 08:57:48
pretrained_e10,0,0.1,0.1,45,0,0.0,,0.0103105813066774,,,0.0484694215853947,True,0,12.10591247274715,,2.5,C_ref,2026-09-18 07:42:02,2026-09-18 08:57:48
pretrained_e10,0,0.1,0.1,46,0,0.0,,0.0007592499495975,,,0.00303699979839,True,0,9.16857278005773,,2.5,C_ref,2026-09-18 07:42:02,2026-09-18 08:57:48
pretrained_e10,0,0.1,0.1,47,0,0.0,,0.001696140767277,,,0.0067845630691081,True,0,5.516091114328447,,2.5,C_ref,2026-09-18 07:42:02,2026-09-18 08:57:48
pretrained_e10,0,0.3,0.3,0,0,0.6044999609162273,0.5621916772728212,0.9693523089195338,0.4071606316467127,0.0371000425495537,1.3263358100733171,False,0,1.0560881688979862,0.0,0.4,C_ref,2026-09-18 10:57:08,2026-09-18 13:19:09
pretrained_e10,0,0.3,0.3,1,0,0.8150450038738476,0.7906183346109535,1.0547451235111602,0.2641267889002067,0.0335190915635583,1.3794256151267912,False,0,1.0724934421887156,0.0,0.4,C_ref,2026-09-18 10:57:08,2026-09-18 13:19:09
pretrained_e10,0,0.3,0.3,2,0,0.8503230121056737,0.6697541233026154,1.17466354758578,0.5049094242831647,0.6645086224892098,1.4920450545072454,False,0,6.4557338459235325,0.0,0.4,C_ref,2026-09-18 10:57:08,2026-09-18 13:19:09
pretrained_e10,0,0.3,0.3,3,0,0.2389314033553769,0.0907733154620154,1.058174641321251,0.9674013258592356,0.0234598349594977,1.433229301018635,False,0,0.2079971561070124,1.0,0.4,C_ref,2026-09-18 10:57:08,2026-09-18 13:19:09
pretrained_e10,0,0.3,0.3,4,0,0.234974696159947,0.0981350961699517,0.4099753114009106,0.3118402152309589,0.0312434323318016,1.23831305853417,False,0,0.9753884498859406,1.0,0.4,C_ref,2026-09-18 10:57:08,2026-09-18 13:19:09
pretrained_e10,0,0.3,0.3,5,0,0.8983264288737979,0.7758583541827706,1.1239999658637676,0.348141611680997,0.0649491835857416,1.4299748618125403,False,0,1.41752460121279,0.0,0.4,C_ref,2026-09-18 10:57:08,2026-09-18 13:19:09
pretrained_e10,0,0.3,0.3,6,0,0.4878649021107584,0.4509334313553071,0.9093364299823288,0.4584029986270215,0.0320027706731573,1.300027443231769,False,0,1.0095484331577609,0.0,0.4,C_ref,2026-09-18 10:57:08,2026-09-18 13:19:09
pretrained_e10,0,0.3,0.3,7,0,0.8079807153558695,0.7561562730671362,1.0834195852901254,0.3272633122229892,0.0928266993679838,1.3999683078359215,False,0,2.423099547788297,0.0,0.4,C_ref,2026-09-18 10:57:08,2026-09-18 13:19:09
pretrained_e10,0,0.3,0.3,8,0,0.2323778513206736,0.0951229603838539,0.6448485696744318,0.5497256092905779,0.0290056356462749,1.2554424317134958,False,0,0.355386132174317,1.0,0.4,C_ref,2026-09-18 10:57:08,2026-09-18 13:19:09
pretrained_e10,0,0.3,0.3,9,0,0.268757525830564,0.1064761051654446,0.7977164964279325,0.6912403912624879,0.034486159373667,1.266427966697746,False,0,0.1461544204830716,1.0,0.4,C_ref,2026-09-18 10:57:08,2026-09-18 13:19:09
pretrained_e10,0,0.3,0.3,10,0,0.9241981778733512,0.7062589043070201,1.1600160442432794,0.4537571399362593,0.0538773290098578,1.4739418797325845,False,0,2.0090007355720445,0.0,0.4,C_ref,2026-09-18 10:57:08,2026-09-18 13:19:09
pretrained_e10,0,0.3,0.3,11,0,0.3149740745127492,0.1182893909589175,0.924443783148996,0.8061543921900785,0.0374210050378845,1.327110329871066,False,0,0.0425227186460688,1.0,0.4,C_ref,2026-09-18 10:57:08,2026-09-18 13:19:09
pretrained_e10,0,0.3,0.3,12,0,0.2356152750478735,0.0909203959908819,0.8425954752671234,0.7516750792762414,0.0262305984697105,1.3528597700931095,False,0,0.2544973272670177,1.0,0.4,C_ref,2026-09-18 10:57:08,2026-09-18 13:19:09
pretrained_e10,0,0.3,0.3,13,0,0.9108736722187272,0.8848648718821274,1.1487670833283323,0.2639022114462052,0.0414448479786802,1.4607945133802154,False,0,0.9669002099253704,0.0,0.4,C_ref,2026-09-18 10:57:08,2026-09-18 13:19:09
pretrained_e10,0,0.3,0.3,14,0,0.2459189501633071,0.0823594780540138,0.9032042587551864,0.8208447807011725,0.0266107056584841,1.317374541856681,False,0,0.2348123176125227,1.0,0.4,C_ref,2026-09-18 10:57:08,2026-09-18 13:19:09
pretrained_e10,0,0.3,0.3,15,0,0.1526599636914121,0.0754798266456012,0.1688517904530846,0.0933719638074834,0.0219912154975035,1.370592014547943,False,0,0.0479564798770297,0.0,0.4,C_ref,2026-09-18 10:57:08,2026-09-18 13:19:09
pretrained_e10,0,0.3,0.3,16,0,0.8614123339493546,0.499082557225508,1.2200971383781605,0.7210145811526523,0.0183898256298183,1.539694973308867,False,0,0.9639736487224582,0.0,0.4,C_ref,2026-09-18 10:57:08,2026-09-18 13:19:09
pretrained_e10,0,0.3,0.3,17,0,0.3457921884025016,0.1439022439979907,0.810362818914368,0.6664605749163772,0.0513722179551428,1.2203046091327534,False,0,0.0250979314223513,1.0,0.4,C_ref,2026-09-18 10:57:08,2026-09-18 13:19:09
pretrained_e10,0,0.3,0.3,18,0,0.719886218189803,0.6090262464317366,1.049255853382454,0.4402296069507174,0.0167434714893496,1.3954781479012808,False,0,1.2759233190554369,0.0,0.4,C_ref,2026-09-18 10:57:08,2026-09-18 13:19:09
pretrained_e10,0,0.3,0.3,19,0,0.7880713936422835,0.1091688130159702,1.0740367242929802,0.96486791127701,0.0331797138655953,1.4053613460354624,False,0,0.3464730555933784,1.0,0.4,C_ref,2026-09-18 10:57:08,2026-09-18 13:19:09
pretrained_e10,0,0.3,0.3,20,0,0.2703571460239022,0.1113093798188137,0.873239508606826,0.7619301287880123,0.036726376827593,1.3087874764051273,False,0,0.1598581071157241,1.0,0.4,C_ref,2026-09-18 10:57:08,2026-09-18 13:19:09
pretrained_e10,0,0.3,0.3,21,0,0.231301581645474,0.088881647626151,0.9363515836865484,0.8474699360603974,0.0255796359654023,1.400305328543617,False,0,0.2560137980726722,1.0,0.4,C_ref,2026-09-18 10:57:08,2026-09-18 13:19:09
pretrained_e10,0,0.3,0.3,22,0,0.2921873687597051,0.1142780486981038,0.9019630656448142,0.7876850169467103,0.0363606687722853,1.3111671314732425,False,0,0.1781284373573726,1.0,0.4,C_ref,2026-09-18 10:57:08,2026-09-18 13:19:09
pretrained_e10,0,0.3,0.3,23,0,0.3439257201456488,0.1286349597906394,0.9203075219024472,0.7916725621118078,0.0423582815133734,1.3071083272357489,False,0,0.0167416401091031,1.0,0.4,C_ref,2026-09-18 10:57:08,2026-09-18 13:19:09
pretrained_e10,0,0.3,0.3,24,0,0.2860073579764104,0.1142949342394855,0.8253298238991732,0.7110348896596876,0.0377377905864884,1.342039853505348,False,0,0.1112777607886528,1.0,0.4,C_ref,2026-09-18 10:57:08,2026-09-18 13:19:09
pretrained_e10,0,0.3,0.3,25,0,0.3477928076960505,0.1514455187878964,0.7527894781410176,0.6013439593531211,0.0567541928345286,1.1574128335049076,False,0,0.0283813575551903,1.0,0.4,C_ref,2026-09-18 10:57:08,2026-09-18 13:19:09
pretrained_e10,0,0.3,0.3,26,0,0.3962818731493425,0.134640611911739,0.9011871848584492,0.7665465729467101,0.045775739756596,1.2976399866091477,False,0,0.0,1.0,0.4,C_ref,2026-09-18 10:57:08,2026-09-18 13:19:09
pretrained_e10,0,0.3,0.3,27,0,0.2982378759528253,0.1236459820770779,0.7512834654651799,0.627637483388102,0.0421268909871947,1.3456252030931508,False,0,0.1029951692835311,1.0,0.4,C_ref,2026-09-18 10:57:08,2026-09-18 13:19:09
pretrained_e10,0,0.3,0.3,28,0,0.4345720330911836,0.3239069476662053,0.976323453041778,0.6524165053755727,0.0344213622133156,1.3536971621336669,False,0,0.0081025701510952,1.0,0.4,C_ref,2026-09-18 10:57:08,2026-09-18 13:19:09
pretrained_e10,0,0.3,0.3,29,0,0.7047353649269169,0.1053659236636642,0.9984233182820592,0.8930573946183951,0.0288641996461444,1.344393729040846,False,0,0.2192033053943305,1.0,0.4,C_ref,2026-09-18 10:57:08,2026-09-18 13:19:09
pretrained_e10,0,0.3,0.3,30,0,0.4237705950907987,0.1337607291216751,1.0327349209330308,0.8989741918113556,0.0448835380689751,1.378338543284465,False,0,0.0007013753674982,1.0,0.4,C_ref,2026-09-18 10:57:08,2026-09-18 13:19:09
pretrained_e10,0,0.3,0.3,31,0,0.2872426665517147,0.1081783383648957,0.9273258812231128,0.8191475428582172,0.0336666618051962,1.3442560263529115,False,0,0.0803342883045843,1.0,0.4,C_ref,2026-09-18 10:57:08,2026-09-18 13:19:09
pretrained_e10,0,0.3,0.3,32,0,0.2689898009854363,0.0943213458714244,0.96778825192071,0.8734669060492856,0.0282555513758258,1.3606300446677464,False,0,0.0637383521789161,1.0,0.4,C_ref,2026-09-18 10:57:08,2026-09-18 13:19:09
pretrained_e10,0,0.3,0.3,33,0,0.4424071351468816,0.17880426061827,1.0123448863773663,0.8335406257590965,0.0461677730916287,1.3422058255825278,False,0,0.4923085350528708,1.0,0.4,C_ref,2026-09-18 10:57:08,2026-09-18 13:19:09
pretrained_e10,0,0.3,0.3,34,0,0.6652548657709476,0.5585959266556759,1.0300159045090278,0.4714199778533519,0.1560957345266593,1.3773609008955152,False,0,3.65921537637405,0.0,0.4,C_ref,2026-09-18 10:57:08,2026-09-18 13:19:09
pretrained_e10,0,0.3,0.3,35,0,0.5295004201680963,0.4902368080965446,0.950358717199259,0.4601219091027144,0.0313887072900459,1.3300175505847989,False,0,0.8663002265057003,0.0,0.4,C_ref,2026-09-18 10:57:08,2026-09-18 13:19:09
pretrained_e10,0,0.3,0.3,36,0,0.2339698968476452,0.0941466510435165,0.7498429117490744,0.6556962607055578,0.0283512500782446,1.4199769230005743,False,0,0.3093288960481004,1.0,0.4,C_ref,2026-09-18 10:57:08,2026-09-18 13:19:09
pretrained_e10,0,0.3,0.3,37,0,0.261675751327966,0.1041848601964618,0.7664569284670222,0.6622720682705603,0.0325955032632883,1.25979149781929,False,0,0.1824307558345026,1.0,0.4,C_ref,2026-09-18 10:57:08,2026-09-18 13:19:09
pretrained_e10,0,0.3,0.3,38,0,0.2312284258981985,0.0928003074374489,0.6772518485162299,0.584451541078781,0.0278353521075592,1.351164346342957,False,0,0.3316114887238655,1.0,0.4,C_ref,2026-09-18 10:57:08,2026-09-18 13:19:09
pretrained_e10,0,0.3,0.3,39,0,0.286961084472276,0.1133314856968444,0.866465469738694,0.7531339840418495,0.0367279175220029,1.3013155842028643,False,0,0.0986317504684848,1.0,0.4,C_ref,2026-09-18 10:57:08,2026-09-18 13:19:09
pretrained_e10,0,0.3,0.3,40,0,0.2900392574214563,0.1086973321138726,1.012222215706331,0.9035248835924584,0.0334605825542353,1.3937119970520506,False,0,0.0673301191127393,1.0,0.4,C_ref,2026-09-18 10:57:08,2026-09-18 13:19:09
pretrained_e10,0,0.3,0.3,41,0,0.7583365430468327,0.2416233911907835,1.0352177493789314,0.7935943581881479,0.0625634603525678,1.3601534251707936,False,0,0.7339294220073498,1.0,0.4,C_ref,2026-09-18 10:57:08,2026-09-18 13:19:09
pretrained_e10,0,0.3,0.3,42,0,0.2824858874549427,0.1078154380510238,0.9569797391176164,0.8491643010665926,0.0332429482046132,1.3678758242987543,False,0,0.0923674075456801,1.0,0.4,C_ref,2026-09-18 10:57:08,2026-09-18 13:19:09
pretrained_e10,0,0.3,0.3,43,0,0.3014990171602394,0.1334703430486375,0.4052084731286783,0.2717381300800407,0.0474467592166025,1.3139345260975,False,0,0.3321493066323455,1.0,0.4,C_ref,2026-09-18 10:57:08,2026-09-18 13:19:09
pretrained_e10,0,0.3,0.3,44,0,0.8631245412466774,0.8332026897893903,1.0986416289025185,0.265438939113128,0.7112460322740715,1.398012571330865,False,0,5.9310345854537445,0.0,0.4,C_ref,2026-09-18 10:57:08,2026-09-18 13:19:09
pretrained_e10,0,0.3,0.3,45,0,0.8736387803766196,0.7105270786242383,1.0506512808925967,0.3401242022683585,0.0571539978797748,1.3389579026743974,False,0,0.4708135451655835,0.0,0.4,C_ref,2026-09-18 10:57:08,2026-09-18 13:19:09
pretrained_e10,0,0.3,0.3,46,0,0.2998688024899391,0.116610404832403,0.8638121505944782,0.7472017457620752,0.0373312493757302,1.2987468639804194,False,0,0.074751234256837,1.0,0.4,C_ref,2026-09-18 10:57:08,2026-09-18 13:19:09
pretrained_e10,0,0.3,0.3,47,0,0.2629992319800045,0.0949418282828667,1.0801572359696008,0.985215407686734,0.0276664027923549,1.4272019886689429,False,0,0.0777864207084348,1.0,0.4,C_ref,2026-09-18 10:57:08,2026-09-18 13:19:09
pretrained_e10,0,0.3,0.3,0,0,2.2863080960571662,1.9939838258084444,2.5844412968475328,0.5904574710390884,1.704712473556571,2.890011935846185,False,0,0.5168781711472548,1.0,2.5,C_ref,2026-09-18 10:57:08,2026-09-18 13:19:09
pretrained_e10,0,0.3,0.3,1,0,2.338518052099661,2.044219927189426,2.6382560657063365,0.5940361385169104,1.7525057824745474,2.9450762222541207,False,0,0.2930544333503349,1.0,2.5,C_ref,2026-09-18 10:57:08,2026-09-18 13:19:09
pretrained_e10,0,0.3,0.3,2,0,2.435426787522528,2.145767340508548,2.7317913424448297,0.5860240019362819,1.8608709227002176,3.035994220214578,False,0,0.0481558613391825,1.0,2.5,C_ref,2026-09-18 10:57:08,2026-09-18 13:19:09
pretrained_e10,0,0.3,0.3,3,0,2.4476471212487567,2.1573684539403084,2.7446373609695813,0.5872689070292729,1.87189941309376,3.049580003941349,False,0,0.0316413224427378,1.0,2.5,C_ref,2026-09-18 10:57:08,2026-09-18 13:19:09
pretrained_e10,0,0.3,0.3,4,0,2.337283408244714,2.0461421128812507,2.6342117998987806,0.5880696870175299,1.758113888565481,2.9385230905207864,False,0,0.3032456147120683,1.0,2.5,C_ref,2026-09-18 10:57:08,2026-09-18 13:19:09
pretrained_e10,0,0.3,0.3,5,0,2.33683462417539,2.0463951109848417,2.6333162118238214,0.5869211008389796,1.7595368581987862,2.937313911652068,False,0,0.3059020400614827,1.0,2.5,C_ref,2026-09-18 10:57:08,2026-09-18 13:19:09
pretrained_e10,0,0.3,0.3,6,0,2.2778535855734736,1.9861447909863568,2.574734459611559,0.5885896686252021,1.696906243338529,2.8775074227647828,False,0,0.5625836948784126,1.0,2.5,C_ref,2026-09-18 10:57:08,2026-09-18 13:19:09
pretrained_e10,0,0.3,0.3,7,0,2.343535774052388,2.0532905547531484,2.6398719752874573,0.586581420534309,1.766724068184362,2.943633551624144,False,0,0.2817452824347128,1.0,2.5,C_ref,2026-09-18 10:57:08,2026-09-18 13:19:09
pretrained_e10,0,0.3,0.3,8,0,2.373304899874938,2.0806934119549045,2.6719006353939525,0.591207223439048,1.791650639578999,2.97796381642486,False,0,0.1822845523893193,1.0,2.5,C_ref,2026-09-18 10:57:08,2026-09-18 13:19:09
pretrained_e10,0,0.3,0.3,9,0,2.3288330677417712,2.0385110903281523,2.625129098481258,0.5866180081531058,1.7516962812842647,2.928946807913339,False,0,0.3369070104999991,1.0,2.5,C_ref,2026-09-18 10:57:08,2026-09-18 13:19:09
pretrained_e10,0,0.3,0.3,10,0,2.4424834688512185,2.152045343832416,2.7396654766711186,0.587620132838703,1.8664160739741733,3.044722134398256,False,0,0.0381412583228666,1.0,2.5,C_ref,2026-09-18 10:57:08,2026-09-18 13:19:09
pretrained_e10,0,0.3,0.3,11,0,2.3226824346821706,2.029549208098704,2.6217251963449946,0.5921759882462907,1.7398276398514116,2.92820607549215,False,0,0.3547675312729552,1.0,2.5,C_ref,2026-09-18 10:57:08,2026-09-18 13:19:09
pretrained_e10,0,0.3,0.3,12,0,2.461727611100456,2.168394252085404,2.7615456451924048,0.5931513931070009,1.8794572048739453,3.0691422162467705,False,0,0.0166016989132913,1.0,2.5,C_ref,2026-09-18 10:57:08,2026-09-18 13:19:09
pretrained_e10,0,0.3,0.3,13,0,2.443949916847868,2.1503982140834803,2.743775339780468,0.5933771256969878,1.8610763581123024,3.051215304458028,False,0,0.0354334519324766,1.0,2.5,C_ref,2026-09-18 10:57:08,2026-09-18 13:19:09
pretrained_e10,0,0.3,0.3,14,0,2.325101809822597,2.0365176685325275,2.619620563329092,0.5831028947965642,1.75126798950344,2.9214799269793086,False,0,0.3557797221328656,1.0,2.5,C_ref,2026-09-18 10:57:08,2026-09-18 13:19:09
pretrained_e10,0,0.3,0.3,15,0,2.4293789483891057,2.1378216334245783,2.7273587177084293,0.589537084283851,1.8505476759113324,3.0330993090687604,False,0,0.0571844379446702,1.0,2.5,C_ref,2026-09-18 10:57:08,2026-09-18 13:19:09
pretrained_e10,0,0.3,0.3,16,0,2.531760931037541,2.2438120753200588,2.827117323337576,0.5833052480175174,1.9617775280680427,3.1308542431532027,False,0,0.0118653254503442,1.0,2.5,C_ref,2026-09-18 10:57:08,2026-09-18 13:19:09
pretrained_e10,0,0.3,0.3,17,0,2.207721064688428,1.915519603937459,2.5048832962061565,0.5893636922686978,1.6249128437550786,2.8089413585225325,False,0,0.9674764922165195,1.0,2.5,C_ref,2026-09-18 10:57:08,2026-09-18 13:19:09
pretrained_e10,0,0.3,0.3,18,0,2.3976307090407767,2.107993296433329,2.6936896401832127,0.5856963437498832,1.8226538122682352,2.997517077463012,False,0,0.1213715837475319,1.0,2.5,C_ref,2026-09-18 10:57:08,2026-09-18 13:19:09
pretrained_e10,0,0.3,0.3,19,0,2.3670558482389854,2.077516510365394,2.6629637937006123,0.5854472833352182,1.7922017919067077,2.9665052467703084,False,0,0.2044015232640958,1.0,2.5,C_ref,2026-09-18 10:57:08,2026-09-18 13:19:09
pretrained_e10,0,0.3,0.3,20,0,2.2959603871615286,2.00371015371085,2.594100912264788,0.5903907585539372,1.7147158536008906,2.899687486759822,False,0,0.4715514558156428,1.0,2.5,C_ref,2026-09-18 10:57:08,2026-09-18 13:19:09
pretrained_e10,0,0.3,0.3,21,0,2.472146952315448,2.1819153640707944,2.7690769431588853,0.5871615790880909,1.896517301609588,3.073760752996918,False,0,0.0089432779204798,1.0,2.5,C_ref,2026-09-18 10:57:08,2026-09-18 13:19:09
pretrained_e10,0,0.3,0.3,22,0,2.324919018119211,2.03162474795203,2.6238032963536613,0.5921785484016313,1.7413512066708234,2.929831710327007,False,0,0.3459901380047085,1.0,2.5,C_ref,2026-09-18 10:57:08,2026-09-18 13:19:09
pretrained_e10,0,0.3,0.3,23,0,2.2771966253866283,1.9885276020273528,2.5718981430099577,0.5833705409826051,1.703320886703005,2.8741580932104185,False,0,0.5747696865655598,1.0,2.5,C_ref,2026-09-18 10:57:08,2026-09-18 13:19:09
pretrained_e10,0,0.3,0.3,24,0,2.315561034260621,2.024903250861052,2.611940413304235,0.5870371624431829,1.7372506011732165,2.91557597883798,False,0,0.3903631782632146,1.0,2.5,C_ref,2026-09-18 10:57:08,2026-09-18 13:19:09
pretrained_e10,0,0.3,0.3,25,0,2.1330416343626086,1.8405259425937748,2.4296977625860423,0.5891718199922675,1.5480822043585092,2.732681281273903,False,0,1.522977206575888,0.0,2.5,C_ref,2026-09-18 10:57:08,2026-09-18 13:19:09
pretrained_e10,0,0.3,0.3,26,0,2.286710068497744,1.9951978744494767,2.5838482721532747,0.5886503977037973,1.7064590090052008,2.888279770850144,False,0,0.5183342955278931,1.0,2.5,C_ref,2026-09-18 10:57:08,2026-09-18 13:19:09
pretrained_e10,0,0.3,0.3,27,0,2.2781271610616898,1.986675449144804,2.5747145604200994,0.5880391112752952,1.6974209288970243,2.87813305203197,False,0,0.5624227532316581,1.0,2.5,C_ref,2026-09-18 10:57:08,2026-09-18 13:19:09
pretrained_e10,0,0.3,0.3,28,0,2.364468141418682,2.072904440766149,2.6618832659275564,0.5889788251614072,1.7848022981460765,2.966435575430387,False,0,0.2099791918735718,1.0,2.5,C_ref,2026-09-18 10:57:08,2026-09-18 13:19:09
pretrained_e10,0,0.3,0.3,29,0,2.2981367617147166,2.004977393772411,2.596880831050534,0.5919034372781229,1.7145635824048977,2.9028713838823887,False,0,0.4597335809303331,1.0,2.5,C_ref,2026-09-18 10:57:08,2026-09-18 13:19:09
pretrained_e10,0,0.3,0.3,30,0,2.336673090820883,2.0503965608170573,2.629473298034823,0.5790767372177656,1.7685366891297665,2.930081040697985,False,0,0.3144879946848959,1.0,2.5,C_ref,2026-09-18 10:57:08,2026-09-18 13:19:09
pretrained_e10,0,0.3,0.3,31,0,2.35613985828489,2.064116682526273,2.654234629469469,0.5901179469431961,1.7757267134044146,2.9598769749908813,False,0,0.235513720959716,1.0,2.5,C_ref,2026-09-18 10:57:08,2026-09-18 13:19:09
pretrained_e10,0,0.3,0.3,32,0,2.3726272240993507,2.0833397816837524,2.668490127182944,0.5851503454991915,1.7984305975969772,2.97221523472504,False,0,0.187868445602362,1.0,2.5,C_ref,2026-09-18 10:57:08,2026-09-18 13:19:09
pretrained_e10,0,0.3,0.3,33,0,2.258583153777875,1.9675507027493648,2.5553311785932658,0.5877804758439009,1.6793936500155249,2.8594920382965663,False,0,0.6644927298657421,1.0,2.5,C_ref,2026-09-18 10:57:08,2026-09-18 13:19:09
pretrained_e10,0,0.3,0.3,34,0,2.32187431431909,2.0292520108897527,2.6202892733895,0.5910372624997469,1.7397950079648066,2.9260087124671137,False,0,0.3595100845741399,1.0,2.5,C_ref,2026-09-18 10:57:08,2026-09-18 13:19:09
pretrained_e10,0,0.3,0.3,35,0,2.3047181086809663,2.012789925398492,2.6023312439270643,0.5895413185285729,1.723845313049923,2.907189852330317,False,0,0.4336422264314024,1.0,2.5,C_ref,2026-09-18 10:57:08,2026-09-18 13:19:09
pretrained_e10,0,0.3,0.3,36,0,2.407365505955102,2.1174971484679648,2.70336745557233,0.5858703071043654,1.831814150229538,3.0062744757423188,False,0,0.0993793918314622,1.0,2.5,C_ref,2026-09-18 10:57:08,2026-09-18 13:19:09
pretrained_e10,0,0.3,0.3,37,0,2.375839296925633,2.0826865591232293,2.674881579208133,0.5921950200849042,1.7929859589682366,2.9813051693483685,False,0,0.1744540078398131,1.0,2.5,C_ref,2026-09-18 10:57:08,2026-09-18 13:19:09
pretrained_e10,0,0.3,0.3,38,0,2.415318436776177,2.124182641248067,2.7127309007124687,0.5885482594644018,1.83712314835376,3.0177261389623573,False,0,0.0821882162599649,1.0,2.5,C_ref,2026-09-18 10:57:08,2026-09-18 13:19:09
pretrained_e10,0,0.3,0.3,39,0,2.3249720048318427,2.033766636625135,2.6221685508775083,0.5884019142523735,1.7460356500345977,2.926796450719078,False,0,0.3498974060603359,1.0,2.5,C_ref,2026-09-18 10:57:08,2026-09-18 13:19:09
pretrained_e10,0,0.3,0.3,40,0,2.391066356144708,2.100400405194676,2.688240511455108,0.5878401062604315,1.8141795705811503,2.993245467159905,False,0,0.136425537548348,1.0,2.5,C_ref,2026-09-18 10:57:08,2026-09-18 13:19:09
pretrained_e10,0,0.3,0.3,41,0,2.28947866693063,1.9978971691785048,2.58671525207908,0.5888180829005756,1.7092784770995728,2.8912519406395,False,0,0.5048026900149125,1.0,2.5,C_ref,2026-09-18 10:57:08,2026-09-18 13:19:09
pretrained_e10,0,0.3,0.3,42,0,2.416946407340673,2.125473410002784,2.7148720889688702,0.5893986789660861,1.8383373179472853,3.020568134376093,False,0,0.0789458803847082,1.0,2.5,C_ref,2026-09-18 10:57:08,2026-09-18 13:19:09
pretrained_e10,0,0.3,0.3,43,0,2.264686532351475,1.972760895124776,2.562163122084406,0.5894022269596304,1.6835697258019895,2.8667997720559977,False,0,0.6284353057999397,1.0,2.5,C_ref,2026-09-18 10:57:08,2026-09-18 13:19:09
pretrained_e10,0,0.3,0.3,44,0,2.268489211806004,1.9762929454739573,2.566373415528071,0.5900804700541138,1.6869957410916767,2.871597421624099,False,0,0.6068989365230664,1.0,2.5,C_ref,2026-09-18 10:57:08,2026-09-18 13:19:09
pretrained_e10,0,0.3,0.3,45,0,2.204137547698527,1.9109509648327208,2.502265740681769,0.5913147758490478,1.6194406425223735,2.8072142784212804,False,0,0.9848270216607488,1.0,2.5,C_ref,2026-09-18 10:57:08,2026-09-18 13:19:09
pretrained_e10,0,0.3,0.3,46,0,2.337846126465821,2.046561258713955,2.635052806861809,0.5884915481478541,1.7586626912782763,2.939720281502555,False,0,0.300663050456933,1.0,2.5,C_ref,2026-09-18 10:57:08,2026-09-18 13:19:09
pretrained_e10,0,0.3,0.3,47,0,2.4040119660088712,2.115438631234241,2.699441973771033,0.5840033425367914,1.8317776066147688,3.002817018556089,False,0,0.1072034013850498,1.0,2.5,C_ref,2026-09-18 10:57:08,2026-09-18 13:19:09
pretrained_e10,0,1.0,1.0,0,0,1.0807102919702325,0.964719125736484,1.3008296178111969,0.3361104920747125,0.956697914591754,1.5603710998730067,False,0,25.260291355396475,0.0,0.4,C_ref,2026-09-18 18:13:14,2026-09-19 00:29:06
pretrained_e10,0,1.0,1.0,1,0,1.041435226235042,0.9638756762856092,1.2701315770739463,0.306255900788337,0.9083077059061284,1.539826049301298,False,0,16.90049080393146,0.0,0.4,C_ref,2026-09-18 18:13:14,2026-09-19 00:29:06
pretrained_e10,0,1.0,1.0,2,0,1.0413235559609089,0.9215911230781468,1.3034484664093722,0.3818573433312253,0.8564859242392358,1.5848889051012238,False,0,18.1597958538332,0.0,0.4,C_ref,2026-09-18 18:13:14,2026-09-19 00:29:06
pretrained_e10,0,1.0,1.0,3,0,1.070026198380713,0.9265671596863536,1.3187675540058994,0.3922003943195459,0.9167137993248076,1.594364050585115,False,0,18.54654834329267,0.0,0.4,C_ref,2026-09-18 18:13:14,2026-09-19 00:29:06
pretrained_e10,0,1.0,1.0,4,0,1.027735186328215,0.918510559091781,1.2920826957306764,0.3735721366388953,0.8542730376278516,1.5766673912024136,False,0,11.53917008515782,0.0,0.4,C_ref,2026-09-18 18:13:14,2026-09-19 00:29:06
pretrained_e10,0,1.0,1.0,5,0,1.0107873130555949,0.9374467905123496,1.2519176860805936,0.314470895568244,0.8394570485002163,1.5275228915242636,False,0,17.77250082745377,0.0,0.4,C_ref,2026-09-18 18:13:14,2026-09-19 00:29:06
pretrained_e10,0,1.0,1.0,6,0,1.018560225725496,0.924523367779353,1.260704836938542,0.3361814691591891,0.8895129243332007,1.5367877249382504,False,0,12.373444082801145,0.0,0.4,C_ref,2026-09-18 18:13:14,2026-09-19 00:29:06
pretrained_e10,0,1.0,1.0,7,0,1.0604244716928397,0.9229494291124892,1.308554606429379,0.3856051773168898,0.89775852030144,1.579442637367281,False,0,22.67877962193961,0.0,0.4,C_ref,2026-09-18 18:13:14,2026-09-19 00:29:06
pretrained_e10,0,1.0,1.0,8,0,1.175232708902283,0.9888662605375256,1.4129541632564082,0.4240879027188825,0.936282209852778,1.672624967738369,False,0,58.95195816897467,0.0,0.4,C_ref,2026-09-18 18:13:14,2026-09-19 00:29:06
pretrained_e10,0,1.0,1.0,9,0,1.1040884654159018,0.9563518516107656,1.3433946134568893,0.3870427618461237,0.93796132635257,1.6097297246631557,False,0,29.488316813487472,0.0,0.4,C_ref,2026-09-18 18:13:14,2026-09-19 00:29:06
pretrained_e10,0,1.0,1.0,10,0,1.134428251190046,0.9655026771087784,1.3795497254843252,0.4140470483755467,0.9501373338674758,1.6482320113694724,False,0,28.809611083885105,0.0,0.4,C_ref,2026-09-18 18:13:14,2026-09-19 00:29:06
pretrained_e10,0,1.0,1.0,11,0,1.0656153748573698,0.9558112317961344,1.3138721925760308,0.3580609607798963,0.8868263254927887,1.586784086558804,False,0,21.747587235240644,0.0,0.4,C_ref,2026-09-18 18:13:14,2026-09-19 00:29:06
pretrained_e10,0,1.0,1.0,12,0,1.132498639388222,0.9577009433029008,1.3898000435678577,0.4320991002649565,0.9430109053563002,1.6646786857490252,False,0,27.884206695718603,0.0,0.4,C_ref,2026-09-18 18:13:14,2026-09-19 00:29:06
pretrained_e10,0,1.0,1.0,13,0,1.1932841700925465,0.968821991585543,1.4516014523396283,0.4827794607540853,0.9148400358902395,1.7224892766047517,False,0,39.355088116069965,0.0,0.4,C_ref,2026-09-18 18:13:14,2026-09-19 00:29:06
pretrained_e10,0,1.0,1.0,14,0,1.0402597485523593,0.9492676444805412,1.2761885804856503,0.3269209360051094,0.9360601108133207,1.5483344164364417,False,0,19.292211880860123,0.0,0.4,C_ref,2026-09-18 18:13:14,2026-09-19 00:29:06
pretrained_e10,0,1.0,1.0,15,0,1.0306201781919788,0.9544960654716546,1.2999561630513776,0.345460097579723,0.8447909721531355,1.5894957143576307,False,0,11.258993837349408,0.0,0.4,C_ref,2026-09-18 18:13:14,2026-09-19 00:29:06
pretrained_e10,0,1.0,1.0,16,0,1.203921369437017,0.9964537377725786,1.4500248589830609,0.4535711212104822,0.9140047826105634,1.7139855724899813,False,0,53.482387166244735,0.0,0.4,C_ref,2026-09-18 18:13:14,2026-09-19 00:29:06
pretrained_e10,0,1.0,1.0,17,0,1.026799264382119,0.9472363221074032,1.242966104341242,0.2957297822338389,0.9225846732122224,1.5038366762751718,False,0,15.667380792980111,0.0,0.4,C_ref,2026-09-18 18:13:14,2026-09-19 00:29:06
pretrained_e10,0,1.0,1.0,18,0,1.093324619516939,0.9438047555164866,1.3542965853266096,0.410491829810123,0.8578012939306493,1.6306317547256262,False,0,25.823546750576497,0.0,0.4,C_ref,2026-09-18 18:13:14,2026-09-19 00:29:06
pretrained_e10,0,1.0,1.0,19,0,1.143258089228254,0.9930751281823688,1.3680548841749125,0.3749797559925435,0.9591962580350132,1.624696651030216,False,0,41.00913504842538,0.0,0.4,C_ref,2026-09-18 18:13:14,2026-09-19 00:29:06
pretrained_e10,0,1.0,1.0,20,0,1.1588089659761205,0.976632995514338,1.3987016178933884,0.4220686223790505,0.9462009125628628,1.6602753959578398,False,0,36.75606368683293,0.0,0.4,C_ref,2026-09-18 18:13:14,2026-09-19 00:29:06
pretrained_e10,0,1.0,1.0,21,0,1.0871561475384568,0.9627722217921372,1.3419527251862078,0.3791805033940705,0.9240888635811876,1.6181764935212808,False,0,19.55890418385752,0.0,0.4,C_ref,2026-09-18 18:13:14,2026-09-19 00:29:06
pretrained_e10,0,1.0,1.0,22,0,1.0804317628702156,0.9592159871817468,1.3228300040518663,0.3636140168701195,0.9358057643278708,1.5935389944156388,False,0,25.50099321450398,0.0,0.4,C_ref,2026-09-18 18:13:14,2026-09-19 00:29:06
pretrained_e10,0,1.0,1.0,23,0,0.9810452589302135,0.8691520394170043,1.2352594878818426,0.3661074484648383,0.8618559622539774,1.5155831792943684,False,0,13.41516324620534,0.0,0.4,C_ref,2026-09-18 18:13:14,2026-09-19 00:29:06
pretrained_e10,0,1.0,1.0,24,0,1.0411391223681583,0.9428115621692752,1.2874516764089845,0.344640114239709,0.8399033908291617,1.5590316523527643,False,0,19.399263139439427,0.0,0.4,C_ref,2026-09-18 18:13:14,2026-09-19 00:29:06
pretrained_e10,0,1.0,1.0,25,0,1.0048774947839827,0.9572315635451468,1.2150835472052548,0.2578519836601081,0.8841513163274908,1.4786525852210084,False,0,12.124088243235748,0.0,0.4,C_ref,2026-09-18 18:13:14,2026-09-19 00:29:06
pretrained_e10,0,1.0,1.0,26,0,0.9590090784560384,0.8736795674796379,1.1782410169590645,0.3045614494794265,0.7482462606465361,1.4567461081071231,False,0,13.139658750755189,0.0,0.4,C_ref,2026-09-18 18:13:14,2026-09-19 00:29:06
pretrained_e10,0,1.0,1.0,27,0,1.0368664934130216,0.9264941092013476,1.2811147725181542,0.3546206633168065,0.8349112163160873,1.5512952249399703,False,0,21.863812173734917,0.0,0.4,C_ref,2026-09-18 18:13:14,2026-09-19 00:29:06
pretrained_e10,0,1.0,1.0,28,0,1.003582802965879,0.9669775370349524,1.210838557463634,0.2438610204286817,0.7601149163674428,1.487245223793066,False,0,7.1848056666131015,0.0,0.4,C_ref,2026-09-18 18:13:14,2026-09-19 00:29:06
pretrained_e10,0,1.0,1.0,29,0,0.957764406314605,0.911094708282052,1.2000105259067135,0.2889158176246617,0.7687951344007703,1.4833802054948388,False,0,14.906215682065522,0.0,0.4,C_ref,2026-09-18 18:13:14,2026-09-19 00:29:06
pretrained_e10,0,1.0,1.0,30,0,1.0657022654855284,0.9626754557235908,1.288272924440987,0.3255974687173961,0.9252004757959936,1.545257726408823,False,0,25.27217239330639,0.0,0.4,C_ref,2026-09-18 18:13:14,2026-09-19 00:29:06
pretrained_e10,0,1.0,1.0,31,0,1.1759112057301575,0.9956444803328974,1.4164994940101938,0.4208550136772964,0.957888460581738,1.678898021403329,False,0,43.73449395546777,0.0,0.4,C_ref,2026-09-18 18:13:14,2026-09-19 00:29:06
pretrained_e10,0,1.0,1.0,32,0,1.1329777992248091,0.9688626243698664,1.3745464969226486,0.4056838725527822,0.9317310414059048,1.640755775256271,False,0,28.20064525069029,0.0,0.4,C_ref,2026-09-18 18:13:14,2026-09-19 00:29:06
pretrained_e10,0,1.0,1.0,33,0,1.0528466942156138,0.970173549610606,1.2714071837880363,0.3012336341774304,0.9080718106269776,1.5302250953642162,False,0,24.19313481430436,0.0,0.4,C_ref,2026-09-18 18:13:14,2026-09-19 00:29:06
pretrained_e10,0,1.0,1.0,34,0,1.025873846316526,0.9419336128877004,1.2775983876008827,0.3356647747131822,0.8653762486535939,1.5545313645298149,False,0,17.76832609302801,0.0,0.4,C_ref,2026-09-18 18:13:14,2026-09-19 00:29:06
pretrained_e10,0,1.0,1.0,35,0,1.103612325605125,0.9624634921079006,1.3297874173202415,0.3673239252123409,0.9463520302158924,1.5879342077258771,False,0,29.24612124027044,0.0,0.4,C_ref,2026-09-18 18:13:14,2026-09-19 00:29:06
pretrained_e10,0,1.0,1.0,36,0,0.9731849811406184,0.8044473255684693,1.2555303819277015,0.4510830563592322,0.7704353258263168,1.5466273139828144,False,0,14.140963314919643,0.0,0.4,C_ref,2026-09-18 18:13:14,2026-09-19 00:29:06
pretrained_e10,0,1.0,1.0,37,0,1.1245155558211115,0.9518421015854256,1.363549207428746,0.4117071058433204,0.9108449442020136,1.6274925669802598,False,0,30.92434998376484,0.0,0.4,C_ref,2026-09-18 18:13:14,2026-09-19 00:29:06
pretrained_e10,0,1.0,1.0,38,0,1.1598716169940275,0.9387850346116992,1.4234961870995086,0.4847111524878095,0.8609583309570658,1.6970321901262542,False,0,29.10292500775904,0.0,0.4,C_ref,2026-09-18 18:13:14,2026-09-19 00:29:06
pretrained_e10,0,1.0,1.0,39,0,1.1179055750164015,0.9797747463786451,1.3305515503911347,0.3507768040124894,0.9311212821316296,1.577600280569151,False,0,43.58299532386809,0.0,0.4,C_ref,2026-09-18 18:13:14,2026-09-19 00:29:06
pretrained_e10,0,1.0,1.0,40,0,1.0463865661464729,0.9334101337919148,1.2975654192996735,0.3641552855077588,0.9054968411338936,1.5750606522748518,False,0,19.69625214302141,0.0,0.4,C_ref,2026-09-18 18:13:14,2026-09-19 00:29:06
pretrained_e10,0,1.0,1.0,41,0,1.0889595305783584,0.9684865296013432,1.3125653208231778,0.3440787912218345,0.9376843352922658,1.5681322994522149,False,0,36.84853252366884,0.0,0.4,C_ref,2026-09-18 18:13:14,2026-09-19 00:29:06
pretrained_e10,0,1.0,1.0,42,0,1.0854434212779287,0.9718232178304032,1.31630170314602,0.3444784853156168,0.91811790713921,1.5799505819884043,False,0,27.253046953159355,0.0,0.4,C_ref,2026-09-18 18:13:14,2026-09-19 00:29:06
pretrained_e10,0,1.0,1.0,43,0,1.0375983116323444,0.9558376819815004,1.2520444595352107,0.2962067775537101,0.944650238309564,1.513376785199004,False,0,18.187838668553013,0.0,0.4,C_ref,2026-09-18 18:13:14,2026-09-19 00:29:06
pretrained_e10,0,1.0,1.0,44,0,1.0881180933729824,0.9617913084801052,1.3036410398235891,0.3418497313434839,0.9453214150555992,1.5574683269022684,False,0,28.00847189812339,0.0,0.4,C_ref,2026-09-18 18:13:14,2026-09-19 00:29:06
pretrained_e10,0,1.0,1.0,45,0,1.0307365757490452,0.9231414294794448,1.2704875417287878,0.3473461122493431,0.8264692645806069,1.537044468365954,False,0,29.16846050672393,0.0,0.4,C_ref,2026-09-18 18:13:14,2026-09-19 00:29:06
pretrained_e10,0,1.0,1.0,46,0,1.2220582016860606,1.0034242303813552,1.46890096668286,0.4654767363015046,0.882326364469881,1.7314126504655682,False,0,61.45302517778691,0.0,0.4,C_ref,2026-09-18 18:13:14,2026-09-19 00:29:06
pretrained_e10,0,1.0,1.0,47,0,1.1317633833583025,0.9624243167486844,1.3744995543631942,0.4120752376145098,0.9455252036573064,1.6402053385701971,False,0,31.78205939874169,0.0,0.4,C_ref,2026-09-18 18:13:14,2026-09-19 00:29:06
pretrained_e10,0,1.0,1.0,0,0,2.236643081507504,2.024360639899096,2.2752918028082543,0.2509311629091586,1.7697390266513684,2.790949138919617,False,0,1.9815013021798225,0.0,2.5,C_ref,2026-09-18 18:13:14,2026-09-19 00:29:06
pretrained_e10,0,1.0,1.0,1,0,2.320328692824892,2.0801525718866256,2.38476409998657,0.3046115280999442,1.8158513098886355,2.8308568304058968,False,0,1.865253026189748,0.0,2.5,C_ref,2026-09-18 18:13:14,2026-09-19 00:29:06
pretrained_e10,0,1.0,1.0,2,0,2.4739350843573416,2.192964813137542,2.762340381393568,0.5693755682560258,1.9181806911646904,3.058999202463654,False,0,0.0081820191262522,1.0,2.5,C_ref,2026-09-18 18:13:14,2026-09-19 00:29:06
pretrained_e10,0,1.0,1.0,3,0,2.480147117305324,2.199525553345045,2.7683769814332515,0.5688514280882067,1.925434066304883,3.064989888964302,False,0,0.0048694474717194,1.0,2.5,C_ref,2026-09-18 18:13:14,2026-09-19 00:29:06
pretrained_e10,0,1.0,1.0,4,0,2.4440770934406304,2.163477159731207,2.731911620274327,0.5684344605431204,1.888611531363233,3.027907689896011,False,0,0.0383671556010085,1.0,2.5,C_ref,2026-09-18 18:13:14,2026-09-19 00:29:06
pretrained_e10,0,1.0,1.0,5,0,2.3822463748185823,2.101623024218591,2.670059610666395,0.5684365864478038,1.8266958565478155,2.965980797661336,False,0,0.1700044478602649,1.0,2.5,C_ref,2026-09-18 18:13:14,2026-09-19 00:29:06
pretrained_e10,0,1.0,1.0,6,0,2.362377546232229,2.079718335890205,2.652072000663398,0.572353664773193,1.8025937954038689,2.949877761008107,False,0,0.2287285988059011,1.0,2.5,C_ref,2026-09-18 18:13:14,2026-09-19 00:29:06
pretrained_e10,0,1.0,1.0,7,0,2.419162262543441,2.1399490346075942,2.706009901669605,0.5660608670620113,1.8672712475370097,3.0014074224048484,False,0,0.0810193849429197,1.0,2.5,C_ref,2026-09-18 18:13:14,2026-09-19 00:29:06
pretrained_e10,0,1.0,1.0,8,0,2.466668789848435,2.191827703861621,2.7487780490104625,0.5569503451488416,1.924568044914543,3.018879523420381,False,0,0.0141202959239308,1.0,2.5,C_ref,2026-09-18 18:13:14,2026-09-19 00:29:06
pretrained_e10,0,1.0,1.0,9,0,2.4372359620403583,2.1583310172261543,2.7240247828594444,0.5656937656332901,1.8863054963055563,3.0194884433374725,False,0,0.0488854106879443,1.0,2.5,C_ref,2026-09-18 18:13:14,2026-09-19 00:29:06
pretrained_e10,0,1.0,1.0,10,0,2.529514280951344,2.250419741473978,2.816809291150946,0.566389549676968,1.978737373895416,3.113002645113548,False,0,0.0108951717229501,1.0,2.5,C_ref,2026-09-18 18:13:14,2026-09-19 00:29:06
pretrained_e10,0,1.0,1.0,11,0,2.414755801086362,2.133083677208546,2.7040941631546715,0.5710104859461254,1.8579253368297883,3.001895848475876,False,0,0.0882486055234039,1.0,2.5,C_ref,2026-09-18 18:13:14,2026-09-19 00:29:06
pretrained_e10,0,1.0,1.0,12,0,2.390466873761006,2.218201619446486,2.8124867317554423,0.5942851123089556,1.8777642323982775,3.1282591330213227,False,0,0.2544334508238535,1.0,2.5,C_ref,2026-09-18 18:13:14,2026-09-19 00:29:06
pretrained_e10,0,1.0,1.0,13,0,2.577004229827317,2.2983626383792544,2.8640881736711594,0.5657255352919051,2.027427268892481,3.1602307946062824,False,0,0.0746436358931532,1.0,2.5,C_ref,2026-09-18 18:13:14,2026-09-19 00:29:06
pretrained_e10,0,1.0,1.0,14,0,2.3867697028161263,2.107203074721932,2.673522663543875,0.5663195888219432,1.8333386281750543,2.9684693199516947,False,0,0.1583311516806134,1.0,2.5,C_ref,2026-09-18 18:13:14,2026-09-19 00:29:06
pretrained_e10,0,1.0,1.0,15,0,2.514216768882488,2.2316992991218987,2.8042459381641964,0.5725466390422977,1.955436830204032,3.1026763840362404,False,0,0.0022545874417119,1.0,2.5,C_ref,2026-09-18 18:13:14,2026-09-19 00:29:06
pretrained_e10,0,1.0,1.0,16,0,2.593027648583329,2.3154263144987155,2.879382797415295,0.5639564829165793,2.034462960937452,3.174878780280257,False,0,0.1098920219374122,1.0,2.5,C_ref,2026-09-18 18:13:14,2026-09-19 00:29:06
pretrained_e10,0,1.0,1.0,17,0,2.2844856946193093,2.003617495062737,2.572276938324209,0.5686594432614727,1.72806318485917,2.868023053269614,False,0,0.5642658408469288,1.0,2.5,C_ref,2026-09-18 18:13:14,2026-09-19 00:29:06
pretrained_e10,0,1.0,1.0,18,0,2.5053309730358,2.225774305187329,2.792671574310146,0.5668972691228169,1.8972026544606797,3.0885263296402723,False,0,8.236281064455397e-05,1.0,2.5,C_ref,2026-09-18 18:13:14,2026-09-19 00:29:06
pretrained_e10,0,1.0,1.0,19,0,2.4379828141327,2.1595228060318954,2.7245407792908907,0.5650179732589953,1.888432639364232,3.01991049834417,False,0,0.0478736523691623,1.0,2.5,C_ref,2026-09-18 18:13:14,2026-09-19 00:29:06
pretrained_e10,0,1.0,1.0,20,0,2.423978608044292,2.146188846595708,2.7100629679319863,0.5638741213362781,1.875779198947491,3.004963420315698,False,0,0.0720013362006284,1.0,2.5,C_ref,2026-09-18 18:13:14,2026-09-19 00:29:06
pretrained_e10,0,1.0,1.0,21,0,2.4964915410676767,2.215767864676802,2.7849250754121857,0.5691572107353831,1.941668106600591,3.081753162853964,False,0,0.0,1.0,2.5,C_ref,2026-09-18 18:13:14,2026-09-19 00:29:06
pretrained_e10,0,1.0,1.0,22,0,2.4198272257385054,2.138912810309824,2.708277980399293,0.5693651700894695,1.8643613316082108,3.005124086538636,False,0,0.0788003135203325,1.0,2.5,C_ref,2026-09-18 18:13:14,2026-09-19 00:29:06
pretrained_e10,0,1.0,1.0,23,0,2.361575754406968,2.080841478093288,2.6493548218348315,0.5685133437415435,1.8055766518319136,2.945201599178099,False,0,0.234533533843205,1.0,2.5,C_ref,2026-09-18 18:13:14,2026-09-19 00:29:06
pretrained_e10,0,1.0,1.0,24,0,2.379612526097335,2.1005052988461625,2.6660645189717918,0.5655592201256288,1.8274548911707196,2.960872034406511,False,0,0.1794152669208415,1.0,2.5,C_ref,2026-09-18 18:13:14,2026-09-19 00:29:06
pretrained_e10,0,1.0,1.0,25,0,2.257081434326586,1.976893529649551,2.543770334748213,0.5668768050986626,1.7012924316064604,2.8382146568428137,False,0,0.7205177889445622,1.0,2.5,C_ref,2026-09-18 18:13:14,2026-09-19 00:29:06
pretrained_e10,0,1.0,1.0,26,0,2.238144311104551,2.006628979333717,2.279922348443617,0.2732933691099006,1.7394863830874638,2.82542651136511,False,0,1.386522596825671,0.0,2.5,C_ref,2026-09-18 18:13:14,2026-09-19 00:29:06
pretrained_e10,0,1.0,1.0,27,0,2.344575649073904,2.074605838798389,2.5749811037975285,0.5003752649991391,1.8062985931846025,2.744894372555628,False,0,0.3557061287647229,1.0,2.5,C_ref,2026-09-18 18:13:14,2026-09-19 00:29:06
pretrained_e10,0,1.0,1.0,28,0,2.3762900169971912,2.091427319001373,2.667869359897902,0.5764420408965294,1.811537064529655,2.967294589824531,False,0,0.1824684875209641,1.0,2.5,C_ref,2026-09-18 18:13:14,2026-09-19 00:29:06
pretrained_e10,0,1.0,1.0,29,0,2.344591784543401,2.0607957443679865,2.6349885713296137,0.5741928269616272,1.7818724286690475,2.933162817764768,False,0,0.2894877051221556,1.0,2.5,C_ref,2026-09-18 18:13:14,2026-09-19 00:29:06
pretrained_e10,0,1.0,1.0,30,0,2.277105828115129,2.058461781444396,2.3173290952881915,0.2588673138437958,1.8034351878228223,2.840275453807709,False,0,1.503698788535985,0.0,2.5,C_ref,2026-09-18 18:13:14,2026-09-19 00:29:06
pretrained_e10,0,1.0,1.0,31,0,2.4658460905785176,2.187468138930717,2.752346307133931,0.5648781682032138,1.916342037432015,3.0475971012604743,False,0,0.0143697018320381,1.0,2.5,C_ref,2026-09-18 18:13:14,2026-09-19 00:29:06
pretrained_e10,0,1.0,1.0,32,0,2.476792216905805,2.197581849219313,2.7642128142272333,0.5666309650079202,1.9257535953581792,3.06051158911784,False,0,0.0065722098261176,1.0,2.5,C_ref,2026-09-18 18:13:14,2026-09-19 00:29:06
pretrained_e10,0,1.0,1.0,33,0,2.319326943732322,2.038750779992411,2.607064535657607,0.568313755665196,1.7640249206300058,2.902938023076717,False,0,0.3981182951029041,1.0,2.5,C_ref,2026-09-18 18:13:14,2026-09-19 00:29:06
pretrained_e10,0,1.0,1.0,34,0,2.386841354856988,2.106729681671928,2.674483558486402,0.5677538768144741,1.8328591076477785,2.970563829030513,False,0,0.1572469492311938,1.0,2.5,C_ref,2026-09-18 18:13:14,2026-09-19 00:29:06
pretrained_e10,0,1.0,1.0,35,0,2.354321099661678,2.0795424477354514,2.628318449154944,0.5487760014194927,1.8099112072922845,2.752891508095274,False,0,0.2769758255126362,1.0,2.5,C_ref,2026-09-18 18:13:14,2026-09-19 00:29:06
pretrained_e10,0,1.0,1.0,36,0,2.4616151918155493,2.1805850898344152,2.749618655331946,0.5690335654975307,1.905310809962564,3.0451829179889582,False,0,0.0181309328581846,1.0,2.5,C_ref,2026-09-18 18:13:14,2026-09-19 00:29:06
pretrained_e10,0,1.0,1.0,37,0,2.489484703843925,2.2108748327752723,2.776225435923703,0.5653506031484308,1.841634828441764,3.0718134720085413,False,0,0.0013811334938509,1.0,2.5,C_ref,2026-09-18 18:13:14,2026-09-19 00:29:06
pretrained_e10,0,1.0,1.0,38,0,2.575004093457851,2.2976585551147184,2.8608934987149444,0.563234943600226,2.0280829954827007,3.155788836688885,False,0,0.071255618790019,1.0,2.5,C_ref,2026-09-18 18:13:14,2026-09-19 00:29:06
pretrained_e10,0,1.0,1.0,39,0,2.3436351322774893,2.0679531056163767,2.6277984764924955,0.5598453708761189,1.8001029782612448,2.9209901807888143,False,0,0.3068336356191139,1.0,2.5,C_ref,2026-09-18 18:13:14,2026-09-19 00:29:06
pretrained_e10,0,1.0,1.0,40,0,2.31912297597837,2.121659540432443,2.5968431853126264,0.4751836448801834,1.865287924190845,2.9770493025450806,False,0,0.7657351010893763,1.0,2.5,C_ref,2026-09-18 18:13:14,2026-09-19 00:29:06
pretrained_e10,0,1.0,1.0,41,0,2.3563919427046924,2.0797789211275823,2.640913333421264,0.5611344122936819,1.8102069484407957,2.9339865959659472,False,0,0.2583069866668666,1.0,2.5,C_ref,2026-09-18 18:13:14,2026-09-19 00:29:06
pretrained_e10,0,1.0,1.0,42,0,2.104097716624449,1.9842561035010584,2.116015129223171,0.1317590257221126,1.779553447005714,3.0140822314091555,False,0,0.2939611430592777,0.0,2.5,C_ref,2026-09-18 18:13:14,2026-09-19 00:29:06
pretrained_e10,0,1.0,1.0,43,0,2.320305025712891,2.03965252468772,2.607611800849435,0.5679592761617149,1.7643527959708598,2.902204668364985,False,0,0.3947548060932604,1.0,2.5,C_ref,2026-09-18 18:13:14,2026-09-19 00:29:06
pretrained_e10,0,1.0,1.0,44,0,2.3294081513879803,2.0499545436140068,2.6164875982529017,0.5665330546388949,1.777168416318233,2.9120685314095427,False,0,0.3570773313658719,1.0,2.5,C_ref,2026-09-18 18:13:14,2026-09-19 00:29:06
pretrained_e10,0,1.0,1.0,45,0,2.2881452826840403,2.018442972207542,2.425907209119404,0.4074642369118617,1.7480496533806198,2.788190337983204,False,0,1.7131907448456332,0.0,2.5,C_ref,2026-09-18 18:13:14,2026-09-19 00:29:06
pretrained_e10,0,1.0,1.0,46,0,2.466832508205824,2.1959927863052324,2.721525954902542,0.5255331685973097,1.9283354720647603,2.769048157466,False,0,0.0149518974903912,1.0,2.5,C_ref,2026-09-18 18:13:14,2026-09-19 00:29:06
pretrained_e10,0,1.0,1.0,47,0,2.49291819501465,2.2151413815906413,2.77903382658503,0.5638924449943885,1.944812173637995,3.0740450822291168,False,0,0.0005246163418632,1.0,2.5,C_ref,2026-09-18 18:13:14,2026-09-19 00:29:06
pretrained_e15,0,0.01,0.01,0,0,0.1629680891695801,0.0699838631068427,0.3490756707569177,0.2790918076500749,0.0213213024930003,0.7518430402619583,False,0,1.3651609243861458,0.0,0.4,C_ref,2026-09-18 04:13:43,2026-09-18 04:59:04
pretrained_e15,0,0.01,0.01,1,0,0.141835429992099,0.0592598160447207,0.3013861339014024,0.2421263178566816,0.0168111603678647,0.6720522686279004,False,0,1.831451424175612,0.0,0.4,C_ref,2026-09-18 04:13:43,2026-09-18 04:59:04
pretrained_e15,0,0.01,0.01,2,0,0.1283246572341491,0.0508843483531291,0.2821761870604014,0.2312918387072723,0.0126451884540469,0.698015131503888,False,0,1.9733397262025392,0.0,0.4,C_ref,2026-09-18 04:13:43,2026-09-18 04:59:04
pretrained_e15,0,0.01,0.01,3,0,0.1126640222089843,0.0443944684599531,0.2215191199486791,0.1771246514887259,0.0098297623599895,0.5765562199274573,False,0,3.62396835799882,0.0,0.4,C_ref,2026-09-18 04:13:43,2026-09-18 04:59:04
pretrained_e15,0,0.01,0.01,4,0,0.1334279843084626,0.0560723396138053,0.2887604323289945,0.2326880927151891,0.0159032752429962,0.8171529154357656,False,0,1.7875331464019837,0.0,0.4,C_ref,2026-09-18 04:13:43,2026-09-18 04:59:04
pretrained_e15,0,0.01,0.01,5,0,0.1508592306138537,0.0632035727028691,0.3246972737426842,0.261493701039815,0.0180183148650865,0.7235913656045597,False,0,1.580913357443933,0.0,0.4,C_ref,2026-09-18 04:13:43,2026-09-18 04:59:04
pretrained_e15,0,0.01,0.01,6,0,0.1546538970106411,0.0661834352203656,0.3259477730905205,0.2597643378701548,0.0193690040295316,0.6923094550954243,False,0,1.602820335127035,0.0,0.4,C_ref,2026-09-18 04:13:43,2026-09-18 04:59:04
pretrained_e15,0,0.01,0.01,7,0,0.1168443579569851,0.0473357658441821,0.1974539497484907,0.1501181839043085,0.0113331574732374,0.4663125265672068,False,0,3.3276903817240964,0.0,0.4,C_ref,2026-09-18 04:13:43,2026-09-18 04:59:04
pretrained_e15,0,0.01,0.01,8,0,0.119808736587547,0.0476864088710182,0.2565462971898207,0.2088598883188024,0.0112376731543025,0.5992259264411314,False,0,2.4151442748043337,0.0,0.4,C_ref,2026-09-18 04:13:43,2026-09-18 04:59:04
pretrained_e15,0,0.01,0.01,9,0,0.0955408645414788,0.0365610583726338,0.1996989297144945,0.1631378713418606,0.0085536854751257,0.3775371296008907,False,0,3.944049638655997,0.0,0.4,C_ref,2026-09-18 04:13:43,2026-09-18 04:59:04
pretrained_e15,0,0.01,0.01,10,0,0.1250345876551034,0.0499482653866118,0.2706921580083305,0.2207438926217186,0.0125533707363137,0.7357107256388422,False,0,2.1570454315733514,0.0,0.4,C_ref,2026-09-18 04:13:43,2026-09-18 04:59:04
pretrained_e15,0,0.01,0.01,11,0,0.1310136371617569,0.0531373205721938,0.2303198068416174,0.1771824862694235,0.0135714697307611,0.6361508402548564,False,0,2.5198333093394467,0.0,0.4,C_ref,2026-09-18 04:13:43,2026-09-18 04:59:04
pretrained_e15,0,0.01,0.01,12,0,0.110707122905238,0.0421140810176001,0.2420403453815514,0.1999262643639513,0.0093386098618471,0.5825645838692723,False,0,2.5853354949576897,0.0,0.4,C_ref,2026-09-18 04:13:43,2026-09-18 04:59:04
pretrained_e15,0,0.01,0.01,13,0,0.1162560018623111,0.0459696047961202,0.2408595439581401,0.1948899391620198,0.0101068592359964,0.568790477841324,False,0,2.902050329521444,0.0,0.4,C_ref,2026-09-18 04:13:43,2026-09-18 04:59:04
pretrained_e15,0,0.01,0.01,14,0,0.1391334106858246,0.0589848730554321,0.2516456615683885,0.1926607885129563,0.0169250801718723,0.6556345108954372,False,0,2.6686010511257336,0.0,0.4,C_ref,2026-09-18 04:13:43,2026-09-18 04:59:04
pretrained_e15,0,0.01,0.01,15,0,0.1317867717446344,0.0539976375716415,0.2817897038539376,0.2277920662822961,0.0143481562098803,0.6627478006641563,False,0,2.044731884900102,0.0,0.4,C_ref,2026-09-18 04:13:43,2026-09-18 04:59:04
pretrained_e15,0,0.01,0.01,16,0,0.12215764119304,0.0478318178949076,0.2716193537496507,0.2237875358547431,0.0109981317636652,0.7407064419814874,False,0,2.038614514796791,0.0,0.4,C_ref,2026-09-18 04:13:43,2026-09-18 04:59:04
pretrained_e15,0,0.01,0.01,17,0,0.1756840626948468,0.0770890045589393,0.3714899243083172,0.2944009197493778,0.0249656628024215,0.752475421956606,False,0,1.202501240590209,0.0,0.4,C_ref,2026-09-18 04:13:43,2026-09-18 04:59:04
pretrained_e15,0,0.01,0.01,18,0,0.1497509142667921,0.0620653899279546,0.3357969512717386,0.273731561343784,0.0176383223502869,0.8271346514536524,False,0,1.4151381912124634,0.0,0.4,C_ref,2026-09-18 04:13:43,2026-09-18 04:59:04
pretrained_e15,0,0.01,0.01,19,0,0.1185119841422062,0.0469127137612624,0.2576229431503056,0.2107102293890431,0.0108104123812489,0.6543765386094021,False,0,2.285030896360695,0.0,0.4,C_ref,2026-09-18 04:13:43,2026-09-18 04:59:04
pretrained_e15,0,0.01,0.01,20,0,0.1615437448589538,0.0698057140678336,0.3396111572067298,0.2698054431388961,0.0213243666156103,0.7165648445092915,False,0,1.4663052310352214,0.0,0.4,C_ref,2026-09-18 04:13:43,2026-09-18 04:59:04
pretrained_e15,0,0.01,0.01,21,0,0.0975273908289439,0.0375201104289931,0.1800164951862639,0.1424963847572708,0.0086466563970873,0.4239264124270994,False,0,3.735193964021164,0.0,0.4,C_ref,2026-09-18 04:13:43,2026-09-18 04:59:04
pretrained_e15,0,0.01,0.01,22,0,0.1471383414492038,0.0616704020004152,0.3105439193290254,0.2488735173286101,0.0175447816307836,0.6805113579015863,False,0,1.7481967279491073,0.0,0.4,C_ref,2026-09-18 04:13:43,2026-09-18 04:59:04
pretrained_e15,0,0.01,0.01,23,0,0.1613658660109891,0.0690136836886525,0.3596564104175006,0.290642726728848,0.0207712673371803,0.8418561276435038,False,0,1.2309771407963126,0.0,0.4,C_ref,2026-09-18 04:13:43,2026-09-18 04:59:04
pretrained_e15,0,0.01,0.01,24,0,0.1434200580057754,0.0605369425522495,0.2995385871892113,0.2390016446369618,0.0174717489111254,0.6424979730235024,False,0,1.9109874267342093,0.0,0.4,C_ref,2026-09-18 04:13:43,2026-09-18 04:59:04
pretrained_e15,0,0.01,0.01,25,0,0.1674652165178637,0.0750488729761305,0.2796759988355997,0.2046271258594691,0.0247035996753269,0.7276608938048608,False,0,1.8663730821608624,0.0,0.4,C_ref,2026-09-18 04:13:43,2026-09-18 04:59:04
pretrained_e15,0,0.01,0.01,26,0,0.1507597254554589,0.0654768491058329,0.3000257135934144,0.2345488644875815,0.019433746066048,0.7216994776428644,False,0,1.614406764681917,0.0,0.4,C_ref,2026-09-18 04:13:43,2026-09-18 04:59:04
pretrained_e15,0,0.01,0.01,27,0,0.1052406515233341,0.05073797374771,0.2559492742608287,0.2052113005131186,0.0140990669027071,0.5645035587432918,False,0,2.474861578011769,0.0,0.4,C_ref,2026-09-18 04:13:43,2026-09-18 04:59:04
pretrained_e15,0,0.01,0.01,28,0,0.1231585343642793,0.0503981340794591,0.2524688971803844,0.2020707631009252,0.0131423034279524,0.6633110287191291,False,0,2.223410750619223,0.0,0.4,C_ref,2026-09-18 04:13:43,2026-09-18 04:59:04
pretrained_e15,0,0.01,0.01,29,0,0.1199908444430866,0.0486261594275398,0.2447118410657723,0.1960856816382325,0.0120645114724034,0.6477293558808314,False,0,3.588591097141034,0.0,0.4,C_ref,2026-09-18 04:13:43,2026-09-18 04:59:04
pretrained_e15,0,0.01,0.01,30,0,0.1543835558033546,0.0663836452098382,0.3254356671372708,0.2590520219274326,0.01964422331341,0.6908694884866795,False,0,1.607270811946364,0.0,0.4,C_ref,2026-09-18 04:13:43,2026-09-18 04:59:04
pretrained_e15,0,0.01,0.01,31,0,0.1191422326278986,0.046619338674449,0.2591856056908615,0.2125662670164124,0.0102931743268694,0.6133490335812911,False,0,2.342020975669584,0.0,0.4,C_ref,2026-09-18 04:13:43,2026-09-18 04:59:04
pretrained_e15,0,0.01,0.01,32,0,0.1123988388848676,0.0444484839266974,0.235732054732853,0.1912835708061555,0.0098578650791474,0.515112723102317,False,0,2.893518563683756,0.0,0.4,C_ref,2026-09-18 04:13:43,2026-09-18 04:59:04
pretrained_e15,0,0.01,0.01,33,0,0.1500846203969667,0.0647022571510294,0.3164774706758592,0.2517752135248298,0.019081870272563,0.7311674891655578,False,0,1.6232606200064763,0.0,0.4,C_ref,2026-09-18 04:13:43,2026-09-18 04:59:04
pretrained_e15,0,0.01,0.01,34,0,0.1360507759986641,0.0582459289350941,0.2001947554179853,0.1419488264828912,0.016490813098943,0.6657390738689641,False,0,3.2286845488270046,0.0,0.4,C_ref,2026-09-18 04:13:43,2026-09-18 04:59:04
pretrained_e15,0,0.01,0.01,35,0,0.1248544994448756,0.0502360611053493,0.2669251497755703,0.216689088670221,0.0127615447798752,0.6210903540638301,False,0,2.2514319082838483,0.0,0.4,C_ref,2026-09-18 04:13:43,2026-09-18 04:59:04
pretrained_e15,0,0.01,0.01,36,0,0.1107403924357853,0.0432169958907591,0.2344824399098977,0.1912654440191386,0.0096289405300049,0.4976998164455036,False,0,2.9643419056665152,0.0,0.4,C_ref,2026-09-18 04:13:43,2026-09-18 04:59:04
pretrained_e15,0,0.01,0.01,37,0,0.1092368258878149,0.0421546846062423,0.2350013157543136,0.1928466311480713,0.009460812212775,0.5416295168236016,False,0,2.769961914218584,0.0,0.4,C_ref,2026-09-18 04:13:43,2026-09-18 04:59:04
pretrained_e15,0,0.01,0.01,38,0,0.1250925162355824,0.0508609796508184,0.2649815704911487,0.2141205908403302,0.0131654059254085,0.6284218083119295,False,0,2.2658730035873305,0.0,0.4,C_ref,2026-09-18 04:13:43,2026-09-18 04:59:04
pretrained_e15,0,0.01,0.01,39,0,0.1240480959494654,0.0503141366128046,0.2419562568815471,0.1916421202687425,0.0128529766512641,0.5764969850563302,False,0,3.04986811847266,0.0,0.4,C_ref,2026-09-18 04:13:43,2026-09-18 04:59:04
pretrained_e15,0,0.01,0.01,40,0,0.1315403742016672,0.0530841962570614,0.2903281019285232,0.2372439056714618,0.013743550252395,0.754502957866604,False,0,1.831494541045685,0.0,0.4,C_ref,2026-09-18 04:13:43,2026-09-18 04:59:04
pretrained_e15,0,0.01,0.01,41,0,0.1414368419064338,0.0605680788158062,0.2930633290274391,0.2324952502116329,0.0177685407668072,0.65731709757401,False,0,1.9262000020644336,0.0,0.4,C_ref,2026-09-18 04:13:43,2026-09-18 04:59:04
pretrained_e15,0,0.01,0.01,42,0,0.1275367206165924,0.0517466654602979,0.2741008818435994,0.2223542163833014,0.0133953731423697,0.6664704550965217,False,0,2.087393480273022,0.0,0.4,C_ref,2026-09-18 04:13:43,2026-09-18 04:59:04
pretrained_e15,0,0.01,0.01,43,0,0.1599254006551165,0.0693540348252696,0.3371194269614788,0.2677653921362092,0.0213343180738854,0.7168496327828343,False,0,1.4832214310335985,0.0,0.4,C_ref,2026-09-18 04:13:43,2026-09-18 04:59:04
pretrained_e15,0,0.01,0.01,44,0,0.1683638421502405,0.0728941099797159,0.3531619238438777,0.2802678138641618,0.0225461401169007,0.7171078361172485,False,0,1.3606018772989046,0.0,0.4,C_ref,2026-09-18 04:13:43,2026-09-18 04:59:04
pretrained_e15,0,0.01,0.01,45,0,0.1470095343736151,0.0627438912398268,0.3091053624608976,0.2463614712210708,0.0183131151962793,0.6811707962469034,False,0,1.7589913904193963,0.0,0.4,C_ref,2026-09-18 04:13:43,2026-09-18 04:59:04
pretrained_e15,0,0.01,0.01,46,0,0.1549073723586607,0.0656722997332973,0.3316630960603954,0.2659907963270981,0.019038649215223,0.7168063929902666,False,0,1.5284922045284477,0.0,0.4,C_ref,2026-09-18 04:13:43,2026-09-18 04:59:04
pretrained_e15,0,0.01,0.01,47,0,0.1314021189407577,0.0549262521188143,0.2719156406741299,0.2169893885553155,0.0150589505536426,0.6149356994123495,False,0,2.240521275649371,0.0,0.4,C_ref,2026-09-18 04:13:43,2026-09-18 04:59:04
pretrained_e15,0,0.01,0.01,0,0,0.0,,0.0042675143049089,,,0.0216446278984477,True,0,17.669301911675575,,2.5,C_ref,2026-09-18 04:13:43,2026-09-18 04:59:04
pretrained_e15,0,0.01,0.01,1,0,0.0,,0.0036516162341711,,,0.0178071404685586,True,0,20.883375760113267,,2.5,C_ref,2026-09-18 04:13:43,2026-09-18 04:59:04
pretrained_e15,0,0.01,0.01,2,0,0.0,,0.0029339177341727,,,0.013148244462248,True,0,16.572401555455144,,2.5,C_ref,2026-09-18 04:13:43,2026-09-18 04:59:04
pretrained_e15,0,0.01,0.01,3,0,0.0,,0.0027442131043029,,,0.0117928157756152,True,0,19.128725807018785,,2.5,C_ref,2026-09-18 04:13:43,2026-09-18 04:59:04
pretrained_e15,0,0.01,0.01,4,0,0.0,,0.0032801805987512,,,0.0153426774397056,True,0,16.58568043620471,,2.5,C_ref,2026-09-18 04:13:43,2026-09-18 04:59:04
pretrained_e15,0,0.01,0.01,5,0,0.0,,0.0037422212251167,,,0.0184376670454333,True,0,17.450048698447063,,2.5,C_ref,2026-09-18 04:13:43,2026-09-18 04:59:04
pretrained_e15,0,0.01,0.01,6,0,0.0,,0.0042910030283935,,,0.0218469806000249,True,0,19.274194791749323,,2.5,C_ref,2026-09-18 04:13:43,2026-09-18 04:59:04
pretrained_e15,0,0.01,0.01,7,0,0.0,,0.0030983373193963,,,0.0142460632075999,True,0,23.52207515924601,,2.5,C_ref,2026-09-18 04:13:43,2026-09-18 04:59:04
pretrained_e15,0,0.01,0.01,8,0,0.0,,0.0030881153269214,,,0.0141792862121039,True,0,19.088412923945725,,2.5,C_ref,2026-09-18 04:13:43,2026-09-18 04:59:04
pretrained_e15,0,0.01,0.01,9,0,0.0,,0.0027540443312708,,,0.0118495168182064,True,0,28.71278484254072,,2.5,C_ref,2026-09-18 04:13:43,2026-09-18 04:59:04
pretrained_e15,0,0.01,0.01,10,0,0.0,,0.0028369617895171,,,0.0124490228504815,True,0,15.69392551391502,,2.5,C_ref,2026-09-18 04:13:43,2026-09-18 04:59:04
pretrained_e15,0,0.01,0.01,11,0,0.0,,0.0034648192465122,,,0.0167494200587445,True,0,19.8232792455492,,2.5,C_ref,2026-09-18 04:13:43,2026-09-18 04:59:04
pretrained_e15,0,0.01,0.01,12,0,0.0,,0.002597327049638,,,0.0107291658624058,True,0,17.656485103681916,,2.5,C_ref,2026-09-18 04:13:43,2026-09-18 04:59:04
pretrained_e15,0,0.01,0.01,13,0,0.0,,0.0028001190533686,,,0.0122061896262203,True,0,19.78662006394734,,2.5,C_ref,2026-09-18 04:13:43,2026-09-18 04:59:04
pretrained_e15,0,0.01,0.01,14,0,0.0,,0.0035903189906008,,,0.0174011967661694,True,0,20.27241348684765,,2.5,C_ref,2026-09-18 04:13:43,2026-09-18 04:59:04
pretrained_e15,0,0.01,0.01,15,0,0.0,,0.0030283783053187,,,0.0137835217794615,True,0,17.903338379717752,,2.5,C_ref,2026-09-18 04:13:43,2026-09-18 04:59:04
pretrained_e15,0,0.01,0.01,16,0,0.0,,0.0025172488859271,,,0.0101298170126284,True,0,12.890861573581788,,2.5,C_ref,2026-09-18 04:13:43,2026-09-18 04:59:04
pretrained_e15,0,0.01,0.01,17,0,0.0,,0.0051604559222369,,,0.0268224300319218,True,0,18.92116297755274,,2.5,C_ref,2026-09-18 04:13:43,2026-09-18 04:59:04
pretrained_e15,0,0.01,0.01,18,0,0.0,,0.0032095918275137,,,0.015005771718066,True,0,14.208725558153674,,2.5,C_ref,2026-09-18 04:13:43,2026-09-18 04:59:04
pretrained_e15,0,0.01,0.01,19,0,0.0,,0.002916512361554,,,0.0130046845883452,True,0,16.445048883768322,,2.5,C_ref,2026-09-18 04:13:43,2026-09-18 04:59:04
pretrained_e15,0,0.01,0.01,20,0,0.0,,0.0044803019901495,,,0.0229928485821597,True,0,19.873660324799857,,2.5,C_ref,2026-09-18 04:13:43,2026-09-18 04:59:04
pretrained_e15,0,0.01,0.01,21,0,0.0,,0.0025618066525042,,,0.0104610149986025,True,0,23.184958726804325,,2.5,C_ref,2026-09-18 04:13:43,2026-09-18 04:59:04
pretrained_e15,0,0.01,0.01,22,0,0.0,,0.0037109806658345,,,0.0182521117858845,True,0,18.95638017206511,,2.5,C_ref,2026-09-18 04:13:43,2026-09-18 04:59:04
pretrained_e15,0,0.01,0.01,23,0,0.0,,0.0039605012935415,,,0.0196287840903128,True,0,14.710264044839278,,2.5,C_ref,2026-09-18 04:13:43,2026-09-18 04:59:04
pretrained_e15,0,0.01,0.01,24,0,0.0,,0.0038590061730689,,,0.0190662305789467,True,0,21.21071847649,,2.5,C_ref,2026-09-18 04:13:43,2026-09-18 04:59:04
pretrained_e15,0,0.01,0.01,25,0,0.0,,0.0053420077388016,,,0.0275148704746218,True,0,20.682120793426293,,2.5,C_ref,2026-09-18 04:13:43,2026-09-18 04:59:04
pretrained_e15,0,0.01,0.01,26,0,0.0,,0.0039732086504466,,,0.0197070747695212,True,0,18.719550730398623,,2.5,C_ref,2026-09-18 04:13:43,2026-09-18 04:59:04
pretrained_e15,0,0.01,0.01,27,0,0.0,,0.0034599817479457,,,0.016551687843258,True,0,23.57344857366479,,2.5,C_ref,2026-09-18 04:13:43,2026-09-18 04:59:04
pretrained_e15,0,0.01,0.01,28,0,0.0,,0.0030960972500162,,,0.0142211310662203,True,0,18.819311319279223,,2.5,C_ref,2026-09-18 04:13:43,2026-09-18 04:59:04
pretrained_e15,0,0.01,0.01,29,0,0.0,,0.0032010832180916,,,0.014908433857405,True,0,17.973850774986204,,2.5,C_ref,2026-09-18 04:13:43,2026-09-18 04:59:04
pretrained_e15,0,0.01,0.01,30,0,0.0,,0.003820836123423,,,0.01882699553465,True,0,19.687640637290315,,2.5,C_ref,2026-09-18 04:13:43,2026-09-18 04:59:04
pretrained_e15,0,0.01,0.01,31,0,0.0,,0.0029395442240541,,,0.0131910736320079,True,0,17.89491738682773,,2.5,C_ref,2026-09-18 04:13:43,2026-09-18 04:59:04
pretrained_e15,0,0.01,0.01,32,0,0.0,,0.0029726528705082,,,0.0134001957309826,True,0,23.045731902195257,,2.5,C_ref,2026-09-18 04:13:43,2026-09-18 04:59:04
pretrained_e15,0,0.01,0.01,33,0,0.0,,0.004098560667449,,,0.0204771843937307,True,0,18.65162353402048,,2.5,C_ref,2026-09-18 04:13:43,2026-09-18 04:59:04
pretrained_e15,0,0.01,0.01,34,0,0.0,,0.0038417229579475,,,0.0189781619418868,True,0,19.3824497219357,,2.5,C_ref,2026-09-18 04:13:43,2026-09-18 04:59:04
pretrained_e15,0,0.01,0.01,35,0,0.0,,0.0033845999261073,,,0.0161276089632091,True,0,20.22697550914745,,2.5,C_ref,2026-09-18 04:13:43,2026-09-18 04:59:04
pretrained_e15,0,0.01,0.01,36,0,0.0,,0.0027968635974683,,,0.0121761226771332,True,0,24.18307529892263,,2.5,C_ref,2026-09-18 04:13:43,2026-09-18 04:59:04
pretrained_e15,0,0.01,0.01,37,0,0.0,,0.002670755958093,,,0.0112611132816975,True,0,20.289664494470344,,2.5,C_ref,2026-09-18 04:13:43,2026-09-18 04:59:04
pretrained_e15,0,0.01,0.01,38,0,0.0,,0.0029434037077828,,,0.0131923380824322,True,0,18.80512213527618,,2.5,C_ref,2026-09-18 04:13:43,2026-09-18 04:59:04
pretrained_e15,0,0.01,0.01,39,0,0.0,,0.0032083610795788,,,0.0149894772074219,True,0,20.58165577046748,,2.5,C_ref,2026-09-18 04:13:43,2026-09-18 04:59:04
pretrained_e15,0,0.01,0.01,40,0,0.0,,0.0030646791460507,,,0.0140312841855525,True,0,14.878079560214246,,2.5,C_ref,2026-09-18 04:13:43,2026-09-18 04:59:04
pretrained_e15,0,0.01,0.01,41,0,0.0,,0.0038930833137522,,,0.019204575138149,True,0,21.4052510510337,,2.5,C_ref,2026-09-18 04:13:43,2026-09-18 04:59:04
pretrained_e15,0,0.01,0.01,42,0,0.0,,0.0029431558709101,,,0.0131976292523875,True,0,17.626713385823678,,2.5,C_ref,2026-09-18 04:13:43,2026-09-18 04:59:04
pretrained_e15,0,0.01,0.01,43,0,0.0,,0.0043799281338102,,,0.0222728027062834,True,0,18.934872179663216,,2.5,C_ref,2026-09-18 04:13:43,2026-09-18 04:59:04
pretrained_e15,0,0.01,0.01,44,0,0.0,,0.0046101743591483,,,0.0238984453133793,True,0,19.01478383484209,,2.5,C_ref,2026-09-18 04:13:43,2026-09-18 04:59:04
pretrained_e15,0,0.01,0.01,45,0,0.0,,0.0042291122994339,,,0.0213192825281455,True,0,19.961254470861604,,2.5,C_ref,2026-09-18 04:13:43,2026-09-18 04:59:04
pretrained_e15,0,0.01,0.01,46,0,0.0,,0.0037703413417882,,,0.018598586038038,True,0,17.661701018932945,,2.5,C_ref,2026-09-18 04:13:43,2026-09-18 04:59:04
pretrained_e15,0,0.01,0.01,47,0,0.0,,0.0032726274887721,,,0.0154061496838034,True,0,20.61482392712788,,2.5,C_ref,2026-09-18 04:13:43,2026-09-18 04:59:04
pretrained_e15,0,0.03,0.03,0,0,0.9942784432780454,0.9850341199202486,1.0381919771883386,0.0531578572680899,0.8349083678333592,1.1477498644758022,False,0,7.972746133433247,0.0,0.4,C_ref,2026-09-18 05:49:23,2026-09-18 06:41:33
pretrained_e15,0,0.03,0.03,1,0,0.9956620165339712,0.9803822669578736,1.0697594643990271,0.0893771974411535,0.9577424394949388,1.1946844164888544,False,0,28.89672288619477,0.0,0.4,C_ref,2026-09-18 05:49:23,2026-09-18 06:41:33
pretrained_e15,0,0.03,0.03,2,0,0.9120553796711556,0.8495394398644863,0.9820107238329204,0.132471283968434,0.8421477394145706,1.10733338230788,False,0,15.167533347917924,0.0,0.4,C_ref,2026-09-18 05:49:23,2026-09-18 06:41:33
pretrained_e15,0,0.03,0.03,3,0,0.9997791747141952,0.9805810206519862,1.0699811951839575,0.0894001745319713,0.9750455465327078,1.1962767053391217,False,0,23.358739041985245,0.0,0.4,C_ref,2026-09-18 05:49:23,2026-09-18 06:41:33
pretrained_e15,0,0.03,0.03,4,0,0.9849993409858842,0.976083580508163,1.0396829674404275,0.0635993869322645,0.9407310433187702,1.1483853450417325,False,0,7.443898471974535,0.0,0.4,C_ref,2026-09-18 05:49:23,2026-09-18 06:41:33
pretrained_e15,0,0.03,0.03,5,0,0.9849833711077322,0.9741555253064658,1.0410098875441482,0.0668543622376824,0.8869745910761306,1.156649419972348,False,0,10.268455671091942,0.0,0.4,C_ref,2026-09-18 05:49:23,2026-09-18 06:41:33
pretrained_e15,0,0.03,0.03,6,0,0.9946317747072912,0.9852798709965516,1.0452979626276624,0.0600180916311109,0.8644444815948826,1.157288975938318,False,0,27.99805871594436,0.0,0.4,C_ref,2026-09-18 05:49:23,2026-09-18 06:41:33
pretrained_e15,0,0.03,0.03,7,0,0.9849720907549864,0.9775911275611344,1.042075011842631,0.0644838842814966,0.9703645102445374,1.1555425842055438,False,0,10.835871069200948,0.0,0.4,C_ref,2026-09-18 05:49:23,2026-09-18 06:41:33
pretrained_e15,0,0.03,0.03,8,0,0.9948549573201912,0.981197953121804,1.0765309697997478,0.0953330166779439,0.9385369538591016,1.2092348108264472,False,0,42.09250620151215,0.0,0.4,C_ref,2026-09-18 05:49:23,2026-09-18 06:41:33
pretrained_e15,0,0.03,0.03,9,0,0.979103710080215,0.9669921405120366,1.0371690725925564,0.0701769320805197,0.9062415092114876,1.1536988874301437,False,0,18.434376661800343,0.0,0.4,C_ref,2026-09-18 05:49:23,2026-09-18 06:41:33
pretrained_e15,0,0.03,0.03,10,0,1.0505937498829128,0.9893638607881856,1.1657006184367202,0.1763367576485347,0.9820532738847794,1.3164885607414238,False,0,91.2489637132021,0.0,0.4,C_ref,2026-09-18 05:49:23,2026-09-18 06:41:33
pretrained_e15,0,0.03,0.03,11,0,0.9835725078184128,0.9416111731620296,1.0320119507381658,0.0904007775761362,0.8453122855046117,1.14552620485089,False,0,13.746193373593997,0.0,0.4,C_ref,2026-09-18 05:49:23,2026-09-18 06:41:33
pretrained_e15,0,0.03,0.03,12,0,0.9647098327612472,0.9372966660349606,1.0397142200432528,0.1024175540082921,0.9214504696362248,1.173035459898599,False,0,39.07583126807003,0.0,0.4,C_ref,2026-09-18 05:49:23,2026-09-18 06:41:33
pretrained_e15,0,0.03,0.03,13,0,0.933303327125243,0.9136859223515338,1.0215908511163927,0.1079049287648589,0.8910102951284007,1.1634871507376257,False,0,46.914861274352006,0.0,0.4,C_ref,2026-09-18 05:49:23,2026-09-18 06:41:33
pretrained_e15,0,0.03,0.03,14,0,0.9947611323203795,0.9868429067303476,1.0519401985732215,0.065097291842874,0.8607527836743804,1.1729500383136244,False,0,28.435495900339447,0.0,0.4,C_ref,2026-09-18 05:49:23,2026-09-18 06:41:33
pretrained_e15,0,0.03,0.03,15,0,0.9928796973788552,0.8683844965743891,1.0393043020569317,0.1709198054825423,0.8139107213359386,1.1570127878888763,False,0,25.19825483436216,0.0,0.4,C_ref,2026-09-18 05:49:23,2026-09-18 06:41:33
pretrained_e15,0,0.03,0.03,16,0,0.991917949655052,0.9490588116000284,1.0933839577858326,0.1443251461858041,0.9422061237256116,1.238155923523756,False,0,54.08591982598227,0.0,0.4,C_ref,2026-09-18 05:49:23,2026-09-18 06:41:33
pretrained_e15,0,0.03,0.03,17,0,0.9746827417798184,0.9640465692272668,1.030725900939776,0.0666793317125091,0.9128933150904182,1.145603857190064,False,0,13.925106399670767,0.0,0.4,C_ref,2026-09-18 05:49:23,2026-09-18 06:41:33
pretrained_e15,0,0.03,0.03,18,0,0.9846050400827644,0.9741520356206635,1.043496933526481,0.0693448979058174,0.9401495941274192,1.1664046661926657,False,0,22.67101947045012,0.0,0.4,C_ref,2026-09-18 05:49:23,2026-09-18 06:41:33
pretrained_e15,0,0.03,0.03,19,0,0.9844275813826604,0.97375418546266,1.039662977972288,0.065908792509628,0.8949175586787891,1.1616913397404236,False,0,23.05763464486517,0.0,0.4,C_ref,2026-09-18 05:49:23,2026-09-18 06:41:33
pretrained_e15,0,0.03,0.03,20,0,0.9022618986003332,0.8452133544502569,0.9558665126178452,0.1106531581675882,0.7629306782619412,1.0830200720872294,False,0,18.16239376859085,0.0,0.4,C_ref,2026-09-18 05:49:23,2026-09-18 06:41:33
pretrained_e15,0,0.03,0.03,21,0,0.9740823649274186,0.9031014188195376,1.0298067842708636,0.126705365451326,0.829154930137379,1.1545546192366791,False,0,23.24995119624145,0.0,0.4,C_ref,2026-09-18 05:49:23,2026-09-18 06:41:33
pretrained_e15,0,0.03,0.03,22,0,0.9541702674677314,0.9197431292785918,1.0217211570544795,0.1019780277758877,0.8765654828317747,1.1450359525084255,False,0,27.66296316097214,0.0,0.4,C_ref,2026-09-18 05:49:23,2026-09-18 06:41:33
pretrained_e15,0,0.03,0.03,23,0,1.0039330362705778,0.9772647214478016,1.0785920406620235,0.1013273192142222,0.96903158641319,1.1996133908218205,False,0,27.32883406534529,0.0,0.4,C_ref,2026-09-18 05:49:23,2026-09-18 06:41:33
pretrained_e15,0,0.03,0.03,24,0,0.9624688689971272,0.9484287907404392,1.0239718931646622,0.075543102424223,0.9428130701188016,1.140487375276327,False,0,11.844831897786207,0.0,0.4,C_ref,2026-09-18 05:49:23,2026-09-18 06:41:33
pretrained_e15,0,0.03,0.03,25,0,0.8330597558288362,0.8152099562280049,0.885237019474095,0.0700270632460902,0.7149199730964962,1.12859089472666,False,0,5.138266669506265,0.0,0.4,C_ref,2026-09-18 05:49:23,2026-09-18 06:41:33
pretrained_e15,0,0.03,0.03,26,0,0.9578769973721436,0.9440384380198223,1.0216171367804554,0.0775786987606329,0.9351022952113692,1.137865782768586,False,0,18.716180324681773,0.0,0.4,C_ref,2026-09-18 05:49:23,2026-09-18 06:41:33
pretrained_e15,0,0.03,0.03,27,0,0.9917668589929208,0.9784017886240785,1.055403814984732,0.0770020263606536,0.9729609344351828,1.1734856697284606,False,0,22.99498097892865,0.0,0.4,C_ref,2026-09-18 05:49:23,2026-09-18 06:41:33
pretrained_e15,0,0.03,0.03,28,0,0.9963607131149902,0.9856521402044074,1.0599174885849465,0.0742653483805391,0.9478970110524052,1.1804397648196807,False,0,15.126754617576808,0.0,0.4,C_ref,2026-09-18 05:49:23,2026-09-18 06:41:33
pretrained_e15,0,0.03,0.03,29,0,0.9949295758394742,0.9876432539514208,1.0541076306567283,0.0664643767053076,0.9805730158056832,1.1701978875022918,False,0,16.97804743357483,0.0,0.4,C_ref,2026-09-18 05:49:23,2026-09-18 06:41:33
pretrained_e15,0,0.03,0.03,30,0,0.9848235076598236,0.9731412383321264,1.0391232274271691,0.0659819890950428,0.8740637058888177,1.1531559154980844,False,0,21.104415499659808,0.0,0.4,C_ref,2026-09-18 05:49:23,2026-09-18 06:41:33
pretrained_e15,0,0.03,0.03,31,0,1.001318117162339,0.9877296176932608,1.073137222220078,0.085407604526817,0.9803708531876428,1.1990610029103954,False,0,29.846292001977417,0.0,0.4,C_ref,2026-09-18 05:49:23,2026-09-18 06:41:33
pretrained_e15,0,0.03,0.03,32,0,0.9747450110543358,0.9663731328000084,1.0329290011288088,0.0665558683288003,0.9264824788526558,1.1538554561353631,False,0,15.07606913421114,0.0,0.4,C_ref,2026-09-18 05:49:23,2026-09-18 06:41:33
pretrained_e15,0,0.03,0.03,33,0,0.9444216656370288,0.9335313601929824,1.0007457911991735,0.067214431006191,0.7737701785990284,1.1272966238484528,False,0,26.871830413041607,0.0,0.4,C_ref,2026-09-18 05:49:23,2026-09-18 06:41:33
pretrained_e15,0,0.03,0.03,34,0,0.9949483840796206,0.9878339995318294,1.0538952713535774,0.066061271821748,0.9813359981273176,1.1697264696441758,False,0,10.27030297460442,0.0,0.4,C_ref,2026-09-18 05:49:23,2026-09-18 06:41:33
pretrained_e15,0,0.03,0.03,35,0,0.9816815497472352,0.9243278020495226,1.044615949582043,0.1202881475325204,0.906760585866584,1.1715585848306624,False,0,25.985473423072108,0.0,0.4,C_ref,2026-09-18 05:49:23,2026-09-18 06:41:33
pretrained_e15,0,0.03,0.03,36,0,0.9766937470734084,0.9399709746853848,1.0643569868523084,0.1243860121669236,0.9376652571929271,1.1983253698735965,False,0,42.498395813945535,0.0,0.4,C_ref,2026-09-18 05:49:23,2026-09-18 06:41:33
pretrained_e15,0,0.03,0.03,37,0,0.9923125692881408,0.9744576799306488,1.060386238422763,0.0859285584921142,0.9661602092602392,1.1808396952499405,False,0,15.679443106171677,0.0,0.4,C_ref,2026-09-18 05:49:23,2026-09-18 06:41:33
pretrained_e15,0,0.03,0.03,38,0,0.9639909789049668,0.944671608655544,1.052691015702287,0.108019407046743,0.927834897058266,1.1930028088178133,False,0,24.88032374441173,0.0,0.4,C_ref,2026-09-18 05:49:23,2026-09-18 06:41:33
pretrained_e15,0,0.03,0.03,39,0,1.0096600958841695,0.9883433990437266,1.0918479859587245,0.1035045869149978,0.981930403777202,1.2212604507142335,False,0,43.897726502647856,0.0,0.4,C_ref,2026-09-18 05:49:23,2026-09-18 06:41:33
pretrained_e15,0,0.03,0.03,40,0,1.001689100328666,0.9777718571417162,1.0853702329589965,0.1075983758172802,0.969385517312746,1.2158738532624973,False,0,34.96096014154318,0.0,0.4,C_ref,2026-09-18 05:49:23,2026-09-18 06:41:33
pretrained_e15,0,0.03,0.03,41,0,0.8934705198175302,0.8712244453773696,0.962177828373066,0.0909533829956963,0.7990004828612646,1.100621984212411,False,0,13.892346629956592,0.0,0.4,C_ref,2026-09-18 05:49:23,2026-09-18 06:41:33
pretrained_e15,0,0.03,0.03,42,0,0.9125265959112352,0.8846529572603444,0.9624912930220102,0.0778383357616657,0.667995105088684,1.0800977199677495,False,0,7.798561085190158,0.0,0.4,C_ref,2026-09-18 05:49:23,2026-09-18 06:41:33
pretrained_e15,0,0.03,0.03,43,0,0.9645809315154072,0.9516404158628552,1.0182657041028234,0.0666252882399682,0.8303022815052938,1.134568955570888,False,0,10.770522877068288,0.0,0.4,C_ref,2026-09-18 05:49:23,2026-09-18 06:41:33
pretrained_e15,0,0.03,0.03,44,0,0.9839163724325596,0.9580336408034642,1.0481863762246797,0.0901527354212152,0.8619209814283746,1.179359473898595,False,0,54.81974778320364,0.0,0.4,C_ref,2026-09-18 05:49:23,2026-09-18 06:41:33
pretrained_e15,0,0.03,0.03,45,0,0.8310524326024228,0.7888636245056534,0.8835661741844096,0.0947025496787562,0.7105106396456635,1.0999435269238458,False,0,4.081629174568661,0.0,0.4,C_ref,2026-09-18 05:49:23,2026-09-18 06:41:33
pretrained_e15,0,0.03,0.03,46,0,0.9844010385798576,0.9689463559881498,1.0523915135270503,0.0834451575389007,0.964939845208295,1.172779426076018,False,0,24.764026501165063,0.0,0.4,C_ref,2026-09-18 05:49:23,2026-09-18 06:41:33
pretrained_e15,0,0.03,0.03,47,0,1.0047979171841233,0.9866843727222896,1.0795544330291147,0.0928700603068252,0.9788550255919228,1.2043688167685989,False,0,20.2021882662848,0.0,0.4,C_ref,2026-09-18 05:49:23,2026-09-18 06:41:33
pretrained_e15,0,0.03,0.03,0,0,0.0,,0.0005322580286559,,,0.0021290321146239,True,0,37.60952950240608,,2.5,C_ref,2026-09-18 05:49:23,2026-09-18 06:41:33
pretrained_e15,0,0.03,0.03,1,0,0.0,,0.0001875954069415,,,0.0007503816277663,True,0,32.69712209199497,,2.5,C_ref,2026-09-18 05:49:23,2026-09-18 06:41:33
pretrained_e15,0,0.03,0.03,2,0,0.0,,0.0007914014619143,,,0.0031656058476573,True,0,36.09095022335168,,2.5,C_ref,2026-09-18 05:49:23,2026-09-18 06:41:33
pretrained_e15,0,0.03,0.03,3,0,0.0,,0.0003809377788725,,,0.0015237511154903,True,0,31.07165310226628,,2.5,C_ref,2026-09-18 05:49:23,2026-09-18 06:41:33
pretrained_e15,0,0.03,0.03,4,0,0.0,,0.0005378022277351,,,0.0021512089109404,True,0,43.535565132704505,,2.5,C_ref,2026-09-18 05:49:23,2026-09-18 06:41:33
pretrained_e15,0,0.03,0.03,5,0,0.0,,0.0005553924174133,,,0.0022215696696532,True,0,35.48764539119293,,2.5,C_ref,2026-09-18 05:49:23,2026-09-18 06:41:33
pretrained_e15,0,0.03,0.03,6,0,0.0,,0.0009210283247792,,,0.0036841132991171,True,0,38.73889343933115,,2.5,C_ref,2026-09-18 05:49:23,2026-09-18 06:41:33
pretrained_e15,0,0.03,0.03,7,0,0.0,,0.0008484889340043,,,0.0033939557360172,True,0,35.58229806552845,,2.5,C_ref,2026-09-18 05:49:23,2026-09-18 06:41:33
pretrained_e15,0,0.03,0.03,8,0,0.0,,0.0002488545103122,,,0.0009954180412488,True,0,31.73555941532686,,2.5,C_ref,2026-09-18 05:49:23,2026-09-18 06:41:33
pretrained_e15,0,0.03,0.03,9,0,0.0,,0.0004516705295071,,,0.0018066821180287,True,0,35.50660185905872,,2.5,C_ref,2026-09-18 05:49:23,2026-09-18 06:41:33
pretrained_e15,0,0.03,0.03,10,0,0.0,,8.828680900453571e-05,,,0.0003531472360181,True,0,23.01651244808818,,2.5,C_ref,2026-09-18 05:49:23,2026-09-18 06:41:33
pretrained_e15,0,0.03,0.03,11,0,0.0,,0.0010373698329744,,,0.0041494793318976,True,0,37.08521556866617,,2.5,C_ref,2026-09-18 05:49:23,2026-09-18 06:41:33
pretrained_e15,0,0.03,0.03,12,0,0.0,,0.0006534713184425,,,0.0026138852737702,True,0,32.82013379610726,,2.5,C_ref,2026-09-18 05:49:23,2026-09-18 06:41:33
pretrained_e15,0,0.03,0.03,13,0,0.0,,0.0011126352890038,,,0.0044505411560152,True,0,30.193559827082936,,2.5,C_ref,2026-09-18 05:49:23,2026-09-18 06:41:33
pretrained_e15,0,0.03,0.03,14,0,0.0,,0.0011611436829961,,,0.0046445747319846,True,0,36.46806259511504,,2.5,C_ref,2026-09-18 05:49:23,2026-09-18 06:41:33
pretrained_e15,0,0.03,0.03,15,0,0.0,,0.0013478125080031,,,0.0053912500320127,True,0,37.40721497706545,,2.5,C_ref,2026-09-18 05:49:23,2026-09-18 06:41:33
pretrained_e15,0,0.03,0.03,16,0,0.0,,0.0001734392557608,,,0.0006937570230432,True,0,24.42231007078226,,2.5,C_ref,2026-09-18 05:49:23,2026-09-18 06:41:33
pretrained_e15,0,0.03,0.03,17,0,0.0,,0.0004954076864886,,,0.0019816307459547,True,0,34.79091137105934,,2.5,C_ref,2026-09-18 05:49:23,2026-09-18 06:41:33
pretrained_e15,0,0.03,0.03,18,0,0.0,,0.0004370633457861,,,0.0017482533831445,True,0,33.51164116406653,,2.5,C_ref,2026-09-18 05:49:23,2026-09-18 06:41:33
pretrained_e15,0,0.03,0.03,19,0,0.0,,0.0008658230753917,,,0.0034632923015671,True,0,33.91188320710353,,2.5,C_ref,2026-09-18 05:49:23,2026-09-18 06:41:33
pretrained_e15,0,0.03,0.03,20,0,0.0056793608519868,,0.0169614021447299,,,0.0245264191416712,False,0,35.49859897203714,,2.5,C_ref,2026-09-18 05:49:23,2026-09-18 06:41:33
pretrained_e15,0,0.03,0.03,21,0,0.0,,0.0011640462466002,,,0.0046561849864008,True,0,35.7126395673331,,2.5,C_ref,2026-09-18 05:49:23,2026-09-18 06:41:33
pretrained_e15,0,0.03,0.03,22,0,0.0,,0.0005469455828171,,,0.0021877823312684,True,0,34.88318736619476,,2.5,C_ref,2026-09-18 05:49:23,2026-09-18 06:41:33
pretrained_e15,0,0.03,0.03,23,0,0.0,,0.0002491627893168,,,0.0009966511572675,True,0,33.10898823773459,,2.5,C_ref,2026-09-18 05:49:23,2026-09-18 06:41:33
pretrained_e15,0,0.03,0.03,24,0,0.0,,0.0007450530947091,,,0.0029802123788365,True,0,39.844572254754894,,2.5,C_ref,2026-09-18 05:49:23,2026-09-18 06:41:33
pretrained_e15,0,0.03,0.03,25,0,0.0,,0.0017571328849351,,,0.0070285315397405,True,0,40.17319943225448,,2.5,C_ref,2026-09-18 05:49:23,2026-09-18 06:41:33
pretrained_e15,0,0.03,0.03,26,0,0.0,,0.0004170600104974,,,0.0016682400419899,True,0,35.93379163687132,,2.5,C_ref,2026-09-18 05:49:23,2026-09-18 06:41:33
pretrained_e15,0,0.03,0.03,27,0,0.0,,0.0004041439806284,,,0.0016165759225136,True,0,34.69305279534456,,2.5,C_ref,2026-09-18 05:49:23,2026-09-18 06:41:33
pretrained_e15,0,0.03,0.03,28,0,0.0,,0.0002714841506469,,,0.0010859366025877,True,0,31.232337182238552,,2.5,C_ref,2026-09-18 05:49:23,2026-09-18 06:41:33
pretrained_e15,0,0.03,0.03,29,0,0.0,,0.0003003688600249,,,0.0012014754400998,True,0,36.09082357525404,,2.5,C_ref,2026-09-18 05:49:23,2026-09-18 06:41:33
pretrained_e15,0,0.03,0.03,30,0,0.0,,0.0007809319869872,,,0.0031237279479491,True,0,35.77678135217138,,2.5,C_ref,2026-09-18 05:49:23,2026-09-18 06:41:33
pretrained_e15,0,0.03,0.03,31,0,0.0,,0.0002373675968804,,,0.0009494703875216,True,0,30.772799398015195,,2.5,C_ref,2026-09-18 05:49:23,2026-09-18 06:41:33
pretrained_e15,0,0.03,0.03,32,0,0.0,,0.0004805284729613,,,0.0019221138918454,True,0,35.00432433333117,,2.5,C_ref,2026-09-18 05:49:23,2026-09-18 06:41:33
pretrained_e15,0,0.03,0.03,33,0,0.0,,0.0019741792045316,,,0.0078967168181266,True,0,33.18054068783022,,2.5,C_ref,2026-09-18 05:49:23,2026-09-18 06:41:33
pretrained_e15,0,0.03,0.03,34,0,0.0,,0.0004873790251177,,,0.001949516100471,True,0,35.070291443411406,,2.5,C_ref,2026-09-18 05:49:23,2026-09-18 06:41:33
pretrained_e15,0,0.03,0.03,35,0,0.0,,0.0003487017155099,,,0.0013948068620399,True,0,33.29677786333559,,2.5,C_ref,2026-09-18 05:49:23,2026-09-18 06:41:33
pretrained_e15,0,0.03,0.03,36,0,0.0,,0.0002045599786967,,,0.0008182399147868,True,0,29.57097702255851,,2.5,C_ref,2026-09-18 05:49:23,2026-09-18 06:41:33
pretrained_e15,0,0.03,0.03,37,0,0.0,,0.0002782783196382,,,0.0011131132785529,True,0,34.12331101315431,,2.5,C_ref,2026-09-18 05:49:23,2026-09-18 06:41:33
pretrained_e15,0,0.03,0.03,38,0,0.0,,0.0003329775118406,,,0.0013319100473625,True,0,29.21312720273272,,2.5,C_ref,2026-09-18 05:49:23,2026-09-18 06:41:33
pretrained_e15,0,0.03,0.03,39,0,0.0,,0.0001656655990838,,,0.0006626623963353,True,0,28.50468020090921,,2.5,C_ref,2026-09-18 05:49:23,2026-09-18 06:41:33
pretrained_e15,0,0.03,0.03,40,0,0.0,,0.0002034754401707,,,0.0008139017606831,True,0,29.369283003390592,,2.5,C_ref,2026-09-18 05:49:23,2026-09-18 06:41:33
pretrained_e15,0,0.03,0.03,41,0,0.0,,0.0107638287063463,,,0.0163754409743429,True,0,28.79676919537087,,2.5,C_ref,2026-09-18 05:49:23,2026-09-18 06:41:33
pretrained_e15,0,0.03,0.03,42,0,0.0051348481182168,,0.0108353117187517,,,0.0133412468750071,False,0,39.27284366561071,,2.5,C_ref,2026-09-18 05:49:23,2026-09-18 06:41:33
pretrained_e15,0,0.03,0.03,43,0,0.0,,0.0008522549329114,,,0.0034090197316456,True,0,34.450539270230365,,2.5,C_ref,2026-09-18 05:49:23,2026-09-18 06:41:33
pretrained_e15,0,0.03,0.03,44,0,0.0,,0.00078023891605,,,0.0031209556642002,True,0,30.919682619514788,,2.5,C_ref,2026-09-18 05:49:23,2026-09-18 06:41:33
pretrained_e15,0,0.03,0.03,45,0,0.0,,0.0034936505467702,,,0.0145028103765248,True,0,39.973723095085006,,2.5,C_ref,2026-09-18 05:49:23,2026-09-18 06:41:33
pretrained_e15,0,0.03,0.03,46,0,0.0,,0.0004741863066379,,,0.0018967452265516,True,0,33.38211358965418,,2.5,C_ref,2026-09-18 05:49:23,2026-09-18 06:41:33
pretrained_e15,0,0.03,0.03,47,0,0.0,,0.0003344739287396,,,0.0013378957149586,True,0,29.32770522064311,,2.5,C_ref,2026-09-18 05:49:23,2026-09-18 06:41:33
pretrained_e15,0,0.1,0.1,0,0,1.0034499442081957,0.9628873241674524,1.0532560592816909,0.0903687351142386,0.8048582627324445,1.179013544872013,False,0,4.881395350192179,0.0,0.4,C_ref,2026-09-18 07:49:50,2026-09-18 09:05:20
pretrained_e15,0,0.1,0.1,1,0,0.7649729641973855,0.7293813020954489,0.8779644870495845,0.1485831849541355,0.6795412880685103,1.13499183936154,False,0,15.770589915893652,0.0,0.4,C_ref,2026-09-18 07:49:50,2026-09-18 09:05:20
pretrained_e15,0,0.1,0.1,2,0,0.9534748561863856,0.9360968990693144,1.0174311244310803,0.0813342253617662,0.6342256569766849,1.1564310137602642,False,0,6.76250859490392,0.0,0.4,C_ref,2026-09-18 07:49:50,2026-09-18 09:05:20
pretrained_e15,0,0.1,0.1,3,0,1.004133760004524,0.9786312616295528,1.095738341955775,0.1171070803262219,0.9716046673355394,1.2439886032750702,False,0,21.52648425623556,0.0,0.4,C_ref,2026-09-18 07:49:50,2026-09-18 09:05:20
pretrained_e15,0,0.1,0.1,4,0,0.9937142510806494,0.97825566325818,1.0518076271632022,0.0735519639050221,0.930569465945527,1.1817121119735403,False,0,4.219072767275065,0.0,0.4,C_ref,2026-09-18 07:49:50,2026-09-18 09:05:20
pretrained_e15,0,0.1,0.1,5,0,0.7154433683149567,0.6943364840514356,0.8835677973520341,0.1892313133005985,0.5379071580775113,1.0779834848634005,False,0,10.334217554813222,0.0,0.4,C_ref,2026-09-18 07:49:50,2026-09-18 09:05:20
pretrained_e15,0,0.1,0.1,6,0,0.9856796286825558,0.965453949560354,1.0545345854170107,0.0890806358566567,0.9356775800413926,1.1887757532205876,False,0,8.178570651361952,0.0,0.4,C_ref,2026-09-18 07:49:50,2026-09-18 09:05:20
pretrained_e15,0,0.1,0.1,7,0,0.9658943436706826,0.9566606895693648,1.0327534662351052,0.0760927766657403,0.8841491991972432,1.1662258176659612,False,0,8.480216147028841,0.0,0.4,C_ref,2026-09-18 07:49:50,2026-09-18 09:05:20
pretrained_e15,0,0.1,0.1,8,0,1.0060045420840178,0.9790911016597104,1.0995341012319249,0.1204429995722146,0.9724334291594708,1.248657782990812,False,0,29.305397567983164,0.0,0.4,C_ref,2026-09-18 07:49:50,2026-09-18 09:05:20
pretrained_e15,0,0.1,0.1,9,0,0.9549119054032182,0.9455432957271306,1.030564433088181,0.0850211373610503,0.8854836930447428,1.1734292824975263,False,0,11.8262469751171,0.0,0.4,C_ref,2026-09-18 07:49:50,2026-09-18 09:05:20
pretrained_e15,0,0.1,0.1,10,0,1.0539469750827737,0.9901247663174508,1.1836506530745237,0.1935258867570728,0.9866092329337336,1.357964453772443,False,0,90.36306899607008,0.0,0.4,C_ref,2026-09-18 07:49:50,2026-09-18 09:05:20
pretrained_e15,0,0.1,0.1,11,0,0.9918003910929456,0.9751569331208108,1.0809557179032971,0.1057987847824863,0.9409081927902672,1.2332976660178885,False,0,44.93978212012371,0.0,0.4,C_ref,2026-09-18 07:49:50,2026-09-18 09:05:20
pretrained_e15,0,0.1,0.1,12,0,0.9848784940900928,0.9757238524902526,1.0631354032975944,0.0874115508073417,0.881448418121838,1.2126088941033404,False,0,22.39661860661363,0.0,0.4,C_ref,2026-09-18 07:49:50,2026-09-18 09:05:20
pretrained_e15,0,0.1,0.1,13,0,1.0046165448312063,0.9882808019053588,1.0961358550908789,0.10785505318552,0.982349288433678,1.253380609149436,False,0,13.829912396922737,0.0,0.4,C_ref,2026-09-18 07:49:50,2026-09-18 09:05:20
pretrained_e15,0,0.1,0.1,14,0,0.9667922421387236,0.9553292824374668,1.0375471655299389,0.082217883092472,0.942474926092754,1.1710524647634837,False,0,6.386326936422847,0.0,0.4,C_ref,2026-09-18 07:49:50,2026-09-18 09:05:20
pretrained_e15,0,0.1,0.1,15,0,0.9783557635504372,0.958616092519664,1.0625940198157706,0.1039779272961065,0.9522369566610644,1.2101043429428948,False,0,15.836169720561884,0.0,0.4,C_ref,2026-09-18 07:49:50,2026-09-18 09:05:20
pretrained_e15,0,0.1,0.1,16,0,1.049907417374375,0.9799444108062136,1.1720725293633674,0.1921281185571537,0.9594957836147172,1.339214273383408,False,0,56.97916830327449,0.0,0.4,C_ref,2026-09-18 07:49:50,2026-09-18 09:05:20
pretrained_e15,0,0.1,0.1,17,0,0.9447303752570309,0.910376792884099,1.0274520679137238,0.1170752750296247,0.907569580861462,1.167223370093906,False,0,19.28184945270914,0.0,0.4,C_ref,2026-09-18 07:49:50,2026-09-18 09:05:20
pretrained_e15,0,0.1,0.1,18,0,0.9734410077676784,0.9431975797047628,1.0523063779232091,0.1091087982184463,0.9264834398518002,1.2004992803373953,False,0,24.352614051029377,0.0,0.4,C_ref,2026-09-18 07:49:50,2026-09-18 09:05:20
pretrained_e15,0,0.1,0.1,19,0,0.97313354442748,0.9411893089442556,1.058405004413979,0.1172156954697233,0.9375084977082806,1.1996167505734432,False,0,9.806876724327594,0.0,0.4,C_ref,2026-09-18 07:49:50,2026-09-18 09:05:20
pretrained_e15,0,0.1,0.1,20,0,1.005951822527712,0.9765973192162763,1.1201498700763246,0.1435525508600481,0.9192437212797304,1.2813224883907224,False,0,50.164085667041945,0.0,0.4,C_ref,2026-09-18 07:49:50,2026-09-18 09:05:20
pretrained_e15,0,0.1,0.1,21,0,0.9748939903799496,0.9372352534015984,1.0857387132877456,0.1485034598861471,0.8840948310178245,1.2476023628563175,False,0,35.84052048102603,0.0,0.4,C_ref,2026-09-18 07:49:50,2026-09-18 09:05:20
pretrained_e15,0,0.1,0.1,22,0,0.9953405080191942,0.9787118991387102,1.0760411759832191,0.0973292768445089,0.9741763160607602,1.2139453508355975,False,0,14.94454726373806,0.0,0.4,C_ref,2026-09-18 07:49:50,2026-09-18 09:05:20
pretrained_e15,0,0.1,0.1,23,0,1.0209851611998706,0.9791185715505554,1.1194931103893095,0.1403745388387541,0.9708556370484418,1.2670876312973012,False,0,27.28535784814449,0.0,0.4,C_ref,2026-09-18 07:49:50,2026-09-18 09:05:20
pretrained_e15,0,0.1,0.1,24,0,0.9828887903681556,0.9686391097712944,1.0529522534052584,0.0843131436339641,0.9638622875601964,1.185263979109523,False,0,6.757011751909886,0.0,0.4,C_ref,2026-09-18 07:49:50,2026-09-18 09:05:20
pretrained_e15,0,0.1,0.1,25,0,0.1159955387308552,0.0590970144772406,0.1269257144882215,0.0678287000109808,0.0308422786420911,0.4762597926629079,False,0,3.240795215504477,0.0,0.4,C_ref,2026-09-18 07:49:50,2026-09-18 09:05:20
pretrained_e15,0,0.1,0.1,26,0,0.978933821339704,0.9630859007059523,1.0557295178820465,0.092643617176094,0.9273249741908604,1.1940536126160677,False,0,10.39198113105158,0.0,0.4,C_ref,2026-09-18 07:49:50,2026-09-18 09:05:20
pretrained_e15,0,0.1,0.1,27,0,0.9822092678753876,0.9653530920779824,1.0514310628911294,0.0860779708131471,0.92850249101173,1.1842728820344723,False,0,8.168263559833576,0.0,0.4,C_ref,2026-09-18 07:49:50,2026-09-18 09:05:20
pretrained_e15,0,0.1,0.1,28,0,0.9817136565696276,0.9568736668061996,1.0648971992209733,0.1080235324147735,0.9468251709167116,1.2083268318389466,False,0,9.776264367719705,0.0,0.4,C_ref,2026-09-18 07:49:50,2026-09-18 09:05:20
pretrained_e15,0,0.1,0.1,29,0,0.9942508077026196,0.9822513682847084,1.052603806425069,0.0703524381403604,0.8805740655298632,1.189283831589641,False,0,14.443355367948245,0.0,0.4,C_ref,2026-09-18 07:49:50,2026-09-18 09:05:20
pretrained_e15,0,0.1,0.1,30,0,0.9847764020560243,0.9688433522476776,1.05607476148826,0.0872314092405822,0.9629168373533614,1.1897782077621852,False,0,10.781793959238712,0.0,0.4,C_ref,2026-09-18 07:49:50,2026-09-18 09:05:20
pretrained_e15,0,0.1,0.1,31,0,0.9872899570927052,0.9684649272939408,1.068420930116949,0.0999560028230082,0.962649805397139,1.2091512465054972,False,0,12.932606206337368,0.0,0.4,C_ref,2026-09-18 07:49:50,2026-09-18 09:05:20
pretrained_e15,0,0.1,0.1,32,0,1.00187113236732,0.9791025981516216,1.0883198938760126,0.1092172957243908,0.975324642336956,1.2337001254706697,False,0,14.517726647594827,0.0,0.4,C_ref,2026-09-18 07:49:50,2026-09-18 09:05:20
pretrained_e15,0,0.1,0.1,33,0,0.9745372786666456,0.9497084367443858,1.0504896132295698,0.100781176485184,0.9459018732917004,1.189182053164742,False,0,13.8391254215785,0.0,0.4,C_ref,2026-09-18 07:49:50,2026-09-18 09:05:20
pretrained_e15,0,0.1,0.1,34,0,1.0115953646809883,0.9891275644730736,1.0885097839670268,0.0993822194939531,0.9848420460051106,1.2215823499579606,False,0,9.02764488189132,0.0,0.4,C_ref,2026-09-18 07:49:50,2026-09-18 09:05:20
pretrained_e15,0,0.1,0.1,35,0,0.9544576649819396,0.9184448785593478,1.02685360080708,0.1084087222477321,0.8375202668014216,1.1727626164956908,False,0,16.209991969928524,0.0,0.4,C_ref,2026-09-18 07:49:50,2026-09-18 09:05:20
pretrained_e15,0,0.1,0.1,36,0,1.0005041802547183,0.9724347084333173,1.0970424789044229,0.1246077704711057,0.9580953258977184,1.2483867481576805,False,0,24.58868133086071,0.0,0.4,C_ref,2026-09-18 07:49:50,2026-09-18 09:05:20
pretrained_e15,0,0.1,0.1,37,0,0.9772342951314976,0.9654642937449656,1.0449129038012035,0.0794486100562379,0.7736861895844166,1.185569079532095,False,0,21.75882002211074,0.0,0.4,C_ref,2026-09-18 07:49:50,2026-09-18 09:05:20
pretrained_e15,0,0.1,0.1,38,0,1.0070111608791856,0.9726814206053456,1.1169633925335911,0.1442819719282456,0.9470961328676804,1.2769525593802644,False,0,32.65104566020818,0.0,0.4,C_ref,2026-09-18 07:49:50,2026-09-18 09:05:20
pretrained_e15,0,0.1,0.1,39,0,0.1558915046790234,0.0838751245358226,0.2023127336629984,0.1184376091271758,0.0381093349154904,0.2629127416054805,False,0,2.169130628120911,0.0,0.4,C_ref,2026-09-18 07:49:50,2026-09-18 09:05:20
pretrained_e15,0,0.1,0.1,40,0,1.0053107891015234,0.96893781564353,1.1042890179659903,0.1353512023224604,0.9610612397163036,1.257571836025066,False,0,26.319934035524057,0.0,0.4,C_ref,2026-09-18 07:49:50,2026-09-18 09:05:20
pretrained_e15,0,0.1,0.1,41,0,1.0093556114142763,0.9804894421154448,1.09061686324199,0.1101274211265453,0.9773824192535766,1.22823272548248,False,0,19.291196639227564,0.0,0.4,C_ref,2026-09-18 07:49:50,2026-09-18 09:05:20
pretrained_e15,0,0.1,0.1,42,0,0.9647000176016244,0.9550637195316616,1.0338568491394828,0.0787931296078212,0.8585816215464657,1.177058065127642,False,0,15.172747087483003,0.0,0.4,C_ref,2026-09-18 07:49:50,2026-09-18 09:05:20
pretrained_e15,0,0.1,0.1,43,0,0.9934191331698988,0.9781899108446132,1.055113520921474,0.0769236100768607,0.9700771895066408,1.183633833614643,False,0,0.8241716582560912,0.0,0.4,C_ref,2026-09-18 07:49:50,2026-09-18 09:05:20
pretrained_e15,0,0.1,0.1,44,0,0.9535013864921302,0.9088475202071892,1.0184045241918995,0.1095570039847102,0.90212860431005,1.162082677471313,False,0,5.471018088312121,0.0,0.4,C_ref,2026-09-18 07:49:50,2026-09-18 09:05:20
pretrained_e15,0,0.1,0.1,45,0,0.904995158908921,0.86869544906423,0.9982823164973704,0.1295868674331403,0.8496032742512831,1.144996991863904,False,0,17.388162431023375,0.0,0.4,C_ref,2026-09-18 07:49:50,2026-09-18 09:05:20
pretrained_e15,0,0.1,0.1,46,0,1.004518888811969,0.9881542729924568,1.0806937956714058,0.0925395226789489,0.9810277438391592,1.2190604295849174,False,0,8.299175064974406,0.0,0.4,C_ref,2026-09-18 07:49:50,2026-09-18 09:05:20
pretrained_e15,0,0.1,0.1,47,0,0.9713127975947672,0.9299577319693316,1.0748675076730294,0.1449097757036976,0.9272898504618208,1.232456694372941,False,0,31.929095502553537,0.0,0.4,C_ref,2026-09-18 07:49:50,2026-09-18 09:05:20
pretrained_e15,0,0.1,0.1,0,0,0.0,,0.0008698892845838,,,0.0034795571383353,True,0,28.98655796461753,,2.5,C_ref,2026-09-18 07:49:50,2026-09-18 09:05:20
pretrained_e15,0,0.1,0.1,1,0,0.0,,0.0078022896031567,,,0.0208753463301765,True,0,27.029636296614623,,2.5,C_ref,2026-09-18 07:49:50,2026-09-18 09:05:20
pretrained_e15,0,0.1,0.1,2,0,0.0,,0.001465071657066,,,0.0058602866282642,True,0,28.53932823567084,,2.5,C_ref,2026-09-18 07:49:50,2026-09-18 09:05:20
pretrained_e15,0,0.1,0.1,3,0,0.0,,0.0002670789909703,,,0.0010683159638812,True,0,21.6465601772652,,2.5,C_ref,2026-09-18 07:49:50,2026-09-18 09:05:20
pretrained_e15,0,0.1,0.1,4,0,0.0,,0.0010878589565044,,,0.0043514358260176,True,0,30.35397450446544,,2.5,C_ref,2026-09-18 07:49:50,2026-09-18 09:05:20
pretrained_e15,0,0.1,0.1,5,0,0.0,,0.0056936249249082,,,0.0352674010153663,True,0,27.61466954500065,,2.5,C_ref,2026-09-18 07:49:50,2026-09-18 09:05:20
pretrained_e15,0,0.1,0.1,6,0,0.0,,0.0004363965313798,,,0.0017455861255194,True,0,26.086595050281176,,2.5,C_ref,2026-09-18 07:49:50,2026-09-18 09:05:20
pretrained_e15,0,0.1,0.1,7,0,0.0,,0.0007606682274984,,,0.0030426729099937,True,0,28.100502192697604,,2.5,C_ref,2026-09-18 07:49:50,2026-09-18 09:05:20
pretrained_e15,0,0.1,0.1,8,0,0.0,,0.0003057347011194,,,0.0012229388044776,True,0,23.5150916964376,,2.5,C_ref,2026-09-18 07:49:50,2026-09-18 09:05:20
pretrained_e15,0,0.1,0.1,9,0,0.0,,0.0006104774043977,,,0.002441909617591,True,0,25.024504252782208,,2.5,C_ref,2026-09-18 07:49:50,2026-09-18 09:05:20
pretrained_e15,0,0.1,0.1,10,0,0.0,,0.0001759771157264,,,0.0007039084629057,True,0,13.448267093695904,,2.5,C_ref,2026-09-18 07:49:50,2026-09-18 09:05:20
pretrained_e15,0,0.1,0.1,11,0,0.0,,0.0005432524010059,,,0.0021730096040236,True,0,20.65692020696952,,2.5,C_ref,2026-09-18 07:49:50,2026-09-18 09:05:20
pretrained_e15,0,0.1,0.1,12,0,0.0,,0.0007610389421821,,,0.0030441557687287,True,0,24.744624621180265,,2.5,C_ref,2026-09-18 07:49:50,2026-09-18 09:05:20
pretrained_e15,0,0.1,0.1,13,0,0.0,,0.0003771032240771,,,0.0015084128963085,True,0,19.859583854398807,,2.5,C_ref,2026-09-18 07:49:50,2026-09-18 09:05:20
pretrained_e15,0,0.1,0.1,14,0,0.0,,0.0008256907612888,,,0.0033027630451552,True,0,31.15784887546033,,2.5,C_ref,2026-09-18 07:49:50,2026-09-18 09:05:20
pretrained_e15,0,0.1,0.1,15,0,0.0,,0.0003673459352728,,,0.0014693837410913,True,0,24.418193232395424,,2.5,C_ref,2026-09-18 07:49:50,2026-09-18 09:05:20
pretrained_e15,0,0.1,0.1,16,0,0.0,,0.0001377283771743,,,0.0005509135086974,True,0,12.731645242394734,,2.5,C_ref,2026-09-18 07:49:50,2026-09-18 09:05:20
pretrained_e15,0,0.1,0.1,17,0,0.0,,0.0004763239250057,,,0.0019052957000229,True,0,28.94602663093974,,2.5,C_ref,2026-09-18 07:49:50,2026-09-18 09:05:20
pretrained_e15,0,0.1,0.1,18,0,0.0,,0.000373455670378,,,0.0014938226815121,True,0,25.49500709765925,,2.5,C_ref,2026-09-18 07:49:50,2026-09-18 09:05:20
pretrained_e15,0,0.1,0.1,19,0,0.0,,0.0003431290326325,,,0.0013725161305302,True,0,25.268956568528665,,2.5,C_ref,2026-09-18 07:49:50,2026-09-18 09:05:20
pretrained_e15,0,0.1,0.1,20,0,0.0,,0.0002566904156925,,,0.0010267616627701,True,0,18.67758568870704,,2.5,C_ref,2026-09-18 07:49:50,2026-09-18 09:05:20
pretrained_e15,0,0.1,0.1,21,0,0.0,,0.0004923594794127,,,0.0019694379176508,True,0,20.314603201790305,,2.5,C_ref,2026-09-18 07:49:50,2026-09-18 09:05:20
pretrained_e15,0,0.1,0.1,22,0,0.0,,0.000350195370795,,,0.00140078148318,True,0,24.165394169725914,,2.5,C_ref,2026-09-18 07:49:50,2026-09-18 09:05:20
pretrained_e15,0,0.1,0.1,23,0,0.0,,0.0001725591394352,,,0.000690236557741,True,0,18.475008951878408,,2.5,C_ref,2026-09-18 07:49:50,2026-09-18 09:05:20
pretrained_e15,0,0.1,0.1,24,0,0.0,,0.00084092232883,,,0.0033636893153203,True,0,29.217539194683923,,2.5,C_ref,2026-09-18 07:49:50,2026-09-18 09:05:20
pretrained_e15,0,0.1,0.1,25,0,0.0,,0.0037682679336983,,,0.0292410525049653,True,0,33.15442984571564,,2.5,C_ref,2026-09-18 07:49:50,2026-09-18 09:05:20
pretrained_e15,0,0.1,0.1,26,0,0.0,,0.0003537350163752,,,0.0014149400655011,True,0,24.69203123248008,,2.5,C_ref,2026-09-18 07:49:50,2026-09-18 09:05:20
pretrained_e15,0,0.1,0.1,27,0,0.0,,0.0003193234744566,,,0.0012772938978267,True,0,29.23471509941737,,2.5,C_ref,2026-09-18 07:49:50,2026-09-18 09:05:20
pretrained_e15,0,0.1,0.1,28,0,0.0,,0.0002493911017449,,,0.0009975644069799,True,0,21.768244804894493,,2.5,C_ref,2026-09-18 07:49:50,2026-09-18 09:05:20
pretrained_e15,0,0.1,0.1,29,0,0.0,,0.000670277348469,,,0.0026811093938763,True,0,25.233805545420186,,2.5,C_ref,2026-09-18 07:49:50,2026-09-18 09:05:20
pretrained_e15,0,0.1,0.1,30,0,0.0,,0.0007714017018472,,,0.0030856068073888,True,0,27.497811307872325,,2.5,C_ref,2026-09-18 07:49:50,2026-09-18 09:05:20
pretrained_e15,0,0.1,0.1,31,0,0.0,,0.0003648014979969,,,0.0014592059919876,True,0,25.068657902236737,,2.5,C_ref,2026-09-18 07:49:50,2026-09-18 09:05:20
pretrained_e15,0,0.1,0.1,32,0,0.0,,0.0003231067492831,,,0.0012924269971327,True,0,23.14626035248876,,2.5,C_ref,2026-09-18 07:49:50,2026-09-18 09:05:20
pretrained_e15,0,0.1,0.1,33,0,0.0,,0.0004512634873289,,,0.0018050539493156,True,0,25.753188001988747,,2.5,C_ref,2026-09-18 07:49:50,2026-09-18 09:05:20
pretrained_e15,0,0.1,0.1,34,0,0.0,,0.0003171955352441,,,0.0012687821409766,True,0,26.546030501864152,,2.5,C_ref,2026-09-18 07:49:50,2026-09-18 09:05:20
pretrained_e15,0,0.1,0.1,35,0,0.0,,0.0008982330031505,,,0.0035929320126022,True,0,26.740052467994246,,2.5,C_ref,2026-09-18 07:49:50,2026-09-18 09:05:20
pretrained_e15,0,0.1,0.1,36,0,0.0,,0.0001845578012488,,,0.0007382312049953,True,0,19.6304419567532,,2.5,C_ref,2026-09-18 07:49:50,2026-09-18 09:05:20
pretrained_e15,0,0.1,0.1,37,0,0.0,,0.0012333224728256,,,0.0049332898913026,True,0,25.74100855566212,,2.5,C_ref,2026-09-18 07:49:50,2026-09-18 09:05:20
pretrained_e15,0,0.1,0.1,38,0,0.0,,0.0002186292588709,,,0.0008745170354838,True,0,18.364319715066813,,2.5,C_ref,2026-09-18 07:49:50,2026-09-18 09:05:20
pretrained_e15,0,0.1,0.1,39,0,0.0,,0.0011745734129609,,,0.0046982936518439,True,0,25.99768827675871,,2.5,C_ref,2026-09-18 07:49:50,2026-09-18 09:05:20
pretrained_e15,0,0.1,0.1,40,0,0.0,,0.0002782125301426,,,0.0011128501205705,True,0,19.27118336115745,,2.5,C_ref,2026-09-18 07:49:50,2026-09-18 09:05:20
pretrained_e15,0,0.1,0.1,41,0,0.0,,0.0003652821906106,,,0.0014611287624425,True,0,21.619565516772127,,2.5,C_ref,2026-09-18 07:49:50,2026-09-18 09:05:20
pretrained_e15,0,0.1,0.1,42,0,0.0,,0.0003618123528123,,,0.0014472494112494,True,0,24.70480720269552,,2.5,C_ref,2026-09-18 07:49:50,2026-09-18 09:05:20
pretrained_e15,0,0.1,0.1,43,0,0.0,,0.0008752545324383,,,0.0035010181297533,True,0,26.546190269647923,,2.5,C_ref,2026-09-18 07:49:50,2026-09-18 09:05:20
pretrained_e15,0,0.1,0.1,44,0,0.0,,0.0006565905289153,,,0.0026263621156614,True,0,25.095174160083843,,2.5,C_ref,2026-09-18 07:49:50,2026-09-18 09:05:20
pretrained_e15,0,0.1,0.1,45,0,0.0,,0.0004338689539328,,,0.0017354758157312,True,0,29.42476620190428,,2.5,C_ref,2026-09-18 07:49:50,2026-09-18 09:05:20
pretrained_e15,0,0.1,0.1,46,0,0.0,,0.0005828032748882,,,0.0023312130995531,True,0,23.322031803756545,,2.5,C_ref,2026-09-18 07:49:50,2026-09-18 09:05:20
pretrained_e15,0,0.1,0.1,47,0,0.0,,0.0003212557496392,,,0.0012850229985569,True,0,21.29936566228207,,2.5,C_ref,2026-09-18 07:49:50,2026-09-18 09:05:20
pretrained_e15,0,0.3,0.3,0,0,0.9546734033371602,0.9325932637655128,1.1495967436939176,0.2170034799284049,0.0829872068036148,1.4359406908827812,False,0,2.868157301163592,0.0,0.4,C_ref,2026-09-18 11:05:24,2026-09-18 13:27:07
pretrained_e15,0,0.3,0.3,1,0,0.7633045821474833,0.5961670908052779,1.0498783840886128,0.4537112932833349,0.0206316931287905,1.3903524842549158,False,0,2.4506906090318807,0.0,0.4,C_ref,2026-09-18 11:05:24,2026-09-18 13:27:07
pretrained_e15,0,0.3,0.3,2,0,0.9797848096651022,0.910983046259932,1.231549885721842,0.3205668394619098,0.8835547539195965,1.526971102592799,False,0,8.164248339366168,0.0,0.4,C_ref,2026-09-18 11:05:24,2026-09-18 13:27:07
pretrained_e15,0,0.3,0.3,3,0,1.002792970567404,0.8684914957103872,1.2648849732415202,0.3963934775311329,0.8568766659456124,1.5575754095105978,False,0,12.349702256055023,0.0,0.4,C_ref,2026-09-18 11:05:24,2026-09-18 13:27:07
pretrained_e15,0,0.3,0.3,4,0,0.8917727953128819,0.8428013112858663,1.1453548891944128,0.3025535779085464,0.7053372085369548,1.4485790401879908,False,0,5.885025366322225,0.0,0.4,C_ref,2026-09-18 11:05:24,2026-09-18 13:27:07
pretrained_e15,0,0.3,0.3,5,0,0.9512334088281434,0.9140246789555756,1.1753482068379597,0.2613235278823841,0.5143623715306026,1.466814251623249,False,0,5.144104774448351,0.0,0.4,C_ref,2026-09-18 11:05:24,2026-09-18 13:27:07
pretrained_e15,0,0.3,0.3,6,0,0.6839146437033604,0.1012957104499107,1.0293564731395315,0.9280607626896208,0.0325348241223898,1.3646779759900929,False,0,0.8420691787723626,1.0,0.4,C_ref,2026-09-18 11:05:24,2026-09-18 13:27:07
pretrained_e15,0,0.3,0.3,7,0,0.8714017802203191,0.8331357464680286,1.1252066862479186,0.29207093977989,0.4637909566011589,1.4355341459032354,False,0,4.669219824721949,0.0,0.4,C_ref,2026-09-18 11:05:24,2026-09-18 13:27:07
pretrained_e15,0,0.3,0.3,8,0,0.943890644168756,0.8281532749338555,1.2159650212048674,0.3878117462710119,0.7906475874483403,1.515087002591718,False,0,9.65646688979541,0.0,0.4,C_ref,2026-09-18 11:05:24,2026-09-18 13:27:07
pretrained_e15,0,0.3,0.3,9,0,1.054960449103795,0.9562225180250692,1.275696499513426,0.319473981488357,0.946958831358192,1.5443874684358634,False,0,20.392592186195543,0.0,0.4,C_ref,2026-09-18 11:05:24,2026-09-18 13:27:07
pretrained_e15,0,0.3,0.3,10,0,0.996866897337028,0.9152603112960108,1.2599343980016868,0.3446740867056759,0.8121254062882421,1.5549654453561412,False,0,17.39448429555341,0.0,0.4,C_ref,2026-09-18 11:05:24,2026-09-18 13:27:07
pretrained_e15,0,0.3,0.3,11,0,0.948125042117184,0.8876372024178574,1.1938974441044132,0.3062602416865558,0.7898265922040197,1.4863730698230435,False,0,9.990544175245304,0.0,0.4,C_ref,2026-09-18 11:05:24,2026-09-18 13:27:07
pretrained_e15,0,0.3,0.3,12,0,0.873777905136596,0.7998423200215949,1.149501693830823,0.3496593738092279,0.0204438184206212,1.4725710449813882,False,0,2.365726537973387,0.0,0.4,C_ref,2026-09-18 11:05:24,2026-09-18 13:27:07
pretrained_e15,0,0.3,0.3,13,0,0.873285807922219,0.1048816731340674,1.139177206199592,1.0342955330655246,0.0208982198356227,1.4698065052202989,False,0,0.7370234028276172,1.0,0.4,C_ref,2026-09-18 11:05:24,2026-09-18 13:27:07
pretrained_e15,0,0.3,0.3,14,0,0.8500216669482095,0.7830444340267428,1.1258038392211327,0.3427594051943898,0.6584436453884438,1.4327218100005727,False,0,7.911779556045076,0.0,0.4,C_ref,2026-09-18 11:05:24,2026-09-18 13:27:07
pretrained_e15,0,0.3,0.3,15,0,0.9374833452490154,0.876701242011449,1.205612880268109,0.32891163825666,0.7310538330569155,1.5123925746805762,False,0,12.586771654325275,0.0,0.4,C_ref,2026-09-18 11:05:24,2026-09-18 13:27:07
pretrained_e15,0,0.3,0.3,16,0,1.0368007655338731,0.8733351996174664,1.3148203170556902,0.4414851174382238,0.8635564546661797,1.608805873247989,False,0,10.042850831414398,0.0,0.4,C_ref,2026-09-18 11:05:24,2026-09-18 13:27:07
pretrained_e15,0,0.3,0.3,17,0,0.9190406720033106,0.9018002695559584,1.0940544716439418,0.1922542020879835,0.0480530247524364,1.3752456941654467,False,0,0.0234351283979776,0.0,0.4,C_ref,2026-09-18 11:05:24,2026-09-18 13:27:07
pretrained_e15,0,0.3,0.3,18,0,0.956317835866915,0.8983677180778182,1.2168759575940786,0.3185082395162604,0.5928066347747348,1.514485346595016,False,0,13.124641120179149,0.0,0.4,C_ref,2026-09-18 11:05:24,2026-09-18 13:27:07
pretrained_e15,0,0.3,0.3,19,0,0.1483559814107873,0.0713374192312525,0.1829215066394234,0.1115840874081708,0.0217133036646473,0.1980650115784422,False,0,5.755913520719332,0.0,0.4,C_ref,2026-09-18 11:05:24,2026-09-18 13:27:07
pretrained_e15,0,0.3,0.3,20,0,1.0121393855032332,0.9292449771382252,1.2282760649043851,0.2990310877661603,0.9235395307737316,1.4993185160508478,False,0,15.108684131737393,0.0,0.4,C_ref,2026-09-18 11:05:24,2026-09-18 13:27:07
pretrained_e15,0,0.3,0.3,21,0,0.9856928244474236,0.8481450146259396,1.266802891447149,0.4186578768212093,0.7298577517099669,1.564307226153976,False,0,16.596074406559637,0.0,0.4,C_ref,2026-09-18 11:05:24,2026-09-18 13:27:07
pretrained_e15,0,0.3,0.3,22,0,0.8198421570829918,0.7316929328748438,1.125677189692884,0.3939842568180403,0.5560625627388195,1.4341926827141571,False,0,9.496450146489224,0.0,0.4,C_ref,2026-09-18 11:05:24,2026-09-18 13:27:07
pretrained_e15,0,0.3,0.3,23,0,0.904918533402554,0.8275670079459531,1.1696321585499865,0.3420651506040332,0.6093877922669666,1.465017630910466,False,0,9.662070142621817,0.0,0.4,C_ref,2026-09-18 11:05:24,2026-09-18 13:27:07
pretrained_e15,0,0.3,0.3,24,0,0.934000554755792,0.8708120620256217,1.2116886430512883,0.3408765810256666,0.7085110532957163,1.5199619035519605,False,0,9.181384649578831,0.0,0.4,C_ref,2026-09-18 11:05:24,2026-09-18 13:27:07
pretrained_e15,0,0.3,0.3,25,0,0.8445858858166551,0.8166288253158065,1.0340096801570289,0.2173808548412223,0.1051272326849809,1.312468451753743,False,0,2.615911227891047,0.0,0.4,C_ref,2026-09-18 11:05:24,2026-09-18 13:27:07
pretrained_e15,0,0.3,0.3,26,0,0.3379081638711463,0.1418461089276496,0.8383323652329693,0.6964862563053196,0.0504396510416212,1.2573081204265617,False,0,0.032186981941777,1.0,0.4,C_ref,2026-09-18 11:05:24,2026-09-18 13:27:07
pretrained_e15,0,0.3,0.3,27,0,0.9927318548491928,0.9722755375138724,1.1547824558890514,0.1825069183751789,0.0559785177082276,1.4278716817653478,False,0,0.9901492807184696,0.0,0.4,C_ref,2026-09-18 11:05:24,2026-09-18 13:27:07
pretrained_e15,0,0.3,0.3,28,0,0.8673474247643645,0.7375765004578981,1.121209378694013,0.3836328782361148,0.6522860694163346,1.4335914076873466,False,0,4.079614501686592,0.0,0.4,C_ref,2026-09-18 11:05:24,2026-09-18 13:27:07
pretrained_e15,0,0.3,0.3,29,0,0.9134035275692748,0.8847629608221165,1.1280817159779428,0.2433187551558263,0.0620063720258943,1.4220719523761929,False,0,3.1938574030609743,0.0,0.4,C_ref,2026-09-18 11:05:24,2026-09-18 13:27:07
pretrained_e15,0,0.3,0.3,30,0,0.9581269694813914,0.9000664206880384,1.2140410477266277,0.313974627038589,0.7764461486712563,1.5039557452279564,False,0,12.703407629891444,0.0,0.4,C_ref,2026-09-18 11:05:24,2026-09-18 13:27:07
pretrained_e15,0,0.3,0.3,31,0,0.902196897846706,0.8232209040883506,1.177420407720586,0.3541995036322355,0.7605016765572988,1.4836610595928457,False,0,9.875477659050375,0.0,0.4,C_ref,2026-09-18 11:05:24,2026-09-18 13:27:07
pretrained_e15,0,0.3,0.3,32,0,0.9496686271007344,0.9041447233486104,1.2103482209348666,0.3062034975862563,0.3491909076507536,1.51322522487899,False,0,3.337828836611152,0.0,0.4,C_ref,2026-09-18 11:05:24,2026-09-18 13:27:07
pretrained_e15,0,0.3,0.3,33,0,1.002042850590214,0.9098470855111376,1.2218562965102784,0.3120092109991408,0.9061884939862752,1.491894452255473,False,0,12.40038184111836,0.0,0.4,C_ref,2026-09-18 11:05:24,2026-09-18 13:27:07
pretrained_e15,0,0.3,0.3,34,0,0.6875107815701745,0.5241120499860843,1.1079763927023318,0.5838643427162475,0.3330359343545673,1.4199112374703358,False,0,1.1824575375503628,0.0,0.4,C_ref,2026-09-18 11:05:24,2026-09-18 13:27:07
pretrained_e15,0,0.3,0.3,35,0,0.8961180932620375,0.7356848998020306,1.1818840497695215,0.446199149967491,0.705054001425794,1.4811553907588235,False,0,11.595021452696528,0.0,0.4,C_ref,2026-09-18 11:05:24,2026-09-18 13:27:07
pretrained_e15,0,0.3,0.3,36,0,0.9750814501762772,0.8273693328078233,1.248663122446608,0.4212937896387847,0.7890714050340045,1.5444117266435096,False,0,16.042671135815908,0.0,0.4,C_ref,2026-09-18 11:05:24,2026-09-18 13:27:07
pretrained_e15,0,0.3,0.3,37,0,0.2330628002566449,0.0969151123671573,0.8096379732485081,0.7127228608813507,0.0300526156540384,1.2870459713979066,False,0,0.4004874027814367,1.0,0.4,C_ref,2026-09-18 11:05:24,2026-09-18 13:27:07
pretrained_e15,0,0.3,0.3,38,0,0.1697611728891647,0.0785322991123381,0.1956504766393794,0.1171181775270413,0.0224086284538956,1.476497157964819,False,0,2.07901781667897,0.0,0.4,C_ref,2026-09-18 11:05:24,2026-09-18 13:27:07
pretrained_e15,0,0.3,0.3,39,0,0.9639885085713764,0.8495554773846026,1.2014303957513095,0.3518749183667071,0.8437916054846873,1.4779714713188603,False,0,16.35017413960668,0.0,0.4,C_ref,2026-09-18 11:05:24,2026-09-18 13:27:07
pretrained_e15,0,0.3,0.3,40,0,0.8710016410376185,0.7790911838190667,1.1566228596329289,0.3775316758138619,0.6540692362809647,1.4724065699239113,False,0,4.313550100298016,0.0,0.4,C_ref,2026-09-18 11:05:24,2026-09-18 13:27:07
pretrained_e15,0,0.3,0.3,41,0,0.8741754723157462,0.8520027324639111,1.102995588168123,0.2509928557042119,0.0656341515214038,1.4031386769518162,False,0,1.2305445053134465,0.0,0.4,C_ref,2026-09-18 11:05:24,2026-09-18 13:27:07
pretrained_e15,0,0.3,0.3,42,0,0.8446676043459701,0.7955750727658563,1.119642812879422,0.3240677401135657,0.1530753119917565,1.441988637797419,False,0,3.7308171240511,0.0,0.4,C_ref,2026-09-18 11:05:24,2026-09-18 13:27:07
pretrained_e15,0,0.3,0.3,43,0,0.9510964817907924,0.9146084072220908,1.1530257935903074,0.2384173863682167,0.8646928696045015,1.4295268191636723,False,0,5.636709261940268,0.0,0.4,C_ref,2026-09-18 11:05:24,2026-09-18 13:27:07
pretrained_e15,0,0.3,0.3,44,0,0.7780188940636099,0.6771515255038871,1.075182377437928,0.398030851934041,0.4741004562205876,1.3880440535006882,False,0,6.264386811413715,0.0,0.4,C_ref,2026-09-18 11:05:24,2026-09-18 13:27:07
pretrained_e15,0,0.3,0.3,45,0,0.6646609102080466,0.5937429022050976,1.0785451370257066,0.484802234820609,0.0455817211768307,1.3574928182328734,False,0,1.9458170229372629,0.0,0.4,C_ref,2026-09-18 11:05:24,2026-09-18 13:27:07
pretrained_e15,0,0.3,0.3,46,0,1.1908687319641362,1.0017495501612717,1.433598641922079,0.4318490917608073,0.90834668605109,1.7018635273051246,False,0,44.9872319401984,0.0,0.4,C_ref,2026-09-18 11:05:24,2026-09-18 13:27:07
pretrained_e15,0,0.3,0.3,47,0,0.9668868212259208,0.758727156500506,1.2521599830333026,0.4934328265327965,0.6499554093240664,1.5486590943275695,False,0,25.196218818298803,0.0,0.4,C_ref,2026-09-18 11:05:24,2026-09-18 13:27:07
pretrained_e15,0,0.3,0.3,0,0,2.3119059540837927,2.01460186009882,2.6148850639449,0.6002832038460797,1.7202975817524948,2.9251163407937173,False,0,0.388488980326656,1.0,2.5,C_ref,2026-09-18 11:05:24,2026-09-18 13:27:07
pretrained_e15,0,0.3,0.3,1,0,2.356325364971004,2.0578978505476004,2.65998977068814,0.6020919201405395,1.761869062008408,2.9704792217400224,False,0,0.2261494673475681,1.0,2.5,C_ref,2026-09-18 11:05:24,2026-09-18 13:27:07
pretrained_e15,0,0.3,0.3,2,0,2.448119784843766,2.153833797501461,2.748705242241959,0.5948714447404977,1.8638476297868865,3.056810295839939,False,0,0.0303194461448583,1.0,2.5,C_ref,2026-09-18 11:05:24,2026-09-18 13:27:07
pretrained_e15,0,0.3,0.3,3,0,2.476613859357355,2.18373768387976,2.77629249291674,0.5925548090369794,1.89604212679688,3.0838468986138525,False,0,0.0060974453772359,1.0,2.5,C_ref,2026-09-18 11:05:24,2026-09-18 13:27:07
pretrained_e15,0,0.3,0.3,4,0,2.363712634624001,2.067782981599132,2.665083162660605,0.5973001810614735,1.7747540835565496,2.9734804202366893,False,0,0.2066969455809157,1.0,2.5,C_ref,2026-09-18 11:05:24,2026-09-18 13:27:07
pretrained_e15,0,0.3,0.3,5,0,2.3407052124497727,2.045745036257872,2.6411877322298927,0.5954426959720207,1.7536757713705526,2.94874766814783,False,0,0.2838358241751848,1.0,2.5,C_ref,2026-09-18 11:05:24,2026-09-18 13:27:07
pretrained_e15,0,0.3,0.3,6,0,2.2954720610605235,1.997534889101468,2.5982077433552075,0.6006728542537394,1.701241035161214,2.907538357587827,False,0,0.4591565153968986,1.0,2.5,C_ref,2026-09-18 11:05:24,2026-09-18 13:27:07
pretrained_e15,0,0.3,0.3,7,0,2.3753463420980947,2.081886956578465,2.6745393210844903,0.5926523645060255,1.7918528707538603,2.9809281651676054,False,0,0.1755606641927443,1.0,2.5,C_ref,2026-09-18 11:05:24,2026-09-18 13:27:07
pretrained_e15,0,0.3,0.3,8,0,2.408786614092961,2.114513093093044,2.709540902242639,0.5950278091495949,1.824731630776994,3.017941356862775,False,0,0.0934845116134965,1.0,2.5,C_ref,2026-09-18 11:05:24,2026-09-18 13:27:07
pretrained_e15,0,0.3,0.3,9,0,2.3747232137435392,2.082904828565796,2.6730792753564057,0.59017444679061,1.7958160325877517,2.979139869401356,False,0,0.1785328046025824,1.0,2.5,C_ref,2026-09-18 11:05:24,2026-09-18 13:27:07
pretrained_e15,0,0.3,0.3,10,0,2.480512010844898,2.187733295777152,2.7800699155703583,0.592336619793207,1.9000033256617648,3.087441813551116,False,0,0.0043277336917526,1.0,2.5,C_ref,2026-09-18 11:05:24,2026-09-18 13:27:07
pretrained_e15,0,0.3,0.3,11,0,2.3484646653902104,2.0519155372727647,2.650993060403298,0.5990775231305334,1.7591734845873312,2.960852512948112,False,0,0.2536607426809496,1.0,2.5,C_ref,2026-09-18 11:05:24,2026-09-18 13:27:07
pretrained_e15,0,0.3,0.3,12,0,2.4662654657748737,2.1684873303187566,2.7701380877836552,0.6016507574648986,1.8746526677367548,3.081383420944632,False,0,0.0124170066264923,1.0,2.5,C_ref,2026-09-18 11:05:24,2026-09-18 13:27:07
pretrained_e15,0,0.3,0.3,13,0,2.483568680850881,2.184146613506953,2.788747067315456,0.6046004538085028,1.888172366256544,3.101048236977566,False,0,0.0028179198598081,1.0,2.5,C_ref,2026-09-18 11:05:24,2026-09-18 13:27:07
pretrained_e15,0,0.3,0.3,14,0,2.340761766624217,2.048336265459774,2.639017354237372,0.5906810887775977,1.7592947966649966,2.944560220149194,False,0,0.2880077983245428,1.0,2.5,C_ref,2026-09-18 11:05:24,2026-09-18 13:27:07
pretrained_e15,0,0.3,0.3,15,0,2.4701677001574605,2.174905234134401,2.7717628562924457,0.5968576221580446,1.8838942119681352,3.0809762212165506,False,0,0.0099884821393061,1.0,2.5,C_ref,2026-09-18 11:05:24,2026-09-18 13:27:07
pretrained_e15,0,0.3,0.3,16,0,2.5554715523102303,2.263690031106191,2.8545653654814487,0.5908753343752577,1.977932828944104,3.161840905853907,False,0,0.0352203275979263,1.0,2.5,C_ref,2026-09-18 11:05:24,2026-09-18 13:27:07
pretrained_e15,0,0.3,0.3,17,0,2.225725633700919,1.9287671775988944,2.527164046238171,0.5983968686392769,1.632943671920093,2.835036032311777,False,0,0.8291250925576605,1.0,2.5,C_ref,2026-09-18 11:05:24,2026-09-18 13:27:07
pretrained_e15,0,0.3,0.3,18,0,2.4314375579338874,2.1395356635896388,2.72986924447048,0.5903335808808405,1.852305137845945,3.0359944627239943,False,0,0.0537418665044242,1.0,2.5,C_ref,2026-09-18 11:05:24,2026-09-18 13:27:07
pretrained_e15,0,0.3,0.3,19,0,2.3906517038676194,2.096046090932191,2.6913845818576534,0.5953384909254624,1.8053811566565816,2.99957943815276,False,0,0.1341135740076424,1.0,2.5,C_ref,2026-09-18 11:05:24,2026-09-18 13:27:07
pretrained_e15,0,0.3,0.3,20,0,2.3138792528088348,2.0173628759630784,2.616309379486221,0.5989465035231425,1.7246500081326994,2.926035643967927,False,0,0.3817968137736898,1.0,2.5,C_ref,2026-09-18 11:05:24,2026-09-18 13:27:07
pretrained_e15,0,0.3,0.3,21,0,2.4798223296279884,2.18740885026776,2.779091493506611,0.5916826432388516,1.90014219534132,3.08631738097019,False,0,0.0046519335483026,1.0,2.5,C_ref,2026-09-18 11:05:24,2026-09-18 13:27:07
pretrained_e15,0,0.3,0.3,22,0,2.348415541873824,2.0500454428079435,2.6521644650137044,0.6021190222057609,1.7546010381196115,2.962869391182249,False,0,0.2515782415939611,1.0,2.5,C_ref,2026-09-18 11:05:24,2026-09-18 13:27:07
pretrained_e15,0,0.3,0.3,23,0,2.327368790151188,2.0360180480455887,2.6249830150554967,0.588964967009908,1.748767132231018,2.9302252564171023,False,0,0.3396709070439101,1.0,2.5,C_ref,2026-09-18 11:05:24,2026-09-18 13:27:07
pretrained_e15,0,0.3,0.3,24,0,2.40623237577278,2.1094728024022635,2.7088168427830186,0.5993440403807551,1.816375648751876,3.018597182786272,False,0,0.0973257930636464,1.0,2.5,C_ref,2026-09-18 11:05:24,2026-09-18 13:27:07
pretrained_e15,0,0.3,0.3,25,0,2.142921725011365,1.8446872432318795,2.444725641091768,0.6000383978598878,1.5458585614530655,2.752434248218528,False,0,1.3949793318242882,0.0,2.5,C_ref,2026-09-18 11:05:24,2026-09-18 13:27:07
pretrained_e15,0,0.3,0.3,26,0,2.283493173926461,1.985131454163255,2.58639145897742,0.601260004814165,1.6878778904317646,2.895783280139973,False,0,0.5135165643478103,1.0,2.5,C_ref,2026-09-18 11:05:24,2026-09-18 13:27:07
pretrained_e15,0,0.3,0.3,27,0,2.3106366122061632,2.014850144812609,2.611277744702274,0.5964275998896644,1.7207601576984717,2.9185795146874485,False,0,0.3995979323153733,1.0,2.5,C_ref,2026-09-18 11:05:24,2026-09-18 13:27:07
pretrained_e15,0,0.3,0.3,28,0,2.3849136702265548,2.088995082561487,2.686416276273778,0.5974211937122909,1.7962625048556686,2.9950144409428097,False,0,0.1473670675295579,1.0,2.5,C_ref,2026-09-18 11:05:24,2026-09-18 13:27:07
pretrained_e15,0,0.3,0.3,29,0,2.3007813761824765,2.0022058465017376,2.6042954809498062,0.6020896344480686,1.705601332514756,2.9145653144716706,False,0,0.4336698173792683,1.0,2.5,C_ref,2026-09-18 11:05:24,2026-09-18 13:27:07
pretrained_e15,0,0.3,0.3,30,0,2.3868435226811484,2.0971608057177544,2.68316319873564,0.5860023930178855,1.8122697723068109,2.9873150856029063,False,0,0.147922742566152,1.0,2.5,C_ref,2026-09-18 11:05:24,2026-09-18 13:27:07
pretrained_e15,0,0.3,0.3,31,0,2.391240687159499,2.095775003719502,2.6926633962822155,0.5968883925627133,1.8039590894911035,3.0014695330800336,False,0,0.1320140486459422,1.0,2.5,C_ref,2026-09-18 11:05:24,2026-09-18 13:27:07
pretrained_e15,0,0.3,0.3,32,0,2.422427419903191,2.1289684170917744,2.7223648574405863,0.5933964403488119,1.8400552350413493,3.0300436410958875,False,0,0.0680032516502251,1.0,2.5,C_ref,2026-09-18 11:05:24,2026-09-18 13:27:07
pretrained_e15,0,0.3,0.3,33,0,2.291907216382646,1.9993589965144511,2.5906536104774696,0.5912946139630184,1.710991069465671,2.896895317503927,False,0,0.4885948918054055,1.0,2.5,C_ref,2026-09-18 11:05:24,2026-09-18 13:27:07
pretrained_e15,0,0.3,0.3,34,0,2.329766873981885,2.032068396673314,2.63255031952673,0.6004819228534162,1.7366055109439726,2.942153981143464,False,0,0.3188363105582539,1.0,2.5,C_ref,2026-09-18 11:05:24,2026-09-18 13:27:07
pretrained_e15,0,0.3,0.3,35,0,2.3368335554363853,2.04328183115308,2.6365998822400982,0.5933180510870182,1.7538713377220372,2.9438804403240244,False,0,0.2992736355881789,1.0,2.5,C_ref,2026-09-18 11:05:24,2026-09-18 13:27:07
pretrained_e15,0,0.3,0.3,36,0,2.451015369557932,2.161935239261656,2.7411760953546827,0.5792408560930267,1.8759515324694191,2.92409949585519,False,0,0.0283577359805349,1.0,2.5,C_ref,2026-09-18 11:05:24,2026-09-18 13:27:07
pretrained_e15,0,0.3,0.3,37,0,2.382191044501152,2.0833101985088534,2.686535163680324,0.6032249651714703,1.787265029783363,2.9979368216870563,False,0,0.1516795934985566,1.0,2.5,C_ref,2026-09-18 11:05:24,2026-09-18 13:27:07
pretrained_e15,0,0.3,0.3,38,0,2.4746978908484976,2.178699937846809,2.7768027488630094,0.5981028110161999,1.886828896578672,3.086279062387148,False,0,0.00691214946346,1.0,2.5,C_ref,2026-09-18 11:05:24,2026-09-18 13:27:07
pretrained_e15,0,0.3,0.3,39,0,2.278426043399146,1.9913440508382527,2.569749163937597,0.5784051130993444,1.7076180592556631,2.864447169585824,False,0,0.5804207367618801,1.0,2.5,C_ref,2026-09-18 11:05:24,2026-09-18 13:27:07
pretrained_e15,0,0.3,0.3,40,0,2.412693872659971,2.117272900077776,2.7142599281204447,0.596987028042669,1.8258695230069208,3.023332134549003,False,0,0.0850822429565596,1.0,2.5,C_ref,2026-09-18 11:05:24,2026-09-18 13:27:07
pretrained_e15,0,0.3,0.3,41,0,2.2934126557003567,1.997783680003251,2.5942980982871617,0.596514418283911,1.7046656073271238,2.9021275697053666,False,0,0.4743276566296117,1.0,2.5,C_ref,2026-09-18 11:05:24,2026-09-18 13:27:07
pretrained_e15,0,0.3,0.3,42,0,2.4288981559337515,2.132510076787097,2.730858398362811,0.5983483215757137,1.839366954635918,3.039660371678768,False,0,0.0563122860294242,1.0,2.5,C_ref,2026-09-18 11:05:24,2026-09-18 13:27:07
pretrained_e15,0,0.3,0.3,43,0,2.276395203458263,1.9784101440052075,2.579279807620539,0.6008696636153315,1.6824183204573468,2.8887799576971664,False,0,0.5477502510730119,1.0,2.5,C_ref,2026-09-18 11:05:24,2026-09-18 13:27:07
pretrained_e15,0,0.3,0.3,44,0,2.2724932859614,1.975246120507807,2.574823705072854,0.599577584565048,1.68013142355288,2.883999424602425,False,0,0.5689710231708887,1.0,2.5,C_ref,2026-09-18 11:05:24,2026-09-18 13:27:07
pretrained_e15,0,0.3,0.3,45,0,2.210396277279969,1.9096425151766725,2.5149923519136648,0.6053498367369925,1.6089458600511972,2.8256783261291343,False,0,0.9045377988986728,1.0,2.5,C_ref,2026-09-18 11:05:24,2026-09-18 13:27:07
pretrained_e15,0,0.3,0.3,46,0,2.464006246501865,2.1742279512697973,2.7611936175095333,0.586965666239736,1.8905968735267007,3.066582962562887,False,0,0.0148267427757673,1.0,2.5,C_ref,2026-09-18 11:05:24,2026-09-18 13:27:07
pretrained_e15,0,0.3,0.3,47,0,2.4571075670276183,2.165664598257896,2.7554186184606886,0.5897540202027933,1.87940314605752,3.061706475849027,False,0,0.0210186879776301,1.0,2.5,C_ref,2026-09-18 11:05:24,2026-09-18 13:27:07
pretrained_e15,0,1.0,1.0,0,0,1.1678775656204148,1.003312255280867,1.4071646424917936,0.4038523872109263,0.977499184663846,1.6746707686727795,False,0,38.18233445811711,0.0,0.4,C_ref,2026-09-18 18:23:06,2026-09-19 00:38:40
pretrained_e15,0,1.0,1.0,1,0,1.2177879280757524,1.035454629358164,1.4568732522938732,0.4214186229357091,0.9726411739699554,1.7210954193176875,False,0,38.97350311036644,0.0,0.4,C_ref,2026-09-18 18:23:06,2026-09-19 00:38:40
pretrained_e15,0,1.0,1.0,2,0,1.1947544857791053,0.9993419167556888,1.4527331567310957,0.4533912399754068,0.9603238733438316,1.7298786345705075,False,0,26.83269732484041,0.0,0.4,C_ref,2026-09-18 18:23:06,2026-09-19 00:38:40
pretrained_e15,0,1.0,1.0,3,0,1.1471388107038951,0.9641207145038674,1.4196106903264518,0.4554899758225844,0.8592636682949797,1.705415323079131,False,0,21.962406917347835,0.0,0.4,C_ref,2026-09-18 18:23:06,2026-09-19 00:38:40
pretrained_e15,0,1.0,1.0,4,0,1.1393592526684568,0.9694612873295678,1.4036665056286464,0.4342052182990785,0.9585101685885306,1.684644290845128,False,0,28.796969325165264,0.0,0.4,C_ref,2026-09-18 18:23:06,2026-09-19 00:38:40
pretrained_e15,0,1.0,1.0,5,0,1.152881536675564,0.9891234797978096,1.3999849290412314,0.4108614492434218,0.9669193978956476,1.6715726781327482,False,0,30.827655638884607,0.0,0.4,C_ref,2026-09-18 18:23:06,2026-09-19 00:38:40
pretrained_e15,0,1.0,1.0,6,0,1.1432790755887194,0.9680227716677862,1.403644345241526,0.43562157357374,0.907678803430682,1.6815840213629842,False,0,29.05869341517973,0.0,0.4,C_ref,2026-09-18 18:23:06,2026-09-19 00:38:40
pretrained_e15,0,1.0,1.0,7,0,1.2065416936968665,1.0074594531279122,1.4542399540205493,0.4467805008926371,0.9574994025351776,1.7221758222286905,False,0,48.8707869343707,0.0,0.4,C_ref,2026-09-18 18:23:06,2026-09-19 00:38:40
pretrained_e15,0,1.0,1.0,8,0,1.291559145125593,1.0855734420423686,1.5339174073463486,0.44834396530398,0.9792070048694044,1.7965461457790763,False,0,74.88553705134473,0.0,0.4,C_ref,2026-09-18 18:23:06,2026-09-19 00:38:40
pretrained_e15,0,1.0,1.0,9,0,1.1895500687588998,1.0105627762677938,1.4336787134908566,0.4231159372230628,0.9774648978559896,1.7019311818325908,False,0,40.50426058882658,0.0,0.4,C_ref,2026-09-18 18:23:06,2026-09-19 00:38:40
pretrained_e15,0,1.0,1.0,10,0,1.2375420588065364,1.0286049479955024,1.4934552485004329,0.4648503005049302,0.9770375114537324,1.7672340774991109,False,0,44.408638295866695,0.0,0.4,C_ref,2026-09-18 18:23:06,2026-09-19 00:38:40
pretrained_e15,0,1.0,1.0,11,0,1.183168338810508,0.9935107343637316,1.4329193439856007,0.4394086096218692,0.9615167908924572,1.704413950369586,False,0,50.57193467959587,0.0,0.4,C_ref,2026-09-18 18:23:06,2026-09-19 00:38:40
pretrained_e15,0,1.0,1.0,12,0,1.2795236874217772,1.0607023708521146,1.531698604307023,0.4709962334549087,0.9673335005098116,1.737180899605838,False,0,57.56468603079338,0.0,0.4,C_ref,2026-09-18 18:23:06,2026-09-19 00:38:40
pretrained_e15,0,1.0,1.0,13,0,1.3233494054845374,1.103076305288487,1.5745662177569495,0.4714899124684624,0.9733361126496144,1.84303756689274,False,0,61.25617434344167,0.0,0.4,C_ref,2026-09-18 18:23:06,2026-09-19 00:38:40
pretrained_e15,0,1.0,1.0,14,0,1.152638106727015,0.9934731776098068,1.3955622497320477,0.4020890721222407,0.9810727617895176,1.6646906335230691,False,0,23.96084324702315,0.0,0.4,C_ref,2026-09-18 18:23:06,2026-09-19 00:38:40
pretrained_e15,0,1.0,1.0,15,0,1.124662148327368,0.9674588191325476,1.3995736331804545,0.4321148140479068,0.9350169762215752,1.689862259319263,False,0,16.138132044143276,0.0,0.4,C_ref,2026-09-18 18:23:06,2026-09-19 00:38:40
pretrained_e15,0,1.0,1.0,16,0,1.358734284429086,1.1383520947412036,1.607531111120562,0.4691790163793583,0.9815694723664168,1.8736120792268092,False,0,75.53961869493651,0.0,0.4,C_ref,2026-09-18 18:23:06,2026-09-19 00:38:40
pretrained_e15,0,1.0,1.0,17,0,1.0897782646793663,0.969746322386973,1.3268769113973125,0.3571305890103394,0.9568769230568676,1.596650924213346,False,0,21.89394738789997,0.0,0.4,C_ref,2026-09-18 18:23:06,2026-09-19 00:38:40
pretrained_e15,0,1.0,1.0,18,0,1.2284232642580124,1.008215397092453,1.4892560546843,0.4810406575918471,0.9466493221829166,1.7645396769525463,False,0,34.373371027457324,0.0,0.4,C_ref,2026-09-18 18:23:06,2026-09-19 00:38:40
pretrained_e15,0,1.0,1.0,19,0,1.2392050250401936,1.0463658719665945,1.4823703230923122,0.4360044511257177,0.974489527637748,1.7489136878752904,False,0,52.175741962561005,0.0,0.4,C_ref,2026-09-18 18:23:06,2026-09-19 00:38:40
pretrained_e15,0,1.0,1.0,20,0,1.3156385145534577,1.1183297383407884,1.5487155636279706,0.4303858252871821,0.9863436277378064,1.8041919897154848,False,0,85.52034838270993,0.0,0.4,C_ref,2026-09-18 18:23:06,2026-09-19 00:38:40
pretrained_e15,0,1.0,1.0,21,0,1.2300620726988578,1.0162968435713091,1.4888776786871076,0.4725808351157985,0.973041198546651,1.7643139045075402,False,0,38.74938644921713,0.0,0.4,C_ref,2026-09-18 18:23:06,2026-09-19 00:38:40
pretrained_e15,0,1.0,1.0,22,0,1.196731399329474,1.0085023249284777,1.4467712970506574,0.4382689721221797,0.9771811862774088,1.719085338718846,False,0,35.202124661580456,0.0,0.4,C_ref,2026-09-18 18:23:06,2026-09-19 00:38:40
pretrained_e15,0,1.0,1.0,23,0,1.1524374964448223,0.9705565485387728,1.399457402254055,0.4289008537152822,0.9515635071663447,1.6697949436133028,False,0,35.11134937213501,0.0,0.4,C_ref,2026-09-18 18:23:06,2026-09-19 00:38:40
pretrained_e15,0,1.0,1.0,24,0,1.169579675101907,0.9843383045695232,1.417156404139724,0.4328180995702009,0.9311378996841524,1.686932403177205,False,0,35.026807729373104,0.0,0.4,C_ref,2026-09-18 18:23:06,2026-09-19 00:38:40
pretrained_e15,0,1.0,1.0,25,0,1.0786260054195302,0.9794083475420194,1.3124548995442342,0.3330465520022148,0.9720700906288288,1.5812071108469,False,0,17.069026671921165,0.0,0.4,C_ref,2026-09-18 18:23:06,2026-09-19 00:38:40
pretrained_e15,0,1.0,1.0,26,0,1.0934724410749657,0.9706564579663006,1.3390173555659484,0.3683608975996477,0.9234998989901884,1.6142217768008156,False,0,19.498955451847,0.0,0.4,C_ref,2026-09-18 18:23:06,2026-09-19 00:38:40
pretrained_e15,0,1.0,1.0,27,0,1.2120696834735594,1.0040492352380823,1.4591968683781509,0.4551476331400683,0.9219072819005416,1.7250644241036353,False,0,59.26882294140887,0.0,0.4,C_ref,2026-09-18 18:23:06,2026-09-19 00:38:40
pretrained_e15,0,1.0,1.0,28,0,1.081673315111383,0.9885596652635136,1.320592152466851,0.332032487203337,0.9572424018924844,1.599035798261904,False,0,12.772306737679171,0.0,0.4,C_ref,2026-09-18 18:23:06,2026-09-19 00:38:40
pretrained_e15,0,1.0,1.0,29,0,1.0856035566190252,0.9641574588191822,1.3468891843194768,0.3827317255002945,0.8805224638467564,1.6288018054707565,False,0,23.236297987110447,0.0,0.4,C_ref,2026-09-18 18:23:06,2026-09-19 00:38:40
pretrained_e15,0,1.0,1.0,30,0,1.1431595284781348,0.9871296791385415,1.385578717866187,0.3984490387276453,0.9475172074570328,1.6527006471473884,False,0,30.012519599964435,0.0,0.4,C_ref,2026-09-18 18:23:06,2026-09-19 00:38:40
pretrained_e15,0,1.0,1.0,31,0,1.279864724166044,1.0747283965719725,1.5242012267416676,0.4494728301696951,0.9836776098439378,1.7887232788358234,False,0,68.90347355742415,0.0,0.4,C_ref,2026-09-18 18:23:06,2026-09-19 00:38:40
pretrained_e15,0,1.0,1.0,32,0,1.2510290672916144,1.04374182731444,1.498477785551507,0.4547359582370669,0.9779004122661334,1.7649942039885655,False,0,58.90950089491889,0.0,0.4,C_ref,2026-09-18 18:23:06,2026-09-19 00:38:40
pretrained_e15,0,1.0,1.0,33,0,1.1581750856662971,0.9995546479525754,1.390038087839031,0.3904834398864556,0.9700610584838442,1.6520730459365232,False,0,38.72822918863676,0.0,0.4,C_ref,2026-09-18 18:23:06,2026-09-19 00:38:40
pretrained_e15,0,1.0,1.0,34,0,1.179382071305709,0.986998163922352,1.426001359686451,0.4390031957640988,0.9109303035475872,1.695356145511992,False,0,43.76388664050319,0.0,0.4,C_ref,2026-09-18 18:23:06,2026-09-19 00:38:40
pretrained_e15,0,1.0,1.0,35,0,1.1863353572323072,1.0110767529808673,1.4211660372688637,0.4100892842879964,0.9678443977320006,1.6823066781936031,False,0,56.292119273919525,0.0,0.4,C_ref,2026-09-18 18:23:06,2026-09-19 00:38:40
pretrained_e15,0,1.0,1.0,36,0,1.214900060165096,1.007911020973928,1.4681593410258658,0.4602483200519378,0.9576198067234156,1.739600075052577,False,0,49.63577689675367,0.0,0.4,C_ref,2026-09-18 18:23:06,2026-09-19 00:38:40
pretrained_e15,0,1.0,1.0,37,0,1.2407404095804802,1.0383845006427244,1.4877589343740532,0.4493744337313288,0.9640022995976064,1.696549592739285,False,0,47.95559815550223,0.0,0.4,C_ref,2026-09-18 18:23:06,2026-09-19 00:38:40
pretrained_e15,0,1.0,1.0,38,0,1.3230643038533694,1.106950695861987,1.5691434929928807,0.4621927971308937,0.9719874949826384,1.833002749522488,False,0,75.74286583181674,0.0,0.4,C_ref,2026-09-18 18:23:06,2026-09-19 00:38:40
pretrained_e15,0,1.0,1.0,39,0,1.2225853390221897,1.0490691233643528,1.449633420896428,0.4005642975320753,0.9874467987129016,1.70507770672903,False,0,50.49152788945503,0.0,0.4,C_ref,2026-09-18 18:23:06,2026-09-19 00:38:40
pretrained_e15,0,1.0,1.0,40,0,1.1977283091476156,0.994829650814017,1.4522360555587348,0.4574064047447178,0.95584517884804,1.726224895568759,False,0,41.49480054056039,0.0,0.4,C_ref,2026-09-18 18:23:06,2026-09-19 00:38:40
pretrained_e15,0,1.0,1.0,41,0,1.1769962165100571,1.008468884208152,1.4077837384769152,0.3993148542687632,0.9730895908211056,1.6671290727982928,False,0,41.43128968221936,0.0,0.4,C_ref,2026-09-18 18:23:06,2026-09-19 00:38:40
pretrained_e15,0,1.0,1.0,42,0,1.190963023868579,1.010015975199553,1.4366282574042968,0.4266122822047438,0.9684716925956496,1.706889974677213,False,0,36.3855360223497,0.0,0.4,C_ref,2026-09-18 18:23:06,2026-09-19 00:38:40
pretrained_e15,0,1.0,1.0,43,0,1.1433598264783869,0.9940244638840792,1.3773964534740726,0.3833719895899934,0.9771937398314352,1.642166280836673,False,0,33.96468007284784,0.0,0.4,C_ref,2026-09-18 18:23:06,2026-09-19 00:38:40
pretrained_e15,0,1.0,1.0,44,0,1.1721259967946756,1.0130894982737453,1.4044239896053123,0.391334491331567,0.980873544680252,1.6673140730056537,False,0,32.19644484620585,0.0,0.4,C_ref,2026-09-18 18:23:06,2026-09-19 00:38:40
pretrained_e15,0,1.0,1.0,45,0,1.1300557961345905,0.9889354016786291,1.3803620790315916,0.3914266773529624,0.9636040081572744,1.6534685493531924,False,0,24.595063163342274,0.0,0.4,C_ref,2026-09-18 18:23:06,2026-09-19 00:38:40
pretrained_e15,0,1.0,1.0,46,0,1.3506288283241807,1.1264427233297332,1.5991223690856708,0.4726796457559377,0.9784254853174053,1.8637333519645207,False,0,82.35527000358343,0.0,0.4,C_ref,2026-09-18 18:23:06,2026-09-19 00:38:40
pretrained_e15,0,1.0,1.0,47,0,1.2379962842358614,1.0317991224654497,1.486381462167825,0.4545823397023754,0.9578939094227424,1.7543813303247529,False,0,54.271164830886846,0.0,0.4,C_ref,2026-09-18 18:23:06,2026-09-19 00:38:40
pretrained_e15,0,1.0,1.0,0,0,2.466540065767813,2.183465131936347,2.7577036121377483,0.5742384802014011,1.9082017928952069,3.056119857793068,False,0,0.0133917318889871,1.0,2.5,C_ref,2026-09-18 18:23:06,2026-09-19 00:38:40
pretrained_e15,0,1.0,1.0,1,0,2.257268557115756,2.118766188832371,2.2765082764394675,0.1577420876070965,1.897530342401545,3.0713097815059336,False,0,0.711228137017315,0.0,2.5,C_ref,2026-09-18 18:23:06,2026-09-19 00:38:40
pretrained_e15,0,1.0,1.0,2,0,2.6007730903387727,2.3157046174209297,2.8943392004940964,0.5786345830731667,2.0382524941006754,3.197056314021186,False,0,0.122613442774309,1.0,2.5,C_ref,2026-09-18 18:23:06,2026-09-19 00:38:40
pretrained_e15,0,1.0,1.0,3,0,2.605584529094426,2.319311928718646,2.900068795236753,0.5807568665181071,2.0403700582534854,3.203290528732396,False,0,0.133478119783831,1.0,2.5,C_ref,2026-09-18 18:23:06,2026-09-19 00:38:40
pretrained_e15,0,1.0,1.0,4,0,2.5356648299296047,2.249956835043501,2.8294162664563185,0.5794594314128174,1.971287598849761,3.1319092978775256,False,0,0.0149969729791337,1.0,2.5,C_ref,2026-09-18 18:23:06,2026-09-19 00:38:40
pretrained_e15,0,1.0,1.0,5,0,2.489111106273562,2.2050995858122278,2.781404317148991,0.5763047313367635,1.9283271935929585,3.082661193556462,False,0,0.0014190776455507,1.0,2.5,C_ref,2026-09-18 18:23:06,2026-09-19 00:38:40
pretrained_e15,0,1.0,1.0,6,0,2.4870693961921884,2.201245874432044,2.7811123862786937,0.5798665118466504,1.9226368110859664,3.084062152163156,False,0,0.0018869739760702,1.0,2.5,C_ref,2026-09-18 18:23:06,2026-09-19 00:38:40
pretrained_e15,0,1.0,1.0,7,0,2.5338047285220853,2.253226393997366,2.815619185805926,0.56239279180856,1.9796282188213876,3.057437275673333,False,0,0.0140462225972441,1.0,2.5,C_ref,2026-09-18 18:23:06,2026-09-19 00:38:40
pretrained_e15,0,1.0,1.0,8,0,2.594215876711268,2.3137926548511167,2.8842506265080288,0.570457971656912,2.0426638582722023,3.1841752703153965,False,0,0.1101407431124243,1.0,2.5,C_ref,2026-09-18 18:23:06,2026-09-19 00:38:40
pretrained_e15,0,1.0,1.0,9,0,2.5269556564888505,2.243197001152164,2.8192997557164983,0.5761027545643342,1.9476885663164696,3.120758573156739,False,0,0.0086731289338786,1.0,2.5,C_ref,2026-09-18 18:23:06,2026-09-19 00:38:40
pretrained_e15,0,1.0,1.0,10,0,2.645325541192228,2.361250558709717,2.938381629361736,0.5771310706520194,2.0856162269741634,3.2408410200035616,False,0,0.2575616173271555,1.0,2.5,C_ref,2026-09-18 18:23:06,2026-09-19 00:38:40
pretrained_e15,0,1.0,1.0,11,0,2.518877952388617,2.2338043108382637,2.81256955384715,0.5787652430088865,1.9565868961628925,3.1154159444156937,False,0,0.0042483943507249,1.0,2.5,C_ref,2026-09-18 18:23:06,2026-09-19 00:38:40
pretrained_e15,0,1.0,1.0,12,0,2.677869063865212,2.3920249716007214,2.972777768441806,0.5807527968410846,2.0708619988576986,3.2772147980649176,False,0,0.3825735579484899,1.0,2.5,C_ref,2026-09-18 18:23:06,2026-09-19 00:38:40
pretrained_e15,0,1.0,1.0,13,0,2.6858161441522155,2.40237944594354,2.9785373231669148,0.5761578772233751,2.127767158169258,3.2808717375644467,False,0,0.4248250490563805,1.0,2.5,C_ref,2026-09-18 18:23:06,2026-09-19 00:38:40
pretrained_e15,0,1.0,1.0,14,0,2.4105829276292146,2.174462626993142,2.45792399726728,0.283461370274138,1.910101243213888,2.977261231602629,False,0,1.2243732638853544,0.0,2.5,C_ref,2026-09-18 18:23:06,2026-09-19 00:38:40
pretrained_e15,0,1.0,1.0,15,0,2.61079086661016,2.3220760407794847,2.9075508281303244,0.5854747873508397,2.0403008187555915,3.213134625828459,False,0,0.1448263880702143,1.0,2.5,C_ref,2026-09-18 18:23:06,2026-09-19 00:38:40
pretrained_e15,0,1.0,1.0,16,0,2.731881170890925,2.449417571135384,3.023809796773057,0.574392225637673,2.176158646714413,3.325560280640523,False,0,0.6698293731897138,1.0,2.5,C_ref,2026-09-18 18:23:06,2026-09-19 00:38:40
pretrained_e15,0,1.0,1.0,17,0,2.386087416884472,2.1014399644599493,2.678738059786519,0.5772980953265696,1.82372638855965,2.980144415378624,False,0,0.1540185566227592,1.0,2.5,C_ref,2026-09-18 18:23:06,2026-09-19 00:38:40
pretrained_e15,0,1.0,1.0,18,0,2.557731864484881,2.313138221627707,2.6171214549068407,0.3039832332791334,2.0469816445675364,3.1091522392279023,False,0,0.0713521018042229,1.0,2.5,C_ref,2026-09-18 18:23:06,2026-09-19 00:38:40
pretrained_e15,0,1.0,1.0,19,0,2.565020173670924,2.2814171514557198,2.857495874352063,0.5760787228963435,2.006180146445097,3.159285565666957,False,0,0.0510468291140568,1.0,2.5,C_ref,2026-09-18 18:23:06,2026-09-19 00:38:40
pretrained_e15,0,1.0,1.0,20,0,2.528087687861649,2.247658037021467,2.818010560016163,0.5703525229946957,1.9764086623809,3.117741117972588,False,0,0.0096856165000644,1.0,2.5,C_ref,2026-09-18 18:23:06,2026-09-19 00:38:40
pretrained_e15,0,1.0,1.0,21,0,2.638755375174965,2.3541388019244818,2.9321907061025647,0.5780519041780829,2.0776047211102444,3.2349623655468265,False,0,0.2339449373903335,1.0,2.5,C_ref,2026-09-18 18:23:06,2026-09-19 00:38:40
pretrained_e15,0,1.0,1.0,22,0,2.53682766367863,2.25154695211212,2.830617702747184,0.5790707506350636,1.9740012299440948,3.133452938782522,False,0,0.0161282865519751,1.0,2.5,C_ref,2026-09-18 18:23:06,2026-09-19 00:38:40
pretrained_e15,0,1.0,1.0,23,0,2.475145121687569,2.191200470511078,2.7673925135749635,0.5761920430638856,1.914661352928396,3.0686181264956423,False,0,0.0071485991356894,1.0,2.5,C_ref,2026-09-18 18:23:06,2026-09-19 00:38:40
pretrained_e15,0,1.0,1.0,24,0,2.4875762139407023,2.2044821968297907,2.779040936908224,0.5745587400784329,1.9287712948199771,3.079509045096895,False,0,0.0017990643718803,1.0,2.5,C_ref,2026-09-18 18:23:06,2026-09-19 00:38:40
pretrained_e15,0,1.0,1.0,25,0,2.350548393157552,2.066620578106288,2.641998287902664,0.5753777097963764,1.7887856524979582,2.941920829125745,False,0,0.266452969830425,1.0,2.5,C_ref,2026-09-18 18:23:06,2026-09-19 00:38:40
pretrained_e15,0,1.0,1.0,26,0,2.4461221374068907,2.160127444062342,2.739957420129408,0.579829976067066,1.8019690148876055,3.0423816081397046,False,0,0.0342291304768878,1.0,2.5,C_ref,2026-09-18 18:23:06,2026-09-19 00:38:40
pretrained_e15,0,1.0,1.0,27,0,2.4929512481248035,2.2166456120262605,2.7617590756278045,0.545113463601544,1.945960295225852,2.9055000662358466,False,0,0.0005306994353304,1.0,2.5,C_ref,2026-09-18 18:23:06,2026-09-19 00:38:40
pretrained_e15,0,1.0,1.0,28,0,2.4519323164664844,2.1647645917901763,2.7462642395070773,0.581499647716901,1.8836022739758704,3.048118690037171,False,0,0.027196906023164,1.0,2.5,C_ref,2026-09-18 18:23:06,2026-09-19 00:38:40
pretrained_e15,0,1.0,1.0,29,0,2.469916955590629,2.182584943093901,2.7651290500909345,0.582544106997033,1.9019312497343317,3.0691044338009768,False,0,0.0106490173093334,1.0,2.5,C_ref,2026-09-18 18:23:06,2026-09-19 00:38:40
pretrained_e15,0,1.0,1.0,30,0,2.21538330044216,2.0793278278732954,2.2382357362446816,0.1589079083713862,1.8575500776258544,2.969805223462131,False,0,0.3880367661877244,0.0,2.5,C_ref,2026-09-18 18:23:06,2026-09-19 00:38:40
pretrained_e15,0,1.0,1.0,31,0,2.5637907334840517,2.281099560188401,2.8550570795886325,0.5739575194002313,2.0065856030401688,3.154990948703243,False,0,0.0495797010771639,1.0,2.5,C_ref,2026-09-18 18:23:06,2026-09-19 00:38:40
pretrained_e15,0,1.0,1.0,32,0,2.593184054587933,2.310537269555782,2.8849977098324544,0.5744604402766718,2.03666354639854,3.186426974883239,False,0,0.1062690361104614,1.0,2.5,C_ref,2026-09-18 18:23:06,2026-09-19 00:38:40
pretrained_e15,0,1.0,1.0,33,0,2.429154363178049,2.1464145319972494,2.7204006590718297,0.5739861270745803,1.8713129951290897,3.0207253780812087,False,0,0.0605305948374734,1.0,2.5,C_ref,2026-09-18 18:23:06,2026-09-19 00:38:40
pretrained_e15,0,1.0,1.0,34,0,2.499764013076863,2.2160140754567683,2.7922322636030183,0.57621818814625,1.9402264306598829,3.0939675214036404,False,0,0.0,1.0,2.5,C_ref,2026-09-18 18:23:06,2026-09-19 00:38:40
pretrained_e15,0,1.0,1.0,35,0,2.4465300932291254,2.165230531197757,2.736758118364736,0.5715275871669778,1.8922703681870887,3.036387599323021,False,0,0.0346793328099011,1.0,2.5,C_ref,2026-09-18 18:23:06,2026-09-19 00:38:40
pretrained_e15,0,1.0,1.0,36,0,2.600997528624429,2.3186992481120168,2.892378308536553,0.5736790604245368,2.044993531763454,3.1932957351986264,False,0,0.1253944828968087,1.0,2.5,C_ref,2026-09-18 18:23:06,2026-09-19 00:38:40
pretrained_e15,0,1.0,1.0,37,0,2.60919701805321,2.325905507362448,2.9014582032620466,0.5755526958995985,2.0509188080792526,3.2031429099439777,False,0,0.1457299541580141,1.0,2.5,C_ref,2026-09-18 18:23:06,2026-09-19 00:38:40
pretrained_e15,0,1.0,1.0,38,0,2.67306056917242,2.392594084944142,2.9630587374638777,0.5704646525197359,2.121294647463871,3.2629089293051243,False,0,0.375696936102031,1.0,2.5,C_ref,2026-09-18 18:23:06,2026-09-19 00:38:40
pretrained_e15,0,1.0,1.0,39,0,2.4881245036566946,2.208061426001235,2.777492903651559,0.569431477650324,1.936946889763257,3.076547554754314,False,0,0.0016956509862211,1.0,2.5,C_ref,2026-09-18 18:23:06,2026-09-19 00:38:40
pretrained_e15,0,1.0,1.0,40,0,2.5660062245670554,2.279966325900351,2.8606567105924627,0.5806903846921116,2.001858041125536,3.1644377906810046,False,0,0.0518851697925129,1.0,2.5,C_ref,2026-09-18 18:23:06,2026-09-19 00:38:40
pretrained_e15,0,1.0,1.0,41,0,2.454671377563787,2.1728865140078826,2.7452329230992354,0.5723464090913528,1.899267342069068,3.045068625142354,False,0,0.0247186326741939,1.0,2.5,C_ref,2026-09-18 18:23:06,2026-09-19 00:38:40
pretrained_e15,0,1.0,1.0,42,0,2.57073512717553,2.2861228450572133,2.8639373410194104,0.5778144959621971,2.009283451037673,3.1663418300644968,False,0,0.0603962773202511,1.0,2.5,C_ref,2026-09-18 18:23:06,2026-09-19 00:38:40
pretrained_e15,0,1.0,1.0,43,0,2.4343765750209982,2.149624468397757,2.7273620665907243,0.5777375981929671,1.872291541798872,3.029275625444441,False,0,0.0510958886225125,1.0,2.5,C_ref,2026-09-18 18:23:06,2026-09-19 00:38:40
pretrained_e15,0,1.0,1.0,44,0,2.4484145138661546,2.164285774529597,2.7411403795162688,0.5768546049866718,1.8879564757694185,3.043010667079544,False,0,0.0318104304242297,1.0,2.5,C_ref,2026-09-18 18:23:06,2026-09-19 00:38:40
pretrained_e15,0,1.0,1.0,45,0,2.437986514691859,2.154775819937554,2.7295163039829338,0.5747404840453791,1.859418727288349,3.0300268770876846,False,0,0.0462718726230377,1.0,2.5,C_ref,2026-09-18 18:23:06,2026-09-19 00:38:40
pretrained_e15,0,1.0,1.0,46,0,2.614964338943643,2.3322459299738805,2.9068071617926923,0.5745612318188118,2.058159832307582,3.2081628857291227,False,0,0.1619948867810308,1.0,2.5,C_ref,2026-09-18 18:23:06,2026-09-19 00:38:40
pretrained_e15,0,1.0,1.0,47,0,2.5948824237636705,2.311916364767072,2.886881106140251,0.5749647413731789,2.0374490490884147,3.188346300243325,False,0,0.1098487430863315,1.0,2.5,C_ref,2026-09-18 18:23:06,2026-09-19 00:38:40
pretrained_e20,0,0.01,0.01,0,0,0.1963449533615523,0.0829242763027054,0.4725931290496931,0.3896688527469876,0.0261349657547844,0.969915526201564,False,0,0.6840931696315238,1.0,0.4,C_ref,2026-09-18 04:21:19,2026-09-18 05:06:23
pretrained_e20,0,0.01,0.01,1,0,0.1548969735045352,0.0633501698674609,0.3525290592537174,0.2891788893862565,0.0175004499568261,0.8572140962988983,False,0,1.293435369221697,0.0,0.4,C_ref,2026-09-18 04:21:19,2026-09-18 05:06:23
pretrained_e20,0,0.01,0.01,2,0,0.1469293160378234,0.0572109279166305,0.355397227801064,0.2981862998844334,0.0144192728439703,0.9786017304345682,False,0,1.2375432896042184,0.0,0.4,C_ref,2026-09-18 04:21:19,2026-09-18 05:06:23
pretrained_e20,0,0.01,0.01,3,0,0.1420484996855151,0.0564034983860992,0.2788780560349641,0.2224745576488649,0.0144336714099282,0.9539931482982774,False,0,1.7546100058607408,0.0,0.4,C_ref,2026-09-18 04:21:19,2026-09-18 05:06:23
pretrained_e20,0,0.01,0.01,4,0,0.1603017050140663,0.0661348642299093,0.4244601144864106,0.3583252502565013,0.018927058940893,1.1079823250650631,False,0,0.9253254900140746,1.0,0.4,C_ref,2026-09-18 04:21:19,2026-09-18 05:06:23
pretrained_e20,0,0.01,0.01,5,0,0.1839214171095513,0.0755961589790956,0.4646752924550321,0.3890791334759364,0.0222287914346983,1.0177670838202284,False,0,0.7418477657774929,1.0,0.4,C_ref,2026-09-18 04:21:19,2026-09-18 05:06:23
pretrained_e20,0,0.01,0.01,6,0,0.1867433559149734,0.0788804807621565,0.4302191699707924,0.3513386892086358,0.0244212640461495,0.9145819985642484,False,0,0.8458809517833288,1.0,0.4,C_ref,2026-09-18 04:21:19,2026-09-18 05:06:23
pretrained_e20,0,0.01,0.01,7,0,0.1320403919690016,0.0531338467762565,0.2837567415089281,0.2306228947326715,0.0134107025161979,0.7085238142322559,False,0,1.9542051224852912,0.0,0.4,C_ref,2026-09-18 04:21:19,2026-09-18 05:06:23
pretrained_e20,0,0.01,0.01,8,0,0.1567565098713317,0.0635845429529372,0.3691535067099967,0.3055689637570594,0.0174623297663028,0.9689091093364176,False,0,1.1641761516730185,0.0,0.4,C_ref,2026-09-18 04:21:19,2026-09-18 05:06:23
pretrained_e20,0,0.01,0.01,9,0,0.1240994957411114,0.0492331109775975,0.2686405686427398,0.2194074576651422,0.0117836788917819,0.6737465254443542,False,0,2.150784922840103,0.0,0.4,C_ref,2026-09-18 04:21:19,2026-09-18 05:06:23
pretrained_e20,0,0.01,0.01,10,0,0.1478332776056982,0.0588818888110205,0.3630782585172666,0.304196369706246,0.0155966888186001,1.02778288348718,False,0,1.161720657339174,0.0,0.4,C_ref,2026-09-18 04:21:19,2026-09-18 05:06:23
pretrained_e20,0,0.01,0.01,11,0,0.1398164080749299,0.0561935436404449,0.2443206795400984,0.1881271358996535,0.014267750479014,0.7880579604735215,False,0,1.6722258187583066,0.0,0.4,C_ref,2026-09-18 04:21:19,2026-09-18 05:06:23
pretrained_e20,0,0.01,0.01,12,0,0.120826000742246,0.0456474407495214,0.2740273879636613,0.2283799472141398,0.0096560959750168,0.7646977605758754,False,0,1.99582571947758,0.0,0.4,C_ref,2026-09-18 04:21:19,2026-09-18 05:06:23
pretrained_e20,0,0.01,0.01,13,0,0.1380339032463051,0.0547121372676882,0.2682813827101108,0.2135692454424226,0.0135986957606457,0.8317345048523609,False,0,1.9206692216503145,0.0,0.4,C_ref,2026-09-18 04:21:19,2026-09-18 05:06:23
pretrained_e20,0,0.01,0.01,14,0,0.1631910750575238,0.0685129144202619,0.366367825374125,0.2978549109538631,0.0197234069079959,0.8773138695964503,False,0,1.1922981720526875,0.0,0.4,C_ref,2026-09-18 04:21:19,2026-09-18 05:06:23
pretrained_e20,0,0.01,0.01,15,0,0.1542903898663081,0.0619242750665731,0.3642111366086414,0.3022868615420682,0.0167550615186248,0.9553928707528876,False,0,1.1944937733496772,0.0,0.4,C_ref,2026-09-18 04:21:19,2026-09-18 05:06:23
pretrained_e20,0,0.01,0.01,16,0,0.153696525760949,0.0601512695110929,0.4098309194636624,0.3496796499525694,0.0158210581199208,1.1426405276002642,False,0,0.9666015598340892,1.0,0.4,C_ref,2026-09-18 04:21:19,2026-09-18 05:06:23
pretrained_e20,0,0.01,0.01,17,0,0.1803842803867205,0.0770286299057544,0.3947712522717175,0.317742622365963,0.0238384822595736,0.8243330485009166,False,0,1.0325712122867117,0.0,0.4,C_ref,2026-09-18 04:21:19,2026-09-18 05:06:23
pretrained_e20,0,0.01,0.01,18,0,0.1603420817306991,0.0648983605544817,0.3948534158401861,0.3299550552857043,0.0178893949988167,1.0071492073662898,False,0,1.0231520291563356,0.0,0.4,C_ref,2026-09-18 04:21:19,2026-09-18 05:06:23
pretrained_e20,0,0.01,0.01,19,0,0.132659595143276,0.0517214563210744,0.3062606632737551,0.2545392069526807,0.0124309651454478,0.9125839236059148,False,0,1.5959376597711523,0.0,0.4,C_ref,2026-09-18 04:21:19,2026-09-18 05:06:23
pretrained_e20,0,0.01,0.01,20,0,0.1963177248162697,0.0831875309787682,0.4604796136106316,0.3772920826318633,0.0262493329885243,0.951854491766652,False,0,0.717995563041768,1.0,0.4,C_ref,2026-09-18 04:21:19,2026-09-18 05:06:23
pretrained_e20,0,0.01,0.01,21,0,0.1117367496632152,0.047179910427916,0.2383139650068664,0.1911340545789503,0.0103516793049336,0.817604825024831,False,0,2.2457211108012416,0.0,0.4,C_ref,2026-09-18 04:21:19,2026-09-18 05:06:23
pretrained_e20,0,0.01,0.01,22,0,0.1734593144536151,0.0721205130038677,0.4075980353370917,0.3354775223332239,0.0208603270702741,0.9359466374865854,False,0,0.9625915825345146,1.0,0.4,C_ref,2026-09-18 04:21:19,2026-09-18 05:06:23
pretrained_e20,0,0.01,0.01,23,0,0.1817804574654703,0.0756178274393226,0.4564626714976544,0.3808448440583317,0.0226717425668168,1.003224090701539,False,0,0.7747661183166201,1.0,0.4,C_ref,2026-09-18 04:21:19,2026-09-18 05:06:23
pretrained_e20,0,0.01,0.01,24,0,0.1791588833729402,0.0756307241011805,0.4112837051671743,0.3356529810659938,0.0230036860437897,0.9152526727934024,False,0,0.9404186380998,1.0,0.4,C_ref,2026-09-18 04:21:19,2026-09-18 05:06:23
pretrained_e20,0,0.01,0.01,25,0,0.2085240348069256,0.0911426976482352,0.4811606864737835,0.3900179888255483,0.030690120432769,0.9293367773290198,False,0,0.6259150310361292,1.0,0.4,C_ref,2026-09-18 04:21:19,2026-09-18 05:06:23
pretrained_e20,0,0.01,0.01,26,0,0.1803040309872265,0.0775070151041423,0.2882324806373353,0.210725465533193,0.0241856156027533,1.0004655546431953,False,0,0.739232092146267,0.0,0.4,C_ref,2026-09-18 04:21:19,2026-09-18 05:06:23
pretrained_e20,0,0.01,0.01,27,0,0.1503657954299842,0.0621654879709251,0.330134158787713,0.2679686708167878,0.0174304818828915,0.7817546085427206,False,0,1.4989791973748652,0.0,0.4,C_ref,2026-09-18 04:21:19,2026-09-18 05:06:23
pretrained_e20,0,0.01,0.01,28,0,0.1376431514754064,0.0589264629933742,0.183672613066583,0.1247461500732087,0.0162927939671827,0.9920481327008196,False,0,3.028627765546844,0.0,0.4,C_ref,2026-09-18 04:21:19,2026-09-18 05:06:23
pretrained_e20,0,0.01,0.01,29,0,0.1481753418125281,0.0599032387909809,0.3452392680595176,0.2853360292685367,0.0163327737240937,0.9641270734945536,False,0,1.2793373312561016,0.0,0.4,C_ref,2026-09-18 04:21:19,2026-09-18 05:06:23
pretrained_e20,0,0.01,0.01,30,0,0.1929105226105595,0.0817209843258708,0.4547107258602038,0.372989741534333,0.0259029231528032,0.9463391152540028,False,0,0.7450051495361549,1.0,0.4,C_ref,2026-09-18 04:21:19,2026-09-18 05:06:23
pretrained_e20,0,0.01,0.01,31,0,0.1413941663961884,0.055148319654456,0.3297881060805566,0.2746397864261005,0.013557912790833,0.8916459309765861,False,0,1.4399331565327884,0.0,0.4,C_ref,2026-09-18 04:21:19,2026-09-18 05:06:23
pretrained_e20,0,0.01,0.01,32,0,0.14139880719056,0.0566816019939824,0.3128745249928526,0.2561929229988702,0.0146473342132343,0.7949241272133097,False,0,1.611778746060736,0.0,0.4,C_ref,2026-09-18 04:21:19,2026-09-18 05:06:23
pretrained_e20,0,0.01,0.01,33,0,0.1938787215692144,0.0819736123269391,0.486190389295719,0.4042167769687799,0.0259825552356551,1.0043751596578367,False,0,0.6680406599189155,1.0,0.4,C_ref,2026-09-18 04:21:19,2026-09-18 05:06:23
pretrained_e20,0,0.01,0.01,34,0,0.1749775090710086,0.0732673901980141,0.4104278862015081,0.3371604960034939,0.0215183157466275,0.9474466911996988,False,0,0.951199378072488,1.0,0.4,C_ref,2026-09-18 04:21:19,2026-09-18 05:06:23
pretrained_e20,0,0.01,0.01,35,0,0.1495986661351726,0.0606187631773857,0.3407428554525602,0.2801240922751744,0.0165500130743472,0.8643932270759568,False,0,1.3630517294768651,0.0,0.4,C_ref,2026-09-18 04:21:19,2026-09-18 05:06:23
pretrained_e20,0,0.01,0.01,36,0,0.1393236262546901,0.0553473805071263,0.310800988968094,0.2554536084609677,0.0139640667459582,0.7651018234371494,False,0,1.668149235756573,0.0,0.4,C_ref,2026-09-18 04:21:19,2026-09-18 05:06:23
pretrained_e20,0,0.01,0.01,37,0,0.1315986699328818,0.0510209431560799,0.3012828781075835,0.2502619349515036,0.012059122859282,0.8366732611675874,False,0,1.6795893305679783,0.0,0.4,C_ref,2026-09-18 04:21:19,2026-09-18 05:06:23
pretrained_e20,0,0.01,0.01,38,0,0.1198469536308994,0.0555731213133984,0.2542465565664684,0.1986734352530699,0.0149276514848238,0.9619798754262632,False,0,1.8909929602377813,0.0,0.4,C_ref,2026-09-18 04:21:19,2026-09-18 05:06:23
pretrained_e20,0,0.01,0.01,39,0,0.1557929764979859,0.0644390718602337,0.3472388006922393,0.2827997288320055,0.018001070427242,0.8453251253323709,False,0,1.3322746906524117,0.0,0.4,C_ref,2026-09-18 04:21:19,2026-09-18 05:06:23
pretrained_e20,0,0.01,0.01,40,0,0.1642679760891424,0.0654539581206094,0.4546703892451728,0.3892164311245633,0.0178451701315851,1.124532739595113,False,0,0.8321031646955817,1.0,0.4,C_ref,2026-09-18 04:21:19,2026-09-18 05:06:23
pretrained_e20,0,0.01,0.01,41,0,0.1826538306714061,0.078557922920974,0.4276893582204712,0.3491314352994971,0.0248243964412227,0.9719766221621388,False,0,0.8844332387634495,1.0,0.4,C_ref,2026-09-18 04:21:19,2026-09-18 05:06:23
pretrained_e20,0,0.01,0.01,42,0,0.1541138532927006,0.0617958807398555,0.3723731857781182,0.3105773050382626,0.0167620111481126,0.9716649028591188,False,0,1.1375151461033963,0.0,0.4,C_ref,2026-09-18 04:21:19,2026-09-18 05:06:23
pretrained_e20,0,0.01,0.01,43,0,0.2083138195798277,0.0892483533162636,0.5282648802302188,0.4390165269139551,0.0292246793578918,1.0174701320305433,False,0,0.5391804914506793,1.0,0.4,C_ref,2026-09-18 04:21:19,2026-09-18 05:06:23
pretrained_e20,0,0.01,0.01,44,0,0.1884779773332888,0.0797023228285476,0.4232404647786889,0.3435381419501413,0.0247631129375273,0.8765343606781367,False,0,0.8712290905277769,1.0,0.4,C_ref,2026-09-18 04:21:19,2026-09-18 05:06:23
pretrained_e20,0,0.01,0.01,45,0,0.1774320166517562,0.0745789061279624,0.4170004755981543,0.3424215694701919,0.0223608565427482,0.9294891342636264,False,0,0.917532737912552,1.0,0.4,C_ref,2026-09-18 04:21:19,2026-09-18 05:06:23
pretrained_e20,0,0.01,0.01,46,0,0.19221777761736,0.0800543538186748,0.45872508648179,0.3786707326631152,0.0246690145084339,0.9604721465484372,False,0,0.7323868481726095,1.0,0.4,C_ref,2026-09-18 04:21:19,2026-09-18 05:06:23
pretrained_e20,0,0.01,0.01,47,0,0.1506843754946148,0.0619454864194255,0.3408371012991882,0.2788916148797628,0.0172300498915434,0.8788175775825049,False,0,1.355794873983541,0.0,0.4,C_ref,2026-09-18 04:21:19,2026-09-18 05:06:23
pretrained_e20,0,0.01,0.01,0,0,0.0,,0.0042443612166531,,,0.021749365238651,True,0,10.238319466112443,,2.5,C_ref,2026-09-18 04:21:19,2026-09-18 05:06:23
pretrained_e20,0,0.01,0.01,1,0,0.0,,0.00338208742359,,,0.0162079744925862,True,0,12.786092955546335,,2.5,C_ref,2026-09-18 04:21:19,2026-09-18 05:06:23
pretrained_e20,0,0.01,0.01,2,0,0.0,,0.0028493108329496,,,0.0125897428951024,True,0,8.65091499071059,,2.5,C_ref,2026-09-18 04:21:19,2026-09-18 05:06:23
pretrained_e20,0,0.01,0.01,3,0,0.0,,0.0028250964332366,,,0.0124031391051588,True,0,9.311068651160896,,2.5,C_ref,2026-09-18 04:21:19,2026-09-18 05:06:23
pretrained_e20,0,0.01,0.01,4,0,0.0,,0.0032606787378382,,,0.0153111077640079,True,0,8.492178693642927,,2.5,C_ref,2026-09-18 04:21:19,2026-09-18 05:06:23
pretrained_e20,0,0.01,0.01,5,0,0.0,,0.0037368092846565,,,0.0185348598138726,True,0,8.403702514984616,,2.5,C_ref,2026-09-18 04:21:19,2026-09-18 05:06:23
pretrained_e20,0,0.01,0.01,6,0,0.0,,0.0043521685756463,,,0.0224852393156702,True,0,11.284150462732214,,2.5,C_ref,2026-09-18 04:21:19,2026-09-18 05:06:23
pretrained_e20,0,0.01,0.01,7,0,0.0,,0.0030603255429986,,,0.0140438788610972,True,0,15.637187947839266,,2.5,C_ref,2026-09-18 04:21:19,2026-09-18 05:06:23
pretrained_e20,0,0.01,0.01,8,0,0.0,,0.0033232820401269,,,0.0158203040653424,True,0,9.57260853270418,,2.5,C_ref,2026-09-18 04:21:19,2026-09-18 05:06:23
pretrained_e20,0,0.01,0.01,9,0,0.0,,0.0029129562910192,,,0.0130003679734582,True,0,15.9074133392387,,2.5,C_ref,2026-09-18 04:21:19,2026-09-18 05:06:23
pretrained_e20,0,0.01,0.01,10,0,0.0,,0.0028610548393592,,,0.0126573290200487,True,0,8.296259847364126,,2.5,C_ref,2026-09-18 04:21:19,2026-09-18 05:06:23
pretrained_e20,0,0.01,0.01,11,0,0.0,,0.0033367684419471,,,0.0159854596612448,True,0,13.746066395895468,,2.5,C_ref,2026-09-18 04:21:19,2026-09-18 05:06:23
pretrained_e20,0,0.01,0.01,12,0,0.0,,0.0025514110898201,,,0.0103913542583589,True,0,11.698878600229364,,2.5,C_ref,2026-09-18 04:21:19,2026-09-18 05:06:23
pretrained_e20,0,0.01,0.01,13,0,0.0,,0.0028113802465656,,,0.0123162007168876,True,0,11.430180182320328,,2.5,C_ref,2026-09-18 04:21:19,2026-09-18 05:06:23
pretrained_e20,0,0.01,0.01,14,0,0.0,,0.0035556909758157,,,0.0172951121644061,True,0,12.200851713758311,,2.5,C_ref,2026-09-18 04:21:19,2026-09-18 05:06:23
pretrained_e20,0,0.01,0.01,15,0,0.0,,0.0029537496584082,,,0.0133202444658678,True,0,9.364984673728031,,2.5,C_ref,2026-09-18 04:21:19,2026-09-18 05:06:23
pretrained_e20,0,0.01,0.01,16,0,0.0,,0.0026253573348939,,,0.010947564979578,True,0,4.081347230625397,,2.5,C_ref,2026-09-18 04:21:19,2026-09-18 05:06:23
pretrained_e20,0,0.01,0.01,17,0,0.0,,0.0045616698612011,,,0.0237205969926669,True,0,14.77340134163751,,2.5,C_ref,2026-09-18 04:21:19,2026-09-18 05:06:23
pretrained_e20,0,0.01,0.01,18,0,0.0,,0.0030282614517375,,,0.0138343228983778,True,0,8.630071816154668,,2.5,C_ref,2026-09-18 04:21:19,2026-09-18 05:06:23
pretrained_e20,0,0.01,0.01,19,0,0.0,,0.0028547710259035,,,0.0126086869194409,True,0,9.350303736038768,,2.5,C_ref,2026-09-18 04:21:19,2026-09-18 05:06:23
pretrained_e20,0,0.01,0.01,20,0,0.0,,0.0043555312444044,,,0.0225072707693876,True,0,11.218154776186566,,2.5,C_ref,2026-09-18 04:21:19,2026-09-18 05:06:23
pretrained_e20,0,0.01,0.01,21,0,0.0,,0.0026156758609537,,,0.0108691296933061,True,0,11.40896063836044,,2.5,C_ref,2026-09-18 04:21:19,2026-09-18 05:06:23
pretrained_e20,0,0.01,0.01,22,0,0.0,,0.0036862704871839,,,0.0182071899476655,True,0,10.556366948818322,,2.5,C_ref,2026-09-18 04:21:19,2026-09-18 05:06:23
pretrained_e20,0,0.01,0.01,23,0,0.0,,0.0037495732247673,,,0.018539709128924,True,0,8.861977714757813,,2.5,C_ref,2026-09-18 04:21:19,2026-09-18 05:06:23
pretrained_e20,0,0.01,0.01,24,0,0.0,,0.0039957980760544,,,0.0200358804279992,True,0,11.96318610799426,,2.5,C_ref,2026-09-18 04:21:19,2026-09-18 05:06:23
pretrained_e20,0,0.01,0.01,25,0,0.0,,0.0054305152030698,,,0.0284355403537324,True,0,12.68621314821212,,2.5,C_ref,2026-09-18 04:21:19,2026-09-18 05:06:23
pretrained_e20,0,0.01,0.01,26,0,0.0,,0.0039533095223941,,,0.0197491497488831,True,0,9.539902303080453,,2.5,C_ref,2026-09-18 04:21:19,2026-09-18 05:06:23
pretrained_e20,0,0.01,0.01,27,0,0.0,,0.003385761931852,,,0.0161933734919327,True,0,14.65166315881288,,2.5,C_ref,2026-09-18 04:21:19,2026-09-18 05:06:23
pretrained_e20,0,0.01,0.01,28,0,0.0,,0.0031247653826156,,,0.0144857307576721,True,0,9.500685352839357,,2.5,C_ref,2026-09-18 04:21:19,2026-09-18 05:06:23
pretrained_e20,0,0.01,0.01,29,0,0.0,,0.0033338711070494,,,0.0158667441100696,True,0,9.844278682663573,,2.5,C_ref,2026-09-18 04:21:19,2026-09-18 05:06:23
pretrained_e20,0,0.01,0.01,30,0,0.0,,0.0039192003519292,,,0.0195670674632344,True,0,10.654625939980178,,2.5,C_ref,2026-09-18 04:21:19,2026-09-18 05:06:23
pretrained_e20,0,0.01,0.01,31,0,0.0,,0.0029582808582951,,,0.0133678500471682,True,0,9.996679728552408,,2.5,C_ref,2026-09-18 04:21:19,2026-09-18 05:06:23
pretrained_e20,0,0.01,0.01,32,0,0.0,,0.0031022538924692,,,0.0143574046888866,True,0,12.79836689793592,,2.5,C_ref,2026-09-18 04:21:19,2026-09-18 05:06:23
pretrained_e20,0,0.01,0.01,33,0,0.0,,0.0042792148800109,,,0.0218844150871336,True,0,9.84585010194496,,2.5,C_ref,2026-09-18 04:21:19,2026-09-18 05:06:23
pretrained_e20,0,0.01,0.01,34,0,0.0,,0.0039174262657486,,,0.019597396937354,True,0,10.033223944836209,,2.5,C_ref,2026-09-18 04:21:19,2026-09-18 05:06:23
pretrained_e20,0,0.01,0.01,35,0,0.0,,0.0035005468253124,,,0.0169690893911818,True,0,12.572644109266548,,2.5,C_ref,2026-09-18 04:21:19,2026-09-18 05:06:23
pretrained_e20,0,0.01,0.01,36,0,0.0,,0.0028962875026677,,,0.0129217354981579,True,0,13.70323364602882,,2.5,C_ref,2026-09-18 04:21:19,2026-09-18 05:06:23
pretrained_e20,0,0.01,0.01,37,0,0.0,,0.0027112990043571,,,0.0115751898506329,True,0,11.809381279988884,,2.5,C_ref,2026-09-18 04:21:19,2026-09-18 05:06:23
pretrained_e20,0,0.01,0.01,38,0,0.0,,0.0028567919634067,,,0.0126178921908507,True,0,9.849447799802874,,2.5,C_ref,2026-09-18 04:21:19,2026-09-18 05:06:23
pretrained_e20,0,0.01,0.01,39,0,0.0,,0.0033915475709649,,,0.0162720892284878,True,0,11.87389442262429,,2.5,C_ref,2026-09-18 04:21:19,2026-09-18 05:06:23
pretrained_e20,0,0.01,0.01,40,0,0.0,,0.0030958753837365,,,0.0143077436924835,True,0,5.223535818451637,,2.5,C_ref,2026-09-18 04:21:19,2026-09-18 05:06:23
pretrained_e20,0,0.01,0.01,41,0,0.0,,0.0041033522568788,,,0.0206927774533462,True,0,10.95388148582424,,2.5,C_ref,2026-09-18 04:21:19,2026-09-18 05:06:23
pretrained_e20,0,0.01,0.01,42,0,0.0,,0.0029413863019742,,,0.0132297547040281,True,0,8.962779438701546,,2.5,C_ref,2026-09-18 04:21:19,2026-09-18 05:06:23
pretrained_e20,0,0.01,0.01,43,0,0.0,,0.0046259963587551,,,0.0240725758103489,True,0,9.118015690775792,,2.5,C_ref,2026-09-18 04:21:19,2026-09-18 05:06:23
pretrained_e20,0,0.01,0.01,44,0,0.0,,0.0043668872273045,,,0.0226302725253813,True,0,12.690356370876543,,2.5,C_ref,2026-09-18 04:21:19,2026-09-18 05:06:23
pretrained_e20,0,0.01,0.01,45,0,0.0,,0.0042393665520707,,,0.0216560908024332,True,0,11.54370104199188,,2.5,C_ref,2026-09-18 04:21:19,2026-09-18 05:06:23
pretrained_e20,0,0.01,0.01,46,0,0.0,,0.0038209369366008,,,0.0190544676571418,True,0,9.507461550492735,,2.5,C_ref,2026-09-18 04:21:19,2026-09-18 05:06:23
pretrained_e20,0,0.01,0.01,47,0,0.0,,0.0031612041966595,,,0.0147278763927822,True,0,11.540562783986388,,2.5,C_ref,2026-09-18 04:21:19,2026-09-18 05:06:23
pretrained_e20,0,0.03,0.03,0,0,0.9945373741547084,0.9850335181651344,1.0467222827039042,0.0616887645387699,0.9303828320748366,1.1672937246385249,False,0,5.740748029616952,0.0,0.4,C_ref,2026-09-18 05:57:00,2026-09-18 06:48:58
pretrained_e20,0,0.03,0.03,1,0,0.99953685587551,0.9805115548199808,1.0781812497574588,0.097669694937478,0.9495607872748072,1.2148500618882796,False,0,26.73573688085889,0.0,0.4,C_ref,2026-09-18 05:57:00,2026-09-18 06:48:58
pretrained_e20,0,0.03,0.03,2,0,0.8547159546053541,0.8384803408611848,0.9346520359702252,0.0961716951090403,0.8086603004243443,1.115987766504705,False,0,12.319860589261223,0.0,0.4,C_ref,2026-09-18 05:57:00,2026-09-18 06:48:58
pretrained_e20,0,0.03,0.03,3,0,1.0046630207533485,0.9888105426349167,1.0842506918463022,0.0954401492113854,0.9845711881763236,1.2229820987258953,False,0,18.17531345277166,0.0,0.4,C_ref,2026-09-18 05:57:00,2026-09-18 06:48:58
pretrained_e20,0,0.03,0.03,4,0,0.9943873060658154,0.9834313019396952,1.0480273887292657,0.0645960867895701,0.9305827840657216,1.1687490346642186,False,0,10.641391418372224,0.0,0.4,C_ref,2026-09-18 05:57:00,2026-09-18 06:48:58
pretrained_e20,0,0.03,0.03,5,0,0.9944286663535422,0.9847472237609494,1.0470082380394212,0.0622610142784718,0.8882038180358972,1.1713460749410158,False,0,5.556786488617945,0.0,0.4,C_ref,2026-09-18 05:57:00,2026-09-18 06:48:58
pretrained_e20,0,0.03,0.03,6,0,0.9979084482814656,0.9853442756238464,1.0582865076267918,0.0729422320029452,0.8692597316670301,1.1840163315535233,False,0,25.07848456919237,0.0,0.4,C_ref,2026-09-18 05:57:00,2026-09-18 06:48:58
pretrained_e20,0,0.03,0.03,7,0,0.9948788213646445,0.987266599383168,1.0562999185884434,0.0690333192052755,0.9729135574994696,1.183547080858396,False,0,8.889371652836417,0.0,0.4,C_ref,2026-09-18 05:57:00,2026-09-18 06:48:58
pretrained_e20,0,0.03,0.03,8,0,1.0010560167096094,0.9817425963176524,1.0932843848011526,0.1115417884835001,0.9453289386748036,1.2379493545596274,False,0,38.68565667503208,0.0,0.4,C_ref,2026-09-18 05:57:00,2026-09-18 06:48:58
pretrained_e20,0,0.03,0.03,9,0,0.9849043007276213,0.9769588800095824,1.048581644838277,0.0716227648286944,0.9155722944175102,1.1754132653884837,False,0,10.976159287172775,0.0,0.4,C_ref,2026-09-18 05:57:00,2026-09-18 06:48:58
pretrained_e20,0,0.03,0.03,10,0,1.0913868216864988,1.007202696303486,1.2173390368678123,0.2101363405643261,0.9849912284153776,1.3797856397831372,False,0,89.15620705361653,0.0,0.4,C_ref,2026-09-18 05:57:00,2026-09-18 06:48:58
pretrained_e20,0,0.03,0.03,11,0,0.9932282200560152,0.9539917342003188,1.0432342773538394,0.0892425431535205,0.803575360823997,1.16885110624655,False,0,14.2839778114394,0.0,0.4,C_ref,2026-09-18 05:57:00,2026-09-18 06:48:58
pretrained_e20,0,0.03,0.03,12,0,0.9744424327501822,0.9399618655219,1.046910830578257,0.1069489650563569,0.931098611866618,1.1886780034303213,False,0,33.029059111941024,0.0,0.4,C_ref,2026-09-18 05:57:00,2026-09-18 06:48:58
pretrained_e20,0,0.03,0.03,13,0,0.9247063867893442,0.899573094067482,1.0075052524299914,0.1079321583625094,0.8390163137366732,1.1604885822519306,False,0,19.072814988685423,0.0,0.4,C_ref,2026-09-18 05:57:00,2026-09-18 06:48:58
pretrained_e20,0,0.03,0.03,14,0,0.9961894593450114,0.9868245129932092,1.0632912414001623,0.0764667284069532,0.8122689927571161,1.194159336553246,False,0,21.3934417018354,0.0,0.4,C_ref,2026-09-18 05:57:00,2026-09-18 06:48:58
pretrained_e20,0,0.03,0.03,15,0,0.993193754870642,0.941068760538216,1.044888506028527,0.103819745490311,0.6735351206554718,1.1738408979533594,False,0,11.95565666058974,0.0,0.4,C_ref,2026-09-18 05:57:00,2026-09-18 06:48:58
pretrained_e20,0,0.03,0.03,16,0,0.9969127707127594,0.9519932748357496,1.1071413107750636,0.1551480359393141,0.9472692103208852,1.2665184901176794,False,0,49.13451020074717,0.0,0.4,C_ref,2026-09-18 05:57:00,2026-09-18 06:48:58
pretrained_e20,0,0.03,0.03,17,0,0.9844991580494532,0.9740267294701492,1.041445979162224,0.0674192496920746,0.8769480568064664,1.166427909521907,False,0,14.694201121539663,0.0,0.4,C_ref,2026-09-18 05:57:00,2026-09-18 06:48:58
pretrained_e20,0,0.03,0.03,18,0,0.9899828215264028,0.9744921359506052,1.0598524292169365,0.0853602932663313,0.9508775074351729,1.195513011730524,False,0,13.56625992395493,0.0,0.4,C_ref,2026-09-18 05:57:00,2026-09-18 06:48:58
pretrained_e20,0,0.03,0.03,19,0,0.9846464548119938,0.9737573551647768,1.0487735980437949,0.0750162428790177,0.905706786987029,1.183125208080115,False,0,17.589108359767124,0.0,0.4,C_ref,2026-09-18 05:57:00,2026-09-18 06:48:58
pretrained_e20,0,0.03,0.03,20,0,0.8547292858378345,0.8424804685155587,0.926060731465818,0.0835802629502592,0.6551915639014855,1.07041315534602,False,0,20.59212110270164,0.0,0.4,C_ref,2026-09-18 05:57:00,2026-09-18 06:48:58
pretrained_e20,0,0.03,0.03,21,0,0.9834241566729108,0.9052255167424658,1.0394896196454828,0.134264102903017,0.8124403322418728,1.1740886041111251,False,0,23.683904974353936,0.0,0.4,C_ref,2026-09-18 05:57:00,2026-09-18 06:48:58
pretrained_e20,0,0.03,0.03,22,0,0.9547293689208568,0.929837491644682,1.0382867297310874,0.1084492380864052,0.8793388305623391,1.1757201566808708,False,0,25.976027817971044,0.0,0.4,C_ref,2026-09-18 05:57:00,2026-09-18 06:48:58
pretrained_e20,0,0.03,0.03,23,0,1.011119188136266,0.9797870146152268,1.0934850197261348,0.1136980051109078,0.9776220836462692,1.227375646381066,False,0,26.12373422228848,0.0,0.4,C_ref,2026-09-18 05:57:00,2026-09-18 06:48:58
pretrained_e20,0,0.03,0.03,24,0,0.9631583962265368,0.948423702524742,1.0331119449628672,0.0846882424381252,0.9428810069941096,1.161991783160149,False,0,10.799321652117214,0.0,0.4,C_ref,2026-09-18 05:57:00,2026-09-18 06:48:58
pretrained_e20,0,0.03,0.03,25,0,0.996359368895947,0.9800310992487304,1.0467893931832253,0.0667582939344949,0.5510229309211273,1.1619843765802365,False,0,3.6542897947947495,0.0,0.4,C_ref,2026-09-18 05:57:00,2026-09-18 06:48:58
pretrained_e20,0,0.03,0.03,26,0,0.9761447586591884,0.9590699079113624,1.046455224427166,0.0873853165158036,0.9542308351089084,1.173839495316894,False,0,17.541630273401097,0.0,0.4,C_ref,2026-09-18 05:57:00,2026-09-18 06:48:58
pretrained_e20,0,0.03,0.03,27,0,0.9951183565237666,0.9788037653655772,1.0685012783424193,0.089697512976842,0.9730941110953092,1.1986246711568127,False,0,20.52447543607559,0.0,0.4,C_ref,2026-09-18 05:57:00,2026-09-18 06:48:58
pretrained_e20,0,0.03,0.03,28,0,0.9981108062003692,0.98565105996519,1.0628483321620166,0.0771972721968266,0.9074881445202516,1.1939263829424818,False,0,14.41579703982643,0.0,0.4,C_ref,2026-09-18 05:57:00,2026-09-18 06:48:58
pretrained_e20,0,0.03,0.03,29,0,0.9978826332847316,0.9877186094160256,1.064454897217539,0.0767362878015134,0.9806304036369368,1.1920198304171918,False,0,16.13863569719615,0.0,0.4,C_ref,2026-09-18 05:57:00,2026-09-18 06:48:58
pretrained_e20,0,0.03,0.03,30,0,0.9943497478837248,0.9838908134032004,1.048159458462402,0.0642686450592016,0.9058447266425592,1.1724738101216154,False,0,15.072295328744076,0.0,0.4,C_ref,2026-09-18 05:57:00,2026-09-18 06:48:58
pretrained_e20,0,0.03,0.03,31,0,1.007108034032463,0.988102420707131,1.0894435994290412,0.1013411787219102,0.9807093343566968,1.2284328911784008,False,0,29.755654387445247,0.0,0.4,C_ref,2026-09-18 05:57:00,2026-09-18 06:48:58
pretrained_e20,0,0.03,0.03,32,0,0.9819527845312036,0.966693033414829,1.0449494388473324,0.0782564054325033,0.9149926684689076,1.1754443737515985,False,0,13.541829867732304,0.0,0.4,C_ref,2026-09-18 05:57:00,2026-09-18 06:48:58
pretrained_e20,0,0.03,0.03,33,0,0.9544170578748804,0.9437220181111284,1.0139838334623927,0.0702618153512644,0.7128091005245698,1.1505040593498792,False,0,21.07417939785228,0.0,0.4,C_ref,2026-09-18 05:57:00,2026-09-18 06:48:58
pretrained_e20,0,0.03,0.03,34,0,0.9993829781169978,0.9879564731728426,1.062057409318897,0.0741009361460544,0.9813880675890668,1.1861750682460266,False,0,9.61230719140076,0.0,0.4,C_ref,2026-09-18 05:57:00,2026-09-18 06:48:58
pretrained_e20,0,0.03,0.03,35,0,0.9918907536985836,0.9263200243058276,1.0591785379114151,0.1328585136055874,0.916279767005422,1.198115501549175,False,0,25.77124083253875,0.0,0.4,C_ref,2026-09-18 05:57:00,2026-09-18 06:48:58
pretrained_e20,0,0.03,0.03,36,0,0.9828991549846992,0.9438848527014976,1.0790137805133173,0.1351289278118196,0.937906423340383,1.2253452004501906,False,0,38.3630064970348,0.0,0.4,C_ref,2026-09-18 05:57:00,2026-09-18 06:48:58
pretrained_e20,0,0.03,0.03,37,0,1.0001055378292576,0.9828855363848564,1.0737854459362173,0.0908999095513607,0.975927974746066,1.203831021657142,False,0,15.079102615676677,0.0,0.4,C_ref,2026-09-18 05:57:00,2026-09-18 06:48:58
pretrained_e20,0,0.03,0.03,38,0,0.9628462525024112,0.9365387047324658,1.0537110260115834,0.1171723212791175,0.92739711654573,1.2016398591847466,False,0,20.327305656832323,0.0,0.4,C_ref,2026-09-18 05:57:00,2026-09-18 06:48:58
pretrained_e20,0,0.03,0.03,39,0,1.013112074344224,0.9887363267840704,1.1012618285606073,0.1125255017765368,0.9820665262814826,1.2409792994731976,False,0,40.91654257402115,0.0,0.4,C_ref,2026-09-18 05:57:00,2026-09-18 06:48:58
pretrained_e20,0,0.03,0.03,40,0,1.007908790881893,0.9786543001694424,1.0994504616111231,0.1207961614416807,0.9723873143841834,1.2409624959047114,False,0,33.55721738489956,0.0,0.4,C_ref,2026-09-18 05:57:00,2026-09-18 06:48:58
pretrained_e20,0,0.03,0.03,41,0,0.8466968248416303,0.8338340832465242,0.9369690681186847,0.1031349848721606,0.7881730546629833,1.0901232383252413,False,0,19.238605708444084,0.0,0.4,C_ref,2026-09-18 05:57:00,2026-09-18 06:48:58
pretrained_e20,0,0.03,0.03,42,0,0.904216814510639,0.8920991681297974,0.960257503077836,0.0681583349480385,0.6340840273899963,1.0914883651439606,False,0,10.838776149670592,0.0,0.4,C_ref,2026-09-18 05:57:00,2026-09-18 06:48:58
pretrained_e20,0,0.03,0.03,43,0,0.9742387568727836,0.9622752106767196,1.0286400944674274,0.0663648837907077,0.8140895688360511,1.154763221066595,False,0,9.046760836634348,0.0,0.4,C_ref,2026-09-18 05:57:00,2026-09-18 06:48:58
pretrained_e20,0,0.03,0.03,44,0,0.9940055019989128,0.9595160001686548,1.0681266557768878,0.1086106556082331,0.8558066360648287,1.215089596468507,False,0,52.85197549191798,0.0,0.4,C_ref,2026-09-18 05:57:00,2026-09-18 06:48:58
pretrained_e20,0,0.03,0.03,45,0,0.9356879272610136,0.8433185176643749,0.9900713959352508,0.1467528782708759,0.6241932749284526,1.1116418720799646,False,0,4.407652620211593,0.0,0.4,C_ref,2026-09-18 05:57:00,2026-09-18 06:48:58
pretrained_e20,0,0.03,0.03,46,0,0.9907353400784976,0.9693373881998012,1.066569988627429,0.0972326004276278,0.9651962851088256,1.200364369744903,False,0,23.55860687051245,0.0,0.4,C_ref,2026-09-18 05:57:00,2026-09-18 06:48:58
pretrained_e20,0,0.03,0.03,47,0,1.008757096922931,0.986925905475858,1.0900038447180669,0.1030779392422087,0.9788899633989872,1.226808777794044,False,0,20.78276697129695,0.0,0.4,C_ref,2026-09-18 05:57:00,2026-09-18 06:48:58
pretrained_e20,0,0.03,0.03,0,0,0.0,,0.000534537689615,,,0.0021381507584601,True,0,34.78384627208652,,2.5,C_ref,2026-09-18 05:57:00,2026-09-18 06:48:58
pretrained_e20,0,0.03,0.03,1,0,0.0,,0.0002657635201009,,,0.0010630540804039,True,0,30.49510793874288,,2.5,C_ref,2026-09-18 05:57:00,2026-09-18 06:48:58
pretrained_e20,0,0.03,0.03,2,0,0.0,,0.0023975449763205,,,0.0095901799052823,True,0,34.30201000653324,,2.5,C_ref,2026-09-18 05:57:00,2026-09-18 06:48:58
pretrained_e20,0,0.03,0.03,3,0,0.0,,0.0003703550912467,,,0.0014814203649869,True,0,28.59877534056432,,2.5,C_ref,2026-09-18 05:57:00,2026-09-18 06:48:58
pretrained_e20,0,0.03,0.03,4,0,0.0,,0.0006127191614188,,,0.0024508766456754,True,0,39.27773186976265,,2.5,C_ref,2026-09-18 05:57:00,2026-09-18 06:48:58
pretrained_e20,0,0.03,0.03,5,0,0.0,,0.000559436149915,,,0.00223774459966,True,0,34.38056118558234,,2.5,C_ref,2026-09-18 05:57:00,2026-09-18 06:48:58
pretrained_e20,0,0.03,0.03,6,0,0.0,,0.0009017826502052,,,0.0036071306008208,True,0,35.36007795119804,,2.5,C_ref,2026-09-18 05:57:00,2026-09-18 06:48:58
pretrained_e20,0,0.03,0.03,7,0,0.0,,0.0008711046388117,,,0.0034844185552469,True,0,30.60799581396349,,2.5,C_ref,2026-09-18 05:57:00,2026-09-18 06:48:58
pretrained_e20,0,0.03,0.03,8,0,0.0,,0.0002501823227435,,,0.0010007292909743,True,0,29.02536350067021,,2.5,C_ref,2026-09-18 05:57:00,2026-09-18 06:48:58
pretrained_e20,0,0.03,0.03,9,0,0.0,,0.0004520481462253,,,0.0018081925849013,True,0,33.633060351865424,,2.5,C_ref,2026-09-18 05:57:00,2026-09-18 06:48:58
pretrained_e20,0,0.03,0.03,10,0,0.0,,0.0001038968719416,,,0.0004155874877666,True,0,18.736559578002925,,2.5,C_ref,2026-09-18 05:57:00,2026-09-18 06:48:58
pretrained_e20,0,0.03,0.03,11,0,0.0,,0.0009553024185663,,,0.0038212096742653,True,0,33.5581822215463,,2.5,C_ref,2026-09-18 05:57:00,2026-09-18 06:48:58
pretrained_e20,0,0.03,0.03,12,0,0.0,,0.0007029081279925,,,0.0028116325119702,True,0,32.80619338904944,,2.5,C_ref,2026-09-18 05:57:00,2026-09-18 06:48:58
pretrained_e20,0,0.03,0.03,13,0,0.0,,0.0014274544814966,,,0.0057098179259867,True,0,29.574188252619933,,2.5,C_ref,2026-09-18 05:57:00,2026-09-18 06:48:58
pretrained_e20,0,0.03,0.03,14,0,0.0,,0.0013041892906963,,,0.0052167571627854,True,0,34.21458373577843,,2.5,C_ref,2026-09-18 05:57:00,2026-09-18 06:48:58
pretrained_e20,0,0.03,0.03,15,0,0.0,,0.0014881366411534,,,0.0059525465646137,True,0,34.71356291244592,,2.5,C_ref,2026-09-18 05:57:00,2026-09-18 06:48:58
pretrained_e20,0,0.03,0.03,16,0,0.0,,0.0002457001472356,,,0.0009828005889427,True,0,21.90298372322286,,2.5,C_ref,2026-09-18 05:57:00,2026-09-18 06:48:58
pretrained_e20,0,0.03,0.03,17,0,0.0,,0.0006535013316424,,,0.0026140053265697,True,0,31.58317207567597,,2.5,C_ref,2026-09-18 05:57:00,2026-09-18 06:48:58
pretrained_e20,0,0.03,0.03,18,0,0.0,,0.0004553881413104,,,0.0018215525652419,True,0,29.66267054443233,,2.5,C_ref,2026-09-18 05:57:00,2026-09-18 06:48:58
pretrained_e20,0,0.03,0.03,19,0,0.0,,0.0008639105973848,,,0.0034556423895393,True,0,31.45666911822628,,2.5,C_ref,2026-09-18 05:57:00,2026-09-18 06:48:58
pretrained_e20,0,0.03,0.03,20,0,0.0093207591794347,,0.0206817582159423,,,0.0272104346758269,False,0,33.854646487994614,,2.5,C_ref,2026-09-18 05:57:00,2026-09-18 06:48:58
pretrained_e20,0,0.03,0.03,21,0,0.0,,0.0010474776445939,,,0.0041899105783759,True,0,35.04488458876949,,2.5,C_ref,2026-09-18 05:57:00,2026-09-18 06:48:58
pretrained_e20,0,0.03,0.03,22,0,0.0,,0.000346244854159,,,0.0013849794166362,True,0,30.98701843440722,,2.5,C_ref,2026-09-18 05:57:00,2026-09-18 06:48:58
pretrained_e20,0,0.03,0.03,23,0,0.0,,0.0002521871813136,,,0.0010087487252545,True,0,28.75029278868533,,2.5,C_ref,2026-09-18 05:57:00,2026-09-18 06:48:58
pretrained_e20,0,0.03,0.03,24,0,0.0,,0.0007462377975103,,,0.0029849511900414,True,0,36.63016675233303,,2.5,C_ref,2026-09-18 05:57:00,2026-09-18 06:48:58
pretrained_e20,0,0.03,0.03,25,0,0.0,,0.0018495188218753,,,0.0073980752875014,True,0,35.11777254503977,,2.5,C_ref,2026-09-18 05:57:00,2026-09-18 06:48:58
pretrained_e20,0,0.03,0.03,26,0,0.0,,0.0004201983919353,,,0.0016807935677415,True,0,31.388944066438853,,2.5,C_ref,2026-09-18 05:57:00,2026-09-18 06:48:58
pretrained_e20,0,0.03,0.03,27,0,0.0,,0.0004228084967616,,,0.0016912339870465,True,0,30.965156805425067,,2.5,C_ref,2026-09-18 05:57:00,2026-09-18 06:48:58
pretrained_e20,0,0.03,0.03,28,0,0.0,,0.0002733130051618,,,0.0010932520206475,True,0,29.84749364232266,,2.5,C_ref,2026-09-18 05:57:00,2026-09-18 06:48:58
pretrained_e20,0,0.03,0.03,29,0,0.0,,0.0002986060096402,,,0.001194424038561,True,0,33.18410220676378,,2.5,C_ref,2026-09-18 05:57:00,2026-09-18 06:48:58
pretrained_e20,0,0.03,0.03,30,0,0.0,,0.0005317472659299,,,0.0021269890637199,True,0,34.22664711894322,,2.5,C_ref,2026-09-18 05:57:00,2026-09-18 06:48:58
pretrained_e20,0,0.03,0.03,31,0,0.0,,0.0002382453870028,,,0.0009529815480115,True,0,27.84984903773875,,2.5,C_ref,2026-09-18 05:57:00,2026-09-18 06:48:58
pretrained_e20,0,0.03,0.03,32,0,0.0,,0.0005298563947108,,,0.0021194255788434,True,0,32.834136495075654,,2.5,C_ref,2026-09-18 05:57:00,2026-09-18 06:48:58
pretrained_e20,0,0.03,0.03,33,0,0.0,,0.0020677565540793,,,0.0082710262163174,True,0,30.846580279358022,,2.5,C_ref,2026-09-18 05:57:00,2026-09-18 06:48:58
pretrained_e20,0,0.03,0.03,34,0,0.0,,0.000489030950595,,,0.0019561238023802,True,0,34.15167387494148,,2.5,C_ref,2026-09-18 05:57:00,2026-09-18 06:48:58
pretrained_e20,0,0.03,0.03,35,0,0.0,,0.0004978397668049,,,0.0019913590672198,True,0,30.12293910830704,,2.5,C_ref,2026-09-18 05:57:00,2026-09-18 06:48:58
pretrained_e20,0,0.03,0.03,36,0,0.0,,0.0002060319184612,,,0.0008241276738449,True,0,27.21578837521156,,2.5,C_ref,2026-09-18 05:57:00,2026-09-18 06:48:58
pretrained_e20,0,0.03,0.03,37,0,0.0,,0.0002796935516973,,,0.0011187742067895,True,0,32.81305878583589,,2.5,C_ref,2026-09-18 05:57:00,2026-09-18 06:48:58
pretrained_e20,0,0.03,0.03,38,0,0.0,,0.0004535373636654,,,0.0018141494546618,True,0,29.94380644377816,,2.5,C_ref,2026-09-18 05:57:00,2026-09-18 06:48:58
pretrained_e20,0,0.03,0.03,39,0,0.0,,0.0001667107111354,,,0.0006668428445417,True,0,26.93714713994996,,2.5,C_ref,2026-09-18 05:57:00,2026-09-18 06:48:58
pretrained_e20,0,0.03,0.03,40,0,0.0,,0.0002048877954451,,,0.0008195511817805,True,0,27.86831447009172,,2.5,C_ref,2026-09-18 05:57:00,2026-09-18 06:48:58
pretrained_e20,0,0.03,0.03,41,0,0.0,,0.0118836074115088,,,0.0190140416656936,True,0,29.17240135492466,,2.5,C_ref,2026-09-18 05:57:00,2026-09-18 06:48:58
pretrained_e20,0,0.03,0.03,42,0,0.0056789410967406,,0.0125902141504618,,,0.0202003101147359,False,0,36.819611567512766,,2.5,C_ref,2026-09-18 05:57:00,2026-09-18 06:48:58
pretrained_e20,0,0.03,0.03,43,0,0.0,,0.0008516673782446,,,0.0034066695129784,True,0,32.32655528509349,,2.5,C_ref,2026-09-18 05:57:00,2026-09-18 06:48:58
pretrained_e20,0,0.03,0.03,44,0,0.0,,0.0006280516041996,,,0.0025122064167986,True,0,27.13109777552017,,2.5,C_ref,2026-09-18 05:57:00,2026-09-18 06:48:58
pretrained_e20,0,0.03,0.03,45,0,0.0,,0.0035130654914194,,,0.0203440392281118,True,0,37.30319882556796,,2.5,C_ref,2026-09-18 05:57:00,2026-09-18 06:48:58
pretrained_e20,0,0.03,0.03,46,0,0.0,,0.0004199922551246,,,0.0016799690204987,True,0,32.927335096868774,,2.5,C_ref,2026-09-18 05:57:00,2026-09-18 06:48:58
pretrained_e20,0,0.03,0.03,47,0,0.0,,0.0003174103666913,,,0.0012696414667655,True,0,27.39226297246205,,2.5,C_ref,2026-09-18 05:57:00,2026-09-18 06:48:58
pretrained_e20,0,0.1,0.1,0,0,1.003821682305892,0.9511249008693118,1.0636741010135016,0.1125492001441897,0.6249116043492194,1.2096920476667947,False,0,3.456787478076876,0.0,0.4,C_ref,2026-09-18 07:57:38,2026-09-18 09:12:50
pretrained_e20,0,0.1,0.1,1,0,0.92749679776148,0.91201268126737,1.0054099406397294,0.0933972593723594,0.6232046949728323,1.1684940660053462,False,0,18.81742288337773,0.0,0.4,C_ref,2026-09-18 07:57:38,2026-09-18 09:12:50
pretrained_e20,0,0.1,0.1,2,0,0.944141359995608,0.9263422074129788,1.0275458815653882,0.1012036741524095,0.8548299900980053,1.1928942801024227,False,0,8.123877786707453,0.0,0.4,C_ref,2026-09-18 07:57:38,2026-09-18 09:12:50
pretrained_e20,0,0.1,0.1,3,0,1.0024129874167302,0.9782901551040036,1.104817464061293,0.1265273089572897,0.970594828442839,1.273188264143402,False,0,18.137391710228258,0.0,0.4,C_ref,2026-09-18 07:57:38,2026-09-18 09:12:50
pretrained_e20,0,0.1,0.1,4,0,0.9937066984592068,0.9693810522673773,1.059984085609501,0.0906030333421238,0.8911656555890836,1.2083858885617456,False,0,6.185943612981646,0.0,0.4,C_ref,2026-09-18 07:57:38,2026-09-18 09:12:50
pretrained_e20,0,0.1,0.1,5,0,0.206788762294135,0.1350971177994673,0.5124779130732785,0.3773807952738112,0.0460753547399628,1.0894297154754595,False,0,0.4796697106685315,1.0,0.4,C_ref,2026-09-18 07:57:38,2026-09-18 09:12:50
pretrained_e20,0,0.1,0.1,6,0,0.9841483126680536,0.9484609452474344,1.0585927246022309,0.1101317793547965,0.9352039706272088,1.2137206549338868,False,0,7.8989721889884095,0.0,0.4,C_ref,2026-09-18 07:57:38,2026-09-18 09:12:50
pretrained_e20,0,0.1,0.1,7,0,0.9484804071633592,0.9367474944030874,1.0306869990187728,0.0939395046156854,0.7932954356468518,1.193027592824507,False,0,8.202974531228392,0.0,0.4,C_ref,2026-09-18 07:57:38,2026-09-18 09:12:50
pretrained_e20,0,0.1,0.1,8,0,1.0524106520830716,0.9993040424390744,1.1637322551913554,0.164428212752281,0.9888818958848588,1.3286940760189665,False,0,29.77299059729557,0.0,0.4,C_ref,2026-09-18 07:57:38,2026-09-18 09:12:50
pretrained_e20,0,0.1,0.1,9,0,0.9427027003415048,0.9239044162016492,1.0304496509963956,0.1065452347947464,0.866115646123866,1.1973011231689958,False,0,15.117078369032242,0.0,0.4,C_ref,2026-09-18 07:57:38,2026-09-18 09:12:50
pretrained_e20,0,0.1,0.1,10,0,1.089675384260145,0.9974527177697844,1.245470045522843,0.2480173277530586,0.9870557970622532,1.4416701133058694,False,0,96.38752660728642,0.0,0.4,C_ref,2026-09-18 07:57:38,2026-09-18 09:12:50
pretrained_e20,0,0.1,0.1,11,0,0.9804414731318922,0.9649886444390392,1.0857783337806732,0.1207896893416339,0.9038531868699462,1.2621588647836042,False,0,31.91586018957969,0.0,0.4,C_ref,2026-09-18 07:57:38,2026-09-18 09:12:50
pretrained_e20,0,0.1,0.1,12,0,0.9649609844442836,0.9556756743104544,1.062438251027201,0.1067625767167467,0.8456267666986896,1.236592457633136,False,0,24.888194528553868,0.0,0.4,C_ref,2026-09-18 07:57:38,2026-09-18 09:12:50
pretrained_e20,0,0.1,0.1,13,0,1.0053407437921589,0.988302094356002,1.104305968988101,0.116003874632099,0.9823899476625624,1.2764158300508266,False,0,14.259989281224987,0.0,0.4,C_ref,2026-09-18 07:57:38,2026-09-18 09:12:50
pretrained_e20,0,0.1,0.1,14,0,0.9618502520652644,0.9468324745075918,1.0419386147030267,0.0951061401954349,0.906317243136242,1.197310261159832,False,0,7.396969250694383,0.0,0.4,C_ref,2026-09-18 07:57:38,2026-09-18 09:12:50
pretrained_e20,0,0.1,0.1,15,0,0.977819925724554,0.9583024861527096,1.0803026816816987,0.122000195528989,0.952304499496781,1.252998039609076,False,0,15.769476666042465,0.0,0.4,C_ref,2026-09-18 07:57:38,2026-09-18 09:12:50
pretrained_e20,0,0.1,0.1,16,0,1.0447171295095377,0.9613684302003728,1.187877091036036,0.2265086608356633,0.9390636296969088,1.377767761941126,False,0,49.32749139854059,0.0,0.4,C_ref,2026-09-18 07:57:38,2026-09-18 09:12:50
pretrained_e20,0,0.1,0.1,17,0,0.9349304109550548,0.8995283009874085,1.0426637110541417,0.1431354100667329,0.88884928503687,1.2099599035298003,False,0,18.17885366016344,0.0,0.4,C_ref,2026-09-18 07:57:38,2026-09-18 09:12:50
pretrained_e20,0,0.1,0.1,18,0,0.9578848556551792,0.9096754901155878,1.0609474086756787,0.1512719185600909,0.8900748030202046,1.2391854751298526,False,0,22.396959028064884,0.0,0.4,C_ref,2026-09-18 07:57:38,2026-09-18 09:12:50
pretrained_e20,0,0.1,0.1,19,0,0.9836932886910232,0.949677299382866,1.0832773537178058,0.1336000543349398,0.9472172763328148,1.244441920227017,False,0,11.93342038010087,0.0,0.4,C_ref,2026-09-18 07:57:38,2026-09-18 09:12:50
pretrained_e20,0,0.1,0.1,20,0,0.9846929914825564,0.9660625416630044,1.1036206910726871,0.1375581494096828,0.8596963571953278,1.2867555275482734,False,0,44.90041024803213,0.0,0.4,C_ref,2026-09-18 07:57:38,2026-09-18 09:12:50
pretrained_e20,0,0.1,0.1,21,0,0.9647688458696072,0.9291225641439796,1.080985538346641,0.1518629742026612,0.822506131747833,1.2655325847959584,False,0,37.47792014471997,0.0,0.4,C_ref,2026-09-18 07:57:38,2026-09-18 09:12:50
pretrained_e20,0,0.1,0.1,22,0,0.9935101636932122,0.9697074963217032,1.0824180928838765,0.1127105965621732,0.96447953036455,1.238888084384702,False,0,11.699878087994875,0.0,0.4,C_ref,2026-09-18 07:57:38,2026-09-18 09:12:50
pretrained_e20,0,0.1,0.1,23,0,1.0199918828618697,0.9697673658349888,1.133532800404838,0.1637654345698492,0.9618129497311284,1.3006163709758471,False,0,30.36948954821856,0.0,0.4,C_ref,2026-09-18 07:57:38,2026-09-18 09:12:50
pretrained_e20,0,0.1,0.1,24,0,0.9929286106554384,0.978428112335474,1.0791490909534398,0.1007209786179659,0.9732730238696852,1.2351680916535035,False,0,6.801373366404732,0.0,0.4,C_ref,2026-09-18 07:57:38,2026-09-18 09:12:50
pretrained_e20,0,0.1,0.1,25,0,0.9744412190014872,0.9551612874372488,1.0355405289852355,0.0803792415479868,0.0419068237307293,1.174120964536416,False,0,3.437602412021078,0.0,0.4,C_ref,2026-09-18 07:57:38,2026-09-18 09:12:50
pretrained_e20,0,0.1,0.1,26,0,0.957337818175131,0.9424618697966396,1.042389758640618,0.0999278888439785,0.8480078346630682,1.202921032601578,False,0,13.500941354126551,0.0,0.4,C_ref,2026-09-18 07:57:38,2026-09-18 09:12:50
pretrained_e20,0,0.1,0.1,27,0,0.9647284426429972,0.954899732048725,1.03926739453237,0.084367662483645,0.8297764028579726,1.193494226821318,False,0,12.568105255119008,0.0,0.4,C_ref,2026-09-18 07:57:38,2026-09-18 09:12:50
pretrained_e20,0,0.1,0.1,28,0,0.9899855737973337,0.9598714080121292,1.0880648571463354,0.1281934491342062,0.956362603237224,1.251633592605301,False,0,10.566247232000023,0.0,0.4,C_ref,2026-09-18 07:57:38,2026-09-18 09:12:50
pretrained_e20,0,0.1,0.1,29,0,0.9854796785990452,0.9717083100905932,1.060785891639289,0.0890775815486956,0.8611863579976183,1.216010764376202,False,0,7.763875748700229,0.0,0.4,C_ref,2026-09-18 07:57:38,2026-09-18 09:12:50
pretrained_e20,0,0.1,0.1,30,0,0.9811830757498494,0.968323051220287,1.0652460621867443,0.0969230109664573,0.962964808415178,1.2207105342291873,False,0,12.420526410263848,0.0,0.4,C_ref,2026-09-18 07:57:38,2026-09-18 09:12:50
pretrained_e20,0,0.1,0.1,31,0,0.975659591324762,0.9626791016556066,1.0697647174470803,0.1070856157914738,0.9439643994353546,1.233042761204266,False,0,12.994365185113566,0.0,0.4,C_ref,2026-09-18 07:57:38,2026-09-18 09:12:50
pretrained_e20,0,0.1,0.1,32,0,1.0012895561491413,0.9709553039961856,1.1017828430597687,0.1308275390635831,0.9658190288382824,1.2688891295988398,False,0,14.030518855422995,0.0,0.4,C_ref,2026-09-18 07:57:38,2026-09-18 09:12:50
pretrained_e20,0,0.1,0.1,33,0,0.9846590792871144,0.9495134484929522,1.070747272594921,0.1212338241019688,0.9441182000592492,1.2286117402943255,False,0,13.669260334732826,0.0,0.4,C_ref,2026-09-18 07:57:38,2026-09-18 09:12:50
pretrained_e20,0,0.1,0.1,34,0,1.0069599485943572,0.9794900389083354,1.09758034604817,0.1180903071398344,0.9749600925528146,1.2504789316897853,False,0,9.524783874574496,0.0,0.4,C_ref,2026-09-18 07:57:38,2026-09-18 09:12:50
pretrained_e20,0,0.1,0.1,35,0,0.96410362586444,0.9361732911712694,1.0406148665359145,0.1044415753646451,0.7873628584571593,1.2046481324474,False,0,10.738452934190718,0.0,0.4,C_ref,2026-09-18 07:57:38,2026-09-18 09:12:50
pretrained_e20,0,0.1,0.1,36,0,0.9949893152905888,0.9708060110550631,1.1072361171052023,0.1364301060501391,0.9388215658441136,1.2788304169794724,False,0,20.7812192820129,0.0,0.4,C_ref,2026-09-18 07:57:38,2026-09-18 09:12:50
pretrained_e20,0,0.1,0.1,37,0,0.5732728306902085,0.5530327282922087,0.7069606882182139,0.1539279599260051,0.0288224469337729,1.1548001586475056,False,0,1.4312296366952069,0.0,0.4,C_ref,2026-09-18 07:57:38,2026-09-18 09:12:50
pretrained_e20,0,0.1,0.1,38,0,0.99879281341509,0.9716464678267376,1.1156771099466685,0.1440306421199307,0.956218592539396,1.295567686385699,False,0,35.373557127932145,0.0,0.4,C_ref,2026-09-18 07:57:38,2026-09-18 09:12:50
pretrained_e20,0,0.1,0.1,39,0,0.9444707860177066,0.9320693311394854,1.0141469618210484,0.0820776306815629,0.0434713518161428,1.1690945293466242,False,0,2.689374152803793,0.0,0.4,C_ref,2026-09-18 07:57:38,2026-09-18 09:12:50
pretrained_e20,0,0.1,0.1,40,0,1.0058130789852635,0.959784942597476,1.1217528317750658,0.1619678891775897,0.957062441734277,1.295649533019389,False,0,24.795837000354368,0.0,0.4,C_ref,2026-09-18 07:57:38,2026-09-18 09:12:50
pretrained_e20,0,0.1,0.1,41,0,1.0120991243270896,0.9798359654028972,1.1059105080503768,0.1260745426474795,0.9772594634669926,1.2620560278889024,False,0,11.842995437320496,0.0,0.4,C_ref,2026-09-18 07:57:38,2026-09-18 09:12:50
pretrained_e20,0,0.1,0.1,42,0,0.2863008086906696,0.1501677923607804,0.532160959182688,0.3819931668219076,0.0599318892405603,0.8385098916595428,False,0,0.2605122330023732,1.0,0.4,C_ref,2026-09-18 07:57:38,2026-09-18 09:12:50
pretrained_e20,0,0.1,0.1,43,0,0.9905237849039104,0.9777288336305436,1.0668912480598371,0.0891624144292936,0.9704206065426746,1.2160817176556176,False,0,3.658489531011583,0.0,0.4,C_ref,2026-09-18 07:57:38,2026-09-18 09:12:50
pretrained_e20,0,0.1,0.1,44,0,0.9438631786874956,0.8986808425991962,1.0252921926941498,0.1266113500949536,0.8706992647380978,1.1969483966362446,False,0,6.238419895100378,0.0,0.4,C_ref,2026-09-18 07:57:38,2026-09-18 09:12:50
pretrained_e20,0,0.1,0.1,45,0,0.9249190481683052,0.8874861305135832,1.028161259551641,0.1406751290380578,0.8367064895593822,1.1976306821052718,False,0,19.85227211389065,0.0,0.4,C_ref,2026-09-18 07:57:38,2026-09-18 09:12:50
pretrained_e20,0,0.1,0.1,46,0,1.0022462749233982,0.9878473869128832,1.089265891383444,0.1014185044705607,0.980886332763166,1.246421055256091,False,0,8.200600231190037,0.0,0.4,C_ref,2026-09-18 07:57:38,2026-09-18 09:12:50
pretrained_e20,0,0.1,0.1,47,0,0.96187063757414,0.9163817406249536,1.085047123016273,0.1686653823913194,0.907653761174935,1.268215604619939,False,0,32.30035980140383,0.0,0.4,C_ref,2026-09-18 07:57:38,2026-09-18 09:12:50
pretrained_e20,0,0.1,0.1,0,0,0.0,,0.0008747745637845,,,0.0034990982551382,True,0,19.685032403009245,,2.5,C_ref,2026-09-18 07:57:38,2026-09-18 09:12:50
pretrained_e20,0,0.1,0.1,1,0,0.0,,0.0049093065265619,,,0.0239579813281956,True,0,21.63165150184432,,2.5,C_ref,2026-09-18 07:57:38,2026-09-18 09:12:50
pretrained_e20,0,0.1,0.1,2,0,0.0,,0.0016384108001825,,,0.00655364320073,True,0,19.212280426858342,,2.5,C_ref,2026-09-18 07:57:38,2026-09-18 09:12:50
pretrained_e20,0,0.1,0.1,3,0,0.0,,0.0002642567309777,,,0.0010570269239108,True,0,14.400489734849543,,2.5,C_ref,2026-09-18 07:57:38,2026-09-18 09:12:50
pretrained_e20,0,0.1,0.1,4,0,0.0,,0.0011969848672989,,,0.0047879394691956,True,0,21.916253184728703,,2.5,C_ref,2026-09-18 07:57:38,2026-09-18 09:12:50
pretrained_e20,0,0.1,0.1,5,0,0.0,,0.0053897416530282,,,0.0286036168152587,True,0,19.141145865443832,,2.5,C_ref,2026-09-18 07:57:38,2026-09-18 09:12:50
pretrained_e20,0,0.1,0.1,6,0,0.0,,0.0006679792430269,,,0.0026719169721076,True,0,17.961334356295993,,2.5,C_ref,2026-09-18 07:57:38,2026-09-18 09:12:50
pretrained_e20,0,0.1,0.1,7,0,0.0,,0.0012368706309732,,,0.0049474825238931,True,0,16.63834452122319,,2.5,C_ref,2026-09-18 07:57:38,2026-09-18 09:12:50
pretrained_e20,0,0.1,0.1,8,0,0.0,,0.0001677336357621,,,0.0006709345430484,True,0,12.423135991350136,,2.5,C_ref,2026-09-18 07:57:38,2026-09-18 09:12:50
pretrained_e20,0,0.1,0.1,9,0,0.0,,0.0012452863521097,,,0.0049811454084388,True,0,17.109875324156747,,2.5,C_ref,2026-09-18 07:57:38,2026-09-18 09:12:50
pretrained_e20,0,0.1,0.1,10,0,1.8724273845087749,1.6019847070792956,2.154203642959788,0.5522189358804923,1.3482782034780731,2.4457111126399584,False,0,4.764351951394929,0.0,2.5,C_ref,2026-09-18 07:57:38,2026-09-18 09:12:50
pretrained_e20,0,0.1,0.1,11,0,0.0,,0.0005749586565542,,,0.0022998346262171,True,0,11.30574809146492,,2.5,C_ref,2026-09-18 07:57:38,2026-09-18 09:12:50
pretrained_e20,0,0.1,0.1,12,0,0.0,,0.0011649280988247,,,0.0046597123952988,True,0,17.452661106046435,,2.5,C_ref,2026-09-18 07:57:38,2026-09-18 09:12:50
pretrained_e20,0,0.1,0.1,13,0,0.0,,0.0005592927515483,,,0.0022371710061935,True,0,14.116829969865648,,2.5,C_ref,2026-09-18 07:57:38,2026-09-18 09:12:50
pretrained_e20,0,0.1,0.1,14,0,0.0,,0.0008524543195111,,,0.0034098172780445,True,0,21.738390694768896,,2.5,C_ref,2026-09-18 07:57:38,2026-09-18 09:12:50
pretrained_e20,0,0.1,0.1,15,0,0.0,,0.0005577944435627,,,0.0022311777742508,True,0,15.032674722198864,,2.5,C_ref,2026-09-18 07:57:38,2026-09-18 09:12:50
pretrained_e20,0,0.1,0.1,16,0,0.0,,0.0001426065444289,,,0.0005704261777156,True,0,6.019037879010284,,2.5,C_ref,2026-09-18 07:57:38,2026-09-18 09:12:50
pretrained_e20,0,0.1,0.1,17,0,0.0,,0.0004809537851813,,,0.0019238151407253,True,0,16.396637198711687,,2.5,C_ref,2026-09-18 07:57:38,2026-09-18 09:12:50
pretrained_e20,0,0.1,0.1,18,0,0.0,,0.000610177944173,,,0.0024407117766922,True,0,14.07136895716394,,2.5,C_ref,2026-09-18 07:57:38,2026-09-18 09:12:50
pretrained_e20,0,0.1,0.1,19,0,0.0,,0.0003413576331852,,,0.0013654305327411,True,0,16.59825301127421,,2.5,C_ref,2026-09-18 07:57:38,2026-09-18 09:12:50
pretrained_e20,0,0.1,0.1,20,0,0.0,,0.0010895727083276,,,0.0043582908333104,True,0,12.926333831044758,,2.5,C_ref,2026-09-18 07:57:38,2026-09-18 09:12:50
pretrained_e20,0,0.1,0.1,21,0,0.0,,0.0017186486336559,,,0.0068745945346237,True,0,14.074364643554873,,2.5,C_ref,2026-09-18 07:57:38,2026-09-18 09:12:50
pretrained_e20,0,0.1,0.1,22,0,0.0,,0.0005273850153329,,,0.0021095400613316,True,0,16.79642106092797,,2.5,C_ref,2026-09-18 07:57:38,2026-09-18 09:12:50
pretrained_e20,0,0.1,0.1,23,0,0.0,,0.0001723253039712,,,0.0006893012158851,True,0,11.32192376666353,,2.5,C_ref,2026-09-18 07:57:38,2026-09-18 09:12:50
pretrained_e20,0,0.1,0.1,24,0,0.0,,0.0008431859572264,,,0.0033727438289058,True,0,17.50474946907343,,2.5,C_ref,2026-09-18 07:57:38,2026-09-18 09:12:50
pretrained_e20,0,0.1,0.1,25,0,0.0,,0.0025406448167998,,,0.0280405274108695,True,0,22.52749980502631,,2.5,C_ref,2026-09-18 07:57:38,2026-09-18 09:12:50
pretrained_e20,0,0.1,0.1,26,0,0.0,,0.0015794333431049,,,0.0063177333724197,True,0,17.51880549165071,,2.5,C_ref,2026-09-18 07:57:38,2026-09-18 09:12:50
pretrained_e20,0,0.1,0.1,27,0,0.0,,0.0013149074770334,,,0.0052596299081338,True,0,20.988130802285013,,2.5,C_ref,2026-09-18 07:57:38,2026-09-18 09:12:50
pretrained_e20,0,0.1,0.1,28,0,0.0,,0.0002399693102644,,,0.0009598772410578,True,0,13.560876509247464,,2.5,C_ref,2026-09-18 07:57:38,2026-09-18 09:12:50
pretrained_e20,0,0.1,0.1,29,0,0.0,,0.0006701714823407,,,0.0026806859293628,True,0,18.3395776475918,,2.5,C_ref,2026-09-18 07:57:38,2026-09-18 09:12:50
pretrained_e20,0,0.1,0.1,30,0,0.0,,0.0007720290693736,,,0.0030881162774947,True,0,17.92655798827036,,2.5,C_ref,2026-09-18 07:57:38,2026-09-18 09:12:50
pretrained_e20,0,0.1,0.1,31,0,0.0,,0.0003766320562926,,,0.0015065282251706,True,0,17.31617662651115,,2.5,C_ref,2026-09-18 07:57:38,2026-09-18 09:12:50
pretrained_e20,0,0.1,0.1,32,0,0.0,,0.0003441358882203,,,0.0013765435528815,True,0,13.957158124238047,,2.5,C_ref,2026-09-18 07:57:38,2026-09-18 09:12:50
pretrained_e20,0,0.1,0.1,33,0,0.0,,0.0004505316791889,,,0.0018021267167556,True,0,16.654367675542744,,2.5,C_ref,2026-09-18 07:57:38,2026-09-18 09:12:50
pretrained_e20,0,0.1,0.1,34,0,0.0,,0.000315885582691,,,0.001263542330764,True,0,18.631097830621,,2.5,C_ref,2026-09-18 07:57:38,2026-09-18 09:12:50
pretrained_e20,0,0.1,0.1,35,0,0.0,,0.0036021561962142,,,0.01114381760141,True,0,18.92098073514353,,2.5,C_ref,2026-09-18 07:57:38,2026-09-18 09:12:50
pretrained_e20,0,0.1,0.1,36,0,0.0,,0.0001899373975658,,,0.0007597495902632,True,0,12.841871298103795,,2.5,C_ref,2026-09-18 07:57:38,2026-09-18 09:12:50
pretrained_e20,0,0.1,0.1,37,0,0.0,,0.0013418530115365,,,0.0053674120461461,True,0,18.34829873206036,,2.5,C_ref,2026-09-18 07:57:38,2026-09-18 09:12:50
pretrained_e20,0,0.1,0.1,38,0,0.0,,0.0004517630632178,,,0.0018070522528712,True,0,12.924336988722644,,2.5,C_ref,2026-09-18 07:57:38,2026-09-18 09:12:50
pretrained_e20,0,0.1,0.1,39,0,0.0,,0.010757987766314,,,0.0158619960065751,True,0,20.706030388202635,,2.5,C_ref,2026-09-18 07:57:38,2026-09-18 09:12:50
pretrained_e20,0,0.1,0.1,40,0,0.0,,0.0002545353473552,,,0.0010181413894209,True,0,12.633886725630871,,2.5,C_ref,2026-09-18 07:57:38,2026-09-18 09:12:50
pretrained_e20,0,0.1,0.1,41,0,0.0,,0.0003630014412978,,,0.0014520057651915,True,0,13.838480640930356,,2.5,C_ref,2026-09-18 07:57:38,2026-09-18 09:12:50
pretrained_e20,0,0.1,0.1,42,0,0.0,,0.0019124225295926,,,0.0076496901183704,True,0,18.736093951298244,,2.5,C_ref,2026-09-18 07:57:38,2026-09-18 09:12:50
pretrained_e20,0,0.1,0.1,43,0,0.0,,0.0008589615116783,,,0.0034358460467133,True,0,17.689674390974687,,2.5,C_ref,2026-09-18 07:57:38,2026-09-18 09:12:50
pretrained_e20,0,0.1,0.1,44,0,0.0,,0.0010199707973209,,,0.0040798831892837,True,0,15.889567735484889,,2.5,C_ref,2026-09-18 07:57:38,2026-09-18 09:12:50
pretrained_e20,0,0.1,0.1,45,0,0.0,,0.0017975849769692,,,0.0071903399078769,True,0,18.975160975616745,,2.5,C_ref,2026-09-18 07:57:38,2026-09-18 09:12:50
pretrained_e20,0,0.1,0.1,46,0,0.0,,0.0005804375470943,,,0.0023217501883774,True,0,16.611692022615898,,2.5,C_ref,2026-09-18 07:57:38,2026-09-18 09:12:50
pretrained_e20,0,0.1,0.1,47,0,0.0,,0.0004788810719689,,,0.0019155242878759,True,0,13.268567648650787,,2.5,C_ref,2026-09-18 07:57:38,2026-09-18 09:12:50
pretrained_e20,0,0.3,0.3,0,0,0.90653948403309,0.8582530848140544,1.124496913086963,0.2662438282729087,0.6040023591762611,1.414844348574916,False,0,5.118972719214071,0.0,0.4,C_ref,2026-09-18 11:13:38,2026-09-18 13:35:02
pretrained_e20,0,0.3,0.3,1,0,0.8326086355683846,0.7782329115366485,1.0938450805750226,0.3156121690383741,0.0483160982535698,1.4046424971540847,False,0,3.654558789377916,0.0,0.4,C_ref,2026-09-18 11:13:38,2026-09-18 13:35:02
pretrained_e20,0,0.3,0.3,2,0,1.0221440791744174,0.9488294039460988,1.2529173657784227,0.3040879618323239,0.9416652410015603,1.533111861517101,False,0,15.324688944019726,0.0,0.4,C_ref,2026-09-18 11:13:38,2026-09-18 13:35:02
pretrained_e20,0,0.3,0.3,3,0,1.0305658067346768,0.8973490601061882,1.2812638413274826,0.3839147812212944,0.8867114936435864,1.5635594481733042,False,0,18.101815289755905,0.0,0.4,C_ref,2026-09-18 11:13:38,2026-09-18 13:35:02
pretrained_e20,0,0.3,0.3,4,0,0.9148331309316452,0.8622944131042098,1.15637995238476,0.2940855392805501,0.7266321110239006,1.4508866637375202,False,0,8.616748864817055,0.0,0.4,C_ref,2026-09-18 11:13:38,2026-09-18 13:35:02
pretrained_e20,0,0.3,0.3,5,0,0.9617603879227185,0.875235709884111,1.1747050899383698,0.2994693800542587,0.6934534718171689,1.4590467623710432,False,0,9.760873259550864,0.0,0.4,C_ref,2026-09-18 11:13:38,2026-09-18 13:35:02
pretrained_e20,0,0.3,0.3,6,0,0.8137291452083426,0.4220312096589452,1.0605941960873868,0.6385629864284416,0.0390505949194111,1.3785283323855355,False,0,1.0170684060612984,0.0,0.4,C_ref,2026-09-18 11:13:38,2026-09-18 13:35:02
pretrained_e20,0,0.3,0.3,7,0,0.8621398251786786,0.7765323742376589,1.1306599939224298,0.3541276196847709,0.4655361122096643,1.43592305585203,False,0,4.606127438320982,0.0,0.4,C_ref,2026-09-18 11:13:38,2026-09-18 13:35:02
pretrained_e20,0,0.3,0.3,8,0,0.9333239976625086,0.8196410812443624,1.1976585263304185,0.378017445086056,0.7696091837507797,1.4900532954808927,False,0,10.074546936251863,0.0,0.4,C_ref,2026-09-18 11:13:38,2026-09-18 13:35:02
pretrained_e20,0,0.3,0.3,9,0,1.0624145639683005,0.9551676480468272,1.283824258231782,0.3286566101849547,0.9468470080989688,1.5477692347878724,False,0,19.34307769524821,0.0,0.4,C_ref,2026-09-18 11:13:38,2026-09-18 13:35:02
pretrained_e20,0,0.3,0.3,10,0,0.9790665372638364,0.8106019674212503,1.2509335893182922,0.4403316218970419,0.7648493640842914,1.5417544374918069,False,0,18.985751564312523,0.0,0.4,C_ref,2026-09-18 11:13:38,2026-09-18 13:35:02
pretrained_e20,0,0.3,0.3,11,0,0.9562214566878487,0.9054564800303364,1.1973203295301085,0.2918638494997718,0.7831556320340387,1.483321829566378,False,0,10.70945022281012,0.0,0.4,C_ref,2026-09-18 11:13:38,2026-09-18 13:35:02
pretrained_e20,0,0.3,0.3,12,0,0.8709948096423307,0.8023602412124796,1.157441215673816,0.3550809744613364,0.5664539262934891,1.4705396629488008,False,0,5.069057856249856,0.0,0.4,C_ref,2026-09-18 11:13:38,2026-09-18 13:35:02
pretrained_e20,0,0.3,0.3,13,0,0.9034851471100966,0.7085467699949621,1.161747472514776,0.4532007025198139,0.4752614447581274,1.4779903057252024,False,0,4.374664064653189,0.0,0.4,C_ref,2026-09-18 11:13:38,2026-09-18 13:35:02
pretrained_e20,0,0.3,0.3,14,0,0.88104071635947,0.7398023716927595,1.1245356570599043,0.384733285367145,0.5486206779924213,1.4213207665418373,False,0,7.472873591479583,0.0,0.4,C_ref,2026-09-18 11:13:38,2026-09-18 13:35:02
pretrained_e20,0,0.3,0.3,15,0,0.969422664651174,0.896966695613503,1.2318249359665256,0.3348582403530227,0.7115393879822922,1.5262750133318483,False,0,13.37521152426416,0.0,0.4,C_ref,2026-09-18 11:13:38,2026-09-18 13:35:02
pretrained_e20,0,0.3,0.3,16,0,1.0325190041713437,0.8952824256056425,1.3002160539567114,0.4049336283510688,0.875121618706368,1.5879226632967085,False,0,19.535957322877948,0.0,0.4,C_ref,2026-09-18 11:13:38,2026-09-18 13:35:02
pretrained_e20,0,0.3,0.3,17,0,0.9309063106500982,0.9119783668523056,1.1140906999292794,0.2021123330769737,0.0677615943112084,1.390376119650174,False,0,1.3123104498081375,0.0,0.4,C_ref,2026-09-18 11:13:38,2026-09-18 13:35:02
pretrained_e20,0,0.3,0.3,18,0,0.9912642891975024,0.9366364533038892,1.23354311969024,0.2969066663863509,0.7428195141700935,1.5198043343282714,False,0,8.98182288654425,0.0,0.4,C_ref,2026-09-18 11:13:38,2026-09-18 13:35:02
pretrained_e20,0,0.3,0.3,19,0,0.8194021857210279,0.698556168881643,1.1175903797505218,0.4190342108688788,0.6375456834958648,1.428943076110523,False,0,6.120021219860064,0.0,0.4,C_ref,2026-09-18 11:13:38,2026-09-18 13:35:02
pretrained_e20,0,0.3,0.3,20,0,1.0164228792593148,0.9294706659367584,1.2283759408972708,0.2989052749605122,0.9237932568402132,1.4934034042910609,False,0,16.482014784367493,0.0,0.4,C_ref,2026-09-18 11:13:38,2026-09-18 13:35:02
pretrained_e20,0,0.3,0.3,21,0,0.9987872444801248,0.8875404252496055,1.258265874100953,0.3707254488513474,0.8311334136056965,1.5441099530240718,False,0,15.877444535031827,0.0,0.4,C_ref,2026-09-18 11:13:38,2026-09-18 13:35:02
pretrained_e20,0,0.3,0.3,22,0,0.8734684968028624,0.731581522716547,1.1241220856755585,0.3925405629590113,0.5424979236100612,1.4294480295512546,False,0,10.5637557314476,0.0,0.4,C_ref,2026-09-18 11:13:38,2026-09-18 13:35:02
pretrained_e20,0,0.3,0.3,23,0,0.9041535596923238,0.8087499759801667,1.1640812949981834,0.3553313190180166,0.714298832320332,1.4514059261190144,False,0,11.794444443927205,0.0,0.4,C_ref,2026-09-18 11:13:38,2026-09-18 13:35:02
pretrained_e20,0,0.3,0.3,24,0,0.9567040863889418,0.8719087396649415,1.23076050292302,0.3588517632580784,0.7393642188728468,1.529048441385754,False,0,9.57973924538237,0.0,0.4,C_ref,2026-09-18 11:13:38,2026-09-18 13:35:02
pretrained_e20,0,0.3,0.3,25,0,0.8344771321120324,0.797461733530369,1.039553341918937,0.2420916083885679,0.1348150289930557,1.321499740396215,False,0,3.2817773917195154,0.0,0.4,C_ref,2026-09-18 11:13:38,2026-09-18 13:35:02
pretrained_e20,0,0.3,0.3,26,0,0.3857277337674838,0.1465042165385329,0.9070700164076452,0.7605657998691122,0.0509868350442484,1.2788457146948005,False,0,0.0008962140636867,1.0,0.4,C_ref,2026-09-18 11:13:38,2026-09-18 13:35:02
pretrained_e20,0,0.3,0.3,27,0,0.9810795942757626,0.9622314895338996,1.1504370792932956,0.1882055897593961,0.0701668125225114,1.4205955403663513,False,0,1.3318441121300566,0.0,0.4,C_ref,2026-09-18 11:13:38,2026-09-18 13:35:02
pretrained_e20,0,0.3,0.3,28,0,0.9079244592004588,0.815965467687496,1.135093969404594,0.319128501717098,0.7394640797815522,1.4300310359537594,False,0,5.323348030451598,0.0,0.4,C_ref,2026-09-18 11:13:38,2026-09-18 13:35:02
pretrained_e20,0,0.3,0.3,29,0,0.9076770593719516,0.8748633648324513,1.1284057848297313,0.25354241999728,0.1732910498677832,1.4174373000238298,False,0,3.7570713521927246,0.0,0.4,C_ref,2026-09-18 11:13:38,2026-09-18 13:35:02
pretrained_e20,0,0.3,0.3,30,0,0.9818272374684348,0.8700195053955058,1.2067832816875792,0.3367637762920734,0.7678982192812415,1.485639630906351,False,0,13.626725933521811,0.0,0.4,C_ref,2026-09-18 11:13:38,2026-09-18 13:35:02
pretrained_e20,0,0.3,0.3,31,0,0.9272942793157578,0.8845945985686262,1.1757782178611451,0.2911836192925191,0.741376562530885,1.4725157476231543,False,0,7.160438665407128,0.0,0.4,C_ref,2026-09-18 11:13:38,2026-09-18 13:35:02
pretrained_e20,0,0.3,0.3,32,0,0.9717748929731488,0.9141002276235336,1.2343634619499206,0.320263234326387,0.7062150280041388,1.525761774750196,False,0,9.362992334583396,0.0,0.4,C_ref,2026-09-18 11:13:38,2026-09-18 13:35:02
pretrained_e20,0,0.3,0.3,33,0,1.0224598088399457,0.939633240463127,1.2324238521526014,0.2927906116894744,0.9360955546976044,1.4940635999990104,False,0,16.118579890815454,0.0,0.4,C_ref,2026-09-18 11:13:38,2026-09-18 13:35:02
pretrained_e20,0,0.3,0.3,34,0,0.9388775986304024,0.8689748162196553,1.1597229870943502,0.2907481708746948,0.8610940039266235,1.4456304958283106,False,0,5.641848114108143,0.0,0.4,C_ref,2026-09-18 11:13:38,2026-09-18 13:35:02
pretrained_e20,0,0.3,0.3,35,0,0.8980245518712621,0.7903974222351031,1.1756071960663588,0.3852097738312556,0.6957858570794125,1.4682278766408727,False,0,9.266570445463003,0.0,0.4,C_ref,2026-09-18 11:13:38,2026-09-18 13:35:02
pretrained_e20,0,0.3,0.3,36,0,1.0125207723538427,0.8506865432021085,1.2699986552008358,0.4193121119987273,0.8115184251389657,1.553054766795926,False,0,20.10102685085076,0.0,0.4,C_ref,2026-09-18 11:13:38,2026-09-18 13:35:02
pretrained_e20,0,0.3,0.3,37,0,0.613474822822896,0.0806522890722836,1.049089609569111,0.9684373204968272,0.0258803411505976,1.3791523149919782,False,0,0.6026994666899554,1.0,0.4,C_ref,2026-09-18 11:13:38,2026-09-18 13:35:02
pretrained_e20,0,0.3,0.3,38,0,0.7864305669352919,0.6814052755306892,1.1248443966613073,0.4434391211306181,0.0238233313749341,1.4508770182521822,False,0,2.769280732045445,0.0,0.4,C_ref,2026-09-18 11:13:38,2026-09-18 13:35:02
pretrained_e20,0,0.3,0.3,39,0,0.983635202903376,0.8876791636896367,1.2052328485290769,0.3175536848394401,0.8680302346058407,1.471644518385964,False,0,18.327756137652614,0.0,0.4,C_ref,2026-09-18 11:13:38,2026-09-18 13:35:02
pretrained_e20,0,0.3,0.3,40,0,0.8777431706223663,0.8052872175620764,1.1636872846673028,0.3584000671052263,0.051412121354595,1.4718243597268572,False,0,3.411208031790011,0.0,0.4,C_ref,2026-09-18 11:13:38,2026-09-18 13:35:02
pretrained_e20,0,0.3,0.3,41,0,0.7372935828009797,0.6801492876009898,1.0377578965666527,0.3576086089656629,0.0452780930920896,1.3530815422337683,False,0,2.492325275998155,0.0,0.4,C_ref,2026-09-18 11:13:38,2026-09-18 13:35:02
pretrained_e20,0,0.3,0.3,42,0,0.8932956030684054,0.839898428336549,1.1410793204557297,0.3011808921191804,0.6645393587739704,1.4426844942431962,False,0,4.435149705634103,0.0,0.4,C_ref,2026-09-18 11:13:38,2026-09-18 13:35:02
pretrained_e20,0,0.3,0.3,43,0,0.9857227473150154,0.9545976773266248,1.176082906826512,0.2214852294998872,0.8568682841941234,1.4386151639919027,False,0,10.000857869421452,0.0,0.4,C_ref,2026-09-18 11:13:38,2026-09-18 13:35:02
pretrained_e20,0,0.3,0.3,44,0,0.8342709356810057,0.7390157538355853,1.096392548687215,0.3573767948516297,0.7304409893210246,1.3918586510632065,False,0,7.443006866822543,0.0,0.4,C_ref,2026-09-18 11:13:38,2026-09-18 13:35:02
pretrained_e20,0,0.3,0.3,45,0,0.8939536401488392,0.7837832881916673,1.0699496874635832,0.2861663992719159,0.6058703995511728,1.3465551878054745,False,0,4.210307438763266,0.0,0.4,C_ref,2026-09-18 11:13:38,2026-09-18 13:35:02
pretrained_e20,0,0.3,0.3,46,0,1.1943553131944395,1.0187913811213447,1.4256894222831369,0.4068980411617922,0.9350552448457272,1.68552217696506,False,0,47.17285319514849,0.0,0.4,C_ref,2026-09-18 11:13:38,2026-09-18 13:35:02
pretrained_e20,0,0.3,0.3,47,0,0.9623439484398696,0.7772085452085873,1.241102131657435,0.4638935864488478,0.641417402520014,1.5316748752907174,False,0,26.689684313794714,0.0,0.4,C_ref,2026-09-18 11:13:38,2026-09-18 13:35:02
pretrained_e20,0,0.3,0.3,0,0,2.271797072249191,1.976557793791636,2.5730966563120194,0.5965388625203836,1.6847168050073364,2.8820582612025105,False,0,0.5767709726605972,1.0,2.5,C_ref,2026-09-18 11:13:38,2026-09-18 13:35:02
pretrained_e20,0,0.3,0.3,1,0,2.303013304313054,2.008087687476005,2.6020948486726385,0.5940071611966333,1.715461713417395,2.899072016184318,False,0,0.4356940604338888,1.0,2.5,C_ref,2026-09-18 11:13:38,2026-09-18 13:35:02
pretrained_e20,0,0.3,0.3,2,0,2.410736478687612,2.118799867387635,2.7094662148813784,0.5906663474937432,1.8319128001805545,3.0160900012593177,False,0,0.0908381915505742,1.0,2.5,C_ref,2026-09-18 11:13:38,2026-09-18 13:35:02
pretrained_e20,0,0.3,0.3,3,0,2.446460313520573,2.156041713579039,2.7442127788084454,0.5881710652294063,1.8715510095207968,3.0502588911358526,False,0,0.0328867437201552,1.0,2.5,C_ref,2026-09-18 11:13:38,2026-09-18 13:35:02
pretrained_e20,0,0.3,0.3,4,0,2.3352776556021664,2.040816860194489,2.635591540094411,0.5947746798999223,1.749916971096874,2.943221320328432,False,0,0.3036519886118185,1.0,2.5,C_ref,2026-09-18 11:13:38,2026-09-18 13:35:02
pretrained_e20,0,0.3,0.3,5,0,2.305324534494753,2.0130090827832814,2.6036437443398843,0.5906346615566029,1.724364039864421,2.909411761544537,False,0,0.4290271826357639,1.0,2.5,C_ref,2026-09-18 11:13:38,2026-09-18 13:35:02
pretrained_e20,0,0.3,0.3,6,0,2.2678443457435287,1.971647591588028,2.569314858746713,0.5976672671586851,1.6777798643865178,2.877743225558603,False,0,0.5958473301907361,1.0,2.5,C_ref,2026-09-18 11:13:38,2026-09-18 13:35:02
pretrained_e20,0,0.3,0.3,7,0,2.3415235377189254,2.050115917481773,2.639162110884676,0.5890461934029028,1.7628315400191183,2.9443696030091613,False,0,0.2865990434329433,1.0,2.5,C_ref,2026-09-18 11:13:38,2026-09-18 13:35:02
pretrained_e20,0,0.3,0.3,8,0,2.3563663218418123,2.063293852835648,2.656272619303604,0.5929787664679562,1.7752169487997935,2.964167251517128,False,0,0.2321983203546551,1.0,2.5,C_ref,2026-09-18 11:13:38,2026-09-18 13:35:02
pretrained_e20,0,0.3,0.3,9,0,2.34203833660796,2.054525281373588,2.6356113114684234,0.5810860300948355,1.7721249494545417,2.9318089577329784,False,0,0.2921282090064778,1.0,2.5,C_ref,2026-09-18 11:13:38,2026-09-18 13:35:02
pretrained_e20,0,0.3,0.3,10,0,2.442968164602811,2.1522151974580934,2.7408632544801232,0.5886480570220298,1.8670865924136697,3.0468267492542385,False,0,0.0373193652958434,1.0,2.5,C_ref,2026-09-18 11:13:38,2026-09-18 13:35:02
pretrained_e20,0,0.3,0.3,11,0,2.318998737339132,2.0245815450985054,2.6198743844878245,0.5952928393893191,1.734589325133854,2.928403619956014,False,0,0.3653347328472591,1.0,2.5,C_ref,2026-09-18 11:13:38,2026-09-18 13:35:02
pretrained_e20,0,0.3,0.3,12,0,2.4185811325511595,2.1246481013215446,2.7175273897914254,0.5928792884698808,1.8343346460381205,3.020598508449074,False,0,0.075082896524691,1.0,2.5,C_ref,2026-09-18 11:13:38,2026-09-18 13:35:02
pretrained_e20,0,0.3,0.3,13,0,2.4492293718073515,2.1518771142842104,2.7527632185630986,0.6008861042788882,1.8585979401830013,3.0638261325122054,False,0,0.0284966532162798,1.0,2.5,C_ref,2026-09-18 11:13:38,2026-09-18 13:35:02
pretrained_e20,0,0.3,0.3,14,0,2.298222314950324,2.007769873464924,2.5949071463969715,0.5871372729320474,1.7212319464190804,2.8992862963473054,False,0,0.4659554499630758,1.0,2.5,C_ref,2026-09-18 11:13:38,2026-09-18 13:35:02
pretrained_e20,0,0.3,0.3,15,0,2.437623946663089,2.147357849563248,2.73354521235888,0.586187362795632,1.8618643293799493,3.0315044907268383,False,0,0.0450297864772437,1.0,2.5,C_ref,2026-09-18 11:13:38,2026-09-18 13:35:02
pretrained_e20,0,0.3,0.3,16,0,2.5136265092248453,2.223148078000947,2.811735164121593,0.5885870861206457,1.9390324232200609,3.1182767237672344,False,0,0.0019960674799222,1.0,2.5,C_ref,2026-09-18 11:13:38,2026-09-18 13:35:02
pretrained_e20,0,0.3,0.3,17,0,2.200215161702703,1.9058513633325915,2.499765575890926,0.5939142125583345,1.6135988262722898,2.806196404338956,False,0,1.001524637140392,0.0,2.5,C_ref,2026-09-18 11:13:38,2026-09-18 13:35:02
pretrained_e20,0,0.3,0.3,18,0,2.4042562640878766,2.114330741229435,2.7011685599353337,0.5868378187058987,1.829647481700054,3.0060865336315405,False,0,0.105586526566185,1.0,2.5,C_ref,2026-09-18 11:13:38,2026-09-18 13:35:02
pretrained_e20,0,0.3,0.3,19,0,2.3543903617797235,2.060728189284594,2.654298551084232,0.593570361799638,1.7712568555699773,2.961806640507154,False,0,0.2383501721014909,1.0,2.5,C_ref,2026-09-18 11:13:38,2026-09-18 13:35:02
pretrained_e20,0,0.3,0.3,20,0,2.280204042723013,1.985988523431213,2.580779944227788,0.594791420796575,1.696134642893362,2.88896708375415,False,0,0.5380960186885204,1.0,2.5,C_ref,2026-09-18 11:13:38,2026-09-18 13:35:02
pretrained_e20,0,0.3,0.3,21,0,2.361214358145986,2.0960939153042,2.55979232842789,0.4636984131236903,1.8225537262924016,2.5756395443969167,False,0,0.3596530962349789,1.0,2.5,C_ref,2026-09-18 11:13:38,2026-09-18 13:35:02
pretrained_e20,0,0.3,0.3,22,0,2.3091942629074347,2.013432801478537,2.6110428550074785,0.5976100535289413,1.7213117171840426,2.92040704546658,False,0,0.4029304477335245,1.0,2.5,C_ref,2026-09-18 11:13:38,2026-09-18 13:35:02
pretrained_e20,0,0.3,0.3,23,0,2.284603441497903,1.9956919006789284,2.5804124617961004,0.584720561117172,1.7117095685517658,2.8842051289207298,False,0,0.533788728829677,1.0,2.5,C_ref,2026-09-18 11:13:38,2026-09-18 13:35:02
pretrained_e20,0,0.3,0.3,24,0,2.3765744324760365,2.082520905697386,2.6771738439359187,0.5946529382385326,1.7930431656648145,2.9855612708940384,False,0,0.170849907946831,1.0,2.5,C_ref,2026-09-18 11:13:38,2026-09-18 13:35:02
pretrained_e20,0,0.3,0.3,25,0,2.1283921192978315,1.83314874406066,2.428074916519528,0.5949261724588681,1.538683360736228,2.734232188302738,False,0,1.5300140053004725,0.0,2.5,C_ref,2026-09-18 11:13:38,2026-09-18 13:35:02
pretrained_e20,0,0.3,0.3,26,0,2.2415596649755063,1.9446675160359648,2.543282464943399,0.5986149489074335,1.6492259675443282,2.851769310178853,False,0,0.7356316453078762,1.0,2.5,C_ref,2026-09-18 11:13:38,2026-09-18 13:35:02
pretrained_e20,0,0.3,0.3,27,0,2.277219715927403,1.983906081942672,2.5759161546048315,0.5920100726621593,1.6931146850043717,2.88171083834103,False,0,0.5591603883585776,1.0,2.5,C_ref,2026-09-18 11:13:38,2026-09-18 13:35:02
pretrained_e20,0,0.3,0.3,28,0,2.338917356768932,2.04396074368285,2.639731104976899,0.5957703612940484,1.7523498298085194,2.947831550012693,False,0,0.2897095628613897,1.0,2.5,C_ref,2026-09-18 11:13:38,2026-09-18 13:35:02
pretrained_e20,0,0.3,0.3,29,0,2.260527857259312,1.9652758595296225,2.5613120142766106,0.5960361547469883,1.6727939591891396,2.8692424027655288,False,0,0.6366154815223126,1.0,2.5,C_ref,2026-09-18 11:13:38,2026-09-18 13:35:02
pretrained_e20,0,0.3,0.3,30,0,2.342564726930721,2.0545464290997604,2.637560584842042,0.5830141557422817,1.7717140884568656,2.9406667041445065,False,0,0.2881507350793981,1.0,2.5,C_ref,2026-09-18 11:13:38,2026-09-18 13:35:02
pretrained_e20,0,0.3,0.3,31,0,2.355438940077009,2.0619337801025788,2.6552528872024204,0.5933191070998416,1.7726379266951031,2.962706766532867,False,0,0.2350978748254419,1.0,2.5,C_ref,2026-09-18 11:13:38,2026-09-18 13:35:02
pretrained_e20,0,0.3,0.3,32,0,2.379813656678377,2.0923988338260515,2.66308340780108,0.5706845739750284,1.808383451855841,2.847668478840012,False,0,0.1735290079268452,1.0,2.5,C_ref,2026-09-18 11:13:38,2026-09-18 13:35:02
pretrained_e20,0,0.3,0.3,33,0,2.265933364469188,1.975939195589504,2.562725529703251,0.5867863341137474,1.6910014719530777,2.867445258653571,False,0,0.6250939641104196,1.0,2.5,C_ref,2026-09-18 11:13:38,2026-09-18 13:35:02
pretrained_e20,0,0.3,0.3,34,0,2.2899977877711235,1.994637008096596,2.5910089306492203,0.596371922552625,1.7022861220885583,2.8992092288497213,False,0,0.4899109546640829,1.0,2.5,C_ref,2026-09-18 11:13:38,2026-09-18 13:35:02
pretrained_e20,0,0.3,0.3,35,0,2.2930606950759365,2.002384638560506,2.5905984277935263,0.5882137892330204,1.716561309512137,2.896185581440271,False,0,0.4874160720464715,1.0,2.5,C_ref,2026-09-18 11:13:38,2026-09-18 13:35:02
pretrained_e20,0,0.3,0.3,36,0,2.4203503764772747,2.1304612306515307,2.716431929166908,0.5859706985153772,1.8455811851206043,3.0186464749167783,False,0,0.0735239695713971,1.0,2.5,C_ref,2026-09-18 11:13:38,2026-09-18 13:35:02
pretrained_e20,0,0.3,0.3,37,0,2.348239693016013,2.0530889316373333,2.648535247123868,0.5954463154865346,1.761099323310965,2.9520313602788435,False,0,0.2576516731242009,1.0,2.5,C_ref,2026-09-18 11:13:38,2026-09-18 13:35:02
pretrained_e20,0,0.3,0.3,38,0,2.421514341251094,2.1278506494157083,2.7216015820057406,0.5937509325900323,1.8385644597816475,3.029400049732212,False,0,0.0695734093278588,1.0,2.5,C_ref,2026-09-18 11:13:38,2026-09-18 13:35:02
pretrained_e20,0,0.3,0.3,39,0,2.2519319023041184,1.9647375712075543,2.545637764394304,0.5809001931867495,1.6826244495109992,2.8467238503055388,False,0,0.715829345765087,1.0,2.5,C_ref,2026-09-18 11:13:38,2026-09-18 13:35:02
pretrained_e20,0,0.3,0.3,40,0,2.379504058319128,2.086527543380685,2.6791431520816342,0.5926156087009491,1.798225329256529,2.9866228472316125,False,0,0.1640720976538432,1.0,2.5,C_ref,2026-09-18 11:13:38,2026-09-18 13:35:02
pretrained_e20,0,0.3,0.3,41,0,2.250939741022817,1.957211141222757,2.550221393327245,0.593010252104488,1.666226983183798,2.85663413644099,False,0,0.6950933988082397,1.0,2.5,C_ref,2026-09-18 11:13:38,2026-09-18 13:35:02
pretrained_e20,0,0.3,0.3,42,0,2.3734609848516404,2.0792440779568326,2.67286246603122,0.5936183880743875,1.7884019947428422,2.9769562227703985,False,0,0.1804160894280357,1.0,2.5,C_ref,2026-09-18 11:13:38,2026-09-18 13:35:02
pretrained_e20,0,0.3,0.3,43,0,2.24130239417288,1.946775282033912,2.541634055598675,0.5948587735647632,1.6556637572314803,2.849253573990437,False,0,0.7441675770242,1.0,2.5,C_ref,2026-09-18 11:13:38,2026-09-18 13:35:02
pretrained_e20,0,0.3,0.3,44,0,2.2347973622088486,1.9394407953958788,2.5356347304202056,0.5961939350243268,1.646966254996139,2.84359899760204,False,0,0.7788865967922902,1.0,2.5,C_ref,2026-09-18 11:13:38,2026-09-18 13:35:02
pretrained_e20,0,0.3,0.3,45,0,2.1655401515567645,1.867810238757349,2.467708035722174,0.5998977969648251,1.5709257310140532,2.776384102366286,False,0,1.222391971914476,0.0,2.5,C_ref,2026-09-18 11:13:38,2026-09-18 13:35:02
pretrained_e20,0,0.3,0.3,46,0,2.4235257772201724,2.135869475750044,2.719045603848229,0.5831761280981853,1.855027330879759,3.023112890746801,False,0,0.0682192435633624,1.0,2.5,C_ref,2026-09-18 11:13:38,2026-09-18 13:35:02
pretrained_e20,0,0.3,0.3,47,0,2.4180937468759782,2.12842178937944,2.7149608883164444,0.5865390989370045,1.844448647557287,3.0201046858438985,False,0,0.0775136667543847,1.0,2.5,C_ref,2026-09-18 11:13:38,2026-09-18 13:35:02
pretrained_e20,0,1.0,1.0,0,0,1.2222385686702015,1.0362198353734142,1.467553838692797,0.4313340033193831,0.9882023861503082,1.7372579920602371,False,0,40.38167140957376,0.0,0.4,C_ref,2026-09-18 18:32:58,2026-09-19 00:48:16
pretrained_e20,0,1.0,1.0,1,0,1.2856985015759823,1.0911499820034476,1.5253163436931596,0.434166361689712,0.9965984429723638,1.7881214578356162,False,0,59.497397201528656,0.0,0.4,C_ref,2026-09-18 18:32:58,2026-09-19 00:48:16
pretrained_e20,0,1.0,1.0,2,0,1.2474092828662064,1.0393592726054968,1.5064570545011162,0.4670977818956194,0.9791142017585746,1.7842437287930002,False,0,34.4365778923966,0.0,0.4,C_ref,2026-09-18 18:32:58,2026-09-19 00:48:16
pretrained_e20,0,1.0,1.0,3,0,1.2211765483346582,1.0045726767668608,1.4886828557016962,0.4841101789348354,0.9429302273187768,1.7720328122181437,False,0,29.368378794730237,0.0,0.4,C_ref,2026-09-18 18:32:58,2026-09-19 00:48:16
pretrained_e20,0,1.0,1.0,4,0,1.201905089348151,0.9917809132998096,1.4660393162727754,0.4742584029729658,0.9715729765456284,1.745926675745779,False,0,36.18495344934854,0.0,0.4,C_ref,2026-09-18 18:32:58,2026-09-19 00:48:16
pretrained_e20,0,1.0,1.0,5,0,1.2153868029473751,1.0224101522911078,1.4651022515846812,0.4426920992935734,0.9785652591990588,1.736799042021205,False,0,38.91308703125833,0.0,0.4,C_ref,2026-09-18 18:32:58,2026-09-19 00:48:16
pretrained_e20,0,1.0,1.0,6,0,1.2150132548764134,1.0019725381997038,1.4737562991928752,0.4717837609931714,0.9443409305076385,1.7499151411081018,False,0,51.05494836645085,0.0,0.4,C_ref,2026-09-18 18:32:58,2026-09-19 00:48:16
pretrained_e20,0,1.0,1.0,7,0,1.2854306007275829,1.077496659958429,1.531907038138863,0.454410378180434,0.9754221375798192,1.79833562673415,False,0,61.79897590182373,0.0,0.4,C_ref,2026-09-18 18:32:58,2026-09-19 00:48:16
pretrained_e20,0,1.0,1.0,8,0,1.3623830999427164,1.1550964603298466,1.603009860866458,0.4479134005366114,1.0108479584654273,1.8644611373916276,False,0,92.4494661114186,0.0,0.4,C_ref,2026-09-18 18:32:58,2026-09-19 00:48:16
pretrained_e20,0,1.0,1.0,9,0,1.235365868491593,1.0453128177449995,1.4810989169883406,0.4357860992433409,0.997204838918324,1.749984129310728,False,0,42.44076737650175,0.0,0.4,C_ref,2026-09-18 18:32:58,2026-09-19 00:48:16
pretrained_e20,0,1.0,1.0,10,0,1.3084894852542477,1.092923733766222,1.5613940169725522,0.4684702832063301,0.9917346675184938,1.8330027092631995,False,0,59.779993405376445,0.0,0.4,C_ref,2026-09-18 18:32:58,2026-09-19 00:48:16
pretrained_e20,0,1.0,1.0,11,0,1.2293537065164322,1.0270949675111811,1.4813679094937549,0.4542729419825735,0.981962765500206,1.7537267878914446,False,0,49.96521709421359,0.0,0.4,C_ref,2026-09-18 18:32:58,2026-09-19 00:48:16
pretrained_e20,0,1.0,1.0,12,0,1.3668425505610624,1.1458701777151397,1.6105218656720446,0.4646516879569049,0.9904247720413364,1.821307200609782,False,0,92.12555598439576,0.0,0.4,C_ref,2026-09-18 18:32:58,2026-09-19 00:48:16
pretrained_e20,0,1.0,1.0,13,0,1.4041229263655906,1.1856445593216656,1.6512919851511485,0.4656474258294827,1.0226145051027795,1.9167546657118892,False,0,88.19590792076269,0.0,0.4,C_ref,2026-09-18 18:32:58,2026-09-19 00:48:16
pretrained_e20,0,1.0,1.0,14,0,1.217220557640195,1.0248539579016736,1.4692959500778189,0.4444419921761451,0.9860061683577596,1.7423741136357702,False,0,32.3038374019452,0.0,0.4,C_ref,2026-09-18 18:32:58,2026-09-19 00:48:16
pretrained_e20,0,1.0,1.0,15,0,1.1866549479153898,0.9843018167909692,1.460132560655509,0.4758307438645398,0.9495708812299478,1.7480623304096234,False,0,28.45571426663446,0.0,0.4,C_ref,2026-09-18 18:32:58,2026-09-19 00:48:16
pretrained_e20,0,1.0,1.0,16,0,1.4247660653406704,1.2054037822994084,1.6720089795807902,0.4666051972813818,1.0389355238268607,1.93726317888719,False,0,96.42438598121224,0.0,0.4,C_ref,2026-09-18 18:32:58,2026-09-19 00:48:16
pretrained_e20,0,1.0,1.0,17,0,1.146737818398135,0.9966631062193738,1.3881257373348292,0.3914626311154554,0.9786866691595691,1.6583891382354363,False,0,24.063022371756237,0.0,0.4,C_ref,2026-09-18 18:32:58,2026-09-19 00:48:16
pretrained_e20,0,1.0,1.0,18,0,1.2772663020449149,1.0561429695053124,1.5351722962272356,0.4790293267219232,0.9745849589662932,1.808069003805521,False,0,38.75227417827773,0.0,0.4,C_ref,2026-09-18 18:32:58,2026-09-19 00:48:16
pretrained_e20,0,1.0,1.0,19,0,1.2621013256176152,1.0664861564598358,1.5065210762761627,0.4400349198163269,0.985716996387226,1.7744031196017154,False,0,52.241076135233016,0.0,0.4,C_ref,2026-09-18 18:32:58,2026-09-19 00:48:16
pretrained_e20,0,1.0,1.0,20,0,1.3678875235578456,1.1684818143347615,1.602148239367479,0.4336664250327176,1.0262970776819855,1.859084911874857,False,0,87.83808801302803,0.0,0.4,C_ref,2026-09-18 18:32:58,2026-09-19 00:48:16
pretrained_e20,0,1.0,1.0,21,0,1.277938536976151,1.0527924917888358,1.5397746988384198,0.4869822070495839,0.9871635739637704,1.8168760740399268,False,0,40.14108070932343,0.0,0.4,C_ref,2026-09-18 18:32:58,2026-09-19 00:48:16
pretrained_e20,0,1.0,1.0,22,0,1.2513904156882465,1.04575711583053,1.5042504329110986,0.4584933170805685,0.992001562776334,1.7770971467549403,False,0,46.19084940178072,0.0,0.4,C_ref,2026-09-18 18:32:58,2026-09-19 00:48:16
pretrained_e20,0,1.0,1.0,23,0,1.2198055978594478,1.0313417497637356,1.4629623017919098,0.4316205520281742,0.974999419791719,1.730438515906983,False,0,41.2251275572271,0.0,0.4,C_ref,2026-09-18 18:32:58,2026-09-19 00:48:16
pretrained_e20,0,1.0,1.0,24,0,1.2015894865293582,1.0079145555782143,1.4523098340152998,0.4443952784370855,0.9558774377384346,1.7247642016190912,False,0,36.55517388532098,0.0,0.4,C_ref,2026-09-18 18:32:58,2026-09-19 00:48:16
pretrained_e20,0,1.0,1.0,25,0,1.143809075736293,0.9956271920193828,1.380489324824304,0.3848621328049211,0.9835060749258114,1.6451755340036902,False,0,34.56436031786143,0.0,0.4,C_ref,2026-09-18 18:32:58,2026-09-19 00:48:16
pretrained_e20,0,1.0,1.0,26,0,1.1443529477693843,0.988670997899614,1.3907625176356404,0.4020915197360265,0.968012411458123,1.6653070616568793,False,0,23.390230307355523,0.0,0.4,C_ref,2026-09-18 18:32:58,2026-09-19 00:48:16
pretrained_e20,0,1.0,1.0,27,0,1.2680786075317672,1.063503788079386,1.5133144852852467,0.4498106972058606,0.9644172524625848,1.77937972164847,False,0,59.32497976162631,0.0,0.4,C_ref,2026-09-18 18:32:58,2026-09-19 00:48:16
pretrained_e20,0,1.0,1.0,28,0,1.1153019166664797,0.9987112671538866,1.3628218569092367,0.3641105897553501,0.978632532028164,1.6427919579048973,False,0,15.81541856675176,0.0,0.4,C_ref,2026-09-18 18:32:58,2026-09-19 00:48:16
pretrained_e20,0,1.0,1.0,29,0,1.139760859095906,0.9862002767780482,1.4020268442693071,0.4158265674912589,0.8874360934267786,1.683192623728743,False,0,33.09725193413033,0.0,0.4,C_ref,2026-09-18 18:32:58,2026-09-19 00:48:16
pretrained_e20,0,1.0,1.0,30,0,1.1970955861140642,1.0125042907685782,1.443406351808182,0.4309020610396037,0.97388379986921,1.712356957928391,False,0,35.05359994173341,0.0,0.4,C_ref,2026-09-18 18:32:58,2026-09-19 00:48:16
pretrained_e20,0,1.0,1.0,31,0,1.3136535485205232,1.1022503014048357,1.5620979258969965,0.4598476244921607,0.9956945798761064,1.8296710347535603,False,0,73.40398364032444,0.0,0.4,C_ref,2026-09-18 18:32:58,2026-09-19 00:48:16
pretrained_e20,0,1.0,1.0,32,0,1.3077217513777255,1.096393874130439,1.5557601637076257,0.4593662895771866,0.989022876582743,1.823077211315755,False,0,60.08571083957577,0.0,0.4,C_ref,2026-09-18 18:32:58,2026-09-19 00:48:16
pretrained_e20,0,1.0,1.0,33,0,1.206648060875674,1.0307166101664798,1.4437582802791065,0.4130416701126267,0.9842308154957176,1.7081187739796917,False,0,42.67724187295971,0.0,0.4,C_ref,2026-09-18 18:32:58,2026-09-19 00:48:16
pretrained_e20,0,1.0,1.0,34,0,1.246710885329861,1.0500897644250509,1.492488415588464,0.4423986511634132,0.9711109924647876,1.7614992124913014,False,0,48.426867010122805,0.0,0.4,C_ref,2026-09-18 18:32:58,2026-09-19 00:48:16
pretrained_e20,0,1.0,1.0,35,0,1.2421657979771237,1.0541951060183106,1.4794362881876626,0.425241182169352,0.9885034135274796,1.741181499748612,False,0,64.79097723309678,0.0,0.4,C_ref,2026-09-18 18:32:58,2026-09-19 00:48:16
pretrained_e20,0,1.0,1.0,36,0,1.294646744007928,1.082580156411621,1.5448475884149693,0.4622674320033482,0.991912428015772,1.814314727071851,False,0,62.46985114689596,0.0,0.4,C_ref,2026-09-18 18:32:58,2026-09-19 00:48:16
pretrained_e20,0,1.0,1.0,37,0,1.302879004036113,1.0970003227996112,1.5468869464475767,0.4498866236479655,0.9839493381998276,1.757267483521901,False,0,58.140958978416165,0.0,0.4,C_ref,2026-09-18 18:32:58,2026-09-19 00:48:16
pretrained_e20,0,1.0,1.0,38,0,1.4058886362009642,1.1913723554335782,1.649604884873038,0.4582325294394598,1.0311127219325735,1.91198262155349,False,0,84.82210542981193,0.0,0.4,C_ref,2026-09-18 18:32:58,2026-09-19 00:48:16
pretrained_e20,0,1.0,1.0,39,0,1.2923015520258123,1.1049342439960976,1.523500369067206,0.4185661250711083,0.9995999125176254,1.7803171161091302,False,0,67.14780576461271,0.0,0.4,C_ref,2026-09-18 18:32:58,2026-09-19 00:48:16
pretrained_e20,0,1.0,1.0,40,0,1.251764776861369,1.0402632511888048,1.5073410151531008,0.467077763964296,0.9852929634568088,1.7817575861526815,False,0,51.68863948965736,0.0,0.4,C_ref,2026-09-18 18:32:58,2026-09-19 00:48:16
pretrained_e20,0,1.0,1.0,41,0,1.2190733529356614,1.0408689400740028,1.4535136834247304,0.4126447433507276,0.9871838343585791,1.7151084759359236,False,0,55.2159940773272,0.0,0.4,C_ref,2026-09-18 18:32:58,2026-09-19 00:48:16
pretrained_e20,0,1.0,1.0,42,0,1.233111412015606,1.043719740518199,1.4785543430568668,0.4348346025386678,0.9882133764896992,1.7416233096512284,False,0,39.92656532817273,0.0,0.4,C_ref,2026-09-18 18:32:58,2026-09-19 00:48:16
pretrained_e20,0,1.0,1.0,43,0,1.192702893728825,1.0213501666837286,1.431657160863923,0.4103069941801944,0.987169069007288,1.6986799198114515,False,0,39.41139727531845,0.0,0.4,C_ref,2026-09-18 18:32:58,2026-09-19 00:48:16
pretrained_e20,0,1.0,1.0,44,0,1.2223687305588282,1.0424814031547758,1.4632168048958725,0.4207354017410967,0.9932581169605996,1.730208163119263,False,0,37.19398190233187,0.0,0.4,C_ref,2026-09-18 18:32:58,2026-09-19 00:48:16
pretrained_e20,0,1.0,1.0,45,0,1.2612517251878768,1.052741749046368,1.5076051975427187,0.4548634484963507,0.9933119815389112,1.7727712793641857,False,0,58.8646478246701,0.0,0.4,C_ref,2026-09-18 18:32:58,2026-09-19 00:48:16
pretrained_e20,0,1.0,1.0,46,0,1.4083818748327763,1.186683583946685,1.6557840869227354,0.4691005029760504,1.0141512771904575,1.920475874122527,False,0,91.1507750826786,0.0,0.4,C_ref,2026-09-18 18:32:58,2026-09-19 00:48:16
pretrained_e20,0,1.0,1.0,47,0,1.317575478716053,1.1091232422123611,1.5622969172949044,0.4531736750825432,0.9812518892671525,1.8274151121143225,False,0,63.32798026761884,0.0,0.4,C_ref,2026-09-18 18:32:58,2026-09-19 00:48:16
pretrained_e20,0,1.0,1.0,0,0,2.52491816196659,2.239886155536023,2.818910069397817,0.5790239138617941,1.9634195542552928,3.1223820954425547,False,0,0.0071439704406657,1.0,2.5,C_ref,2026-09-18 18:32:58,2026-09-19 00:48:16
pretrained_e20,0,1.0,1.0,1,0,2.589596026566216,2.3066224052370603,2.882130093040637,0.5755076878035772,1.9147174596641567,3.184527138193813,False,0,0.0979541237393277,1.0,2.5,C_ref,2026-09-18 18:32:58,2026-09-19 00:48:16
pretrained_e20,0,1.0,1.0,2,0,2.651628358586622,2.3644530490939406,2.947508251755405,0.5830552026614644,2.085215279573706,3.2526445002439,False,0,0.2748359185097797,1.0,2.5,C_ref,2026-09-18 18:32:58,2026-09-19 00:48:16
pretrained_e20,0,1.0,1.0,3,0,2.6661677355832487,2.378385967331252,2.9625246964493708,0.5841387291181186,2.098453759909651,3.2679914290860115,False,0,0.3291887185441737,1.0,2.5,C_ref,2026-09-18 18:32:58,2026-09-19 00:48:16
pretrained_e20,0,1.0,1.0,4,0,2.587104225169812,2.300257925368203,2.8823088947355986,0.5820509693673954,2.020916247697127,3.186551611161643,False,0,0.0903265399829251,1.0,2.5,C_ref,2026-09-18 18:32:58,2026-09-19 00:48:16
pretrained_e20,0,1.0,1.0,5,0,2.545293831738958,2.2599450381398354,2.8392451393109024,0.579300101171067,1.9825061915925004,3.1423245186615665,False,0,0.0243250216262822,1.0,2.5,C_ref,2026-09-18 18:32:58,2026-09-19 00:48:16
pretrained_e20,0,1.0,1.0,6,0,2.543101896737232,2.2561366473159663,2.838706129985649,0.5825694826696828,1.9769542591656688,3.143490123950416,False,0,0.0218895305297337,1.0,2.5,C_ref,2026-09-18 18:32:58,2026-09-19 00:48:16
pretrained_e20,0,1.0,1.0,7,0,2.3992308287134243,2.2424518357700576,2.8601972305093297,0.6177453947392721,2.0017922551265523,3.182938264218293,False,0,0.3894676316558616,1.0,2.5,C_ref,2026-09-18 18:32:58,2026-09-19 00:48:16
pretrained_e20,0,1.0,1.0,8,0,2.6512023528192983,2.3696650128797656,2.9427110044361666,0.573045991556401,2.0980312148328752,3.244423678695376,False,0,0.2836989294592058,1.0,2.5,C_ref,2026-09-18 18:32:58,2026-09-19 00:48:16
pretrained_e20,0,1.0,1.0,9,0,2.573405838208259,2.287944760999852,2.867661143442245,0.5797163824423937,2.010613787675756,3.171221148644464,False,0,0.0645236836280673,1.0,2.5,C_ref,2026-09-18 18:32:58,2026-09-19 00:48:16
pretrained_e20,0,1.0,1.0,10,0,2.7005273922847826,2.4153462095359184,2.995040648413675,0.5796944388777567,2.1390150258881606,3.2993011096290688,False,0,0.4895503331681539,1.0,2.5,C_ref,2026-09-18 18:32:58,2026-09-19 00:48:16
pretrained_e20,0,1.0,1.0,11,0,2.5523640776981584,2.272545339014831,2.719703104197176,0.4471577651823448,1.9964992554335796,3.107925515490323,False,0,0.0353887012570339,1.0,2.5,C_ref,2026-09-18 18:32:58,2026-09-19 00:48:16
pretrained_e20,0,1.0,1.0,12,0,2.7341702008489674,2.4478928188080364,3.029670262244557,0.5817774434365206,2.170680332160242,3.3334356289842497,False,0,0.6649465372829582,1.0,2.5,C_ref,2026-09-18 18:32:58,2026-09-19 00:48:16
pretrained_e20,0,1.0,1.0,13,0,2.6646607293464637,2.438200151429702,2.9826641471539137,0.5444639957242119,2.172570869381361,3.315240698576901,False,0,0.5822742312047922,1.0,2.5,C_ref,2026-09-18 18:32:58,2026-09-19 00:48:16
pretrained_e20,0,1.0,1.0,14,0,2.559512160573219,2.274947540689833,2.852695502680137,0.5777479619903039,1.9981544626330223,3.1550984676665554,False,0,0.0427142268781608,1.0,2.5,C_ref,2026-09-18 18:32:58,2026-09-19 00:48:16
pretrained_e20,0,1.0,1.0,15,0,2.6581340466618126,2.368398467296464,2.956236029275209,0.5878375619787453,2.086143894407699,3.263399509430278,False,0,0.2940735932097595,1.0,2.5,C_ref,2026-09-18 18:32:58,2026-09-19 00:48:16
pretrained_e20,0,1.0,1.0,16,0,2.785483535440042,2.501491318269546,3.07926774771758,0.5777764294480341,2.227114696095997,3.382970839607799,False,0,1.010546231715125,0.0,2.5,C_ref,2026-09-18 18:32:58,2026-09-19 00:48:16
pretrained_e20,0,1.0,1.0,17,0,2.442517096377927,2.1566084006745023,2.7368064735212503,0.580198072846748,1.8781608847778932,3.040165506451451,False,0,0.0389941413668566,1.0,2.5,C_ref,2026-09-18 18:32:58,2026-09-19 00:48:16
pretrained_e20,0,1.0,1.0,18,0,2.3899457815152534,2.251165447111444,2.409043201417876,0.157877754306432,2.0250253224794927,3.231435467366349,False,0,0.6446496954667964,0.0,2.5,C_ref,2026-09-18 18:32:58,2026-09-19 00:48:16
pretrained_e20,0,1.0,1.0,19,0,2.592715700589045,2.3079864849943483,2.886207959507926,0.5782214745135779,2.031629707553632,3.1886018427678144,False,0,0.1037779180878715,1.0,2.5,C_ref,2026-09-18 18:32:58,2026-09-19 00:48:16
pretrained_e20,0,1.0,1.0,20,0,2.582435485055926,2.3002053065706534,2.874333896752653,0.5741285901819997,2.02755331948912,3.176192884973847,False,0,0.0832055466125893,1.0,2.5,C_ref,2026-09-18 18:32:58,2026-09-19 00:48:16
pretrained_e20,0,1.0,1.0,21,0,2.6923717668321108,2.406330955202095,2.9874701297969724,0.5811391745948775,2.1287076267241125,3.292086619217116,False,0,0.4475716767992708,1.0,2.5,C_ref,2026-09-18 18:32:58,2026-09-19 00:48:16
pretrained_e20,0,1.0,1.0,22,0,2.58779151802816,2.3011713942967496,2.883228549470385,0.582057155173636,2.022773959444894,3.1880233882296523,False,0,0.0918157359301403,1.0,2.5,C_ref,2026-09-18 18:32:58,2026-09-19 00:48:16
pretrained_e20,0,1.0,1.0,23,0,2.5231990248019818,2.238480199550112,2.816637160536356,0.5781569609862438,1.9617629208644405,3.1193934017092477,False,0,0.0063357709295814,1.0,2.5,C_ref,2026-09-18 18:32:58,2026-09-19 00:48:16
pretrained_e20,0,1.0,1.0,24,0,2.531463830561284,2.24623170060385,2.825212938081346,0.5789812374774961,1.9686517949444304,3.128135716920053,False,0,0.0118279186026484,1.0,2.5,C_ref,2026-09-18 18:32:58,2026-09-19 00:48:16
pretrained_e20,0,1.0,1.0,25,0,2.3811531324314945,2.099117792302623,2.6692060158721924,0.5700882235695692,1.8233798075131036,2.945471136985731,False,0,0.1719964264557347,1.0,2.5,C_ref,2026-09-18 18:32:58,2026-09-19 00:48:16
pretrained_e20,0,1.0,1.0,26,0,2.49583913839014,2.2087950096092794,2.7911413386297275,0.582346329020448,1.8527321879618772,3.095337114400214,False,0,0.0,1.0,2.5,C_ref,2026-09-18 18:32:58,2026-09-19 00:48:16
pretrained_e20,0,1.0,1.0,27,0,2.5272720706801937,2.2657478242586926,2.6247828434441414,0.3590350191854488,1.996793129953803,3.025819005541388,False,0,0.0124985124748491,1.0,2.5,C_ref,2026-09-18 18:32:58,2026-09-19 00:48:16
pretrained_e20,0,1.0,1.0,28,0,2.2885833201854604,2.1106230863422093,2.3151309704872647,0.2045078841450553,1.8642789223603144,2.9469612784447725,False,0,1.5247714086362976,0.0,2.5,C_ref,2026-09-18 18:32:58,2026-09-19 00:48:16
pretrained_e20,0,1.0,1.0,29,0,2.3053081892006597,2.148313106909591,2.8125459521587204,0.6642328452491295,1.900303369689061,3.119174638474395,False,0,0.0084990958603157,1.0,2.5,C_ref,2026-09-18 18:32:58,2026-09-19 00:48:16
pretrained_e20,0,1.0,1.0,30,0,2.5439013296661908,2.262433460910404,2.8314833591673003,0.5690498982568966,1.8916287808381795,3.066297035436461,False,0,0.0236032535831327,1.0,2.5,C_ref,2026-09-18 18:32:58,2026-09-19 00:48:16
pretrained_e20,0,1.0,1.0,31,0,2.3959160157661734,2.234180018648838,2.418067358760044,0.1838873401112057,1.9956036658207013,3.150811140533885,False,0,0.9242501927619742,0.0,2.5,C_ref,2026-09-18 18:32:58,2026-09-19 00:48:16
pretrained_e20,0,1.0,1.0,32,0,2.6446072163104084,2.360548838602409,2.9380869407341748,0.5775381021317658,2.0034669602612376,3.2412950261624323,False,0,0.2548119035454874,1.0,2.5,C_ref,2026-09-18 18:32:58,2026-09-19 00:48:16
pretrained_e20,0,1.0,1.0,33,0,2.483185956420019,2.199227061372494,2.775947080886786,0.5767200195142923,1.9235102453172643,3.078069708524831,False,0,0.0032754409803601,1.0,2.5,C_ref,2026-09-18 18:32:58,2026-09-19 00:48:16
pretrained_e20,0,1.0,1.0,34,0,2.5580192910225725,2.272694686845921,2.852371886067891,0.5796771992219694,1.995865675629816,3.156197645769529,False,0,0.0402830164784973,1.0,2.5,C_ref,2026-09-18 18:32:58,2026-09-19 00:48:16
pretrained_e20,0,1.0,1.0,35,0,2.4906371103973792,2.208702264735852,2.7816991279851067,0.5729968632492546,1.9355443620423505,3.0822585957861484,False,0,0.0010635638864187,1.0,2.5,C_ref,2026-09-18 18:32:58,2026-09-19 00:48:16
pretrained_e20,0,1.0,1.0,36,0,2.6606238690604034,2.376962192597679,2.953711290441472,0.576749097843793,2.1023558163216287,3.256577070771826,False,0,0.3160011344116356,1.0,2.5,C_ref,2026-09-18 18:32:58,2026-09-19 00:48:16
pretrained_e20,0,1.0,1.0,37,0,2.659768814461052,2.375040592425359,2.953750036638091,0.5787094442127323,2.0990678225844936,3.257398440561513,False,0,0.3103682170258253,1.0,2.5,C_ref,2026-09-18 18:32:58,2026-09-19 00:48:16
pretrained_e20,0,1.0,1.0,38,0,2.739924061806476,2.4587435365022428,3.0309659046723603,0.5722223681701175,2.1872365105530407,3.3320691664457653,False,0,0.7242170919453201,1.0,2.5,C_ref,2026-09-18 18:32:58,2026-09-19 00:48:16
pretrained_e20,0,1.0,1.0,39,0,2.555090379925357,2.274276124969434,2.845742678869141,0.571466553899707,2.0031621543922205,3.146406647939405,False,0,0.0371313706818909,1.0,2.5,C_ref,2026-09-18 18:32:58,2026-09-19 00:48:16
pretrained_e20,0,1.0,1.0,40,0,2.395680373655709,2.2399124653413702,2.8675540341289705,0.6276415687876002,1.9987897833655173,3.1978335525250934,False,0,0.4588786276653991,1.0,2.5,C_ref,2026-09-18 18:32:58,2026-09-19 00:48:16
pretrained_e20,0,1.0,1.0,41,0,2.502841359513419,2.2193597784616186,2.7953348328468968,0.5759750543852782,1.94446612192646,3.097336221887484,False,0,0.0,1.0,2.5,C_ref,2026-09-18 18:32:58,2026-09-19 00:48:16
pretrained_e20,0,1.0,1.0,42,0,2.6119653972626486,2.325753570918746,2.9069068211100584,0.5811532501913126,2.0476049277124075,3.211042733144088,False,0,0.1502019139879848,1.0,2.5,C_ref,2026-09-18 18:32:58,2026-09-19 00:48:16
pretrained_e20,0,1.0,1.0,43,0,2.2083769641392905,2.0736251018674063,2.229198195993193,0.1555730941257871,1.8483097418119183,3.077468608544857,False,0,0.2291391812650545,0.0,2.5,C_ref,2026-09-18 18:32:58,2026-09-19 00:48:16
pretrained_e20,0,1.0,1.0,44,0,2.5094003746760816,2.2234349188062468,2.804167048387292,0.5807321295810453,1.945614260543239,3.108296280890547,False,0,0.0010439983125252,1.0,2.5,C_ref,2026-09-18 18:32:58,2026-09-19 00:48:16
pretrained_e20,0,1.0,1.0,45,0,2.5095431660009098,2.2268557511207923,2.8013168744589465,0.5744611233381542,1.9526178001447143,3.102629652276372,False,0,0.0011016040953109,1.0,2.5,C_ref,2026-09-18 18:32:58,2026-09-19 00:48:16
pretrained_e20,0,1.0,1.0,46,0,2.668083033195976,2.384064298993468,2.9614929566742205,0.5774286576807524,2.1089641733536766,3.2646132600483457,False,0,0.3454633678375103,1.0,2.5,C_ref,2026-09-18 18:32:58,2026-09-19 00:48:16
pretrained_e20,0,1.0,1.0,47,0,2.6429697364155724,2.362111587342096,2.927204158057617,0.565092570715521,2.088980879921492,3.1142349328264225,False,0,0.2557326342539454,1.0,2.5,C_ref,2026-09-18 18:32:58,2026-09-19 00:48:16
