partner,seed,frac,toy,n_nonfinite,mu_hat,lo,hi,width,lo_2sig,hi_2sig,at_boundary,n_nan_t,t_true,covers_1sig,mu_true,sbi_best_epoch,sbi_total_steps
ft_e20,0,0.01,0,0,0.1948201660393548,0.06677546632014233,0.8170474138625884,0.7502719475424461,0.016392962325162193,1.175776028498552,False,0,0.23709215387498261,1.0,0.4,20,1820
ft_e20,0,0.01,1,0,0.1494735524283621,0.052481059143704795,0.4586020956245921,0.40612103648088727,0.010842029076453525,1.041887087347219,False,0,0.8200809095505974,1.0,0.4,20,1820
ft_e20,0,0.01,2,0,0.145217267428227,0.04955085766803654,0.4987121416328789,0.4491612839648424,0.009774102934753578,1.1097792893713556,False,0,0.7709851208237524,1.0,0.4,20,1820
ft_e20,0,0.01,3,0,0.1535017098195133,0.055380925555971225,0.455517449008514,0.40013652345254275,0.012512251702535532,1.019101243380915,False,0,0.8187124083451636,1.0,0.4,20,1820
ft_e20,0,0.01,4,0,0.2184721553281156,0.08158250800343245,0.6353302587128467,0.5537477507094142,0.02303599197510847,1.051520575038551,False,0,0.31643042377982056,1.0,0.4,20,1820
ft_e20,0,0.01,5,0,0.19652111614263246,0.06748565573238005,0.7630673273861988,0.6955816716538187,0.01655473073135958,1.1494912630702474,False,0,0.2726943990564905,1.0,0.4,20,1820
ft_e20,0,0.01,6,0,0.19661232436006362,0.06956461589615948,0.6446844710832674,0.575119855187108,0.017388943465542324,1.0849696677986969,False,0,0.3767720178475429,1.0,0.4,20,1820
ft_e20,0,0.01,7,0,0.12608264973623357,0.045585738082840804,0.31804579489958607,0.27246005681674523,0.009525681603970233,0.8448944071372244,False,0,1.4704323740152176,0.0,0.4,20,1820
ft_e20,0,0.01,8,0,0.1446237803757088,0.049170467577745194,0.6685024099386129,0.6193319423608676,0.009744319894981552,1.1786619583373132,False,0,0.665413593640551,1.0,0.4,20,1820
ft_e20,0,0.01,9,0,0.11216867058743361,0.03857324558041696,0.28838756549210703,0.24981431991169006,0.008319959969922736,0.8633532988188638,False,0,1.6426012827105296,0.0,0.4,20,1820
ft_e20,0,0.01,10,0,0.13687755729256454,0.04574919285723575,0.7706828412757595,0.7249336484185237,0.009154379179745417,1.2283522159839417,False,0,0.6752245853567729,1.0,0.4,20,1820
ft_e20,0,0.01,11,0,0.12170279471826656,0.042504085880344995,0.33550775024442464,0.29300366436407965,0.008970309676391527,0.9647997166908724,False,0,1.2643041197297862,0.0,0.4,20,1820
ft_e20,0,0.01,12,0,0.12448123301193147,0.04465906538504823,0.3151443642843186,0.27048529889927037,0.009329518456608135,0.8510533748278715,False,0,1.48700627375365,0.0,0.4,20,1820
ft_e20,0,0.01,13,0,0.1161840622315933,0.0383019785051756,0.34313267091573335,0.30483069241055777,0.008022118331892676,1.0809189534934527,False,0,1.1961471701033588,0.0,0.4,20,1820
ft_e20,0,0.01,14,0,0.16562538582716427,0.06132040579979602,0.48336559617359004,0.422045190373794,0.015383070235531753,1.012805904756703,False,0,0.7249902400290011,1.0,0.4,20,1820
ft_e20,0,0.01,15,0,0.1512038160227361,0.052387145735928946,0.5355775316312671,0.48319038589533814,0.010604673106490055,1.1234886242068054,False,0,0.7094866605330026,1.0,0.4,20,1820
ft_e20,0,0.01,16,0,0.16302520216262376,0.05579328638914776,0.8027238871716023,0.7469306007824545,0.011971597267912063,1.2193325685885554,False,0,0.45525704378815135,1.0,0.4,20,1820
ft_e20,0,0.01,17,0,0.17545813653683806,0.06458767995339511,0.5143448925938632,0.4497572126404681,0.016253701090453133,1.000065920741923,False,0,0.6226519350457238,1.0,0.4,20,1820
ft_e20,0,0.01,18,0,0.1896266503657755,0.0708111801949597,0.5334111568772985,0.46259997668233876,0.01850271693829657,1.0144259405565288,False,0,0.5482739538820169,1.0,0.4,20,1820
ft_e20,0,0.01,19,0,0.11070146620254254,0.03677624186523799,0.3278007493456501,0.29102450748041214,0.007826227259137212,1.1456634923469449,False,0,1.214059500642179,0.0,0.4,20,1820
ft_e20,0,0.01,20,0,0.20451214620340294,0.07319991245155957,0.6976894886435184,0.6244895761919589,0.018874443882305865,1.1079623404574201,False,0,0.3036541637775372,1.0,0.4,20,1820
ft_e20,0,0.01,21,0,0.11256846464511329,0.03867810279125725,0.29943631474489985,0.26075821195364257,0.008341388226553201,0.9852838178750196,False,0,1.4617019175166206,0.0,0.4,20,1820
ft_e20,0,0.01,22,0,0.17124048311616308,0.05978308293530454,0.6499751019131311,0.5901920189778266,0.013951070807535822,1.1151957912081572,False,0,0.49318604919244535,1.0,0.4,20,1820
ft_e20,0,0.01,23,0,0.18953609443204616,0.0665251590218598,0.7506170757873385,0.6840919167654786,0.0164987030118984,1.1510104796220118,False,0,0.3268257643612742,1.0,0.4,20,1820
ft_e20,0,0.01,24,0,0.1784037361907133,0.06362003736877556,0.6376482527541157,0.5740282153853402,0.015500187742909243,1.1073309084150984,False,0,0.4732983749381674,1.0,0.4,20,1820
ft_e20,0,0.01,25,0,0.24792523425700444,0.09242584336076193,0.652964807225608,0.5605389638648461,0.02712149846795983,1.0382090531436392,False,0,0.21168464742731885,1.0,0.4,20,1820
ft_e20,0,0.01,26,0,0.20796912984346497,0.07170285610291947,0.7688513018269892,0.6971484457240698,0.0181622245957255,1.1429644849455214,False,0,0.22339113555062795,1.0,0.4,20,1820
ft_e20,0,0.01,27,0,0.1569885546206677,0.059458619660648096,0.4037685474206659,0.34430992776001784,0.01513269204631825,0.8813296792947634,False,0,0.9821658354230749,1.0,0.4,20,1820
ft_e20,0,0.01,28,0,0.16190973054573848,0.05566661602672136,0.6624042070694851,0.6067375910427637,0.011961487440535249,1.1144273431283176,False,0,0.5054141526379681,1.0,0.4,20,1820
ft_e20,0,0.01,29,0,0.15909810952194292,0.057292831197315916,0.5263620290646538,0.46906919786733786,0.01331011228366108,1.055611943654484,False,0,0.6829917188733816,1.0,0.4,20,1820
ft_e20,0,0.01,30,0,0.19619959242269522,0.0685985753515838,0.7411262605227315,0.6725276851711477,0.017114307290023927,1.149585046517485,False,0,0.3113963138712279,1.0,0.4,20,1820
ft_e20,0,0.01,31,0,0.1504768963605245,0.055214341559314296,0.4068578894317343,0.35164354787241997,0.012724611530436854,0.9410098039796423,False,0,0.9710164042153338,1.0,0.4,20,1820
ft_e20,0,0.01,32,0,0.14133196512722798,0.05079691369868596,0.37522865145844286,0.3244317377597569,0.010602245520204053,0.925752139756497,False,0,1.113855166528083,0.0,0.4,20,1820
ft_e20,0,0.01,33,0,0.22045674049441577,0.07726002269198215,0.7484937814389295,0.6712337587469474,0.0199493151366001,1.1340068267560237,False,0,0.21604979221956455,1.0,0.4,20,1820
ft_e20,0,0.01,34,0,0.169693336798922,0.05999080520180692,0.665227223487166,0.6052364182853591,0.014206534605190745,1.1325579151672711,False,0,0.5165438698822982,1.0,0.4,20,1820
ft_e20,0,0.01,35,0,0.14918482451781134,0.052764507485993456,0.44408479613201407,0.39132028864602064,0.011090801780547041,1.0212473443933723,False,0,0.8538034686971514,1.0,0.4,20,1820
ft_e20,0,0.01,36,0,0.1435040697387555,0.05244482082962287,0.3659188740189783,0.31347405318935545,0.011451549296124967,0.8689769725499887,False,0,1.1792328053961683,0.0,0.4,20,1820
ft_e20,0,0.01,37,0,0.12448424000145168,0.043255483704373224,0.3409754353917771,0.2977199516874039,0.008987608640866505,0.9904011680299837,False,0,1.2529645182803506,0.0,0.4,20,1820
ft_e20,0,0.01,38,0,0.11470942063730248,0.03765193560176843,0.41987372093302816,0.3822217853312597,0.007933085719516658,1.2454097485403817,False,0,0.976974848563259,1.0,0.4,20,1820
ft_e20,0,0.01,39,0,0.17140854046802548,0.06476755845024579,0.44574424711813654,0.38097668866789075,0.016593149686994005,0.9231563287286916,False,0,0.7993417161851539,1.0,0.4,20,1820
ft_e20,0,0.01,40,0,0.1612729980594093,0.05241734162853587,0.9700633228079804,0.9176459811794445,0.010088061914516774,1.2859148163464793,False,0,0.28168023616308346,1.0,0.4,20,1820
ft_e20,0,0.01,41,0,0.17697574559490276,0.0603641829581103,0.8605898777789774,0.8002256948208671,0.014309042238213207,1.205090890340428,False,0,0.27292629616204067,1.0,0.4,20,1820
ft_e20,0,0.01,42,0,0.1677636946456422,0.0589354096005509,0.5615178559541278,0.502582446353577,0.013541683209834648,1.0714451405275494,False,0,0.5875713042332791,1.0,0.4,20,1820
ft_e20,0,0.01,43,0,0.24773994815505232,0.0848154858717753,0.7985148615860472,0.7136993757142719,0.023294654390156717,1.15227085992202,False,0,0.11265331564936787,1.0,0.4,20,1820
ft_e20,0,0.01,44,0,0.16999250704598293,0.05932356711346449,0.6761357669929986,0.6168121998795341,0.013864309033579625,1.1117281017241554,False,0,0.4621777630854922,1.0,0.4,20,1820
ft_e20,0,0.01,45,0,0.18714387103830019,0.06873886059261658,0.6039262312594263,0.5351873706668098,0.017986288334235222,1.0347487768909045,False,0,0.4499213554408925,1.0,0.4,20,1820
ft_e20,0,0.01,46,0,0.19825281715291265,0.07008570903054151,0.6989301763340408,0.6288444673034992,0.01781083251272205,1.1098015735580375,False,0,0.32835560884632287,1.0,0.4,20,1820
ft_e20,0,0.01,47,0,0.16673322047518568,0.061992283774899654,0.4581756262222474,0.39618334244734776,0.015525184028212593,0.9592767871446428,False,0,0.7742511194737745,1.0,0.4,20,1820
ft_e20,0,0.01,0,0,0.0,,0.0032340251398905806,,,0.015317419138862257,True,0,15.493954809448041,,2.5,20,1820
ft_e20,0,0.01,1,0,0.0,,0.002934350926870443,,,0.013228013477738654,True,0,20.431760361454508,,2.5,20,1820
ft_e20,0,0.01,2,0,0.0,,0.0026530116833904773,,,0.011169471739258047,True,0,16.92069441275089,,2.5,20,1820
ft_e20,0,0.01,3,0,0.0,,0.0028063844350483848,,,0.012295771804133503,True,0,19.412696950672398,,2.5,20,1820
ft_e20,0,0.01,4,0,0.0,,0.0036611538435022592,,,0.018080974674403123,True,0,20.202577694544743,,2.5,20,1820
ft_e20,0,0.01,5,0,0.0,,0.00323410005628221,,,0.015335930106577127,True,0,16.11606920777558,,2.5,20,1820
ft_e20,0,0.01,6,0,0.0,,0.0036161211569059122,,,0.017912082886411173,True,0,17.580110389917536,,2.5,20,1820
ft_e20,0,0.01,7,0,0.0,,0.002803666979723346,,,0.012256403822558945,True,0,23.892800039095164,,2.5,20,1820
ft_e20,0,0.01,8,0,0.0,,0.0027622303702075704,,,0.011972865517988188,True,0,16.095333211571415,,2.5,20,1820
ft_e20,0,0.01,9,0,0.0,,0.0026654674481792133,,,0.011246057003997778,True,0,23.836365982075222,,2.5,20,1820
ft_e20,0,0.01,10,0,0.0,,0.0023991149199892223,,,0.00959645967995689,True,0,13.216555273185804,,2.5,20,1820
ft_e20,0,0.01,11,0,0.0,,0.002791999529156824,,,0.012175125818035652,True,0,20.681320067604247,,2.5,20,1820
ft_e20,0,0.01,12,0,0.0,,0.0026337207962308117,,,0.011012144937105181,True,0,23.33893539372002,,2.5,20,1820
ft_e20,0,0.01,13,0,0.0,,0.002285206492657358,,,0.009140825970629433,True,0,16.117955592631915,,2.5,20,1820
ft_e20,0,0.01,14,0,0.0,,0.0032350081660105943,,,0.015280218606284708,True,0,19.618542670337774,,2.5,20,1820
ft_e20,0,0.01,15,0,0.0,,0.0026192947611030407,,,0.010912599401698878,True,0,15.733569225249084,,2.5,20,1820
ft_e20,0,0.01,16,0,0.0,,0.0024425612392769388,,,0.009770244957107755,True,0,12.072482000421587,,2.5,20,1820
ft_e20,0,0.01,17,0,0.0,,0.003696143336018598,,,0.018322250259041134,True,0,20.79210818631691,,2.5,20,1820
ft_e20,0,0.01,18,0,0.0,,0.0031853850773379587,,,0.0150039263987629,True,0,18.620803315523517,,2.5,20,1820
ft_e20,0,0.01,19,0,0.0,,0.0025004998154673176,,,0.010003831056606542,True,0,16.380529091886274,,2.5,20,1820
ft_e20,0,0.01,20,0,0.0,,0.0036124970568063015,,,0.017819608823799796,True,0,17.867529164544976,,2.5,20,1820
ft_e20,0,0.01,21,0,0.0,,0.002435892137212048,,,0.009743568548848192,True,0,20.79424526994262,,2.5,20,1820
ft_e20,0,0.01,22,0,0.0,,0.0030578947395497403,,,0.014115669258633707,True,0,16.56863027966392,,2.5,20,1820
ft_e20,0,0.01,23,0,0.0,,0.0033592918090916872,,,0.016151193314627364,True,0,16.226091236556385,,2.5,20,1820
ft_e20,0,0.01,24,0,0.0,,0.003335311968861032,,,0.016007010310544557,True,0,17.863772404209158,,2.5,20,1820
ft_e20,0,0.01,25,0,0.0,,0.004476740105619531,,,0.02347184858527997,True,0,18.83959216600124,,2.5,20,1820
ft_e20,0,0.01,26,0,0.0,,0.003339092303967944,,,0.01603210747735422,True,0,15.83128850104913,,2.5,20,1820
ft_e20,0,0.01,27,0,0.0,,0.0032949675792791145,,,0.01565710868376562,True,0,25.011999963680864,,2.5,20,1820
ft_e20,0,0.01,28,0,0.0,,0.0028729594628415247,,,0.012799344065824041,True,0,17.746656280560273,,2.5,20,1820
ft_e20,0,0.01,29,0,0.0,,0.0031580742349460334,,,0.014774655711284102,True,0,19.21265218244298,,2.5,20,1820
ft_e20,0,0.01,30,0,0.0,,0.003033268676213224,,,0.013933968387779992,True,0,14.138320374964678,,2.5,20,1820
ft_e20,0,0.01,31,0,0.0,,0.003045268078122374,,,0.013995068940642624,True,0,21.980340611549764,,2.5,20,1820
ft_e20,0,0.01,32,0,0.0,,0.0028411861959776233,,,0.01254967372443938,True,0,21.705332299778092,,2.5,20,1820
ft_e20,0,0.01,33,0,0.0,,0.0035821807710461552,,,0.01763144332039389,True,0,15.959932067860791,,2.5,20,1820
ft_e20,0,0.01,34,0,0.0,,0.003198182544091459,,,0.015073117255884616,True,0,15.932053754251683,,2.5,20,1820
ft_e20,0,0.01,35,0,0.0,,0.0030445553039875365,,,0.01400642160789255,True,0,19.363250792768667,,2.5,20,1820
ft_e20,0,0.01,36,0,0.0,,0.0028221248372829032,,,0.012412091508061268,True,0,23.05700216869809,,2.5,20,1820
ft_e20,0,0.01,37,0,0.0,,0.0025814915973459487,,,0.01062137876093619,True,0,20.300464878273488,,2.5,20,1820
ft_e20,0,0.01,38,0,0.0,,0.0022566197328402746,,,0.009026478931361099,True,0,13.604500140358141,,2.5,20,1820
ft_e20,0,0.01,39,0,0.0,,0.0034293484487312566,,,0.016614762830594546,True,0,23.155282881994935,,2.5,20,1820
ft_e20,0,0.01,40,0,0.0,,0.0026680269845156318,,,0.011280551003226807,True,0,12.278972239611903,,2.5,20,1820
ft_e20,0,0.01,41,0,0.0,,0.003123389052811975,,,0.01453713135866272,True,0,15.4629867807962,,2.5,20,1820
ft_e20,0,0.01,42,0,0.0,,0.002858917963774474,,,0.012699536301687221,True,0,17.910537389325327,,2.5,20,1820
ft_e20,0,0.01,43,0,0.0,,0.003714923056394315,,,0.01846671130742491,True,0,15.292759420633956,,2.5,20,1820
ft_e20,0,0.01,44,0,0.0,,0.0033149337234636977,,,0.015866991164680894,True,0,18.20810094409535,,2.5,20,1820
ft_e20,0,0.01,45,0,0.0,,0.0037794065525287644,,,0.018807868711585192,True,0,20.179359305126127,,2.5,20,1820
ft_e20,0,0.01,46,0,0.0,,0.0032568242553838384,,,0.015492344085955765,True,0,16.207212824861926,,2.5,20,1820
ft_e20,0,0.01,47,0,0.0,,0.003068122906730986,,,0.014166019894812695,True,0,20.55215836928619,,2.5,20,1820
ft_e20,1,0.01,0,0,0.8638112669319176,0.8189632039644247,1.0003194493646166,0.1813562454001919,0.7466061329997173,1.1974934851825896,False,0,19.247731080802623,0.0,0.4,20,1820
ft_e20,1,0.01,1,0,0.0251548935358044,0.012554044081413071,0.03882782772395546,0.02627378364254239,0.005045085921201912,0.0523179090894939,False,0,40.41814163594245,0.0,0.4,20,1820
ft_e20,1,0.01,2,0,0.01721810861696871,0.010157746408550534,0.022805383219456007,0.012647636810905473,0.004210660845233206,0.04168975515560678,False,0,34.693121426473226,0.0,0.4,20,1820
ft_e20,1,0.01,3,0,0.034029824858852586,0.015166635796965637,0.04250354409492021,0.02733690829795457,0.005003840974503178,0.050246074432673364,False,0,35.73783763425308,0.0,0.4,20,1820
ft_e20,1,0.01,4,0,0.8860331305256998,0.8457894137956203,1.0572346903553744,0.2114452765597541,0.6919273250131575,1.2660981452686282,False,0,19.724052889268933,0.0,0.4,20,1820
ft_e20,1,0.01,5,0,0.8998058219685922,0.8811519834158813,1.0131474618734024,0.13199547845752113,0.6887982557558547,1.2009192740900774,False,0,10.712602047562541,0.0,0.4,20,1820
ft_e20,1,0.01,6,0,0.02934476948308266,0.01995932807489702,0.03773932999490207,0.01778000192000505,0.008053711183323348,0.12878205180261498,False,0,9.641168796468264,0.0,0.4,20,1820
ft_e20,1,0.01,7,0,0.024370428825072413,0.011272523994972089,0.031151046555113165,0.019878522560141075,0.004398516521344765,0.03489219206855804,False,0,21.456956610451016,0.0,0.4,20,1820
ft_e20,1,0.01,8,0,0.03457737593667629,0.015831638910260525,0.04782628027411201,0.03199464136385148,0.005352184880741404,0.059136551470929694,False,0,47.120032647202606,0.0,0.4,20,1820
ft_e20,1,0.01,9,0,0.03570538050060366,0.019292998095916877,0.04368991312443447,0.02439691502851759,0.006882062543308962,0.05460752326671458,False,0,29.172158002420474,0.0,0.4,20,1820
ft_e20,1,0.01,10,0,0.9090889432868664,0.8635715363663942,1.0765982278858297,0.21302669151943554,0.7568883805659347,1.2833876805113968,False,0,26.851378319923242,0.0,0.4,20,1820
ft_e20,1,0.01,11,0,0.02618654362081762,0.01597043718246778,0.03299180683605708,0.017021369653589302,0.0059681912462200976,0.04350015344098059,False,0,26.021923952794168,0.0,0.4,20,1820
ft_e20,1,0.01,12,0,0.02090056226905559,0.010588316940171462,0.03076392765943298,0.02017561071926152,0.003913634722491115,0.03951728010006074,False,0,25.38518953030143,0.0,0.4,20,1820
ft_e20,1,0.01,13,0,0.009747558515132128,0.0078054495879113905,0.01198360258287772,0.004178152994966329,0.0012217983516455613,0.01793441033151088,False,0,28.956763378828327,0.0,0.4,20,1820
ft_e20,1,0.01,14,0,0.01944668375182044,0.012354430494138601,0.026122004974284047,0.013767574480145445,0.005093147651401115,0.037730984290622493,False,0,31.995269844686845,0.0,0.4,20,1820
ft_e20,1,0.01,15,0,0.026739705191560263,0.016024466417564456,0.03451893922931776,0.0184944728117533,0.005877287257910514,0.04382897702238032,False,0,17.336669679454644,0.0,0.4,20,1820
ft_e20,1,0.01,16,0,0.9267059117034429,0.8435023034397597,1.10966309737007,0.26616079393031034,0.7683209554114321,1.3178130791692069,False,0,35.208278969323146,0.0,0.4,20,1820
ft_e20,1,0.01,17,0,0.027125491234336614,0.01813774298168855,0.033741104419845236,0.015603361438156684,0.006840398621527835,0.04507591346117061,False,0,20.02260623852635,0.0,0.4,20,1820
ft_e20,1,0.01,18,0,0.9249612463065443,0.853502596430744,1.0910387545767521,0.23753615814600815,0.8346986393377749,1.2937060975425614,False,0,41.05253075978908,0.0,0.4,20,1820
ft_e20,1,0.01,19,0,0.045743279315430097,0.024266919254805334,0.058023814598599746,0.03375689534379441,0.004691218301186792,0.07046292886671862,False,0,25.178025215729576,0.0,0.4,20,1820
ft_e20,1,0.01,20,0,0.9286819989959949,0.8971335981326386,1.063096390066404,0.1659627919337655,0.8661501204377597,1.2489743753963511,False,0,32.202077034417016,0.0,0.4,20,1820
ft_e20,1,0.01,21,0,0.019128735442665978,0.008626232163932058,0.03037470061689476,0.021748468452962702,0.0009277923007142124,0.03368834322716118,False,0,59.22362565862568,0.0,0.4,20,1820
ft_e20,1,0.01,22,0,0.8928781072218638,0.8729242567661766,1.020143050756102,0.14721879398992543,0.7798540731936273,1.2085651928919994,False,0,16.071572226061107,0.0,0.4,20,1820
ft_e20,1,0.01,23,0,0.046095548860193805,0.027495203350880203,0.05580290091742392,0.028307697566543714,0.008761994113955224,0.08409375861938508,False,0,24.691939028474735,0.0,0.4,20,1820
ft_e20,1,0.01,24,0,0.9058412942282894,0.8676658127041504,1.022651725780959,0.15498591307680865,0.785757399943371,1.2089238971106355,False,0,19.88619837191436,0.0,0.4,20,1820
ft_e20,1,0.01,25,0,0.8489089877382756,0.8328071259435113,0.9578061979515385,0.12499907200802729,0.7524784620002921,1.1334127624574006,False,0,14.235202001786092,0.0,0.4,20,1820
ft_e20,1,0.01,26,0,0.9117852695634374,0.8576182835318399,1.0512613469361873,0.19364306340434745,0.8472302203997416,1.2378254908107273,False,0,25.867341594199388,0.0,0.4,20,1820
ft_e20,1,0.01,27,0,0.04858267299462959,0.028311320321767443,0.06244306495712858,0.03413174463536113,0.005373513772365079,0.12151920660600884,False,0,16.228104712783534,0.0,0.4,20,1820
ft_e20,1,0.01,28,0,0.02705694111653726,0.016815929333200547,0.03474046814844881,0.017924538815248265,0.006327703178626071,0.04807008536274207,False,0,31.35398380994593,0.0,0.4,20,1820
ft_e20,1,0.01,29,0,0.019241876749854794,0.012998076014166634,0.025158156098692083,0.01216008008452545,0.005480458885011364,0.07364858746412571,False,0,18.86881901607194,0.0,0.4,20,1820
ft_e20,1,0.01,30,0,0.8513553321168288,0.8331249613565107,0.9737947203893391,0.1406697590328284,0.6249782632836082,1.1662542160395826,False,0,18.861389461340877,0.0,0.4,20,1820
ft_e20,1,0.01,31,0,0.028631023919276334,0.011622853201934165,0.03963297504721174,0.028010121845277576,0.00462312684950423,0.04578799054222853,False,0,26.83680809860016,0.0,0.4,20,1820
ft_e20,1,0.01,32,0,0.016442268066942448,0.009086286617200658,0.023058564459491615,0.013972277842290957,0.0029809856270917286,0.03805911852439652,False,0,29.43415386138804,0.0,0.4,20,1820
ft_e20,1,0.01,33,0,0.052610221981383994,0.03367065646102117,0.07295223059616664,0.039281574135145464,0.011654100003133279,0.14682552212574085,False,0,9.847656791662303,0.0,0.4,20,1820
ft_e20,1,0.01,34,0,0.9046828780282801,0.8394456835093914,1.0543046910145355,0.21485900750514408,0.8321875443403356,1.2436102299416576,False,0,37.693253752964665,0.0,0.4,20,1820
ft_e20,1,0.01,35,0,0.025449246264595667,0.014041327602296046,0.0328931056302713,0.018851778027975254,0.005671589080987072,0.05157578135394348,False,0,26.42974584471085,0.0,0.4,20,1820
ft_e20,1,0.01,36,0,0.02015409686763094,0.011102978678427319,0.02946286140522692,0.0183598827267996,0.004216859574240827,0.042791805836644915,False,0,36.85200000677651,0.0,0.4,20,1820
ft_e20,1,0.01,37,0,0.016221868607655145,0.009093902567368747,0.02233736547919979,0.013243462911831042,0.0023734534587410384,0.029349461916799154,False,0,47.75621341934675,0.0,0.4,20,1820
ft_e20,1,0.01,38,0,0.020049113764277735,0.011561476086289548,0.028605947544396864,0.017044471458107315,0.004520976663336512,0.05310580033100874,False,0,25.349570091217174,0.0,0.4,20,1820
ft_e20,1,0.01,39,0,0.02574103967650537,0.013984481290475042,0.03257493065177616,0.018590449361301123,0.005030927493047014,0.04011230420319067,False,0,52.25598190267556,0.0,0.4,20,1820
ft_e20,1,0.01,40,0,0.8610141821722774,0.8330190388059968,1.0094494542793349,0.17643041547333804,0.7756022464992082,1.2059579722605616,False,0,24.374837836909137,0.0,0.4,20,1820
ft_e20,1,0.01,41,0,0.8426462418780555,0.8218481462254508,0.9499871824853514,0.12813903625990064,0.6549436125484034,1.1369008483431986,False,0,10.88648494651352,0.0,0.4,20,1820
ft_e20,1,0.01,42,0,0.022404572476970558,0.012603494355781073,0.03271754300104999,0.020114048645268917,0.005128201157241347,0.04908918570680427,False,0,33.80636465619682,0.0,0.4,20,1820
ft_e20,1,0.01,43,0,0.9033999497283366,0.8838859517028635,1.0197131488447795,0.13582719714191593,0.7764991066456686,1.2047984372984557,False,0,20.76758246952886,0.0,0.4,20,1820
ft_e20,1,0.01,44,0,0.8749992598593589,0.8572805108648676,0.9821576298923114,0.1248771190274438,0.7341474670576182,1.1571847141459595,False,0,14.436835741631512,0.0,0.4,20,1820
ft_e20,1,0.01,45,0,0.9044971086900779,0.890384749536382,0.9933241217004644,0.10293937216408233,0.7657802150792801,1.1655380568342,False,0,13.169641184387729,0.0,0.4,20,1820
ft_e20,1,0.01,46,0,0.9065426143538433,0.8958011812520216,1.011232229578316,0.11543104832629447,0.6514803968757815,1.1889444339810389,False,0,16.532161413611902,0.0,0.4,20,1820
ft_e20,1,0.01,47,0,0.04897457830610673,0.013111003489991547,0.06231258222528256,0.04920157873529102,0.005245165335463884,0.08109332253282313,False,0,25.951894790232473,0.0,0.4,20,1820
ft_e20,1,0.01,0,0,0.0,,0.002839709693197527,,,0.01056363157829107,True,0,21.533745224347513,,2.5,20,1820
ft_e20,1,0.01,1,0,0.0,,0.0023788341480053435,,,0.009515336592021374,True,0,26.649289042226883,,2.5,20,1820
ft_e20,1,0.01,2,0,0.0,,0.002177171043824263,,,0.008708684175297052,True,0,22.299048257875256,,2.5,20,1820
ft_e20,1,0.01,3,0,0.0,,0.001878128186834672,,,0.007512512747338688,True,0,17.556790329119394,,2.5,20,1820
ft_e20,1,0.01,4,0,0.0,,0.0023218347534369557,,,0.009287339013747823,True,0,17.498115275950113,,2.5,20,1820
ft_e20,1,0.01,5,0,0.0,,0.002754129854379496,,,0.010673248105022364,True,0,21.91220343655732,,2.5,20,1820
ft_e20,1,0.01,6,0,0.0,,0.003956657394508668,,,0.017991895133008008,True,0,25.989870937151863,,2.5,20,1820
ft_e20,1,0.01,7,0,0.0,,0.002105943401543177,,,0.008423773606172708,True,0,27.635700437953346,,2.5,20,1820
ft_e20,1,0.01,8,0,0.0,,0.002048287010132214,,,0.008193148040528855,True,0,19.131155850969662,,2.5,20,1820
ft_e20,1,0.01,9,0,0.0,,0.002549272634394709,,,0.010300768892541745,True,0,31.850881734972063,,2.5,20,1820
ft_e20,1,0.01,10,0,0.0,,0.001849365308514937,,,0.007397461234059748,True,0,16.318181860904588,,2.5,20,1820
ft_e20,1,0.01,11,0,0.0,,0.0025752784518849325,,,0.010442388696395563,True,0,28.222262740811857,,2.5,20,1820
ft_e20,1,0.01,12,0,0.0,,0.001985175732470658,,,0.007940702929882632,True,0,24.342188284550502,,2.5,20,1820
ft_e20,1,0.01,13,0,0.0,,0.0016206980478749148,,,0.006482792191499659,True,0,20.66727464014184,,2.5,20,1820
ft_e20,1,0.01,14,0,0.0,,0.0023230788825472906,,,0.009292315530189162,True,0,22.692819053558196,,2.5,20,1820
ft_e20,1,0.01,15,0,0.0,,0.0021675976541306614,,,0.008670390616522645,True,0,20.624078315704537,,2.5,20,1820
ft_e20,1,0.01,16,0,0.0,,0.001621032721662614,,,0.006484130886650456,True,0,12.01511298681362,,2.5,20,1820
ft_e20,1,0.01,17,0,0.0,,0.0029014585838592374,,,0.012344046634032525,True,0,24.730016156445345,,2.5,20,1820
ft_e20,1,0.01,18,0,0.0,,0.0017705280054602932,,,0.007082112021841173,True,0,15.805200849867106,,2.5,20,1820
ft_e20,1,0.01,19,0,0.0,,0.0025563998255986238,,,0.010134918320409527,True,0,26.041663366260764,,2.5,20,1820
ft_e20,1,0.01,20,0,0.0,,0.0021458537656474084,,,0.008583415062589634,True,0,20.254437818639417,,2.5,20,1820
ft_e20,1,0.01,21,0,0.0,,0.00140638563778511,,,0.00562554255114044,True,0,16.447095272629667,,2.5,20,1820
ft_e20,1,0.01,22,0,0.0,,0.002487976402923571,,,0.009951905611694284,True,0,22.329246491688536,,2.5,20,1820
ft_e20,1,0.01,23,0,0.0,,0.003356203438226458,,,0.014860251766408246,True,0,24.85161098033859,,2.5,20,1820
ft_e20,1,0.01,24,0,0.0,,0.0027365606742976553,,,0.010700279524069187,True,0,23.26178130331391,,2.5,20,1820
ft_e20,1,0.01,25,0,0.0,,0.004746524870856803,,,0.02015616118213942,True,0,28.274644339468068,,2.5,20,1820
ft_e20,1,0.01,26,0,0.0,,0.001843502801156548,,,0.007374011204626192,True,0,19.494757549349742,,2.5,20,1820
ft_e20,1,0.01,27,0,0.0,,0.002532334537562758,,,0.010073038342035129,True,0,29.105120877917216,,2.5,20,1820
ft_e20,1,0.01,28,0,0.0,,0.00237461797409587,,,0.00949847189638348,True,0,22.744129564016475,,2.5,20,1820
ft_e20,1,0.01,29,0,0.0,,0.0027578502754443497,,,0.011412834053776045,True,0,25.843068006430258,,2.5,20,1820
ft_e20,1,0.01,30,0,0.0,,0.0029578272612071055,,,0.012727883019638097,True,0,22.66748229550285,,2.5,20,1820
ft_e20,1,0.01,31,0,0.0,,0.002473067922864641,,,0.009892271691458563,True,0,26.19246502051101,,2.5,20,1820
ft_e20,1,0.01,32,0,0.0,,0.0019468529351712933,,,0.007787411740685173,True,0,22.947112235513487,,2.5,20,1820
ft_e20,1,0.01,33,0,0.0,,0.004295002746046689,,,0.02003052038216146,True,0,25.988213159453153,,2.5,20,1820
ft_e20,1,0.01,34,0,0.0,,0.002188780541877917,,,0.008755122167511668,True,0,21.340637648510892,,2.5,20,1820
ft_e20,1,0.01,35,0,0.0,,0.0027219181436064174,,,0.011232299246811867,True,0,28.12735937517573,,2.5,20,1820
ft_e20,1,0.01,36,0,0.0,,0.001923644219831842,,,0.007694576879327368,True,0,24.545494935307943,,2.5,20,1820
ft_e20,1,0.01,37,0,0.0,,0.001562047916587614,,,0.006248191666350456,True,0,19.7564744943993,,2.5,20,1820
ft_e20,1,0.01,38,0,0.0,,0.002053827968669701,,,0.008215311874678805,True,0,20.340694144546433,,2.5,20,1820
ft_e20,1,0.01,39,0,0.0,,0.0021320701804410673,,,0.008528280721764269,True,0,23.242351421464264,,2.5,20,1820
ft_e20,1,0.01,40,0,0.0,,0.002532901971681591,,,0.010196275719732422,True,0,20.765434257926245,,2.5,20,1820
ft_e20,1,0.01,41,0,0.0,,0.0038256548567744022,,,0.01696189475265212,True,0,26.101700566003274,,2.5,20,1820
ft_e20,1,0.01,42,0,0.0,,0.0022779023492509307,,,0.009111609397003723,True,0,22.500556027207494,,2.5,20,1820
ft_e20,1,0.01,43,0,0.0,,0.0031519706306928313,,,0.0114185130410742,True,0,22.1781967951174,,2.5,20,1820
ft_e20,1,0.01,44,0,0.0,,0.003214217134536438,,,0.011160356319578088,True,0,27.589545588092733,,2.5,20,1820
ft_e20,1,0.01,45,0,0.0,,0.00361250480483935,,,0.012981356770047763,True,0,27.23137994926583,,2.5,20,1820
ft_e20,1,0.01,46,0,0.0,,0.0030131591424874082,,,0.010786262245440536,True,0,23.557228836099966,,2.5,20,1820
ft_e20,1,0.01,47,0,0.0,,0.0022821315700860276,,,0.00912852628034411,True,0,22.425659576310863,,2.5,20,1820
ft_e20,2,0.01,0,0,0.18523031325657363,0.07825607449727749,0.5243699965250374,0.44611392202775985,0.023860143235548803,1.019027867395478,False,0,0.679718978008168,1.0,0.4,20,1820
ft_e20,2,0.01,1,0,0.1365958946314898,0.05277164399289893,0.3087947444992713,0.2560231005063724,0.012268825208073129,1.0059791136408898,False,0,2.3799923239166674,0.0,0.4,20,1820
ft_e20,2,0.01,2,0,0.15868683491841143,0.06220406950709434,0.387272629746796,0.32506856023970165,0.016015988272015613,0.9598152413616745,False,0,1.06034676145282,0.0,0.4,20,1820
ft_e20,2,0.01,3,0,0.1351739511175398,0.05147710069362132,0.3310228715488474,0.2795457708552261,0.01164519717499897,1.0377901530790072,False,0,1.2697269256495929,0.0,0.4,20,1820
ft_e20,2,0.01,4,0,0.16149225841064463,0.06640811173885072,0.31344450341237895,0.24703639167352823,0.018318836379933087,1.13984058277456,False,0,1.7639225623133825,0.0,0.4,20,1820
ft_e20,2,0.01,5,0,0.18146690339435997,0.0735930629107479,0.5472638624861361,0.4736707995753882,0.02070644009449807,1.047783266920246,False,0,0.6794281251422944,1.0,0.4,20,1820
ft_e20,2,0.01,6,0,0.16288028882288252,0.06610209035476022,0.4123703096215367,0.3462682192667765,0.017862316788535924,1.059949724196449,False,0,0.987538307759678,1.0,0.4,20,1820
ft_e20,2,0.01,7,0,0.14307678259101778,0.05946430374574576,0.2267143211318798,0.16725001738613404,0.01612050861763251,0.7177193764458079,False,0,2.517391350953403,0.0,0.4,20,1820
ft_e20,2,0.01,8,0,0.12408242519853355,0.047971983934851053,0.2432905270791356,0.19531854314428454,0.010325641829497486,1.1490262688722193,False,0,2.191527549759485,0.0,0.4,20,1820
ft_e20,2,0.01,9,0,0.11535260267963851,0.0435894399062489,0.2554223720863558,0.2118329321801069,0.009343378390002807,0.7804018780226527,False,0,2.15628887042476,0.0,0.4,20,1820
ft_e20,2,0.01,10,0,0.13632532563453817,0.05049381363826883,0.36807935048101054,0.3175855368427417,0.010845417709484289,1.1578803021497568,False,0,1.0994001455692342,0.0,0.4,20,1820
ft_e20,2,0.01,11,0,0.1398007616779962,0.05358152801769046,0.32778156560050314,0.2742000375828127,0.012278608893040534,0.8590505605433268,False,0,1.42110809982114,0.0,0.4,20,1820
ft_e20,2,0.01,12,0,0.11804429473363655,0.04352356426496406,0.2678918503151672,0.22436828605020315,0.0091646089624318,0.8385562191200343,False,0,2.0106022159088752,0.0,0.4,20,1820
ft_e20,2,0.01,13,0,0.13073022436674767,0.04895959051891655,0.30713270812748994,0.25817311760857337,0.01008319611225855,0.9422006025672083,False,0,1.5432770300067205,0.0,0.4,20,1820
ft_e20,2,0.01,14,0,0.16317311625114722,0.06744087441977739,0.37905320108730717,0.3116123266675298,0.019066590683753507,0.9109581693924378,False,0,1.110285294955247,0.0,0.4,20,1820
ft_e20,2,0.01,15,0,0.144050135888427,0.056519779735211696,0.35460815064548445,0.29808837091027274,0.01413143372399842,1.0341071637723196,False,0,1.1946610791965213,0.0,0.4,20,1820
ft_e20,2,0.01,16,0,0.13474244856346304,0.05115333419637924,0.3787319604530588,0.32757862625667955,0.011749338327401455,1.211198794780852,False,0,1.0401744530827273,0.0,0.4,20,1820
ft_e20,2,0.01,17,0,0.18531103951727018,0.07867582473038501,0.4153089203120079,0.3366330955816229,0.024089366246055677,0.8531090902756907,False,0,0.9169918875413714,1.0,0.4,20,1820
ft_e20,2,0.01,18,0,0.16332481703064458,0.06253035134508668,0.4555807610043642,0.3930504096592775,0.015807133055890533,1.086479464714627,False,0,0.9613239257159876,1.0,0.4,20,1820
ft_e20,2,0.01,19,0,0.1481006872535295,0.05868189579229045,0.34394145161037515,0.2852595558180847,0.01522436693665142,0.8779913896631636,False,0,1.328357128513744,0.0,0.4,20,1820
ft_e20,2,0.01,20,0,0.17803456457506153,0.07118679639240744,0.5701419564759612,0.4989551600835538,0.01944247769284253,1.098516666612479,False,0,0.6502106285552145,1.0,0.4,20,1820
ft_e20,2,0.01,21,0,0.11175445587815644,0.04109964149305476,0.2560150470690897,0.21491540557603492,0.00894092300648503,0.9351765987410902,False,0,2.0213706409704173,0.0,0.4,20,1820
ft_e20,2,0.01,22,0,0.16204416365346486,0.06282696560301217,0.466639020361219,0.40381205475820686,0.016049736676968886,1.0742156260946507,False,0,0.8288350015282049,1.0,0.4,20,1820
ft_e20,2,0.01,23,0,0.17922892911271912,0.07596297323586063,0.5073137306659775,0.43135075743011686,0.022933583204387376,1.0035086901221197,False,0,0.7332968155315029,1.0,0.4,20,1820
ft_e20,2,0.01,24,0,0.17644880301232824,0.07468898452849612,0.41633717580754975,0.34164819127905366,0.022388382470724978,0.9411928426778101,False,0,0.9284785198542522,1.0,0.4,20,1820
ft_e20,2,0.01,25,0,0.2068208288810863,0.08810636156276958,0.5594764371226981,0.47137007555992855,0.02824604832029976,0.9966022427042288,False,0,0.5260670558345737,1.0,0.4,20,1820
ft_e20,2,0.01,26,0,0.17943130010615616,0.0741218774804686,0.5933182639807288,0.5191963865002602,0.021725674114934923,1.0528013769175337,False,0,0.5959365028029424,1.0,0.4,20,1820
ft_e20,2,0.01,27,0,0.1468886223655388,0.05888891415158628,0.32275132308969195,0.2638624089381057,0.015464932375061613,0.8585113640401697,False,0,1.8734804348205216,0.0,0.4,20,1820
ft_e20,2,0.01,28,0,0.1735129460373752,0.06802971875488581,0.4516927768970314,0.38366305814214563,0.017982075802419714,0.9897471790484279,False,0,0.8036940624660929,1.0,0.4,20,1820
ft_e20,2,0.01,29,0,0.15419147545802628,0.06131510591842454,0.3840585486370758,0.32274344271865124,0.01610655848402627,0.9924981040889673,False,0,1.0598552930750884,0.0,0.4,20,1820
ft_e20,2,0.01,30,0,0.18001112123791818,0.07360218073115983,0.5658438178713631,0.49224163714020325,0.02074116010278882,1.05877610486416,False,0,0.6708959423594933,1.0,0.4,20,1820
ft_e20,2,0.01,31,0,0.1302729779159148,0.04985240251413838,0.3029469152712229,0.25309451275708456,0.011014948748875764,0.9721815549092473,False,0,1.4527857610300998,0.0,0.4,20,1820
ft_e20,2,0.01,32,0,0.12325269259621535,0.04721325106209106,0.28029975740720625,0.23308650634511519,0.009944567822488882,0.922611562003132,False,0,1.7729988337814575,0.0,0.4,20,1820
ft_e20,2,0.01,33,0,0.18449701910694402,0.07371908675366433,0.6474725280656178,0.5737534413119535,0.020746288278449293,1.108304806710421,False,0,0.5380581763201917,1.0,0.4,20,1820
ft_e20,2,0.01,34,0,0.17447518512314159,0.07181494438617401,0.45346846219978976,0.38165351781361573,0.020205294509405565,0.9863969154269856,False,0,0.8108734962006565,1.0,0.4,20,1820
ft_e20,2,0.01,35,0,0.1207038043082538,0.045737963533124926,0.2809426835390169,0.235204720005892,0.009667530086395518,1.0597686967197846,False,0,1.5378733388461114,0.0,0.4,20,1820
ft_e20,2,0.01,36,0,0.12013821733942354,0.04602189998370053,0.2429252483824133,0.19690334839871276,0.009768870565877247,0.8872071942781232,False,0,2.972940028015728,0.0,0.4,20,1820
ft_e20,2,0.01,37,0,0.12316184564414044,0.04576531607419826,0.2915914669173318,0.24582615084313353,0.009545935095413087,0.9490565531233839,False,0,1.6351957344340917,0.0,0.4,20,1820
ft_e20,2,0.01,38,0,0.13928353889022382,0.05393820512229856,0.3360671693094645,0.28212896418716593,0.012844267825382685,1.0392083687170424,False,0,1.2991482670731784,0.0,0.4,20,1820
ft_e20,2,0.01,39,0,0.1402937158397549,0.05872566036974939,0.3013480971987788,0.24262243682902943,0.016308266561472443,0.8991623559454546,False,0,1.5694835359499848,0.0,0.4,20,1820
ft_e20,2,0.01,40,0,0.18169939208335983,0.07338744416670935,0.5417806052245187,0.4683931610578093,0.020195809781151097,1.0660545896226894,False,0,0.6767670334738796,1.0,0.4,20,1820
ft_e20,2,0.01,41,0,0.21076053276452658,0.08613635579088587,0.5324945128344559,0.44635815704357007,0.02609505269968774,0.9921468816024809,False,0,0.5063910926801327,1.0,0.4,20,1820
ft_e20,2,0.01,42,0,0.16619313033213923,0.06558420483520747,0.4186684088603216,0.3530842040251141,0.017235267884051567,0.9877993834833628,False,0,0.9249366184012615,1.0,0.4,20,1820
ft_e20,2,0.01,43,0,0.216871202579525,0.09250508689388937,0.5951290409787396,0.5026239540848503,0.029851369819875278,1.021583867955293,False,0,0.44139218918280676,1.0,0.4,20,1820
ft_e20,2,0.01,44,0,0.1890198246645608,0.07709087728626503,0.4658205159608462,0.3887296386745812,0.022356500973169574,0.9404310082301797,False,0,0.7172382750759425,1.0,0.4,20,1820
ft_e20,2,0.01,45,0,0.18045040467654497,0.07538934243883735,0.4522275310532775,0.3768381886144402,0.022220644099212417,0.9535787298650595,False,0,0.8091803780916962,1.0,0.4,20,1820
ft_e20,2,0.01,46,0,0.16356166848237833,0.06740640042397439,0.5589915452133875,0.49158514478941306,0.018573871768348994,1.0810222986010578,False,0,0.8559064891996968,1.0,0.4,20,1820
ft_e20,2,0.01,47,0,0.12376784322585632,0.04799395308855781,0.2809961908711789,0.23300223778262108,0.010366514650964402,1.0607953191602704,False,0,1.573526360294636,0.0,0.4,20,1820
ft_e20,2,0.01,0,0,0.0,,0.004906180006839107,,,0.02570252739793339,True,0,18.608443888875627,,2.5,20,1820
ft_e20,2,0.01,1,0,0.0,,0.0034868213191964754,,,0.016895967568553705,True,0,18.557754336517974,,2.5,20,1820
ft_e20,2,0.01,2,0,0.0,,0.003544540435052758,,,0.017350392314923066,True,0,19.00262698129154,,2.5,20,1820
ft_e20,2,0.01,3,0,0.0,,0.0030776229129875774,,,0.014180522105759433,True,0,17.507283171980816,,2.5,20,1820
ft_e20,2,0.01,4,0,0.0,,0.0038304376169204673,,,0.01899221545758615,True,0,15.580847741763137,,2.5,20,1820
ft_e20,2,0.01,5,0,0.0,,0.004411929815396529,,,0.022836525391274707,True,0,18.540629374318087,,2.5,20,1820
ft_e20,2,0.01,6,0,0.0,,0.004257014596215575,,,0.021824906220387037,True,0,17.460923457594618,,2.5,20,1820
ft_e20,2,0.01,7,0,0.0,,0.004176469374375468,,,0.021262847861871454,True,0,27.941580853737833,,2.5,20,1820
ft_e20,2,0.01,8,0,0.0,,0.003205133317618055,,,0.014981304835753037,True,0,15.919470385706518,,2.5,20,1820
ft_e20,2,0.01,9,0,0.0,,0.0032346166043692535,,,0.015229058955498705,True,0,24.18048929001452,,2.5,20,1820
ft_e20,2,0.01,10,0,0.0,,0.002847250111952896,,,0.012562414964120985,True,0,14.223736236534023,,2.5,20,1820
ft_e20,2,0.01,11,0,0.0,,0.0036058143133855035,,,0.017743063622668233,True,0,21.7076609532196,,2.5,20,1820
ft_e20,2,0.01,12,0,0.0,,0.002841115431746864,,,0.012529736699136037,True,0,20.39391846637227,,2.5,20,1820
ft_e20,2,0.01,13,0,0.0,,0.002935432843264298,,,0.013206707014151005,True,0,18.880755955506174,,2.5,20,1820
ft_e20,2,0.01,14,0,0.0,,0.004120159880984526,,,0.02068963491737087,True,0,21.3958739955051,,2.5,20,1820
ft_e20,2,0.01,15,0,0.0,,0.0032243082654134295,,,0.015153154236378072,True,0,17.330210407395498,,2.5,20,1820
ft_e20,2,0.01,16,0,0.0,,0.0027769693590383795,,,0.012039417161714815,True,0,13.26506729821267,,2.5,20,1820
ft_e20,2,0.01,17,0,0.0,,0.00599895456960828,,,0.03160481266665609,True,0,25.089771418734017,,2.5,20,1820
ft_e20,2,0.01,18,0,0.0,,0.003267075463007015,,,0.015516855388740095,True,0,15.536577802020474,,2.5,20,1820
ft_e20,2,0.01,19,0,0.0,,0.0037545654989933484,,,0.01854606800028485,True,0,22.422374829991895,,2.5,20,1820
ft_e20,2,0.01,20,0,0.0,,0.0043430850136771445,,,0.02246067680994292,True,0,16.506711764370266,,2.5,20,1820
ft_e20,2,0.01,21,0,0.0,,0.002754079843505244,,,0.01187260788916068,True,0,19.007998253026017,,2.5,20,1820
ft_e20,2,0.01,22,0,0.0,,0.0037528036287990656,,,0.01867039947968957,True,0,16.75299469310994,,2.5,20,1820
ft_e20,2,0.01,23,0,0.0,,0.005229432367793905,,,0.027432802049300924,True,0,20.793455247141537,,2.5,20,1820
ft_e20,2,0.01,24,0,0.0,,0.004936049531673448,,,0.025784875714933764,True,0,21.27157869005896,,2.5,20,1820
ft_e20,2,0.01,25,0,0.0,,0.006675895138366664,,,0.034796674902673734,True,0,20.410148058152117,,2.5,20,1820
ft_e20,2,0.01,26,0,0.0,,0.004696901989337734,,,0.024357460867605523,True,0,18.848675991324853,,2.5,20,1820
ft_e20,2,0.01,27,0,0.0,,0.003947339013379799,,,0.019707304877931847,True,0,22.91738648843966,,2.5,20,1820
ft_e20,2,0.01,28,0,0.0,,0.003650228552778345,,,0.018062953719569567,True,0,17.701045805330068,,2.5,20,1820
ft_e20,2,0.01,29,0,0.0,,0.003948618528114294,,,0.019752314530524548,True,0,19.607304093984567,,2.5,20,1820
ft_e20,2,0.01,30,0,0.0,,0.004153815951662393,,,0.021153635714217234,True,0,17.435968391178903,,2.5,20,1820
ft_e20,2,0.01,31,0,0.0,,0.0033708007814506947,,,0.016151655154239365,True,0,20.014990586263593,,2.5,20,1820
ft_e20,2,0.01,32,0,0.0,,0.0031187146016981144,,,0.014422689941341542,True,0,19.62170779402004,,2.5,20,1820
ft_e20,2,0.01,33,0,0.0,,0.004602497996725416,,,0.023919068447923783,True,0,17.462653244743706,,2.5,20,1820
ft_e20,2,0.01,34,0,0.0,,0.004811858598855336,,,0.025223435667286836,True,0,19.528307176595263,,2.5,20,1820
ft_e20,2,0.01,35,0,0.0,,0.0032999237431473754,,,0.0156188512305812,True,0,17.995735786473233,,2.5,20,1820
ft_e20,2,0.01,36,0,0.0,,0.0028826717019442105,,,0.012786830100627195,True,0,20.371259628653206,,2.5,20,1820
ft_e20,2,0.01,37,0,0.0,,0.0028780320465754856,,,0.012782896901716183,True,0,19.534270264808583,,2.5,20,1820
ft_e20,2,0.01,38,0,0.0,,0.002962466966353379,,,0.013371702368928446,True,0,16.8718763399811,,2.5,20,1820
ft_e20,2,0.01,39,0,0.0,,0.004201665667071074,,,0.02117179010450693,True,0,23.564618512438756,,2.5,20,1820
ft_e20,2,0.01,40,0,0.0,,0.004080854160817949,,,0.020762962258070027,True,0,16.616682968768146,,2.5,20,1820
ft_e20,2,0.01,41,0,0.0,,0.005056490046099897,,,0.0269374149466291,True,0,19.37567046852928,,2.5,20,1820
ft_e20,2,0.01,42,0,0.0,,0.003606621100127274,,,0.01776088220216439,True,0,18.804553656838834,,2.5,20,1820
ft_e20,2,0.01,43,0,0.0,,0.006005361219029597,,,0.03164152271792535,True,0,19.458809939380444,,2.5,20,1820
ft_e20,2,0.01,44,0,0.0,,0.005128869938363532,,,0.027195964761078547,True,0,21.398422668105923,,2.5,20,1820
ft_e20,2,0.01,45,0,0.0,,0.005269539397770306,,,0.02776697773435845,True,0,21.48527933747755,,2.5,20,1820
ft_e20,2,0.01,46,0,0.0,,0.0041111765124324665,,,0.020895055452730196,True,0,17.286866424543405,,2.5,20,1820
ft_e20,2,0.01,47,0,0.0,,0.003110918757514207,,,0.014379614003809483,True,0,17.321271932793024,,2.5,20,1820
ft_e20,0,0.03,0,0,0.4145464663720885,0.14828075252389386,0.927325604212431,0.7790448516885372,0.046607391298385,1.3320411706568256,False,0,0.0009970158607757185,1.0,0.4,20,5420
ft_e20,0,0.03,1,0,0.3108878656135089,0.11613394780185723,0.8178672534567162,0.7017333056548589,0.034351820438138884,1.2845568163559407,False,0,0.06097929169845884,1.0,0.4,20,5420
ft_e20,0,0.03,2,0,0.3209819782645713,0.11177708208697744,0.945085873857159,0.8333087917701816,0.03127666030600207,1.3843814156503529,False,0,0.033640285157162,1.0,0.4,20,5420
ft_e20,0,0.03,3,0,0.3197130955692497,0.11104009912766669,0.9489285323048127,0.837888433177146,0.031017775682831913,1.3874890058703435,False,0,0.03433062284238986,1.0,0.4,20,5420
ft_e20,0,0.03,4,0,0.3040272017745586,0.1161004174889651,0.8134380317050127,0.6973376142160477,0.03523858218046867,1.2948658666657653,False,0,0.07479250490723643,1.0,0.4,20,5420
ft_e20,0,0.03,5,0,0.3677004444688151,0.13113862569236667,0.9040249926661332,0.7728863669737666,0.03944637734912624,1.3250302043996314,False,0,0.005840454537974438,1.0,0.4,20,5420
ft_e20,0,0.03,6,0,0.3701331674978745,0.1383134065854147,0.8647285199204735,0.7264151133350588,0.0434533079879494,1.2904274378168756,False,0,0.0059820037058671005,1.0,0.4,20,5420
ft_e20,0,0.03,7,0,0.48804389267978654,0.16685494435604104,0.9848362102974354,0.8179812659413943,0.05284424239026124,1.3714582451131412,False,0,0.032852982523763785,1.0,0.4,20,5420
ft_e20,0,0.03,8,0,0.2779618401673889,0.10570819560432734,0.7477389975352544,0.6420308019309271,0.03015712785092356,1.259496213022111,False,0,0.13772280098783085,1.0,0.4,20,5420
ft_e20,0,0.03,9,0,0.41041866264654175,0.1448328291822725,0.9528721044573093,0.8080392752750368,0.04529680528618116,1.3618768071538176,False,0,0.0005104764313728083,1.0,0.4,20,5420
ft_e20,0,0.03,10,0,0.34059592899995306,0.10783865749295195,1.0727297708425214,0.9648911133495695,0.028723501134929122,1.4676553287146044,False,0,0.010720520549512003,1.0,0.4,20,5420
ft_e20,0,0.03,11,0,0.4036504274811779,0.1331353837657043,0.9642441050134717,0.8311087212477674,0.03860769890799117,1.3683240406247514,False,0,0.0,1.0,0.4,20,5420
ft_e20,0,0.03,12,0,0.23419868849262512,0.08599856572757839,0.6889034665844127,0.6029049008568343,0.021846083099442547,1.273432610753886,False,0,0.2782854434044566,1.0,0.4,20,5420
ft_e20,0,0.03,13,0,0.38260789028196845,0.11151979134196303,1.0914587263521618,0.9799389350101988,0.029166919836409604,1.4784732779118979,False,0,0.0005913278400839772,1.0,0.4,20,5420
ft_e20,0,0.03,14,0,0.2883225671535932,0.11272110542257312,0.7369697091520376,0.6242486037294646,0.0344195751753753,1.228613016572439,False,0,0.11996803194051608,1.0,0.4,20,5420
ft_e20,0,0.03,15,0,0.2659211557809391,0.09468420181011895,0.8900590471798819,0.795374845369763,0.02503585032857174,1.3810800665903347,False,0,0.12794636375838309,1.0,0.4,20,5420
ft_e20,0,0.03,16,0,0.3194581538127959,0.09745603263092736,1.16296260858741,1.0655065759564828,0.024541346865659824,1.5326526503439073,False,0,0.014275794801505981,1.0,0.4,20,5420
ft_e20,0,0.03,17,0,0.5201901097514151,0.1997110819702241,0.9593008401751474,0.7595897582049232,0.06805293022114559,1.3352184728698286,False,0,0.08330168501925073,1.0,0.4,20,5420
ft_e20,0,0.03,18,0,0.3235897300089444,0.11363296419459032,0.9407890520596488,0.8271560878650585,0.032402685502980526,1.3787638460644163,False,0,0.031706732010206906,1.0,0.4,20,5420
ft_e20,0,0.03,19,0,0.30822021058732535,0.11209445400160609,0.8627847339990538,0.7506902799974476,0.03230336406967696,1.322440485985049,False,0,0.057358535763341933,1.0,0.4,20,5420
ft_e20,0,0.03,20,0,0.3843836918629674,0.13687009472909223,0.925277641067612,0.7884075463385198,0.041666975741343454,1.3468123319069236,False,0,0.0012082954126526602,1.0,0.4,20,5420
ft_e20,0,0.03,21,0,0.2984173454539474,0.10454100112730956,0.9576531703280713,0.8531121692007617,0.028523623141427656,1.4091881683547827,False,0,0.05944740384074976,1.0,0.4,20,5420
ft_e20,0,0.03,22,0,0.40459529721295906,0.1400616010343707,0.9439827827054993,0.8039211816711286,0.0426705257336957,1.3517442820753256,False,0,0.0,1.0,0.4,20,5420
ft_e20,0,0.03,23,0,0.37405704405595724,0.13905742050389278,0.8742507566219645,0.7351933361180717,0.043835294111897634,1.295867636951964,False,0,0.004226114029734163,1.0,0.4,20,5420
ft_e20,0,0.03,24,0,0.30814795942738066,0.11852904923159548,0.7808141907071814,0.6622851414755859,0.036222323006884966,1.2532658875961433,False,0,0.0725212223478593,1.0,0.4,20,5420
ft_e20,0,0.03,25,0,0.4246670383920876,0.17155252049139036,0.8536936844219223,0.6821411639305319,0.059507089871217986,1.2483597870980578,False,0,0.0045199550258985255,1.0,0.4,20,5420
ft_e20,0,0.03,26,0,0.4167355075527063,0.14579905311732144,0.9358709046042484,0.7900718514869269,0.04517087742381483,1.3364659645059302,False,0,0.0012988625749130733,1.0,0.4,20,5420
ft_e20,0,0.03,27,0,0.39079726104858076,0.14619655854074246,0.8910500079731575,0.744853449432415,0.04714277947137184,1.307233850803901,False,0,0.0005385591284721158,1.0,0.4,20,5420
ft_e20,0,0.03,28,0,0.39815064230770186,0.13256085695248873,0.9787487963364883,0.8461879393839995,0.03897661892184723,1.3848687658520566,False,0,0.0,1.0,0.4,20,5420
ft_e20,0,0.03,29,0,0.3519439968642303,0.12690510802567678,0.8874742443015412,0.7605691362758644,0.037969832152939594,1.31781066925565,False,0,0.013902551800129004,1.0,0.4,20,5420
ft_e20,0,0.03,30,0,0.31986031945411725,0.12176945312824111,0.7974667964916983,0.6756973433634572,0.03731647364024276,1.2468069637213244,False,0,0.05153478651845944,1.0,0.4,20,5420
ft_e20,0,0.03,31,0,0.3206408920321646,0.11319280960519512,0.9192295355359915,0.8060367259307963,0.03222745755574574,1.3591600657235205,False,0,0.03600374547022511,1.0,0.4,20,5420
ft_e20,0,0.03,32,0,0.30103929294725856,0.11482319320055685,0.7823284305871815,0.6675052373866246,0.034466446865609644,1.2567471533726353,False,0,0.0830708815374237,1.0,0.4,20,5420
ft_e20,0,0.03,33,0,0.48364288258729,0.17204204102791132,0.9637915498570804,0.7917495088291691,0.05568756172609981,1.3496335027979696,False,0,0.03372006990684895,1.0,0.4,20,5420
ft_e20,0,0.03,34,0,0.3463988635044339,0.1281691332954248,0.8616360339661314,0.7334669006707066,0.038892299950890934,1.300585273400112,False,0,0.019203867959731724,1.0,0.4,20,5420
ft_e20,0,0.03,35,0,0.3881869394841102,0.13812336558390093,0.9219353403863837,0.7838119748024828,0.042500423236392075,1.3364716563988195,False,0,0.0007330238877329975,1.0,0.4,20,5420
ft_e20,0,0.03,36,0,0.27082941427160045,0.10077953432337347,0.7661868130307514,0.6654072787073779,0.028102227297964306,1.279713168135018,False,0,0.14675864307719166,1.0,0.4,20,5420
ft_e20,0,0.03,37,0,0.3142015004740703,0.11184189781117244,0.9019141224414546,0.7900722246302821,0.03176382234140561,1.351183101195199,False,0,0.0444753986557771,1.0,0.4,20,5420
ft_e20,0,0.03,38,0,0.26438424133073707,0.09634945755718656,0.8266950693534815,0.7303456117962949,0.026101380075021424,1.3384904290968611,False,0,0.146822921178682,1.0,0.4,20,5420
ft_e20,0,0.03,39,0,0.31434961973017617,0.12494838325199066,0.7490063479258697,0.6240579646738791,0.039444278463808456,1.2119688823833117,False,0,0.06940650423712214,1.0,0.4,20,5420
ft_e20,0,0.03,40,0,0.32660116107379467,0.11839861524480588,0.8731156582084109,0.754717042963605,0.034647449206604466,1.3242263737107542,False,0,0.03497955400598585,1.0,0.4,20,5420
ft_e20,0,0.03,41,0,0.4811860191968174,0.1726800825284353,0.9533603116154297,0.7806802290869943,0.0557837709515511,1.3390321714198237,False,0,0.03325424052309245,1.0,0.4,20,5420
ft_e20,0,0.03,42,0,0.3555649851378349,0.12000795086071517,0.9679592658189827,0.8479513149582676,0.03436380950887924,1.385933957645195,False,0,0.008681644008902367,1.0,0.4,20,5420
ft_e20,0,0.03,43,0,0.4464082918111793,0.1649179375021733,0.9233173623664591,0.7583994248642858,0.05389367082959168,1.318421172870452,False,0,0.012058959167916328,1.0,0.4,20,5420
ft_e20,0,0.03,44,0,0.526849241397382,0.18087148635613887,0.9912044524425789,0.81033296608644,0.057010844751543346,1.3666213501554287,False,0,0.07053023955450044,1.0,0.4,20,5420
ft_e20,0,0.03,45,0,0.3856845843843301,0.15184020175460738,0.8292892730438045,0.6774490712891972,0.0501110206074562,1.240444510016497,False,0,0.0014520079348585568,1.0,0.4,20,5420
ft_e20,0,0.03,46,0,0.4243051948152534,0.14457755711173678,0.9580985532822303,0.8135209961704934,0.04406578506481531,1.3588637567155393,False,0,0.0025129854220722336,1.0,0.4,20,5420
ft_e20,0,0.03,47,0,0.409477560241782,0.12940326641229688,1.0327345559720003,0.9033312895597034,0.03779090654850791,1.426576266534595,False,0,0.0002515905835025478,1.0,0.4,20,5420
ft_e20,0,0.03,0,0,2.377379669277007,2.0748096524949933,2.6838837350880094,0.6090740825930161,1.7726624864632707,2.996386598983642,False,0,0.16154186586936703,1.0,2.5,20,5420
ft_e20,0,0.03,1,0,2.400626093535651,2.0968192598369293,2.7080180640873044,0.6111988042503751,1.7929436529424765,3.02113333024875,False,0,0.10557840685578412,1.0,2.5,20,5420
ft_e20,0,0.03,2,0,2.49784251419538,2.196007613193922,2.804193262621206,0.6081856494272837,1.8958132243631662,3.1168386994573067,False,0,0.0,1.0,2.5,20,5420
ft_e20,0,0.03,3,0,2.5078807873214037,2.205853997204545,2.8144522551056776,0.6085982579011326,1.9055196021603082,3.1273394891415744,False,0,0.0006233266758499667,1.0,2.5,20,5420
ft_e20,0,0.03,4,0,2.4330139423979817,2.130786655827388,2.7390417213297185,0.6082550655023304,1.8289663530881586,3.0508810088777065,False,0,0.04840731673539267,1.0,2.5,20,5420
ft_e20,0,0.03,5,0,2.3932770898666136,2.091884902126435,2.698512182819805,0.6066272806933699,1.790904742361896,3.009611222048779,False,0,0.12342219283527811,1.0,2.5,20,5420
ft_e20,0,0.03,6,0,2.354791636762466,2.051275949760983,2.6616322569246424,0.6103563071636593,1.7472819058063116,2.973988458370876,False,0,0.22551285575536895,1.0,2.5,20,5420
ft_e20,0,0.03,7,0,2.4195478070267757,2.1179683899915456,2.725118966850715,0.6071505768591696,1.8171380726586446,3.036684789691952,False,0,0.07014035792963114,1.0,2.5,20,5420
ft_e20,0,0.03,8,0,2.428591642080585,2.123414807348052,2.7373899269171726,0.6139751195691208,1.818250667923391,3.0519302493640983,False,0,0.05407063711027149,1.0,2.5,20,5420
ft_e20,0,0.03,9,0,2.43489314960897,2.1333444524713787,2.7406210580031045,0.6072766055317258,1.8327666795331432,3.0523397078207655,False,0,0.04569847670427407,1.0,2.5,20,5420
ft_e20,0,0.03,10,0,2.5506967057611094,2.251349871465696,2.855193227163709,0.6038433556980132,1.9547363556865558,3.166441021548124,False,0,0.028320106659521116,1.0,2.5,20,5420
ft_e20,0,0.03,11,0,2.415471680874199,2.112394798980287,2.7226209021946315,0.6102261032143446,1.8101638012402903,3.035750211493918,False,0,0.07642828869575169,1.0,2.5,20,5420
ft_e20,0,0.03,12,0,2.526684519925277,2.2214828367475565,2.8361359803487365,0.61465314360118,1.917575980621629,3.1516976425360843,False,0,0.007448417614796199,1.0,2.5,20,5420
ft_e20,0,0.03,13,0,2.5579581887186547,2.257034875068342,2.8639424070279245,0.6069075319595822,1.958685425256403,3.176572298652989,False,0,0.03661470843871939,1.0,2.5,20,5420
ft_e20,0,0.03,14,0,2.3807975384776747,2.0797363839727856,2.6853089951949487,0.6055726112221631,1.7784811652456167,2.9955178144432466,False,0,0.1546329908851476,1.0,2.5,20,5420
ft_e20,0,0.03,15,0,2.5404762607714204,2.2394715368369758,2.846250787107522,0.6067792502705465,1.9406108961200392,3.158526715231557,False,0,0.01786888934657327,1.0,2.5,20,5420
ft_e20,0,0.03,16,0,2.6193777397447398,2.3211968618626058,2.9232042968139926,0.6020074349513869,2.0266111380080805,3.2340679845685525,False,0,0.1586857157999475,1.0,2.5,20,5420
ft_e20,0,0.03,17,0,2.322912177602225,2.0198288923865233,2.6292747995783574,0.6094459071918341,1.716184440554259,2.9411600541789835,False,0,0.3361912805339671,1.0,2.5,20,5420
ft_e20,0,0.03,18,0,2.496574795568669,2.1958635375609954,2.8018751445761687,0.6060116070151733,1.8968964916265563,3.1134604866169493,False,0,0.0,1.0,2.5,20,5420
ft_e20,0,0.03,19,0,2.439729879403446,2.1384515314168553,2.7451333300449283,0.606681798628073,1.8381320508596892,3.0566372979243455,False,0,0.039459467621782096,1.0,2.5,20,5420
ft_e20,0,0.03,20,0,2.4035401351343544,2.0983649949729584,2.7123081338668262,0.6139431388938679,1.7932113233258433,3.026783407606355,False,0,0.09848787598093622,1.0,2.5,20,5420
ft_e20,0,0.03,21,0,2.5399606822160106,2.238682439557963,2.846001011638065,0.6073185720801018,1.9395011114538732,3.1585326269732983,False,0,0.01738667836980312,1.0,2.5,20,5420
ft_e20,0,0.03,22,0,2.4080382992236005,2.1050718727115636,2.7148632995652733,0.6097914268537097,1.8025616201986783,3.027589408566819,False,0,0.09078338445033296,1.0,2.5,20,5420
ft_e20,0,0.03,23,0,2.3626109083004607,2.0601809765184687,2.6685120575258914,0.6083310810074227,1.7575773881905343,2.9800745786413314,False,0,0.203354918576224,1.0,2.5,20,5420
ft_e20,0,0.03,24,0,2.37571324761322,2.0728972741546854,2.6817765330911616,0.6088792589364762,1.769472660160193,2.993279469096973,False,0,0.16615193747566082,1.0,2.5,20,5420
ft_e20,0,0.03,25,0,2.262312745464715,1.9593020624980428,2.5677853437285476,0.6084832812305048,1.6542111408443516,2.878329224170599,False,0,0.6071569044943317,1.0,2.5,20,5420
ft_e20,0,0.03,26,0,2.379718680701149,2.079455060312317,2.6839864838253136,0.6045314235129964,1.7799088951887219,2.9943067645842607,False,0,0.15783377276238753,1.0,2.5,20,5420
ft_e20,0,0.03,27,0,2.3742374637905614,2.0713053879615506,2.680760822982499,0.6094554350209482,1.7683287716561236,2.992952439079244,False,0,0.16971632882996346,1.0,2.5,20,5420
ft_e20,0,0.03,28,0,2.463598642471328,2.1620024673138163,2.7695377774172063,0.60753531010339,1.8617205927076759,3.0815883872492216,False,0,0.014230825050617568,1.0,2.5,20,5420
ft_e20,0,0.03,29,0,2.3880293050580175,2.0854616730992848,2.6944350730292816,0.6089733999299969,1.7832307430345433,3.0067594931382735,False,0,0.13484700041590258,1.0,2.5,20,5420
ft_e20,0,0.03,30,0,2.371886222985134,2.072672400982711,2.674934372182716,0.6022619712000052,1.773804854502836,2.9839159129425012,False,0,0.18034716233523795,1.0,2.5,20,5420
ft_e20,0,0.03,31,0,2.4489284622498455,2.148116368510306,2.7540636164769596,0.6059472479666534,1.848591048180214,3.0654113553939095,False,0,0.02839789838253637,1.0,2.5,20,5420
ft_e20,0,0.03,32,0,2.408190745213187,2.106655312577281,2.713697431913988,0.607042119336707,1.8056691382283792,3.0252162215267573,False,0,0.0913007956223737,1.0,2.5,20,5420
ft_e20,0,0.03,33,0,2.3599673022251,2.058178486884172,2.665434578958165,0.6072560920739929,1.7564897070766319,2.976746298059068,False,0,0.21192902602342656,1.0,2.5,20,5420
ft_e20,0,0.03,34,0,2.3769234141014786,2.0733438743511043,2.684109853072126,0.6107659787210218,1.7696912681969437,2.997056726457482,False,0,0.1619093610170239,1.0,2.5,20,5420
ft_e20,0,0.03,35,0,2.3820157628130483,2.079402792537576,2.6882834249814103,0.6088806324438343,1.7769075459143937,3.0003410368123076,False,0,0.14979030928225257,1.0,2.5,20,5420
ft_e20,0,0.03,36,0,2.4744340789392605,2.171391184535786,2.7816236497443527,0.6102324652085667,1.8693844196147895,3.094812008079549,False,0,0.006819819958764128,1.0,2.5,20,5420
ft_e20,0,0.03,37,0,2.486952118726281,2.1848774270567217,2.793507698644264,0.6086302715875425,1.8843777779348443,3.106313488607826,False,0,0.0017411022126907483,1.0,2.5,20,5420
ft_e20,0,0.03,38,0,2.522988553365843,2.221765176106344,2.8288374697101557,0.6070722936038115,1.9224181617291682,3.140985542465778,False,0,0.005657446057739435,1.0,2.5,20,5420
ft_e20,0,0.03,39,0,2.3495022291113603,2.045565920748094,2.6565160070458704,0.6109500862977764,1.740587395066333,2.9689849861233415,False,0,0.2420142034861783,1.0,2.5,20,5420
ft_e20,0,0.03,40,0,2.445413214700591,2.1416628588487767,2.7531546433204896,0.6114917844717129,1.8386796774978238,3.066834528115697,False,0,0.03165668904330232,1.0,2.5,20,5420
ft_e20,0,0.03,41,0,2.3697550699682393,2.0673172117978433,2.675915146939607,0.6085979351417636,1.765081458074554,2.9879217936098614,False,0,0.18260100760744535,1.0,2.5,20,5420
ft_e20,0,0.03,42,0,2.494147118270099,2.1932895005184134,2.799648707153392,0.6063592066349788,1.894252493950364,3.11142364880903,False,0,0.00018613063002703711,1.0,2.5,20,5420
ft_e20,0,0.03,43,0,2.356561336560947,2.053415603612451,2.6632512364219254,0.6098356328094745,1.7500956318951109,2.9756430906482576,False,0,0.220416221247433,1.0,2.5,20,5420
ft_e20,0,0.03,44,0,2.361252695903089,2.0588956409781205,2.667426732673099,0.6085310916949784,1.7569002763188428,2.979521458906498,False,0,0.20714711649270612,1.0,2.5,20,5420
ft_e20,0,0.03,45,0,2.2834734069889637,1.9797491916629695,2.590000103510633,0.6102509118476633,1.6744999003706207,2.901740318168053,False,0,0.5010281811337336,1.0,2.5,20,5420
ft_e20,0,0.03,46,0,2.421057288321518,2.1193772681470344,2.7268665428410683,0.6074892746940339,1.8186883354572685,3.038779807512182,False,0,0.06744722502844525,1.0,2.5,20,5420
ft_e20,0,0.03,47,0,2.4972807598762543,2.197291782122817,2.802156658094381,0.6048648759715638,1.8994742931402864,3.113572045715547,False,0,0.0,1.0,2.5,20,5420
ft_e20,1,0.03,0,0,0.5858595277886537,0.11408783737303231,0.9991769987980239,0.8850891614249916,0.03618028134355812,1.3185902891144168,False,0,0.03319464947344386,1.0,0.4,20,5420
ft_e20,1,0.03,1,0,0.1807753974080434,0.07477567672710106,0.9971474420807875,0.9223717653536865,0.02209630004661501,1.33444388601597,False,0,0.5347099475111463,1.0,0.4,20,5420
ft_e20,1,0.03,2,0,0.19616443031461908,0.07609518303202069,1.0924645226831282,1.0163693396511075,0.021186782336594462,1.4076672797367549,False,0,0.32163096336080343,1.0,0.4,20,5420
ft_e20,1,0.03,3,0,0.832970057675348,0.426113737860669,1.1504807541466662,0.7243670162859972,0.019865643216379025,1.44602890582087,False,0,2.531352180583781,0.0,0.4,20,5420
ft_e20,1,0.03,4,0,0.22767552478103856,0.09391325560677025,0.7660439421747951,0.6721306865680249,0.030063710909258162,1.2172380739204254,False,0,0.30739047537281294,1.0,0.4,20,5420
ft_e20,1,0.03,5,0,0.7078637676981282,0.4066686186871796,1.053619594202573,0.6469509755153935,0.026791668318468725,1.35727666052151,False,0,1.0021383591702033,0.0,0.4,20,5420
ft_e20,1,0.03,6,0,0.2593919283168439,0.10257171691494366,0.9172613149611896,0.8146895980462459,0.03358193305175572,1.2684274534858868,False,0,0.11745315825464786,1.0,0.4,20,5420
ft_e20,1,0.03,7,0,0.6557047360211138,0.12694276065414178,1.0204758247621193,0.8935330641079775,0.040813562498300496,1.3294793077969613,False,0,0.14424487715950818,1.0,0.4,20,5420
ft_e20,1,0.03,8,0,0.8331561962476913,0.5825529173976063,1.1351505446036423,0.552597627206036,0.564898367280095,1.426139726440833,False,0,6.289262381527806,0.0,0.4,20,5420
ft_e20,1,0.03,9,0,0.6646011030396907,0.10158221299354822,1.0336386964714512,0.932056483477903,0.032953019922991676,1.3425288584862658,False,0,0.08931056075016386,1.0,0.4,20,5420
ft_e20,1,0.03,10,0,0.18805669511868994,0.07809335856796916,0.41281488033530794,0.33472152176733877,0.022702217772382134,1.3795366170395125,False,0,0.990481765154982,1.0,0.4,20,5420
ft_e20,1,0.03,11,0,0.24215664339099177,0.09222029569505455,1.0365357963069297,0.9443155006118752,0.028050914810842507,1.3474542424702374,False,0,0.10763935537761427,1.0,0.4,20,5420
ft_e20,1,0.03,12,0,0.17025330469379582,0.06704047098747715,0.5154902091787685,0.4484497381912914,0.01791962988890249,1.2459539066009604,False,0,0.7463034543434333,1.0,0.4,20,5420
ft_e20,1,0.03,13,0,0.832584315460965,0.6052263179226066,1.137963379682993,0.5327370617603865,0.5932026808180698,1.4335074818437394,False,0,6.439588709574309,0.0,0.4,20,5420
ft_e20,1,0.03,14,0,0.2089741449698349,0.08639725743001578,0.7370174662825679,0.6506202088525521,0.02730882954725561,1.2112889284786237,False,0,0.41740517710422864,1.0,0.4,20,5420
ft_e20,1,0.03,15,0,0.8457960671492197,0.5906511068001338,1.1529983379739321,0.5623472311737984,0.5833773175593437,1.4468758027165038,False,0,5.539202818923513,0.0,0.4,20,5420
ft_e20,1,0.03,16,0,0.19719584936884127,0.07497112275063049,1.09414595492872,1.0191748321780896,0.02016179079247742,1.418895630066037,False,0,0.2997678042993357,1.0,0.4,20,5420
ft_e20,1,0.03,17,0,0.6118687597915369,0.15694742035724774,0.962067042376019,0.8051196220187713,0.05459713513665545,1.2724876321989813,False,0,0.2399811702380248,1.0,0.4,20,5420
ft_e20,1,0.03,18,0,0.7611053128893472,0.07399616956515682,1.0986407605584103,1.0246445909932536,0.021004285658804273,1.40017463103437,False,0,0.3743986020235752,1.0,0.4,20,5420
ft_e20,1,0.03,19,0,0.1951911791242629,0.08652890016522809,0.2457480761383373,0.1592191759731092,0.02738077354617855,1.243543028590238,False,0,1.815619807523035,0.0,0.4,20,5420
ft_e20,1,0.03,20,0,0.19753795772444638,0.08954045946816785,0.38301234323819616,0.2934718837700283,0.028902081501691216,1.326188159393431,False,0,1.0110715773553238,0.0,0.4,20,5420
ft_e20,1,0.03,21,0,0.8546096087159777,0.0691498165436206,1.172023181287038,1.1028733647434175,0.017963875384033212,1.4662619953296987,False,0,0.6116678574071557,1.0,0.4,20,5420
ft_e20,1,0.03,22,0,0.2524415332371265,0.10100887616996092,0.9894694116815123,0.8884605355115514,0.03253130758943593,1.316372887316648,False,0,0.16519296498881886,1.0,0.4,20,5420
ft_e20,1,0.03,23,0,0.1876723881410731,0.09881034822804474,0.9393799412470609,0.8405695930190162,0.033104040368013406,1.2781581429719462,False,0,0.09010154225325095,1.0,0.4,20,5420
ft_e20,1,0.03,24,0,0.2153246685743064,0.0877069095574609,0.8407876712762912,0.7530807617188303,0.027476465995169976,1.2594984192606924,False,0,0.33212999341412797,1.0,0.4,20,5420
ft_e20,1,0.03,25,0,0.3441423955549145,0.1362641632622502,0.8405973615268487,0.7043331982645985,0.04963745166855694,1.1881184554148398,False,0,0.01731471953826258,1.0,0.4,20,5420
ft_e20,1,0.03,26,0,0.28732397055455133,0.11086267019042897,0.9148103365107375,0.8039476663203086,0.03721688561694928,1.2580267990282419,False,0,0.04084745344516705,1.0,0.4,20,5420
ft_e20,1,0.03,27,0,0.27242703437267785,0.10590616078297567,0.9663259306019987,0.860419769819023,0.0354653272982162,1.2917178662485702,False,0,0.05452975743901334,1.0,0.4,20,5420
ft_e20,1,0.03,28,0,0.7257866334203046,0.478628078328005,1.0653007501250773,0.5866726717970723,0.028437435171473,1.3686858340975083,False,0,2.916409306730202,0.0,0.4,20,5420
ft_e20,1,0.03,29,0,0.2630475607030137,0.10637367691209791,0.783897345287502,0.6775236683754041,0.03520598340368966,1.1930077681725089,False,0,0.15694927069125697,1.0,0.4,20,5420
ft_e20,1,0.03,30,0,0.1836006931365833,0.08660773554035292,0.2164491818371608,0.12984144629680788,0.028439105798779982,1.2173563654600035,False,0,1.773932666550536,0.0,0.4,20,5420
ft_e20,1,0.03,31,0,0.20101198703309442,0.08028476529636863,0.9901709439178128,0.9098861786214442,0.024057966631274602,1.3283871145951618,False,0,0.30726956060607336,1.0,0.4,20,5420
ft_e20,1,0.03,32,0,0.19342350818560694,0.07619576229604816,1.0217270513476133,0.9455312890515651,0.021696632719312492,1.3571906333456287,False,0,0.35938413573239814,1.0,0.4,20,5420
ft_e20,1,0.03,33,0,0.6990934623484121,0.14787682221918289,1.0462775070419899,0.898400684822807,0.04376499877303116,1.349607078918182,False,0,0.27668245667155134,1.0,0.4,20,5420
ft_e20,1,0.03,34,0,0.22628761332923447,0.08693450306167173,1.0372153976265355,0.9502808945648638,0.026192915036825602,1.35166850414297,False,0,0.15601135702308966,1.0,0.4,20,5420
ft_e20,1,0.03,35,0,0.6383217245343961,0.38920764136699476,0.995068440940979,0.6058607995739842,0.380281319856287,1.303750173262794,False,0,0.5247625282936497,1.0,0.4,20,5420
ft_e20,1,0.03,36,0,0.19059643335193818,0.07650104087595677,0.7770862244424473,0.7005851835664906,0.022090555297524437,1.2541767501353542,False,0,0.510959058363369,1.0,0.4,20,5420
ft_e20,1,0.03,37,0,0.7305593660146948,0.38815793338871224,1.0741487793450732,0.6859908459563611,0.02016555797773574,1.3787279228587226,False,0,0.5471205792346154,1.0,0.4,20,5420
ft_e20,1,0.03,38,0,0.8308300553020487,0.583418729344474,1.159024449845635,0.575605720501161,0.014211295011204196,1.4581186180737955,False,0,1.3359705376387865,0.0,0.4,20,5420
ft_e20,1,0.03,39,0,0.7920573096444627,0.48943591183021906,1.0861083752978977,0.5966724634676787,0.021411997092558158,1.3738013541081313,False,0,1.6593389544977981,0.0,0.4,20,5420
ft_e20,1,0.03,40,0,0.22445069343306492,0.08732500447105257,0.9566769390709962,0.8693519345999436,0.02619403856961943,1.3201594113850066,False,0,0.2236674688247149,1.0,0.4,20,5420
ft_e20,1,0.03,41,0,0.5415965667785873,0.13354361553489966,0.9714142019402257,0.837870586405326,0.044569715833642956,1.2917756324298877,False,0,0.02521873375735595,1.0,0.4,20,5420
ft_e20,1,0.03,42,0,0.2350018692483673,0.09114251848540664,0.9643426629224041,0.8732001444369974,0.02783247165401737,1.315229890110891,False,0,0.16837282065898762,1.0,0.4,20,5420
ft_e20,1,0.03,43,0,0.37436941626137504,0.12650589606933554,0.9502520630096516,0.8237461669403161,0.043003948779016546,1.2784485785510198,False,0,0.0011634480579232331,1.0,0.4,20,5420
ft_e20,1,0.03,44,0,0.49122288746897014,0.14372811724733556,0.9324423316584458,0.7887142144111102,0.04845701003506479,1.2586854167685706,False,0,0.01950952401239192,1.0,0.4,20,5420
ft_e20,1,0.03,45,0,0.31680439997720206,0.11791212464304712,0.8819626904087626,0.7640505657657155,0.03963511182167089,1.2292083198711106,False,0,0.02929599312847131,1.0,0.4,20,5420
ft_e20,1,0.03,46,0,0.6600160547080898,0.5370448041245652,0.9967614109965178,0.4597166068719526,0.0331708343574726,1.3100012257612035,False,0,2.4228803761034214,0.0,0.4,20,5420
ft_e20,1,0.03,47,0,0.7058706669084857,0.09621469481933946,1.0611408077233713,0.9649261129040319,0.0289279210806491,1.3674560246087129,False,0,0.1863536629061855,1.0,0.4,20,5420
ft_e20,1,0.03,0,0,2.1461435961789546,1.8688005778651549,2.4283400450724506,0.5595394672072957,1.5944490261590214,2.7147177300411154,False,0,1.5651502065520617,0.0,2.5,20,5420
ft_e20,1,0.03,1,0,2.201002171073303,1.925729365200488,2.4827263100400767,0.5569969448395886,1.6552580420937797,2.7716604661167272,False,0,1.1244153186125914,0.0,2.5,20,5420
ft_e20,1,0.03,2,0,2.3101471285086532,2.034836004308507,2.5607112310770472,0.52587522676854,1.763189115844925,2.8211266878958012,False,0,0.48247867086320184,1.0,2.5,20,5420
ft_e20,1,0.03,3,0,2.3177521085628405,2.044898678192126,2.5517859175701587,0.5068872393780328,1.7754770668795397,2.7575577785272216,False,0,0.4618659606348956,1.0,2.5,20,5420
ft_e20,1,0.03,4,0,2.163011401947736,1.885585361690623,2.4455063940715105,0.5599210323808874,1.6111180993693868,2.7311526522806298,False,0,1.4175504760896729,0.0,2.5,20,5420
ft_e20,1,0.03,5,0,2.2108701281399483,1.9371264757137507,2.4885492956148125,0.5514228199010618,1.6673779490837852,2.6960543606297063,False,0,1.0839506260490452,0.0,2.5,20,5420
ft_e20,1,0.03,6,0,2.156147326079174,1.876779581509023,2.441617358841599,0.5648377773325761,1.6013273154345915,2.734141838412066,False,0,1.4435994292180112,0.0,2.5,20,5420
ft_e20,1,0.03,7,0,2.1846055965061253,1.9125399282113622,2.451801741383351,0.5392618131719886,1.6423677246669581,2.5470216220924704,False,0,1.446672839065286,0.0,2.5,20,5420
ft_e20,1,0.03,8,0,2.256747678581273,1.9827071625818682,2.535306846552992,0.5525996839711238,1.713727769667485,2.7670227175302022,False,0,0.7622534512702259,1.0,2.5,20,5420
ft_e20,1,0.03,9,0,2.200010171279906,1.9277278402464655,2.4669010436264203,0.5391732033799548,1.6573959196772696,2.574559313814069,False,0,1.2911448535232921,0.0,2.5,20,5420
ft_e20,1,0.03,10,0,2.281402614216253,2.0064090376681176,2.559941177360885,0.5535321396927673,1.7354432232923884,2.7731109682628916,False,0,0.6160789320456388,1.0,2.5,20,5420
ft_e20,1,0.03,11,0,2.2049197232493345,1.9268162627219363,2.473080128346901,0.5462638656249648,1.6526291471073296,2.7449446713536108,False,0,1.345059785664489,0.0,2.5,20,5420
ft_e20,1,0.03,12,0,2.2813391475559754,2.0037499830222902,2.5649110437922804,0.5611610607699902,1.7305177126336855,2.8550275847628623,False,0,0.597499702253117,1.0,2.5,20,5420
ft_e20,1,0.03,13,0,2.2798702530519606,2.0193283316385036,2.4603631338330962,0.4410348021945927,1.754521589055369,2.544013049119681,False,0,1.3387663970752328,0.0,2.5,20,5420
ft_e20,1,0.03,14,0,2.1354216441770166,1.8670188765908475,2.4046434080847323,0.5376245314938848,1.6003630109718634,2.657991825140488,False,0,1.847515177250898,0.0,2.5,20,5420
ft_e20,1,0.03,15,0,2.3315965985136176,2.055605291304039,2.6140335981861655,0.5584283068821265,1.7851960390775756,2.9018393283657318,False,0,0.3586630234203767,1.0,2.5,20,5420
ft_e20,1,0.03,16,0,2.3812782448385024,2.10302209868341,2.6664529906406345,0.5634308919572244,1.8303514555032643,2.9591627414845076,False,0,0.17586844388279133,1.0,2.5,20,5420
ft_e20,1,0.03,17,0,2.08882744874355,1.810046058700345,2.371890388186514,0.561844329486169,1.5337699571105432,2.6077921221219764,False,0,2.1060198068153113,0.0,2.5,20,5420
ft_e20,1,0.03,18,0,2.2771345547160973,2.001348000279822,2.55940268475246,0.558054684472638,1.7306871747686705,2.848262175408972,False,0,0.6264731912560819,1.0,2.5,20,5420
ft_e20,1,0.03,19,0,2.2170662160636105,1.9358329721634635,2.5043665535485986,0.5685335813851351,1.65833364354767,2.7991403503229377,False,0,0.9699142113531707,1.0,2.5,20,5420
ft_e20,1,0.03,20,0,2.1647761088711657,1.8886325310429963,2.444214063022866,0.5555815319798698,1.6156639468487612,2.6907173798134405,False,0,1.4422687383557786,0.0,2.5,20,5420
ft_e20,1,0.03,21,0,2.31280659595481,2.048861764829907,2.49384246262472,0.4449806977948132,1.7841983824890413,2.614464607500647,False,0,1.6181620208262757,0.0,2.5,20,5420
ft_e20,1,0.03,22,0,2.1971874407878533,1.9173335922027905,2.4833301731821606,0.5659965809793701,1.6416333367739069,2.776993067985149,False,0,1.1180094758492487,0.0,2.5,20,5420
ft_e20,1,0.03,23,0,2.1539656585321802,1.876960236191071,2.4357765891288,0.558816352937729,1.6031429765105731,2.697773369261239,False,0,1.5023676303426328,0.0,2.5,20,5420
ft_e20,1,0.03,24,0,2.197645081912886,1.9199161776989337,2.4817950727885063,0.5618788950895726,1.6465632605985445,2.7736697807349775,False,0,1.1301915503827331,0.0,2.5,20,5420
ft_e20,1,0.03,25,0,2.0280709151815883,1.7517310078626214,2.30802721470413,0.5562962068415087,1.4767182872743676,2.589435978414719,False,0,2.823735270572797,0.0,2.5,20,5420
ft_e20,1,0.03,26,0,2.1522926328433867,1.8739243130476235,2.4360638169812194,0.5621395039335959,1.598822970226166,2.7251687724797575,False,0,1.4940455957148515,0.0,2.5,20,5420
ft_e20,1,0.03,27,0,2.1514245728485575,1.8770068910826516,2.4256243875603545,0.5486174964777029,1.6047168655390187,2.577592872982919,False,0,1.655598076646129,0.0,2.5,20,5420
ft_e20,1,0.03,28,0,2.229832511064235,1.9575035322713,2.505004390768654,0.547500858497354,1.6886097642949627,2.769909166278448,False,0,0.9636141334522108,1.0,2.5,20,5420
ft_e20,1,0.03,29,0,2.1443067103018625,1.8628779720958484,2.4299944495841954,0.567116477488347,1.5840280683335415,2.663476152326507,False,0,1.5489300534645736,0.0,2.5,20,5420
ft_e20,1,0.03,30,0,2.1455777476297366,1.8707222359018667,2.4262092598597187,0.555487023957852,1.5995893046085277,2.7134873454244204,False,0,1.585019913592987,0.0,2.5,20,5420
ft_e20,1,0.03,31,0,2.217490331549632,1.9396297165134047,2.5015432027285454,0.5619134862151407,1.6663263322958377,2.792184713689783,False,0,0.9891369123215554,1.0,2.5,20,5420
ft_e20,1,0.03,32,0,2.253349433078399,1.9817265588128932,2.515930372860364,0.5342038140474707,1.7135213430634575,2.7230547942004693,False,0,0.8600315053699887,1.0,2.5,20,5420
ft_e20,1,0.03,33,0,2.170853403877222,1.8955789905601474,2.40861956406819,0.5130405735080428,1.6236579761701688,2.7164920802509256,False,0,1.6704794132019742,0.0,2.5,20,5420
ft_e20,1,0.03,34,0,2.191816147500891,1.918060896068551,2.3697818435825893,0.45172094751403824,1.6464950843740285,2.723178682533595,False,0,1.7687039605261816,0.0,2.5,20,5420
ft_e20,1,0.03,35,0,2.1254202852551716,1.8508805209502235,2.39919060509655,0.5483100841463266,1.578586613109096,2.5361440133417554,False,0,1.9731461242045043,0.0,2.5,20,5420
ft_e20,1,0.03,36,0,2.1922940625889398,1.9171122118228068,2.4643280598266433,0.5472158480038365,1.6442550258693938,2.5591549772872275,False,0,1.3052694333200634,0.0,2.5,20,5420
ft_e20,1,0.03,37,0,2.2595002387318908,1.9911301533120973,2.4248652808556175,0.43373512754352017,1.7229330054096892,2.7037629800357608,False,0,1.9014313301340735,0.0,2.5,20,5420
ft_e20,1,0.03,38,0,2.354897395285913,2.0789456552433645,2.63765297155559,0.5587073163122254,1.808689640775074,2.9275742725663134,False,0,0.2663191156134417,1.0,2.5,20,5420
ft_e20,1,0.03,39,0,2.1965073044635552,1.9203869522121457,2.47963902198417,0.5592520697720245,1.6496833880674335,2.7707139132014222,False,0,1.1467466565773066,0.0,2.5,20,5420
ft_e20,1,0.03,40,0,2.2411110325864185,1.9639487795715986,2.52298483567484,0.5590360561032415,1.6905535620451797,2.8061104923699673,False,0,0.8443255370002589,1.0,2.5,20,5420
ft_e20,1,0.03,41,0,2.163505101744565,1.8836190599035523,2.4496074583308176,0.5659883984272653,1.6075337971894723,2.7432437311734397,False,0,1.3771995242423145,0.0,2.5,20,5420
ft_e20,1,0.03,42,0,2.265687467582502,1.9914159175291446,2.4595060410948713,0.46809012356572666,1.718963223047386,2.7252934751363456,False,0,1.2100410125385679,0.0,2.5,20,5420
ft_e20,1,0.03,43,0,2.1345756833675202,1.8568801970763846,2.417036139838454,0.5601559427620695,1.5821188151715404,2.6758160598745637,False,0,1.666158104166243,0.0,2.5,20,5420
ft_e20,1,0.03,44,0,2.1089319968007048,1.8283373019147613,2.395192850659854,0.5668555487450926,1.550698100582434,2.688721435023521,False,0,1.8495187601001817,0.0,2.5,20,5420
ft_e20,1,0.03,45,0,2.102707371427989,1.823694174152628,2.387080845440312,0.563386671287684,1.5475494312364904,2.677654064736664,False,0,1.9348362586679286,0.0,2.5,20,5420
ft_e20,1,0.03,46,0,2.1983332946364804,1.9191752682952783,2.4804757190420026,0.5613004507467243,1.6432318779187265,2.6993073994080987,False,0,1.1447299463652598,0.0,2.5,20,5420
ft_e20,1,0.03,47,0,2.2467534824140523,1.9703190379440099,2.530122141658138,0.5598031037141282,1.6991977203109632,2.82132797837116,False,0,0.8009228368064214,1.0,2.5,20,5420
ft_e20,2,0.03,0,0,0.7939454843882641,0.7115808107424524,1.0475649786993053,0.33598416795685293,0.036864781406572886,1.309777116949285,False,0,3.756686311277008,0.0,0.4,20,5420
ft_e20,2,0.03,1,0,0.13551726026222302,0.06281054016472229,0.24865180164344455,0.18584126147872226,0.019866306852563194,0.37642223373136946,False,0,4.096033406152856,0.0,0.4,20,5420
ft_e20,2,0.03,2,0,0.8638635212042922,0.6689664369665396,1.1297491628595284,0.46078272589298885,0.5360514405242977,1.3958244042366283,False,0,4.755300005886966,0.0,0.4,20,5420
ft_e20,2,0.03,3,0,0.13151515196561617,0.05948078984129248,0.17462674735092742,0.11514595750963494,0.01805804723109154,0.32231224187920327,False,0,2.958802699609805,0.0,0.4,20,5420
ft_e20,2,0.03,4,0,0.10359783477397196,0.05309451544577231,0.11700840487680442,0.0639138894310321,0.017016042035725997,0.2505088600070938,False,0,6.741030392542598,0.0,0.4,20,5420
ft_e20,2,0.03,5,0,0.8949357279794734,0.6210322975041678,1.0633113454899055,0.4422790479857377,0.36656624047273306,1.3097800610117003,False,0,3.867904291186278,0.0,0.4,20,5420
ft_e20,2,0.03,6,0,0.16605372507364402,0.07997225429247129,0.2495103652972326,0.16953811100476132,0.028543426748573655,0.36263614540503236,False,0,4.277202433560888,0.0,0.4,20,5420
ft_e20,2,0.03,7,0,0.16568889287830152,0.08585512347969756,0.21406454378373954,0.12820942030404198,0.03138218991156756,1.305870063516564,False,0,2.549533752437128,0.0,0.4,20,5420
ft_e20,2,0.03,8,0,0.1392439482910347,0.06262451584520004,0.2601228484664489,0.19749833262124886,0.01795846703074503,0.2988738898037095,False,0,4.838782747890946,0.0,0.4,20,5420
ft_e20,2,0.03,9,0,0.8110610129670397,0.7064504882951881,1.065716707364299,0.35926621906911094,0.0510747553305641,1.327497193270247,False,0,3.6781856800589594,0.0,0.4,20,5420
ft_e20,2,0.03,10,0,0.1508822697823397,0.06755034302678033,0.25500947006658503,0.18745912703980472,0.021220831767074694,1.3052421546738144,False,0,2.1561452159185137,0.0,0.4,20,5420
ft_e20,2,0.03,11,0,0.18341348423027237,0.08308450110637465,0.306046876764477,0.22296237565810234,0.028309461170570534,1.2327523159852023,False,0,1.8645382030954352,0.0,0.4,20,5420
ft_e20,2,0.03,12,0,0.0675699967936918,0.041622008777317546,0.23173241783422915,0.19011040905691162,0.011960923619368345,1.2740304161861637,False,0,3.707180470959429,0.0,0.4,20,5420
ft_e20,2,0.03,13,0,0.14458279599820686,0.0634578135295466,0.24337583586288739,0.17991802233334078,0.019048827078613675,1.3645894695693106,False,0,2.133838127982017,0.0,0.4,20,5420
ft_e20,2,0.03,14,0,0.13942139817486218,0.06474586117342733,0.2606495716487419,0.19590371047531457,0.02115323314710494,0.33878178070201415,False,0,4.593134806411399,0.0,0.4,20,5420
ft_e20,2,0.03,15,0,0.8602979753707899,0.6778548433677805,1.1244035592476813,0.44654871587990086,0.56124649471872,1.38968008034067,False,0,6.839348803023313,0.0,0.4,20,5420
ft_e20,2,0.03,16,0,0.14004352768266337,0.06053572858433954,0.2621298621075099,0.20159413352317035,0.017958409289450184,1.3655770819007167,False,0,3.5916478743456537,0.0,0.4,20,5420
ft_e20,2,0.03,17,0,0.9009205141396158,0.594637198956334,1.0651564743251336,0.47051927536879956,0.4228123358280715,1.3072844259780958,False,0,4.056936405959277,0.0,0.4,20,5420
ft_e20,2,0.03,18,0,0.1579525152840781,0.07019698630936545,0.28006747991350883,0.2098704936041434,0.022498336410675425,1.3448062010650386,False,0,1.820721071853768,0.0,0.4,20,5420
ft_e20,2,0.03,19,0,0.15404616845738273,0.07166894268568658,0.2643850925935732,0.1927161499078866,0.024305889577776126,1.1975774879775272,False,0,3.80368077134699,0.0,0.4,20,5420
ft_e20,2,0.03,20,0,0.7906301613955774,0.7224546283616412,1.038751905491913,0.3162972771302718,0.03324235721539476,1.302146944183109,False,0,2.8550373249454424,0.0,0.4,20,5420
ft_e20,2,0.03,21,0,0.8938753234793525,0.6312901411902895,1.1547153932838885,0.523425252093599,0.5501603406113834,1.4170580314481473,False,0,8.082756885709387,0.0,0.4,20,5420
ft_e20,2,0.03,22,0,0.18193749506821927,0.08353426248929628,0.4143396519336625,0.3308053894443662,0.02894747596229403,1.260654703418527,False,0,0.9755048705555964,1.0,0.4,20,5420
ft_e20,2,0.03,23,0,0.17337835483122144,0.08283730644580303,0.23346758712551044,0.1506302806797074,0.029308079798661506,1.2281116917765147,False,0,3.085272662792704,0.0,0.4,20,5420
ft_e20,2,0.03,24,0,0.1477610227221703,0.06946629056484518,0.23394837300616597,0.1644820824413208,0.023651684499036315,0.33264039459141737,False,0,5.249893393349339,0.0,0.4,20,5420
ft_e20,2,0.03,25,0,0.8146080356963781,0.7900755736822509,0.9924001988429079,0.20232462516065697,0.04259393961686703,1.2390063246408,False,0,2.524148808734026,0.0,0.4,20,5420
ft_e20,2,0.03,26,0,0.8319833745177857,0.792972093569199,1.0514518458542388,0.25847975228503983,0.5566168070904347,1.3048447885282168,False,0,5.0774676632390765,0.0,0.4,20,5420
ft_e20,2,0.03,27,0,0.8762542195114912,0.5733821003489833,1.0826907099049408,0.5093086095559575,0.031242528473611357,1.3398376432724384,False,0,3.6419460327451816,0.0,0.4,20,5420
ft_e20,2,0.03,28,0,0.17585019217219316,0.07927609114304313,0.4000932562690097,0.3208171651259666,0.02690317253635256,1.2832578106211716,False,0,0.9998139272393018,1.0,0.4,20,5420
ft_e20,2,0.03,29,0,0.712235205728083,0.5679257893105248,0.9913717747638874,0.42344598545336254,0.4732030316922661,1.2662336955422517,False,0,4.2717039492526965,0.0,0.4,20,5420
ft_e20,2,0.03,30,0,0.7374930385282875,0.6251693341213655,1.006971195621786,0.3818018615004204,0.017937307516803898,1.27306662250498,False,0,2.875971285488049,0.0,0.4,20,5420
ft_e20,2,0.03,31,0,0.7812226378485357,0.6829979133512499,1.0569557739862858,0.3739578606350359,0.01737376745494861,1.3293543702326391,False,0,2.1125812489808595,0.0,0.4,20,5420
ft_e20,2,0.03,32,0,0.9456934378140721,0.8971259437154229,1.1379065055419406,0.24078056182651775,0.8836852240980521,1.377804255059124,False,0,8.228574056658545,0.0,0.4,20,5420
ft_e20,2,0.03,33,0,0.18909659105712348,0.09212702006196186,0.2631742221903793,0.17104720212841742,0.034376548665732906,1.2837796990428156,False,0,2.359201877461601,0.0,0.4,20,5420
ft_e20,2,0.03,34,0,0.16855682957032406,0.07884518853882351,0.26829240108284197,0.18944721254401847,0.027496628914600262,1.2087947192078963,False,0,3.322434845576936,0.0,0.4,20,5420
ft_e20,2,0.03,35,0,0.17048426344795045,0.07938118380381343,0.2901255878777747,0.21074440407396128,0.027850829534151165,1.2571683101904298,False,0,2.212621406732069,0.0,0.4,20,5420
ft_e20,2,0.03,36,0,0.9035220837600708,0.8393866576079168,1.135598741396053,0.29621208378813635,0.6007223843184634,1.392232015804201,False,0,6.0375990189677395,0.0,0.4,20,5420
ft_e20,2,0.03,37,0,0.15910230666132072,0.07024530900090578,0.2876613642104009,0.2174160552094951,0.022440073109585706,1.2645005891214438,False,0,1.6257397588633467,0.0,0.4,20,5420
ft_e20,2,0.03,38,0,0.13229085484217748,0.057013728897666885,0.26860150771908864,0.21158777882142177,0.0165468792304759,1.3222095755566805,False,0,2.740390868657414,0.0,0.4,20,5420
ft_e20,2,0.03,39,0,0.15195096413813713,0.07063136192807093,0.2433292720673131,0.17269791013924218,0.02383174417436995,0.37045197678593383,False,0,4.215589256506064,0.0,0.4,20,5420
ft_e20,2,0.03,40,0,0.12693038363185444,0.060042339115587234,0.16367512065177012,0.10363278153618288,0.018879837688631752,0.2561403930514035,False,0,2.2330591223508236,0.0,0.4,20,5420
ft_e20,2,0.03,41,0,0.8342700231537534,0.5049192081821309,1.0092247002301609,0.50430549204803,0.041362465345949125,1.259684739418349,False,0,1.275633721746999,0.0,0.4,20,5420
ft_e20,2,0.03,42,0,0.16023180763620185,0.07305273250423581,0.283236704971567,0.21018397246733117,0.024288444936227734,1.267370681713505,False,0,1.6379159479911323,0.0,0.4,20,5420
ft_e20,2,0.03,43,0,0.7471919379699322,0.5894701208386578,1.0088516197763622,0.4193814989377044,0.46136910758899663,1.272741551939522,False,0,4.189387722446554,0.0,0.4,20,5420
ft_e20,2,0.03,44,0,0.2219567929383663,0.10404265399785284,0.91739843734943,0.8133557833515772,0.039340837357552984,1.2159717874951463,False,0,0.4492939764204493,1.0,0.4,20,5420
ft_e20,2,0.03,45,0,0.17086627901759113,0.09230013416195228,0.28063442733878374,0.18833429317683148,0.03547845166337726,1.1510984166866927,False,0,2.461409870717034,0.0,0.4,20,5420
ft_e20,2,0.03,46,0,0.7689510912174237,0.6917686607740643,1.0263121278564604,0.33454346708239613,0.03668448300719673,1.2915829262790102,False,0,2.6356617203600763,0.0,0.4,20,5420
ft_e20,2,0.03,47,0,0.8350305236611053,0.619014757042737,1.1032142498342086,0.48419949279147156,0.5081044087085265,1.3684562151132869,False,0,4.582382508400769,0.0,0.4,20,5420
ft_e20,2,0.03,0,0,2.05079528183866,1.7862513679133596,2.3233091483432045,0.5370577804298449,1.528311756561573,2.604651038809452,False,0,2.662413499201648,0.0,2.5,20,5420
ft_e20,2,0.03,1,0,2.074054736167948,1.8079436893357574,2.348114970314912,0.5401712809791543,1.5486150582083054,2.6308590320795897,False,0,2.3749069487566885,0.0,2.5,20,5420
ft_e20,2,0.03,2,0,2.184758693918346,1.918639369057398,2.4588894307209443,0.5402500616635464,1.6594274018976096,2.74170223504399,False,0,1.3162936415501463,0.0,2.5,20,5420
ft_e20,2,0.03,3,0,2.1965939308104763,1.9306327976302002,2.4706171530169114,0.5399843553867112,1.671705392716911,2.7533598502343377,False,0,1.221858576125669,0.0,2.5,20,5420
ft_e20,2,0.03,4,0,2.1356817724768082,1.8719592726170362,2.4074842141022814,0.5355249414852452,1.6152308602247096,2.6880766709593287,False,0,1.7774438897249638,0.0,2.5,20,5420
ft_e20,2,0.03,5,0,2.0442292483847804,1.777108189266809,2.318547318502648,0.5414391292358389,1.5155164637745935,2.6010347018539077,False,0,2.7085897612487315,0.0,2.5,20,5420
ft_e20,2,0.03,6,0,2.019472674738777,1.7528006053861005,2.2936192866707956,0.5408186812846951,1.4920360729784534,2.5762377007961756,False,0,3.003986627110862,0.0,2.5,20,5420
ft_e20,2,0.03,7,0,2.0855671864088197,1.8199734429726648,2.3588403824171262,0.5388669394444614,1.5607857026617697,2.6406219037560748,False,0,2.2645684866984084,0.0,2.5,20,5420
ft_e20,2,0.03,8,0,2.1192138683499024,1.8533926032076966,2.3929876412594755,0.5395950380517789,1.5942861576117966,2.675520146247908,False,0,1.9110374939627945,0.0,2.5,20,5420
ft_e20,2,0.03,9,0,2.086628364488227,1.8220962820212696,2.359127038028173,0.5370307560069034,1.5642663879619327,2.6403448759930472,False,0,2.2647903815268364,0.0,2.5,20,5420
ft_e20,2,0.03,10,0,2.1765872857105912,1.9101485056825263,2.451020088642914,0.5408715829603878,1.6506610745223942,2.734151827435016,False,0,1.3811420029633155,0.0,2.5,20,5420
ft_e20,2,0.03,11,0,2.0572233322717857,1.78883725078671,2.3328927935990333,0.5440555428123233,1.526166564481068,2.6168636597490447,False,0,2.5346459141219384,0.0,2.5,20,5420
ft_e20,2,0.03,12,0,2.183431217137998,1.9145875589877417,2.460219500834634,0.5456319418468925,1.6524280989691302,2.7456184907705934,False,0,1.3024636226618895,0.0,2.5,20,5420
ft_e20,2,0.03,13,0,2.1939814848041226,1.926923997357881,2.469249741681132,0.5423257443232512,1.6670310566410014,2.7533162215769758,False,0,1.2315730421651097,0.0,2.5,20,5420
ft_e20,2,0.03,14,0,2.0613425007936534,1.8010690424449285,2.3299365203686415,0.528867477923713,1.5480197867377619,2.607501486990303,False,0,2.6134088499020436,0.0,2.5,20,5420
ft_e20,2,0.03,15,0,2.197433561710187,1.9316438758262338,2.4714359011785003,0.5397920253522666,1.673053812728088,2.7543098509748853,False,0,1.2152319916713168,0.0,2.5,20,5420
ft_e20,2,0.03,16,0,2.241525620752497,1.9755765827189047,2.5157998236696826,0.5402232409507779,1.716970997487319,2.7990782598516892,False,0,0.8894456573762,1.0,2.5,20,5420
ft_e20,2,0.03,17,0,1.9852680867818373,1.7190522716549148,2.2586865761732624,0.5396343045183476,1.458385845375992,2.540304302194368,False,0,3.454909920852515,0.0,2.5,20,5420
ft_e20,2,0.03,18,0,2.1664766982850177,1.8996385604405186,2.4410389894725726,0.541400429032054,1.6393000209301132,2.7241157271495955,False,0,1.466069727379363,0.0,2.5,20,5420
ft_e20,2,0.03,19,0,2.072050091676673,1.8056458753881064,2.3460036959362487,0.5403578205481423,1.5453573454735527,2.6284281971556838,False,0,2.399431493697193,0.0,2.5,20,5420
ft_e20,2,0.03,20,0,2.042254183105533,1.7752196767564568,2.3168490242862907,0.5416293475298339,1.5142406900342207,2.599953998765544,False,0,2.7239146082247316,0.0,2.5,20,5420
ft_e20,2,0.03,21,0,2.214731217539969,1.9500040507539724,2.487894446630162,0.5378903958761896,1.6929501585860085,2.770092891816991,False,0,1.0888504621689208,0.0,2.5,20,5420
ft_e20,2,0.03,22,0,2.0743820073668604,1.8068135394602969,2.3493721995055377,0.5425586600452408,1.5450981887095716,2.632637461878408,False,0,2.3578485610814823,0.0,2.5,20,5420
ft_e20,2,0.03,23,0,2.0429557066731787,1.7776553292776835,2.315625710688344,0.5379703814106604,1.5180972310695255,2.596695093807998,False,0,2.7535322362891748,0.0,2.5,20,5420
ft_e20,2,0.03,24,0,2.0466145105525206,1.7823296171906786,2.318595660304518,0.5362660431138393,1.5243991067915614,2.5990940978603234,False,0,2.7233981601566484,0.0,2.5,20,5420
ft_e20,2,0.03,25,0,1.9191232229244772,1.6530358575636772,2.191969631715961,0.5389337741522839,1.3915936655233818,2.472796492938686,False,0,4.3900043873582035,0.0,2.5,20,5420
ft_e20,2,0.03,26,0,2.0281682222432447,1.7638389268483055,2.3002832489971228,0.5364443221488173,1.5058470324529818,2.5809864580977653,False,0,2.940242451561062,0.0,2.5,20,5420
ft_e20,2,0.03,27,0,2.091000389776031,1.8263467240617934,2.36333388274975,0.5369871586879567,1.5679224357977826,2.644267322670029,False,0,2.221017478281283,0.0,2.5,20,5420
ft_e20,2,0.03,28,0,2.1244140861497476,1.8576897858602763,2.398922181213132,0.5412323953528555,1.597414260273191,2.6819830044171966,False,0,1.8513888982670323,0.0,2.5,20,5420
ft_e20,2,0.03,29,0,2.0342429230917456,1.7647595119122774,2.3108034406549436,0.5460439287426662,1.5005139207904012,2.5954221892941853,False,0,2.7822429984043993,0.0,2.5,20,5420
ft_e20,2,0.03,30,0,2.0491616431178556,1.7861556159655083,2.3198991663600785,0.5337435503945702,1.5293649196122756,2.599186095549288,False,0,2.71746440489369,0.0,2.5,20,5420
ft_e20,2,0.03,31,0,2.112645589321704,1.8455558780278025,2.387279961359862,0.5417240833320593,1.5845110459047058,2.670389811034514,False,0,1.9650051738462935,0.0,2.5,20,5420
ft_e20,2,0.03,32,0,2.112315184558565,1.847651809808651,2.385109709993481,0.5374579001848299,1.5900649908465343,2.666782007904117,False,0,1.9928127000639506,0.0,2.5,20,5420
ft_e20,2,0.03,33,0,2.0330950650250506,1.767099223194828,2.3066219418258016,0.5395227186309737,1.5071083269964138,2.5886353391881225,False,0,2.8526927571583656,0.0,2.5,20,5420
ft_e20,2,0.03,34,0,2.0302077743731015,1.7628823952398391,2.304985140777555,0.5421027455377156,1.5014631674655374,2.58821407529068,False,0,2.8620440643389884,0.0,2.5,20,5420
ft_e20,2,0.03,35,0,2.038233304290333,1.7723058469370412,2.3118053038659436,0.5394994569289024,1.5125896745160623,2.593904734727005,False,0,2.7906139311380684,0.0,2.5,20,5420
ft_e20,2,0.03,36,0,2.184209111581744,1.9197784197873542,2.457023359033086,0.5372449392457317,1.6629139586635522,2.7388660587129285,False,0,1.3328882143359806,0.0,2.5,20,5420
ft_e20,2,0.03,37,0,2.145423590285405,1.8796372644685888,2.419043524676301,0.5394062602077121,1.620456657965293,2.7012669287084616,False,0,1.6642668709864665,0.0,2.5,20,5420
ft_e20,2,0.03,38,0,2.2162217497562673,1.95086294155053,2.4897995183261123,0.5389365767755823,1.6927467901118378,2.77218737517231,False,0,1.0746959933021571,0.0,2.5,20,5420
ft_e20,2,0.03,39,0,2.0599759239374356,1.7957493747120334,2.3321372844361603,0.5363879097241269,1.538085062731586,2.6130625424647533,False,0,2.5641925555610214,0.0,2.5,20,5420
ft_e20,2,0.03,40,0,2.1247410097725585,1.858603307370582,2.3988252901611236,0.5402219827905415,1.5992080714838242,2.6815788107455756,False,0,1.8535172294359654,0.0,2.5,20,5420
ft_e20,2,0.03,41,0,1.9915139387590517,1.7229245909681452,2.26679575062025,0.5438711596521049,1.4589670486942647,2.5500349894981684,False,0,3.3323040124632826,0.0,2.5,20,5420
ft_e20,2,0.03,42,0,2.131801684191404,1.86594328945549,2.40549936313095,0.5395560736754601,1.6066336431116914,2.687884824082145,False,0,1.7903957791895664,0.0,2.5,20,5420
ft_e20,2,0.03,43,0,2.00575309486833,1.7388423335621077,2.27999275912218,0.5411504255600721,1.4776659557164433,2.562447883853897,False,0,3.1737519953130686,0.0,2.5,20,5420
ft_e20,2,0.03,44,0,1.975454845251472,1.7067375589226101,2.251056904191747,0.5443193452691368,1.4429091124480775,2.534619728602885,False,0,3.5322820217043045,0.0,2.5,20,5420
ft_e20,2,0.03,45,0,1.9433459161001434,1.675365974088208,2.2179288272909368,0.5425628532027287,1.4117387042855978,2.500383681135057,False,0,3.9946055065156543,0.0,2.5,20,5420
ft_e20,2,0.03,46,0,2.0591438158720323,1.7925294937812004,2.33324525617429,0.5407157623930896,1.5318970884151006,2.6158036132008835,False,0,2.540199925799243,0.0,2.5,20,5420
ft_e20,2,0.03,47,0,2.1578826781045537,1.8933587002845014,2.430620670103892,0.5372619698193908,1.6358791312717003,2.7122372289925183,False,0,1.5608740269963164,0.0,2.5,20,5420
ft_e20,0,0.1,0,0,0.3811542195750123,0.1398802570362948,0.8979127470583921,0.7580324900220973,0.04598732001278057,1.2751914019045734,False,0,0.0019347867673786823,1.0,0.4,20,18020
ft_e20,0,0.1,1,0,0.30622327643996267,0.11760737394423292,0.8470087755565563,0.7294014016123234,0.037276324399628656,1.2712940252865057,False,0,0.06461935557308607,1.0,0.4,20,18020
ft_e20,0,0.1,2,0,0.2905784404744373,0.10564217266130378,0.9573159305324849,0.851673757871181,0.031135363111072088,1.350128584420262,False,0,0.06769363525745575,1.0,0.4,20,18020
ft_e20,0,0.1,3,0,0.2824612779339115,0.10044971504455184,0.9877041641060521,0.8872544490615003,0.0287511946670441,1.3687711500327648,False,0,0.07177260223033954,1.0,0.4,20,18020
ft_e20,0,0.1,4,0,0.30477370203614784,0.11362455835270757,0.9379759957658401,0.8243514374131325,0.035609720496862535,1.3333918607297437,False,0,0.05321489410562208,1.0,0.4,20,18020
ft_e20,0,0.1,5,0,0.38381160490980026,0.13564306703921206,0.928107671295957,0.7924646042567449,0.043572695190893886,1.2969896884944623,False,0,0.0011210142365598585,1.0,0.4,20,18020
ft_e20,0,0.1,6,0,0.40057043539155074,0.14352265877359205,0.9231747842119813,0.7796521254383892,0.04721704464726108,1.2910933223909618,False,0,0.0,1.0,0.4,20,18020
ft_e20,0,0.1,7,0,0.5398415767306578,0.1546456749329294,1.0180315243087747,0.8633858493758453,0.04904575453512045,1.3573257516663415,False,0,0.04318832476201351,1.0,0.4,20,18020
ft_e20,0,0.1,8,0,0.2572415185773952,0.10366416264060732,0.675921571122616,0.5722574084820087,0.03224584557302312,1.1823473440962284,False,0,0.2284817095969629,1.0,0.4,20,18020
ft_e20,0,0.1,9,0,0.47228535038338654,0.14236576253786992,1.0213414067679687,0.8789756442300988,0.04570959867693612,1.3653351587961562,False,0,0.010042721747595351,1.0,0.4,20,18020
ft_e20,0,0.1,10,0,0.27600210986309653,0.10108672798653033,0.9220556987737212,0.8209689707871909,0.029204796622663655,1.3329089445651217,False,0,0.09899004554245039,1.0,0.4,20,18020
ft_e20,0,0.1,11,0,0.5806828448505978,0.16951345136127585,1.019168419112422,0.8496549677511461,0.052262473724104204,1.3551086458302617,False,0,0.09409217462598463,1.0,0.4,20,18020
ft_e20,0,0.1,12,0,0.24574276233771247,0.08971551621535459,0.9252913452062312,0.8355758289908767,0.02463958618337385,1.3603775780809149,False,0,0.17603638198488625,1.0,0.4,20,18020
ft_e20,0,0.1,13,0,0.2811611223546067,0.09724001031404092,1.0414847018941644,0.9442446915801235,0.026863034280421073,1.408057656727123,False,0,0.06372445873421384,1.0,0.4,20,18020
ft_e20,0,0.1,14,0,0.2741485956210598,0.11200099016114475,0.7284427218085998,0.6164417316474551,0.036809559486710206,1.206257322209179,False,0,0.16406061322049936,1.0,0.4,20,18020
ft_e20,0,0.1,15,0,0.27255031151054043,0.09975721156951897,0.9717768511850815,0.8720196396155625,0.028878131323231696,1.3681881233924107,False,0,0.10060352535583661,1.0,0.4,20,18020
ft_e20,0,0.1,16,0,0.26527848702765944,0.09443701554008734,1.021185829002187,0.9267488134620996,0.02632370740891449,1.3977595721760472,False,0,0.09792251762701198,1.0,0.4,20,18020
ft_e20,0,0.1,17,0,0.42011327198643705,0.16765434546551622,0.8543232856450356,0.6866689401795194,0.05970227602308803,1.219339265252355,False,0,0.002828400844009593,1.0,0.4,20,18020
ft_e20,0,0.1,18,0,0.3438118508504481,0.11946339440876796,0.9855362029748365,0.8660728085660685,0.03679375994604832,1.3539002980227053,False,0,0.012421378847648157,1.0,0.4,20,18020
ft_e20,0,0.1,19,0,0.3184642767204732,0.1160102750683128,0.9274648688933331,0.8114545938250204,0.03570829629110899,1.3187207314042617,False,0,0.03647405537776649,1.0,0.4,20,18020
ft_e20,0,0.1,20,0,0.3299409113152863,0.12682756088456143,0.8427182149265655,0.715890654042004,0.04099783832554044,1.2516970820765274,False,0,0.03494745710486313,1.0,0.4,20,18020
ft_e20,0,0.1,21,0,0.2587615799650614,0.09518660173907212,0.9708884960822326,0.8757018943431605,0.027095172574092864,1.3778933749873534,False,0,0.1345812693107291,1.0,0.4,20,18020
ft_e20,0,0.1,22,0,0.450295187447291,0.1395285427786468,0.993950581218081,0.8544220384394342,0.04376009417395657,1.3454161378348188,False,0,0.006296964325883891,1.0,0.4,20,18020
ft_e20,0,0.1,23,0,0.459413643647747,0.15237990564110637,0.9601951412714267,0.8078152356303203,0.049664565824705166,1.3113995926659503,False,0,0.012227077859279234,1.0,0.4,20,18020
ft_e20,0,0.1,24,0,0.3732820048510524,0.13581777221046223,0.9344105965959095,0.7985928243854473,0.04450900760125072,1.3105443939140535,False,0,0.0034566502181405667,1.0,0.4,20,18020
ft_e20,0,0.1,25,0,0.38387311230899374,0.16261396713905546,0.7872642534468965,0.6246502863078411,0.05964504435470406,1.1638421846037317,False,0,0.0022759853200113866,1.0,0.4,20,18020
ft_e20,0,0.1,26,0,0.34472445837557203,0.13023862689052257,0.860613496227874,0.7303748693373514,0.042600663047705385,1.2516389170615947,False,0,0.019314322595164413,1.0,0.4,20,18020
ft_e20,0,0.1,27,0,0.3116051611730355,0.12267899578198808,0.7937358704430596,0.6710568746610716,0.039949326078421235,1.2135567447982476,False,0,0.06407071144349175,1.0,0.4,20,18020
ft_e20,0,0.1,28,0,0.3515781716445291,0.12592638597882674,0.9346495022627217,0.8087231162838949,0.039486470346623725,1.3124344933701209,False,0,0.011242296055570478,1.0,0.4,20,18020
ft_e20,0,0.1,29,0,0.3402052313726611,0.12902539575029304,0.8551351036392487,0.7261097078889557,0.04184479864157139,1.2530082012583217,False,0,0.02367057418814511,1.0,0.4,20,18020
ft_e20,0,0.1,30,0,0.3828273227871627,0.13972009376935096,0.9163369563686758,0.7766168625993248,0.04661311182091783,1.2845294457123817,False,0,0.0014339602348627523,1.0,0.4,20,18020
ft_e20,0,0.1,31,0,0.2973813501147224,0.10963864095300066,0.9063303051628311,0.7966916642098304,0.03327381017207795,1.3101764966736367,False,0,0.06484494768665172,1.0,0.4,20,18020
ft_e20,0,0.1,32,0,0.36107403671733385,0.129314774299976,0.9307498051476973,0.8014350308477214,0.04096479568436042,1.3096287032115659,False,0,0.0073348954756511375,1.0,0.4,20,18020
ft_e20,0,0.1,33,0,0.39989604877072815,0.14639177438865467,0.9028309305320893,0.7564391561434346,0.0485016354947758,1.2725584152813725,False,0,0.0,1.0,0.4,20,18020
ft_e20,0,0.1,34,0,0.3190534749267125,0.12401663850706814,0.8277216180383516,0.7037049795312835,0.03989707609490141,1.2475274883704173,False,0,0.05001384950810461,1.0,0.4,20,18020
ft_e20,0,0.1,35,0,0.3737670446195925,0.141939576448133,0.8824134103866544,0.7404738339385215,0.047660127476012795,1.266940713424561,False,0,0.004121531168493675,1.0,0.4,20,18020
ft_e20,0,0.1,36,0,0.2746109808300355,0.1011815249586237,0.9446525596560892,0.8434710346974654,0.029483414624924945,1.3489154011309077,False,0,0.10013738570341957,1.0,0.4,20,18020
ft_e20,0,0.1,37,0,0.28814802033499715,0.10519083129729244,0.9350351280185423,0.8298442967212498,0.030968604094670248,1.3332803177305095,False,0,0.07373336780074169,1.0,0.4,20,18020
ft_e20,0,0.1,38,0,0.23927890029536733,0.08942602820647003,0.8740144921203782,0.7845884639139081,0.02518152696567158,1.3345787354050838,False,0,0.21603475643496495,1.0,0.4,20,18020
ft_e20,0,0.1,39,0,0.2892765387484527,0.11881831407145509,0.7155279884935541,0.5967096744220991,0.03944088549370885,1.1725586817386962,False,0,0.12872508917280356,1.0,0.4,20,18020
ft_e20,0,0.1,40,0,0.33744263394802665,0.1196503984926617,0.9586376166000793,0.8389872181074176,0.03697647372598646,1.3351412068553175,False,0,0.01784684460653807,1.0,0.4,20,18020
ft_e20,0,0.1,41,0,0.4184585519337138,0.14952723488002262,0.9064925750064056,0.756965340126383,0.04911389545096739,1.2693578317389014,False,0,0.0016330261714756489,1.0,0.4,20,18020
ft_e20,0,0.1,42,0,0.3921991196716351,0.1217483279767617,1.0321250625383265,0.9103767345615648,0.036680265742705456,1.3785303508431503,False,0,0.00011863658437505364,1.0,0.4,20,18020
ft_e20,0,0.1,43,0,0.4599444169283967,0.1667990026847782,0.9178008413521274,0.7510018386673492,0.056614845793919136,1.2720448753410798,False,0,0.018149340652598767,1.0,0.4,20,18020
ft_e20,0,0.1,44,0,0.41577071467162824,0.1563912275203781,0.8858497474677625,0.7294585199473844,0.05311995848783419,1.2533415963336068,False,0,0.0013355805531318765,1.0,0.4,20,18020
ft_e20,0,0.1,45,0,0.39351605108588306,0.15198071378293682,0.8572902810997285,0.7053095673167917,0.05217551659261956,1.2303875985683284,False,0,0.00020286018843762577,1.0,0.4,20,18020
ft_e20,0,0.1,46,0,0.3753186889661157,0.13796655751820053,0.8932268706017837,0.7552603130835832,0.045201211610140825,1.2706933043653859,False,0,0.0031993647389754187,1.0,0.4,20,18020
ft_e20,0,0.1,47,0,0.2830922763436518,0.10651249858860226,0.8794296875850119,0.7729171889964097,0.03223463676760778,1.297458713024449,False,0,0.09530538999388227,1.0,0.4,20,18020
ft_e20,0,0.1,0,0,2.2564922265892857,1.979181573450735,2.5392213234366126,0.5600397499858776,1.7047929786702496,2.828853600201882,False,0,0.7440313909719407,1.0,2.5,20,18020
ft_e20,0,0.1,1,0,2.2926087824192862,2.0152274326069817,2.575416893670092,0.5601894610631102,1.7407681127773764,2.8651608258060715,False,0,0.5408028840174666,1.0,2.5,20,18020
ft_e20,0,0.1,2,0,2.368002789162926,2.092490005618816,2.649546616870984,0.5570566112521682,1.8209654740464352,2.938321088455352,False,0,0.22255297725496348,1.0,2.5,20,18020
ft_e20,0,0.1,3,0,2.386021016343207,2.110537649276,2.6676803718906834,0.5571427226146834,1.8394271282156422,2.956701327258554,False,0,0.16593580526023288,1.0,2.5,20,18020
ft_e20,0,0.1,4,0,2.332334545343088,2.057183123343862,2.6132984257303735,0.5561153023865115,1.785660302254582,2.901447344153502,False,0,0.35936272711478523,1.0,2.5,20,18020
ft_e20,0,0.1,5,0,2.2707300682563862,1.9956199378741275,2.5514283646091327,0.5558084267350052,1.7236625526560896,2.83915116441079,False,0,0.6698685892515641,1.0,2.5,20,18020
ft_e20,0,0.1,6,0,2.247592668033614,1.971360549911706,2.5292361885649752,0.5578756386532693,1.6980198221003475,2.817770106995995,False,0,0.804980297365546,1.0,2.5,20,18020
ft_e20,0,0.1,7,0,2.3165691317451107,2.0417071123062045,2.5973147814940605,0.555607669187856,1.7706513630429728,2.885245041443286,False,0,0.430232804883417,1.0,2.5,20,18020
ft_e20,0,0.1,8,0,2.284781595059379,2.0059736033025777,2.568849905909536,0.5628763026069583,1.7297697310472628,2.859659447583536,False,0,0.5768659033892618,1.0,2.5,20,18020
ft_e20,0,0.1,9,0,2.3233868023804205,2.049187815940528,2.603588955024538,0.55440113908401,1.7790014084752097,2.8911104231151614,False,0,0.400655879318947,1.0,2.5,20,18020
ft_e20,0,0.1,10,0,2.3804399442698516,2.104399955219188,2.662608996760142,0.558209041540954,1.832484591345525,2.952154868044664,False,0,0.18200246031119605,1.0,2.5,20,18020
ft_e20,0,0.1,11,0,2.2874166481495313,2.0105131393615467,2.5700304301293246,0.5595172907677779,1.737108370247032,2.8596863394173173,False,0,0.5690391561583965,1.0,2.5,20,18020
ft_e20,0,0.1,12,0,2.423780787677889,2.1458049158653068,2.7080207291605047,0.562215813295198,1.8722123725451632,2.999670692963366,False,0,0.07300318395209615,1.0,2.5,20,18020
ft_e20,0,0.1,13,0,2.4230161851830236,2.146954290151274,2.7054008195338692,0.5584465293825951,1.8754410842035774,2.995263952375412,False,0,0.07552749536625925,1.0,2.5,20,18020
ft_e20,0,0.1,14,0,2.266574173341391,1.9926475227416238,2.5458946248452925,0.5532471021036687,1.7215938724516493,2.832146462206671,False,0,0.7007546371496574,1.0,2.5,20,18020
ft_e20,0,0.1,15,0,2.3975859057921056,2.122588540826938,2.6789218062078644,0.5563332653809265,1.8520606604241299,2.967724649521175,False,0,0.13453323963403818,1.0,2.5,20,18020
ft_e20,0,0.1,16,0,2.4444346599549434,2.169280330782579,2.7260328947530192,0.55675256397044,1.8989828547202643,3.0151672351912815,False,0,0.03946620665010414,1.0,2.5,20,18020
ft_e20,0,0.1,17,0,2.1651483944454197,1.8883062030381186,2.4466630483836465,0.5583568453455279,1.6131185534773336,2.7346195148505825,False,0,1.4088621282899112,0.0,2.5,20,18020
ft_e20,0,0.1,18,0,2.3627471798366995,2.0872030364616605,2.6443109173492325,0.557107880887572,1.815700695790608,2.9331647435082755,False,0,0.2404045086914266,1.0,2.5,20,18020
ft_e20,0,0.1,19,0,2.3231931915323965,2.047699645045636,2.6044523060582514,0.5567526610126152,1.7758085691548533,2.892853501053111,False,0,0.3984202030915185,1.0,2.5,20,18020
ft_e20,0,0.1,20,0,2.2539444350507747,1.9755430137978425,2.537590953918988,0.5620479401211456,1.699682366233442,2.8280374574122398,False,0,0.7545063312427374,1.0,2.5,20,18020
ft_e20,0,0.1,21,0,2.4105349376111644,2.1359026058548203,2.6915218918591677,0.5556192860043474,1.8657502287835213,2.9800213464920793,False,0,0.10308067041114555,1.0,2.5,20,18020
ft_e20,0,0.1,22,0,2.302113977057238,2.0252699598708905,2.584621553965661,0.5593515940947706,1.7517927783912275,2.8742080501724923,False,0,0.4938717353688844,1.0,2.5,20,18020
ft_e20,0,0.1,23,0,2.2574459440945507,1.981922721363756,2.538505107612873,0.556582386249117,1.7095106629552055,2.8265424383178277,False,0,0.7469901514450612,1.0,2.5,20,18020
ft_e20,0,0.1,24,0,2.2787234650645725,2.0037911917629576,2.559198584018201,0.5554073922552436,1.7319383783548201,2.8466215841807445,False,0,0.6253775225886784,1.0,2.5,20,18020
ft_e20,0,0.1,25,0,2.1273818212725844,1.8501318600184473,2.4087957881643036,0.5586639281458563,1.5736410356658035,2.696344816337022,False,0,1.741543044023274,0.0,2.5,20,18020
ft_e20,0,0.1,26,0,2.239174160252228,1.9642285899306156,2.5194836297324037,0.5552550398017881,1.691998915620719,2.806638955955514,False,0,0.8671308569901157,1.0,2.5,20,18020
ft_e20,0,0.1,27,0,2.246354048139666,1.970311197189947,2.5275475905651676,0.5572363933752207,1.696881486373768,2.815480628660058,False,0,0.8152176647454326,1.0,2.5,20,18020
ft_e20,0,0.1,28,0,2.321400445417328,2.0452678576426817,2.6033328967911733,0.5580650391484916,1.772716130349005,2.8924353336525273,False,0,0.4046345559800102,1.0,2.5,20,18020
ft_e20,0,0.1,29,0,2.248022717482646,1.9706331841101898,2.5305904520234135,0.5599572679132236,1.6958209958069668,2.8198991609629913,False,0,0.797039265067724,1.0,2.5,20,18020
ft_e20,0,0.1,30,0,2.2719962358678845,1.9989869274212502,2.5507316327956997,0.5517447053744495,1.7294326316685293,2.8365542076144865,False,0,0.6719351625542913,1.0,2.5,20,18020
ft_e20,0,0.1,31,0,2.321748941925433,2.0457397809961546,2.6035110632348952,0.5577712822387406,1.7732602521011147,2.8924048244497746,False,0,0.40352184983566985,1.0,2.5,20,18020
ft_e20,0,0.1,32,0,2.3197912575126005,2.0435171869305866,2.6018438436373637,0.5583266567067771,1.7707432996897159,2.8910480573354542,False,0,0.4115984937088797,1.0,2.5,20,18020
ft_e20,0,0.1,33,0,2.2354474468629792,1.958998411691252,2.517205092704879,0.558206681013627,1.6853558011508178,2.805799939657341,False,0,0.8825730695461971,1.0,2.5,20,18020
ft_e20,0,0.1,34,0,2.2595813004677865,1.9814080244587229,2.542907374231047,0.5614993497723242,1.7057540361635017,2.8330138688491484,False,0,0.7222665651388525,1.0,2.5,20,18020
ft_e20,0,0.1,35,0,2.243660854469987,1.9667802295492025,2.5257119803566166,0.5589317508074141,1.6923855244189865,2.8145372042260766,False,0,0.8273836776388634,1.0,2.5,20,18020
ft_e20,0,0.1,36,0,2.3796377756882325,2.104628356010647,2.6608431428896617,0.5562147868790146,1.8338257430690033,2.949423123130865,False,0,0.1857493262104981,1.0,2.5,20,18020
ft_e20,0,0.1,37,0,2.368311415098184,2.092403709967166,2.650291661737321,0.5578879517701552,1.8205449612025546,2.9395340672316936,False,0,0.2208619837401784,1.0,2.5,20,18020
ft_e20,0,0.1,38,0,2.414329997024613,2.13907960004907,2.6957769211106126,0.5566973210615425,1.8682771197559007,2.9845987061581685,False,0,0.0939832233962079,1.0,2.5,20,18020
ft_e20,0,0.1,39,0,2.2443618051673373,1.9676470722470634,2.526093862916482,0.5584467906694188,1.6932045202887425,2.8144851280205034,False,0,0.8247213046415709,1.0,2.5,20,18020
ft_e20,0,0.1,40,0,2.3303379469581524,2.0546006045111898,2.612032776838692,0.5574321723275024,1.7826310956865952,2.90101273584031,False,0,0.3661396255120053,1.0,2.5,20,18020
ft_e20,0,0.1,41,0,2.2396328755723824,1.9628343452829238,2.521715687278133,0.5588813419952092,1.6887208948437176,2.81063158738784,False,0,0.853280922932754,1.0,2.5,20,18020
ft_e20,0,0.1,42,0,2.372708184125531,2.0978784976679163,2.6537701892327776,0.5558916915648613,1.827427361485457,2.9422807683792334,False,0,0.20775286412390415,1.0,2.5,20,18020
ft_e20,0,0.1,43,0,2.2242860615886393,1.947522716941964,2.50628591886541,0.5587632019234461,1.6733835744317211,2.795086057239302,False,0,0.9561147030253778,1.0,2.5,20,18020
ft_e20,0,0.1,44,0,2.2144707543331648,1.9369508564202575,2.4970423731501237,0.5600915167298661,1.661707528795575,2.786281953357917,False,0,1.0205600379049429,0.0,2.5,20,18020
ft_e20,0,0.1,45,0,2.1854085066622106,1.9091325347329409,2.4665613399984987,0.5574288052655578,1.6349093000180897,2.7542993868178054,False,0,1.2484982750211202,0.0,2.5,20,18020
ft_e20,0,0.1,46,0,2.266915082233841,1.9909574143760107,2.548324879973543,0.5573674655975323,1.7180662248179421,2.8366482403954505,False,0,0.688575370273611,1.0,2.5,20,18020
ft_e20,0,0.1,47,0,2.3412844281772127,2.0663446529198426,2.62224612197784,0.5559014690579973,1.7953296961016287,2.9105304122318367,False,0,0.32238735464125057,1.0,2.5,20,18020
ft_e20,1,0.1,0,0,0.32246253225464994,0.12658949934236452,0.8763893739869275,0.749799874644563,0.04296918687699702,1.2601558645824822,False,0,0.040311076929356204,1.0,0.4,20,18020
ft_e20,1,0.1,1,0,0.2674936291368285,0.10549526368232864,0.8775607639830191,0.7720655003006904,0.0335948020070627,1.2946583004264782,False,0,0.14238999995723134,1.0,0.4,20,18020
ft_e20,1,0.1,2,0,0.24410533652769312,0.09256809038690049,1.0296046166891257,0.9370365263022252,0.027381212967872912,1.3905630061814533,False,0,0.1674492145248223,1.0,0.4,20,18020
ft_e20,1,0.1,3,0,0.23814380655746126,0.08926406417022915,1.0361160993489302,0.9468520351787011,0.02587231121610825,1.39443710813292,False,0,0.18036362940983963,1.0,0.4,20,18020
ft_e20,1,0.1,4,0,0.2503633768601409,0.09835330098358401,1.0098938395104473,0.9115405385268633,0.030656785170300703,1.3766948372465704,False,0,0.17066226421957253,1.0,0.4,20,18020
ft_e20,1,0.1,5,0,0.32679062354166377,0.12130162328579384,0.9478976009187059,0.826595977632912,0.0394923286589193,1.3052518655883,False,0,0.026121279181097634,1.0,0.4,20,18020
ft_e20,1,0.1,6,0,0.3361879745098221,0.12825979756596176,0.9177289980053187,0.789469200439357,0.043509360483501465,1.2811528806365347,False,0,0.022180777130415663,1.0,0.4,20,18020
ft_e20,1,0.1,7,0,0.4438578040035561,0.13468582223100026,1.0259398604631553,0.8912540382321551,0.044638249654485936,1.3524592795655008,False,0,0.002202696879976429,1.0,0.4,20,18020
ft_e20,1,0.1,8,0,0.22402319925959918,0.09002064006093159,0.704812244545912,0.6147916044849804,0.027379602555311505,1.2597514675120276,False,0,0.35894857582024997,1.0,0.4,20,18020
ft_e20,1,0.1,9,0,0.3425277725883985,0.1257632264951958,1.0083301280973385,0.8825669016021427,0.0420589329960913,1.346496992953254,False,0,0.012612084196007345,1.0,0.4,20,18020
ft_e20,1,0.1,10,0,0.23252449174651638,0.08866871355725604,0.9863338018729135,0.8976650883156575,0.025823707024910367,1.3718507949544807,False,0,0.22403994330306887,1.0,0.4,20,18020
ft_e20,1,0.1,11,0,0.5594978649471,0.14865787863307656,1.0195965272867937,0.8709386486537172,0.04789283342032181,1.3457072761324471,False,0,0.04049269344977802,1.0,0.4,20,18020
ft_e20,1,0.1,12,0,0.21384862146389522,0.08174131264923488,0.9192328153109912,0.8374915026617563,0.02277769542279821,1.3577400312449754,False,0,0.33074985961138736,1.0,0.4,20,18020
ft_e20,1,0.1,13,0,0.23845832402082107,0.08860385269970482,1.0332560188476412,0.9446521661479363,0.025244209531508882,1.3946662687760774,False,0,0.1765452054933121,1.0,0.4,20,18020
ft_e20,1,0.1,14,0,0.24130091949012336,0.09947915477640881,0.7561237707983999,0.6566446160219911,0.03239308113775777,1.250461758534984,False,0,0.27676472597158863,1.0,0.4,20,18020
ft_e20,1,0.1,15,0,0.2296958249133863,0.0878043868216593,1.0387830405323932,0.950978653710734,0.025570977553828207,1.4022901244560846,False,0,0.22776438632354257,1.0,0.4,20,18020
ft_e20,1,0.1,16,0,0.2195499261211307,0.0806940276161606,1.1426089012989642,1.0619148736828037,0.02175620440091083,1.4681900337595029,False,0,0.22067914651051979,1.0,0.4,20,18020
ft_e20,1,0.1,17,0,0.4018582949243796,0.15228350052770756,0.8985211171418691,0.7462376166141615,0.05415508429444454,1.250276531086256,False,0,0.0,1.0,0.4,20,18020
ft_e20,1,0.1,18,0,0.2801099639586029,0.10462624340935636,1.037554299679708,0.9329280562703517,0.03240650975509994,1.3818179940165287,False,0,0.07472039487038273,1.0,0.4,20,18020
ft_e20,1,0.1,19,0,0.27080390089137596,0.1032653824079228,0.9675033379806107,0.8642379555726879,0.03189317205768558,1.3419990646713476,False,0,0.10919004082097672,1.0,0.4,20,18020
ft_e20,1,0.1,20,0,0.2898557027431806,0.11496050317809015,0.8477645179712195,0.7328040147931294,0.03782469251766585,1.2573213103808367,False,0,0.09517925084219314,1.0,0.4,20,18020
ft_e20,1,0.1,21,0,0.21810731535568584,0.08419003272274422,1.0203466413226294,0.9361566085998851,0.02416749986398845,1.4041952175064285,False,0,0.29818521496417816,1.0,0.4,20,18020
ft_e20,1,0.1,22,0,0.35696310769641726,0.1229916660418624,1.0150565450356581,0.8920648789937957,0.03935485864909042,1.3517483609232905,False,0,0.005260973968688631,1.0,0.4,20,18020
ft_e20,1,0.1,23,0,0.4176631410163029,0.13504363545542145,0.9961260739550226,0.8610824384996012,0.04481069941398709,1.3276837332294777,False,0,0.0006028869756846689,1.0,0.4,20,18020
ft_e20,1,0.1,24,0,0.3117235411559387,0.11916206141027486,0.9742996359128079,0.855137574502533,0.03941606463088257,1.3319063783613245,False,0,0.042638180071662646,1.0,0.4,20,18020
ft_e20,1,0.1,25,0,0.3597008493628833,0.14697503833863246,0.8338020022336331,0.6868269638950006,0.05349441738696463,1.2080778823986233,False,0,0.01228121540407301,1.0,0.4,20,18020
ft_e20,1,0.1,26,0,0.2979079986682371,0.11897562178405043,0.8436505104512165,0.7246748886671661,0.039784025307247735,1.2457749767252189,False,0,0.08145129384865868,1.0,0.4,20,18020
ft_e20,1,0.1,27,0,0.2725365078003774,0.10834014370740255,0.8421486815813759,0.7338085378739734,0.035355859617340404,1.2582010672454909,False,0,0.13364429739885963,1.0,0.4,20,18020
ft_e20,1,0.1,28,0,0.2970024021693394,0.11105986750490567,0.9822797210137636,0.8712198535088579,0.03533850967547379,1.3383586588604448,False,0,0.05537970333170961,1.0,0.4,20,18020
ft_e20,1,0.1,29,0,0.2975158806489023,0.11359621021596969,0.9245362863982509,0.8109400761822813,0.03663351193148653,1.3005638942207938,False,0,0.06414117740132497,1.0,0.4,20,18020
ft_e20,1,0.1,30,0,0.33254852621569553,0.12563558838174196,0.9457230325982581,0.8200874442165161,0.04229717590563515,1.301016648579472,False,0,0.02277987135312287,1.0,0.4,20,18020
ft_e20,1,0.1,31,0,0.2529400530395619,0.09649464244180044,0.9755609861794439,0.8790663437376435,0.02895074742587052,1.353115248393694,False,0,0.1510805250836711,1.0,0.4,20,18020
ft_e20,1,0.1,32,0,0.3009833340313949,0.11420927487637444,0.9613837025221081,0.8471744276457337,0.03688618173930995,1.3257893646371852,False,0,0.05547562998981448,1.0,0.4,20,18020
ft_e20,1,0.1,33,0,0.34175805944220744,0.1314777790380387,0.895852096060093,0.7643743170220543,0.04495537648946423,1.2645653975227276,False,0,0.019929923360905377,1.0,0.4,20,18020
ft_e20,1,0.1,34,0,0.27716984222502294,0.11023932536882612,0.8572009937903549,0.7469616684215288,0.035981242698085905,1.2748969598233162,False,0,0.12393101622365066,1.0,0.4,20,18020
ft_e20,1,0.1,35,0,0.3281802639474267,0.12761759867977673,0.9033505438804155,0.7757329452006387,0.04343968638165181,1.2782308182025142,False,0,0.0318346903368365,1.0,0.4,20,18020
ft_e20,1,0.1,36,0,0.23459414516717653,0.09116829888754832,0.9509618013238881,0.8597935024363398,0.027336183641823577,1.3501088573036708,False,0,0.2311379361890431,1.0,0.4,20,18020
ft_e20,1,0.1,37,0,0.24776253028182685,0.09497558012342623,0.948005828204597,0.8530302480811708,0.0284957550700476,1.3372521098183447,False,0,0.17174175790205481,1.0,0.4,20,18020
ft_e20,1,0.1,38,0,0.2134292873500193,0.08413561174491607,0.7879321963281737,0.7037965845832577,0.024547056639052132,1.30722111243863,False,0,0.380941988183622,1.0,0.4,20,18020
ft_e20,1,0.1,39,0,0.2544838213326093,0.1058760053466035,0.7228439559347292,0.6169679505881257,0.03522687299181111,1.213474857112167,False,0,0.23413371268543415,1.0,0.4,20,18020
ft_e20,1,0.1,40,0,0.2849128293409521,0.10806433390209606,0.9710879665199776,0.8630236326178816,0.034071075768361145,1.3386647217380678,False,0,0.07846196435275488,1.0,0.4,20,18020
ft_e20,1,0.1,41,0,0.3522576154360249,0.13608830332931385,0.8642066934354965,0.7281183901061826,0.04687859174568619,1.232843850652946,False,0,0.01408074371283874,1.0,0.4,20,18020
ft_e20,1,0.1,42,0,0.29984772586217534,0.10862867919172789,1.032661613003383,0.9240329338116551,0.033797977364194313,1.3707147515431566,False,0,0.04156240044176229,1.0,0.4,20,18020
ft_e20,1,0.1,43,0,0.4076214157701171,0.1500757422065387,0.9172871675646659,0.7672114253581273,0.05237600444123243,1.2663818908685007,False,0,0.00023090069589670748,1.0,0.4,20,18020
ft_e20,1,0.1,44,0,0.3787041816694931,0.1402111366015039,0.9170614902181724,0.7768503536166685,0.04800476247920646,1.271816317505731,False,0,0.0021872653014725074,1.0,0.4,20,18020
ft_e20,1,0.1,45,0,0.3475935174291589,0.1388078833829466,0.8417533727853936,0.702945489402447,0.04890366366039967,1.2181712661024826,False,0,0.019456602974969428,1.0,0.4,20,18020
ft_e20,1,0.1,46,0,0.3311850853294999,0.12222386847721681,0.9533747870589183,0.8311509185817015,0.03971660166003601,1.3102298071131147,False,0,0.02238911178210401,1.0,0.4,20,18020
ft_e20,1,0.1,47,0,0.24281626257089237,0.09415178811399573,0.9388496773210138,0.844697889207018,0.02838398945322326,1.3342684767642639,False,0,0.1974632364253921,1.0,0.4,20,18020
ft_e20,1,0.1,0,0,2.2030247004273,1.9313402668351043,2.4809654886440233,0.549625221808919,1.6636702585756107,2.766471659109727,False,0,1.139540095351549,0.0,2.5,20,18020
ft_e20,1,0.1,1,0,2.2627765149629004,1.9914799335201039,2.5404242319307917,0.5489442984106878,1.72449428061214,2.825615992578474,False,0,0.7326777629859862,1.0,2.5,20,18020
ft_e20,1,0.1,2,0,2.346350165716122,2.076364329015522,2.623295096358818,0.5469307673432962,1.8117031640579104,2.9082277403475247,False,0,0.31134748115800903,1.0,2.5,20,18020
ft_e20,1,0.1,3,0,2.359026837929855,2.088933950010225,2.6361069934526733,0.5471730434424482,1.8243132593732285,2.9212526079833427,False,0,0.2622709754978132,1.0,2.5,20,18020
ft_e20,1,0.1,4,0,2.311786304607532,2.044379380918976,2.586161085393626,0.54178170447465,1.782222944752835,2.868598966227748,False,0,0.4744965182399028,1.0,2.5,20,18020
ft_e20,1,0.1,5,0,2.2331611686307564,1.9636374658399083,2.509104649321679,0.5454671834817706,1.698458994006436,2.792641839489346,False,0,0.9358004425739637,1.0,2.5,20,18020
ft_e20,1,0.1,6,0,2.1922147695177827,1.9225431803647655,2.468155067030335,0.5456118866655695,1.656910861732237,2.7516903613238313,False,0,1.2401899729557044,0.0,2.5,20,18020
ft_e20,1,0.1,7,0,2.2713404326052573,2.0015082187702666,2.547766318215968,0.5462580994457014,1.7364266104473405,2.831973471697049,False,0,0.6872418862149061,1.0,2.5,20,18020
ft_e20,1,0.1,8,0,2.290847877950411,2.0190145694974837,2.569175023711222,0.5501604542137382,1.751740050817507,2.855179787378942,False,0,0.5682937146921176,1.0,2.5,20,18020
ft_e20,1,0.1,9,0,2.266890332253415,1.997527846606484,2.542969633062588,0.5454417864561039,1.7330550072863729,2.8269072989456334,False,0,0.7157043923398305,1.0,2.5,20,18020
ft_e20,1,0.1,10,0,2.3588510953159125,2.0888393288982194,2.635833460366074,0.5469941314678546,1.8242669941470377,2.9208750763087075,False,0,0.26309502664298634,1.0,2.5,20,18020
ft_e20,1,0.1,11,0,2.2401804065429447,1.967349088732778,2.5193737360298454,0.5520246472970674,1.6987719690918077,2.806140840938361,False,0,0.8675097055493097,1.0,2.5,20,18020
ft_e20,1,0.1,12,0,2.3712314794315406,2.099396978026033,2.650067106667222,0.550670128641189,1.8329905271981393,2.9368793988297273,False,0,0.21638508741307305,1.0,2.5,20,18020
ft_e20,1,0.1,13,0,2.371430960918615,2.0997860701322275,2.6500922015069026,0.5503061313746751,1.8336596506748735,2.9367173607440553,False,0,0.21598489218740724,1.0,2.5,20,18020
ft_e20,1,0.1,14,0,2.2452995469697474,1.977648804385693,2.519539463907166,0.541890659521473,1.714610791295817,2.801474364892115,False,0,0.8641334066851414,1.0,2.5,20,18020
ft_e20,1,0.1,15,0,2.3701804313349353,2.1007871219337892,2.6467506518348856,0.5459635299010963,1.8371358536684934,2.9315262882324835,False,0,0.223560430262296,1.0,2.5,20,18020
ft_e20,1,0.1,16,0,2.440421976998236,2.170200669625081,2.7179220674766196,0.5477213978515385,1.9060080799222734,3.0036220307511514,False,0,0.04710867015819531,1.0,2.5,20,18020
ft_e20,1,0.1,17,0,2.148070060115064,1.8773808093866473,2.424545874763786,0.5471650653771387,1.6099592632109565,2.708336223725816,False,0,1.6089049996080576,0.0,2.5,20,18020
ft_e20,1,0.1,18,0,2.334068763452584,2.064601590951712,2.610458935979006,0.5458573450272937,1.8003540445296142,2.894700944817831,False,0,0.36417822662042454,1.0,2.5,20,18020
ft_e20,1,0.1,19,0,2.2934719986539984,2.0236655560379346,2.569995133959221,0.5463295779212864,1.75870022045635,2.854248596916585,False,0,0.5615177991312521,1.0,2.5,20,18020
ft_e20,1,0.1,20,0,2.2157709459971286,1.9436469169010484,2.494022174782115,0.5503752578810668,1.6754080692309954,2.779755334431535,False,0,1.0425657967862207,0.0,2.5,20,18020
ft_e20,1,0.1,21,0,2.3765390418602665,2.1072284307169733,2.6530733629337653,0.545844932216792,1.8436657429873795,2.937784335264162,False,0,0.20225490272787283,1.0,2.5,20,18020
ft_e20,1,0.1,22,0,2.2620063533042467,1.9909829747318617,2.5395043792946455,0.5485214045627838,1.7245033985817002,2.824641070580602,False,0,0.7382227464404423,1.0,2.5,20,18020
ft_e20,1,0.1,23,0,2.2234174386882315,1.9539155626606723,2.499387122231008,0.5454715595703357,1.688783779463481,2.7829850610100495,False,0,1.0043167444273422,0.0,2.5,20,18020
ft_e20,1,0.1,24,0,2.242399697805875,1.9737645471708103,2.517580779615337,0.5438162324445266,1.7096644459700174,2.800520243800406,False,0,0.8775813358588493,1.0,2.5,20,18020
ft_e20,1,0.1,25,0,2.1178947770816925,1.8479749077788774,2.3933119696194023,0.5453370618405249,1.5808120318967613,2.6758499166110794,False,0,1.9062447988908389,0.0,2.5,20,18020
ft_e20,1,0.1,26,0,2.2009577472088724,1.9309838948920803,2.4770940708292866,0.5461101759372062,1.6649919754051363,2.7607948521886647,False,0,1.1699908023110765,0.0,2.5,20,18020
ft_e20,1,0.1,27,0,2.231570416344382,1.962881916111736,2.5065817351508937,0.5436998190391578,1.698398955266908,2.7892437315581904,False,0,0.9530311314083519,1.0,2.5,20,18020
ft_e20,1,0.1,28,0,2.2917289103467993,2.0213415464565387,2.568821397927481,0.5474798514709422,1.755877914594271,2.8537292132152707,False,0,0.5686079586157575,1.0,2.5,20,18020
ft_e20,1,0.1,29,0,2.2341753804369513,1.9631392593905006,2.5116056155047746,0.548466356114274,1.6964193443511302,2.7966298454494902,False,0,0.9189097305497853,1.0,2.5,20,18020
ft_e20,1,0.1,30,0,2.2399897982556842,1.9721684310005487,2.514286991924249,0.5421185609237005,1.7088466437737364,2.7963315314079376,False,0,0.8995046893614926,1.0,2.5,20,18020
ft_e20,1,0.1,31,0,2.302215934702975,2.0319963239066716,2.579177199575122,0.5471808756684502,1.7667175796171035,2.863956599744585,False,0,0.513797322895698,1.0,2.5,20,18020
ft_e20,1,0.1,32,0,2.2804438028431013,2.01052921507542,2.557035824099405,0.546506609023985,1.7455245620524311,2.8415149704756066,False,0,0.6334264531942608,1.0,2.5,20,18020
ft_e20,1,0.1,33,0,2.1872107426821037,1.916839871077343,2.463649813418857,0.5468099423415138,1.6502152557178043,2.7475515340448515,False,0,1.275677477613499,0.0,2.5,20,18020
ft_e20,1,0.1,34,0,2.2281495650831196,1.956689975465659,2.5058865880655743,0.5491966125999153,1.6893090623229925,2.7912494796093377,False,0,0.9582941490443773,1.0,2.5,20,18020
ft_e20,1,0.1,35,0,2.2043723941031037,1.9331837487046133,2.481715943630202,0.5485321949255886,1.6658901023986499,2.7665037039307294,False,0,1.1341304550660425,0.0,2.5,20,18020
ft_e20,1,0.1,36,0,2.336298697307767,2.0670778577863147,2.6124999987050015,0.5454221409186868,1.8032253720341354,2.8966838567889126,False,0,0.3550124551511544,1.0,2.5,20,18020
ft_e20,1,0.1,37,0,2.326121177575576,2.055910257505047,2.6031516831355552,0.5472414256305083,1.790792543911767,2.888066217324351,False,0,0.39767354734794935,1.0,2.5,20,18020
ft_e20,1,0.1,38,0,2.355562870433119,2.0851473784158,2.6328806656714656,0.5477332872556655,1.8199631316482656,2.9181078622491126,False,0,0.27453230465835077,1.0,2.5,20,18020
ft_e20,1,0.1,39,0,2.2207725993395426,1.9509997642133068,2.496785628349472,0.5457858641361653,1.6853026499868706,2.7804428658578693,False,0,1.022841038167826,0.0,2.5,20,18020
ft_e20,1,0.1,40,0,2.291945854441803,2.0207712456341507,2.5698098969899106,0.5490386513557599,1.7544757361632666,2.8554539766521003,False,0,0.5643605486438901,1.0,2.5,20,18020
ft_e20,1,0.1,41,0,2.175109859907026,1.904102748313,2.4520712215620706,0.5479684732490706,1.63667813510605,2.7363302968485486,False,0,1.369950625448837,0.0,2.5,20,18020
ft_e20,1,0.1,42,0,2.3246522382901653,2.0549487642905735,2.601290683865811,0.5463419195752377,1.7904858890368358,2.8858172012186802,False,0,0.4055496609507827,1.0,2.5,20,18020
ft_e20,1,0.1,43,0,2.179434565754793,1.9081358478132981,2.456744806491768,0.5486089586784699,1.6404985565763257,2.741517968128155,False,0,1.3306861216406105,0.0,2.5,20,18020
ft_e20,1,0.1,44,0,2.18128620233685,1.9102385186183548,2.458350533411004,0.5481120147926493,1.6429362839948838,2.7428567599258344,False,0,1.3180050575865607,0.0,2.5,20,18020
ft_e20,1,0.1,45,0,2.138275048365195,1.86719318988351,2.415072930798996,0.5478797409154861,1.5991939779866682,2.699170093697905,False,0,1.6943765580144827,0.0,2.5,20,18020
ft_e20,1,0.1,46,0,2.250764341719976,1.9803186904770957,2.52763160185602,0.5473129113789243,1.714387402805535,2.8121932902552986,False,0,0.8122883298019588,1.0,2.5,20,18020
ft_e20,1,0.1,47,0,2.314708724566022,2.0457172883193078,2.5906556327605665,0.5449383444412588,1.7819664537729338,2.8744964201205523,False,0,0.4547412046522368,1.0,2.5,20,18020
ft_e20,2,0.1,0,0,0.37358121210841244,0.14441437903208687,0.8748733814226731,0.7304590023905863,0.04808273134866696,1.2757919395944755,False,0,0.004613237440935336,1.0,0.4,20,18020
ft_e20,2,0.1,1,0,0.30453870572045816,0.11880949225244156,0.8515230602316274,0.7327135679791859,0.03769094279487556,1.2955933604083953,False,0,0.07183009133950691,1.0,0.4,20,18020
ft_e20,2,0.1,2,0,0.3005872033998979,0.10899876225517446,0.9852131228647887,0.8762143606096142,0.03188166219932772,1.3906337273013407,False,0,0.056569038966699736,1.0,0.4,20,18020
ft_e20,2,0.1,3,0,0.2915357349975198,0.10314273976300582,1.0223865494449353,0.9192438096819295,0.0290358016546404,1.4103161959383888,False,0,0.059964739837596426,1.0,0.4,20,18020
ft_e20,2,0.1,4,0,0.30496107987969245,0.11702597568641868,0.928119315630387,0.8110933399439683,0.03689865885380682,1.3531076974056035,False,0,0.062453683305648156,1.0,0.4,20,18020
ft_e20,2,0.1,5,0,0.38163895703715217,0.1392748204403449,0.9298967673561744,0.7906219469158295,0.044963934885499164,1.31718449138824,False,0,0.001769126181898173,1.0,0.4,20,18020
ft_e20,2,0.1,6,0,0.40683246486260183,0.1479565238550023,0.9331837086146919,0.7852271847596897,0.04848465385378852,1.3139045839227068,False,0,0.00017499589375802316,1.0,0.4,20,18020
ft_e20,2,0.1,7,0,0.46314717920725545,0.1570747978159893,0.9921125976233113,0.835037799807322,0.05144341197791809,1.3566856105116694,False,0,0.014106331236689584,1.0,0.4,20,18020
ft_e20,2,0.1,8,0,0.2593513356832451,0.10249605857868213,0.7285017220267509,0.6260056634480687,0.030609901669973724,1.2570510644568398,False,0,0.2064460412839253,1.0,0.4,20,18020
ft_e20,2,0.1,9,0,0.41084273919297315,0.14764740951370478,0.970506749078728,0.8228593395650232,0.04875982275353279,1.3465278117962722,False,0,0.0004994368682673667,1.0,0.4,20,18020
ft_e20,2,0.1,10,0,0.2831560267765698,0.1056109956878717,0.9039737948572274,0.7983627991693557,0.030643895650390704,1.3437844898688316,False,0,0.09748427033991902,1.0,0.4,20,18020
ft_e20,2,0.1,11,0,0.5029685091306746,0.16807755972740637,0.9877960199706383,0.8197184602432319,0.054387725997130494,1.34669634373488,False,0,0.039238853390997974,1.0,0.4,20,18020
ft_e20,2,0.1,12,0,0.251014581503245,0.09367241239482896,0.8846885419720439,0.791016129577215,0.026061303374165047,1.359829051930366,False,0,0.18424717439120286,1.0,0.4,20,18020
ft_e20,2,0.1,13,0,0.2846359107012359,0.09946382512782832,1.0537814697872612,0.9543176446594328,0.0274455025120956,1.4330601654156145,False,0,0.06504801849951036,1.0,0.4,20,18020
ft_e20,2,0.1,14,0,0.278396735768403,0.11396589888589552,0.7428090286393616,0.6288431297534661,0.03709083178975914,1.2400148161109374,False,0,0.15481192816514522,1.0,0.4,20,18020
ft_e20,2,0.1,15,0,0.28302633145537504,0.10380817965996665,0.9806441364036997,0.876835956743733,0.029731548361598647,1.3928616676463403,False,0,0.0863246228400385,1.0,0.4,20,18020
ft_e20,2,0.1,16,0,0.27494607338813765,0.09882255314794813,1.0143238057796986,0.9155012526317505,0.027598681789029744,1.4160753197229259,False,0,0.09231400479620788,1.0,0.4,20,18020
ft_e20,2,0.1,17,0,0.43581387712058545,0.17109004199802133,0.8944970082575813,0.7234069662595599,0.0599811194389682,1.2691770467332932,False,0,0.008114301173918648,1.0,0.4,20,18020
ft_e20,2,0.1,18,0,0.35267520768158656,0.12315925740956911,1.0076224970611787,0.8844632396516096,0.03758066527772883,1.3873892058936963,False,0,0.009219011230015894,1.0,0.4,20,18020
ft_e20,2,0.1,19,0,0.31858090331191075,0.1210271539609116,0.8884143386161444,0.7673871846552328,0.03788670354670333,1.3136416990089308,False,0,0.04586317642315407,1.0,0.4,20,18020
ft_e20,2,0.1,20,0,0.33188880194011183,0.12877864858772314,0.8556978973236815,0.7269192487359584,0.04155978509032988,1.2809382966353573,False,0,0.03425263687677216,1.0,0.4,20,18020
ft_e20,2,0.1,21,0,0.265373031361322,0.09945343912875662,0.9418247427625203,0.8423713036337637,0.02855243097998558,1.3863185224852477,False,0,0.13746269926195964,1.0,0.4,20,18020
ft_e20,2,0.1,22,0,0.6159759915793743,0.5252623714755,1.0109661199383035,0.4857037484628035,0.08391530639563057,1.360709371666027,False,0,1.7014901860020473,0.0,0.4,20,18020
ft_e20,2,0.1,23,0,0.43636347670349224,0.15637492245088072,0.9486109248654315,0.7922360024145508,0.0518373359262499,1.3199872859535686,False,0,0.005973903964331839,1.0,0.4,20,18020
ft_e20,2,0.1,24,0,0.3644987740000044,0.1396328893965886,0.9122418816297053,0.7726089922331167,0.046503573412011966,1.3138696796086882,False,0,0.007734421276836656,1.0,0.4,20,18020
ft_e20,2,0.1,25,0,0.3872800579017072,0.16502839121596655,0.8006766176656293,0.6356482264496627,0.06032181350401946,1.1914844610691495,False,0,0.001443500481400406,1.0,0.4,20,18020
ft_e20,2,0.1,26,0,0.3416370079214877,0.13576794549819599,0.8260733553421996,0.6903054098440036,0.045283477375076195,1.246253974913755,False,0,0.027226144964515697,1.0,0.4,20,18020
ft_e20,2,0.1,27,0,0.31254509737536007,0.12435985889078878,0.8003897158166364,0.6760298569258476,0.04042157848651288,1.240118738490394,False,0,0.06539260877980269,1.0,0.4,20,18020
ft_e20,2,0.1,28,0,0.3510979803193268,0.13075048040127632,0.9119332382881882,0.7811827578869118,0.04165085229515375,1.31407192159413,False,0,0.014138212136458606,1.0,0.4,20,18020
ft_e20,2,0.1,29,0,0.3433511930173415,0.13409391711887136,0.840866283862454,0.7067723667435826,0.043902581360153195,1.2608594264366837,False,0,0.02406401765620103,1.0,0.4,20,18020
ft_e20,2,0.1,30,0,0.39176936198812967,0.14497689854181553,0.9304330676561928,0.7854561691143773,0.04802209356122807,1.3131043257361354,False,0,0.00035299648152431473,1.0,0.4,20,18020
ft_e20,2,0.1,31,0,0.3024487081475675,0.115782628268342,0.8577548349926756,0.7419722067243336,0.03584066530379179,1.2994192508500957,False,0,0.0716551914520096,1.0,0.4,20,18020
ft_e20,2,0.1,32,0,0.3564590511245631,0.1319501844022739,0.9316413075306682,0.7996911231283943,0.0421030278211869,1.3290460836172493,False,0,0.01051566995010944,1.0,0.4,20,18020
ft_e20,2,0.1,33,0,0.40390952070062464,0.14978352904572517,0.9054140969507298,0.7556305679050046,0.049574119516605196,1.2880868771162994,False,0,0.0,1.0,0.4,20,18020
ft_e20,2,0.1,34,0,0.32451540682946517,0.12663506745869843,0.846367034183905,0.7197319667252066,0.04046293025162144,1.2807930245321288,False,0,0.04374999081846909,1.0,0.4,20,18020
ft_e20,2,0.1,35,0,0.3694689937831015,0.14438290942620516,0.8817533741495388,0.7373704647233337,0.048705422026994016,1.2848891535383884,False,0,0.006381510880601127,1.0,0.4,20,18020
ft_e20,2,0.1,36,0,0.2774381510382426,0.10549307527431462,0.9027935976616234,0.7973005223873088,0.031348019201209304,1.3462061265054595,False,0,0.11429904436590732,1.0,0.4,20,18020
ft_e20,2,0.1,37,0,0.2946373764019442,0.10917203946342867,0.9189369134811546,0.8097648740177259,0.03254657944461795,1.3412884958279867,False,0,0.07199908292750479,1.0,0.4,20,18020
ft_e20,2,0.1,38,0,0.24204543790787586,0.0896021835565642,0.935843123594983,0.8462409400384188,0.024626392615357564,1.3902697875354169,False,0,0.2022509838534461,1.0,0.4,20,18020
ft_e20,2,0.1,39,0,0.2912170430087541,0.11896793918411984,0.7434388866089141,0.6244709474247943,0.038894133994765365,1.2215455198539515,False,0,0.12107125613692915,1.0,0.4,20,18020
ft_e20,2,0.1,40,0,0.3381122777488823,0.1243615813475575,0.9460154510896869,0.8216538697421294,0.038598688163346544,1.3471621051695277,False,0,0.0213466359564336,1.0,0.4,20,18020
ft_e20,2,0.1,41,0,0.4026591976479939,0.15341177567194522,0.8809866323227077,0.7275748566507625,0.05137122920192753,1.2644180936695488,False,0,0.0,1.0,0.4,20,18020
ft_e20,2,0.1,42,0,0.35297743665269815,0.1291829348698368,0.9370440726701463,0.8078611378003095,0.04061506424987581,1.3332987582792357,False,0,0.011866154258314054,1.0,0.4,20,18020
ft_e20,2,0.1,43,0,0.4403237431253286,0.1690609313438656,0.9087542149781112,0.7396932836342456,0.05838436321769857,1.2818198602966226,False,0,0.009638304694817634,1.0,0.4,20,18020
ft_e20,2,0.1,44,0,0.4140215640479845,0.1589967204564463,0.8939599138637906,0.7349631934073443,0.05420273128388487,1.2757469101783259,False,0,0.0011102755015599541,1.0,0.4,20,18020
ft_e20,2,0.1,45,0,0.3845953443900425,0.1567791942936872,0.82777998690867,0.6710007926149828,0.055018614954075576,1.2218511089705963,False,0,0.0017509883909951895,1.0,0.4,20,18020
ft_e20,2,0.1,46,0,0.3728448574538968,0.14148941541032112,0.8905575373759109,0.7490681219655898,0.046627313628364475,1.2875008346515977,False,0,0.00456942084201728,1.0,0.4,20,18020
ft_e20,2,0.1,47,0,0.2916659727001788,0.11135499320076073,0.8595055165854997,0.748150523384739,0.034045474722900294,1.3050664267281704,False,0,0.08992566656525014,1.0,0.4,20,18020
ft_e20,2,0.1,0,0,2.2858954581016646,1.9984241910248512,2.5788944613968474,0.5804702703719962,1.713693161582856,2.879027743031009,False,0,0.5370526990263897,1.0,2.5,20,18020
ft_e20,2,0.1,1,0,2.3356072207589205,2.049555397429275,2.6274792267844855,0.5779238293552105,1.7669395509563917,2.9266558260804008,False,0,0.3202132875812822,1.0,2.5,20,18020
ft_e20,2,0.1,2,0,2.432654476606212,2.1468870036732617,2.7247503267215802,0.5778633230483186,1.8653929242089393,3.0244835801622187,False,0,0.05405098174378509,1.0,2.5,20,18020
ft_e20,2,0.1,3,0,2.4468671081140316,2.161798894248174,2.7384872754204546,0.5766883811722807,1.881371242173214,3.03784600873376,False,0,0.033750664075341774,1.0,2.5,20,18020
ft_e20,2,0.1,4,0,2.3873986613083553,2.1038935289722116,2.6771061491662453,0.5732126201940337,1.824341673624655,2.9743850899582824,False,0,0.15318946390834753,1.0,2.5,20,18020
ft_e20,2,0.1,5,0,2.3177236727782558,2.0327383749326104,2.6085447134328823,0.5758063385002719,1.751053293576372,2.9066824463881007,False,0,0.3961475111063919,1.0,2.5,20,18020
ft_e20,2,0.1,6,0,2.290473636477326,2.0045000634710552,2.5821110269264813,0.5776109634554261,1.721460159777302,2.8810075418367367,False,0,0.5193900530321116,1.0,2.5,20,18020
ft_e20,2,0.1,7,0,2.354238440917719,2.06891913631128,2.6455070806677607,0.5765879443564805,1.7872991453406573,2.9441601477581103,False,0,0.25313320081841084,1.0,2.5,20,18020
ft_e20,2,0.1,8,0,2.3665956471881446,2.078907418155428,2.660160353983965,0.581252935828537,1.794662827321303,2.9610120713083674,False,0,0.20897874578440678,1.0,2.5,20,18020
ft_e20,2,0.1,9,0,2.3449759248376925,2.059883423830925,2.636046948897382,0.5761635250664567,1.7785263133504443,2.9345368181976146,False,0,0.28650275439576944,1.0,2.5,20,18020
ft_e20,2,0.1,10,0,2.4291082077864585,2.142977740208718,2.7215889830877744,0.5786112428790564,1.8610834574185984,3.0217049270773733,False,0,0.05980699829524383,1.0,2.5,20,18020
ft_e20,2,0.1,11,0,2.313618633249123,2.026059212771049,2.606888500659355,0.5808292878883061,1.7416507243134252,2.9073857761678568,False,0,0.40704607174848206,1.0,2.5,20,18020
ft_e20,2,0.1,12,0,2.4557822790829493,2.1689436006508274,2.7491685372861685,0.5802249366353411,1.8867421589434754,3.050278954284585,False,0,0.022981307687587105,1.0,2.5,20,18020
ft_e20,2,0.1,13,0,2.4643417674786097,2.1792746838803696,2.7560522851087765,0.5767776012284069,1.8990947930986506,3.0555849466001983,False,0,0.015043980038171867,1.0,2.5,20,18020
ft_e20,2,0.1,14,0,2.317885872362111,2.0343499941022416,2.6072447252425173,0.5728947311402757,1.7540500979426996,2.9039530882139455,False,0,0.3994151243532542,1.0,2.5,20,18020
ft_e20,2,0.1,15,0,2.449129702067065,2.1646581478281623,2.74025747696686,0.5755993291386976,1.8848472403674823,3.0391929491675733,False,0,0.031156289358477807,1.0,2.5,20,18020
ft_e20,2,0.1,16,0,2.499485910625305,2.2142664792937405,2.7914500618739506,0.5771835825802101,1.93397892085373,3.091276204040087,False,0,0.0,1.0,2.5,20,18020
ft_e20,2,0.1,17,0,2.2305769317397015,1.9441995156712757,2.522069917942206,0.5778704022709302,1.6597985434275184,2.820477951719085,False,0,0.8555503869101813,1.0,2.5,20,18020
ft_e20,2,0.1,18,0,2.41669860151138,2.1314222205090574,2.7082939003959856,0.5768716798869282,1.8504253565664888,3.00747271284584,False,0,0.08288585250556935,1.0,2.5,20,18020
ft_e20,2,0.1,19,0,2.356560334501338,2.0710536822354246,2.6479575343473365,0.5769038521119119,1.789091974873194,2.9466886825477348,False,0,0.24501192628304125,1.0,2.5,20,18020
ft_e20,2,0.1,20,0,2.3022909469444226,2.0144074070667592,2.595741526466833,0.5813341194000738,1.7293170922073744,2.8963950130184832,False,0,0.4570892088122491,1.0,2.5,20,18020
ft_e20,2,0.1,21,0,2.4527696191862707,2.1681008547022,2.744009874712332,0.575909020010132,1.8880902281230942,3.0430681567686046,False,0,0.026752447345643304,1.0,2.5,20,18020
ft_e20,2,0.1,22,0,2.327756331843481,2.041177352803984,2.620080754922205,0.5789034021182209,1.7578413182294712,2.9196136048467123,False,0,0.35038851303761476,1.0,2.5,20,18020
ft_e20,2,0.1,23,0,2.2952096378217295,2.0096273522888537,2.586405521516644,0.5767781692277905,1.7271374779976467,2.88479314343767,False,0,0.49767262689056224,1.0,2.5,20,18020
ft_e20,2,0.1,24,0,2.310435025715088,2.025667863339716,2.6009306788831275,0.5752628155434114,1.743977162537604,2.8986695773931586,False,0,0.429186298399145,1.0,2.5,20,18020
ft_e20,2,0.1,25,0,2.1734733348217983,1.8871302486698782,2.4642490209049885,0.5771187722351103,1.6015898079402269,2.7615238762827636,False,0,1.2575409624805616,0.0,2.5,20,18020
ft_e20,2,0.1,26,0,2.277141338778856,1.9917425067109993,2.567967952828055,0.5762254461170557,1.7089571970948683,2.865878236199469,False,0,0.5901300493605959,1.0,2.5,20,18020
ft_e20,2,0.1,27,0,2.2949778024973484,2.010216870329178,2.5852604746643455,0.5750436043351677,1.7283925282481816,2.88269166604974,False,0,0.501867947550636,1.0,2.5,20,18020
ft_e20,2,0.1,28,0,2.3577909868452096,2.0714363512214713,2.65011410497086,0.5786777537493886,1.7886769802391247,2.94979235481825,False,0,0.2394450205938483,1.0,2.5,20,18020
ft_e20,2,0.1,29,0,2.2911176435450793,2.00295417361452,2.5845875561911944,0.5816333825766744,1.7172099373433245,2.8850974539783514,False,0,0.5096478809100518,1.0,2.5,20,18020
ft_e20,2,0.1,30,0,2.326309211952249,2.0429691177414293,2.6155765063282828,0.5726073885868534,1.763155360850379,2.912243801437899,False,0,0.3637326622265391,1.0,2.5,20,18020
ft_e20,2,0.1,31,0,2.35479324315587,2.0682161651322195,2.6471694597832727,0.5789532946510532,1.7850415878083707,2.946803420752794,False,0,0.24923163104904233,1.0,2.5,20,18020
ft_e20,2,0.1,32,0,2.360483587374467,2.075177510958318,2.651927666381062,0.5767501554227441,1.7936475126205322,2.950922902023305,False,0,0.2319723731088743,1.0,2.5,20,18020
ft_e20,2,0.1,33,0,2.2701841532830693,1.9845928675235187,2.5612409616451544,0.5766480941216356,1.701600712218522,2.859399335116314,False,0,0.6263165372911317,1.0,2.5,20,18020
ft_e20,2,0.1,34,0,2.3118822592888,2.02418667582358,2.6050998289791667,0.5809131531555867,1.739255000287815,2.905477576361415,False,0,0.41474885927527794,1.0,2.5,20,18020
ft_e20,2,0.1,35,0,2.2811215129912723,1.9946387887298964,2.5730757288213213,0.5784369400914249,1.7107584880832662,2.8721782768632687,False,0,0.5650595760198485,1.0,2.5,20,18020
ft_e20,2,0.1,36,0,2.4157773301614855,2.1315583750529306,2.7064624183667028,0.5749040433137722,1.8518404570946851,3.0048665348580963,False,0,0.085203998038196,1.0,2.5,20,18020
ft_e20,2,0.1,37,0,2.409406566389036,2.124210580458749,2.7009120818693266,0.5767015014105774,1.8431590576923154,3.0000118801089513,False,0,0.09817664020738448,1.0,2.5,20,18020
ft_e20,2,0.1,38,0,2.470280865800148,2.1867622973849454,2.7605172901176935,0.5737549927327481,1.9080637371123579,3.058594257577718,False,0,0.01072324919005041,1.0,2.5,20,18020
ft_e20,2,0.1,39,0,2.301719664060668,2.0164689961851416,2.592566469995712,0.5760974738105702,1.7340522752476908,2.890647700669985,False,0,0.46800605355383595,1.0,2.5,20,18020
ft_e20,2,0.1,40,0,2.37515895498168,2.089011736451743,2.6674462788294147,0.5784345423776718,1.8068226742024571,2.9672325123910905,False,0,0.1846499478269834,1.0,2.5,20,18020
ft_e20,2,0.1,41,0,2.267184639089443,1.98084314588622,2.558856653393652,0.5780135075074322,1.6970404331579751,2.8575148006525106,False,0,0.6398671937458857,1.0,2.5,20,18020
ft_e20,2,0.1,42,0,2.3870394968572604,2.1013390822567306,2.6789261552453763,0.5775870729886456,1.8196348730072407,2.978325215252879,False,0,0.1518566958984593,1.0,2.5,20,18020
ft_e20,2,0.1,43,0,2.2599390037485545,1.9731798277045716,2.552050069461311,0.5788702417567393,1.6888457777188257,2.851216002010756,False,0,0.6779162599377742,1.0,2.5,20,18020
ft_e20,2,0.1,44,0,2.25509549218848,1.9682938353839774,2.5471685495510488,0.5788747141670714,1.6838818414979997,2.8462035182778536,False,0,0.7053402739438752,1.0,2.5,20,18020
ft_e20,2,0.1,45,0,2.2110656715268786,1.9239598510155835,2.502971601640309,0.5790117506247257,1.638276432737691,2.8016121458708394,False,0,0.9797232316268492,1.0,2.5,20,18020
ft_e20,2,0.1,46,0,2.3148855407060083,2.0285870540582263,2.6068887982442357,0.5783017441860094,1.7455051885628707,2.906109878369102,False,0,0.40498014167678775,1.0,2.5,20,18020
ft_e20,2,0.1,47,0,2.3859967971985063,2.1008186549942796,2.677367941553146,0.5765492865588664,1.8196751203627832,2.976295513725227,False,0,0.15513036354241194,1.0,2.5,20,18020
ft_e20,0,0.3,0,0,0.4031276999368743,0.14913879888088893,0.9469914703452933,0.7978526714644043,0.04971173517852548,1.338757348064178,False,0,0.0,1.0,0.4,19,54040
ft_e20,0,0.3,1,0,0.47686700489320016,0.42210034791160045,0.9769726626970662,0.5548723147854657,0.029889300322889143,1.379466244052377,False,0,1.1679671003257681,0.0,0.4,19,54040
ft_e20,0,0.3,2,0,0.30322338477037264,0.10408248419043889,1.0298593918722434,0.9257769076818045,0.03053658404243286,1.436394182488085,False,0,0.04605666578572709,1.0,0.4,19,54040
ft_e20,0,0.3,3,0,0.2938052088130997,0.10166672192214701,1.051406184037774,0.949739462115627,0.02886507797103957,1.443205066107104,False,0,0.04964931215363322,1.0,0.4,19,54040
ft_e20,0,0.3,4,0,0.315778910076389,0.11633208298820971,1.0162616157297142,0.8999295327415044,0.036186390013444376,1.4146946651357661,False,0,0.037662247399566695,1.0,0.4,19,54040
ft_e20,0,0.3,5,0,0.43127543691011533,0.1456414933842812,1.0069343559138206,0.8612928625295394,0.046928805967914544,1.3845994533211632,False,0,0.003451282398600597,1.0,0.4,19,54040
ft_e20,0,0.3,6,0,0.4618582148831072,0.3506284085127212,0.9631676159748763,0.6125392074621552,0.04640750947108323,1.3463425209122366,False,0,0.03337248691968853,1.0,0.4,19,54040
ft_e20,0,0.3,7,0,0.3717440934446238,0.139633335878438,0.9313887459537191,0.7917554100752812,0.04617771087721131,1.3368116145751727,False,0,0.004602325232553994,1.0,0.4,19,54040
ft_e20,0,0.3,8,0,0.28193960505063875,0.10991887640106934,0.8741859003382001,0.7642670239371308,0.0338879820901012,1.3564621864386435,False,0,0.11811776270405971,1.0,0.4,19,54040
ft_e20,0,0.3,9,0,0.3500094325583146,0.13219349948073592,0.956079883161403,0.8238863836806671,0.0431113107595536,1.3632633119554487,False,0,0.014465469401329756,1.0,0.4,19,54040
ft_e20,0,0.3,10,0,0.3161251427251377,0.11168213105179875,1.0865709105502814,0.9748887794984826,0.032826703688179054,1.4662632167107652,False,0,0.03078187711435021,1.0,0.4,19,54040
ft_e20,0,0.3,11,0,0.4415536510331563,0.14937308471369704,0.9982969205149798,0.8489238358012827,0.047722894172325656,1.3762985835246544,False,0,0.00617576076547266,1.0,0.4,19,54040
ft_e20,0,0.3,12,0,0.2490784183340165,0.091121478645779,0.9665980506693886,0.8754765720236096,0.024994350575162673,1.4218541319305271,False,0,0.16930859454078018,1.0,0.4,19,54040
ft_e20,0,0.3,13,0,0.6771053915361677,0.1688017755051792,1.1584600593817895,0.9896582838766104,0.025399132069970486,1.5094755535435034,False,0,0.7934343851229642,1.0,0.4,19,54040
ft_e20,0,0.3,14,0,0.2673501228511139,0.10844971725852628,0.7391420906724508,0.6306923734139246,0.0347690277378439,1.2683983624376456,False,0,0.1848292801369098,1.0,0.4,19,54040
ft_e20,0,0.3,15,0,0.367806425077715,0.09529580769027984,1.1161876044529295,1.0208917967626496,0.027080386174010616,1.4867293533991692,False,0,0.00578076559031615,1.0,0.4,19,54040
ft_e20,0,0.3,16,0,0.28327704475365534,0.09850252473492212,1.1812934988805672,1.0827909741456452,0.027197482340019133,1.5335706596552876,False,0,0.05688678168007755,1.0,0.4,19,54040
ft_e20,0,0.3,17,0,0.4025209876494967,0.1660190548271441,0.8566681994220777,0.6906491445949337,0.05980661993934851,1.2542698452709906,False,0,0.0,1.0,0.4,19,54040
ft_e20,0,0.3,18,0,0.3267813822549588,0.11541139907395552,1.016704555104111,0.9012931560301555,0.035092787405020316,1.4118651041404318,False,0,0.02440021442453144,1.0,0.4,19,54040
ft_e20,0,0.3,19,0,0.3312842962322827,0.11547488698347348,0.9921443928735681,0.8766695058900946,0.03515230116565256,1.393336467666455,False,0,0.02163833060330944,1.0,0.4,19,54040
ft_e20,0,0.3,20,0,0.373641782979118,0.13056609681885217,0.9336726198535479,0.8031065230346957,0.041611396683818705,1.3394592825819833,False,0,0.003563925634807674,1.0,0.4,19,54040
ft_e20,0,0.3,21,0,0.534015328889491,0.3852898356101447,1.16057258477047,0.7752827491603254,0.02285383685491258,1.5113924632390527,False,0,0.5749263615725795,1.0,0.4,19,54040
ft_e20,0,0.3,22,0,0.42247234193854744,0.1390336690767403,1.0105753894118392,0.8715417203350989,0.04373601032163622,1.3908843768471584,False,0,0.0016426821493951138,1.0,0.4,19,54040
ft_e20,0,0.3,23,0,0.4083310548218967,0.14917788956360498,0.9560779363178663,0.8069000467542613,0.04959853227642811,1.3428073003780843,False,0,0.0003076461980526801,1.0,0.4,19,54040
ft_e20,0,0.3,24,0,0.4328477785613181,0.12694040449458188,0.993184422283014,0.8662440177884321,0.039311572338153876,1.3756922321153506,False,0,0.004219375947286608,1.0,0.4,19,54040
ft_e20,0,0.3,25,0,0.4372157119174519,0.21777571749079627,0.8607896263548881,0.6430139088640918,0.05938873300185571,1.251840067198295,False,0,0.021524617390241474,1.0,0.4,19,54040
ft_e20,0,0.3,26,0,0.3936011510399525,0.15268259200983345,0.9199835121157246,0.7673009201058911,0.052589092649304406,1.317971737927839,False,0,0.00018008493861998431,1.0,0.4,19,54040
ft_e20,0,0.3,27,0,0.5251398141276089,0.40418310404391355,1.0060167384482943,0.6018336344043808,0.042166790657691675,1.3739580964479854,False,0,1.5083824608009309,0.0,0.4,19,54040
ft_e20,0,0.3,28,0,0.36207297889802925,0.13347918603435707,0.9632321450213189,0.8297529589869619,0.042686396244362955,1.3682772743289844,False,0,0.0076426598643593024,1.0,0.4,19,54040
ft_e20,0,0.3,29,0,0.35941294184602757,0.1345279414538072,0.914455041436739,0.7799270999829317,0.04361513055636475,1.3254054700661535,False,0,0.009812696487642825,1.0,0.4,19,54040
ft_e20,0,0.3,30,0,0.5365221204512167,0.3524128415708917,1.0094108931109982,0.6569980515401065,0.046737249914922493,1.3707265993853563,False,0,0.9635415938282677,1.0,0.4,19,54040
ft_e20,0,0.3,31,0,0.3303958927788931,0.11251426143859884,0.9786965206499526,0.8661822592113537,0.03402686255774042,1.3825641431703357,False,0,0.021095560663525248,1.0,0.4,19,54040
ft_e20,0,0.3,32,0,0.35381618234939266,0.13010526205730977,0.9625868692576736,0.8324816072003638,0.041737219768753074,1.3671054102436286,False,0,0.01132129014513339,1.0,0.4,19,54040
ft_e20,0,0.3,33,0,0.5397916662043009,0.31478049597459323,1.0003106836384164,0.6855301876638231,0.052256452860477934,1.3626312319654994,False,0,0.10655586833672714,1.0,0.4,19,54040
ft_e20,0,0.3,34,0,0.3794440794641047,0.13185828051459522,0.9255679674495865,0.7937096869349912,0.042684868718654456,1.335213119562749,False,0,0.002653238465427421,1.0,0.4,19,54040
ft_e20,0,0.3,35,0,0.4120546379907,0.21955584119577523,0.9221775918409364,0.7026217506451612,0.04212906446534614,1.3315621721765374,False,0,0.0017738286187523045,1.0,0.4,19,54040
ft_e20,0,0.3,36,0,0.2765122635756591,0.10736901608935925,0.8710783315253081,0.7637093154359489,0.03278916972446029,1.3516366199332381,False,0,0.12785552855712012,1.0,0.4,19,54040
ft_e20,0,0.3,37,0,0.2932646137540451,0.11155117815786553,0.9121063366935577,0.8005551585356921,0.034223215059433904,1.3588918646143773,False,0,0.0819767419488926,1.0,0.4,19,54040
ft_e20,0,0.3,38,0,0.27562488765653276,0.10340810595458397,0.9791007382836333,0.8756926323290494,0.030249722913968352,1.4171068369527593,False,0,0.10783799199634814,1.0,0.4,19,54040
ft_e20,0,0.3,39,0,0.42593998290535584,0.15920403083127266,0.8313354927825461,0.6721314619512735,0.037174862408369536,1.2712039319039057,False,0,0.6180464403223596,1.0,0.4,19,54040
ft_e20,0,0.3,40,0,0.5231691888999058,0.33758241563214564,1.0718144136488479,0.7342319980167022,0.035889616785701364,1.437818144157383,False,0,0.0652842902673001,1.0,0.4,19,54040
ft_e20,0,0.3,41,0,0.47331961347404694,0.1609945913114223,0.9596749480005973,0.7986803566891749,0.05213471286302844,1.333341478723361,False,0,0.02616348915398703,1.0,0.4,19,54040
ft_e20,0,0.3,42,0,0.5164995908558809,0.19389608063778424,1.0814876702959744,0.8875915896581901,0.03549918643707861,1.4440624408588647,False,0,0.7143781112172292,1.0,0.4,19,54040
ft_e20,0,0.3,43,0,0.4151573357518753,0.1581338770726467,0.9179731813940082,0.7598393043213615,0.05409465749639598,1.3103740494140623,False,0,0.0012126663132221438,1.0,0.4,19,54040
ft_e20,0,0.3,44,0,0.5462470848565173,0.1722182008662429,1.0031191738513654,0.8309009729851224,0.05341353896314361,1.3621798526076625,False,0,0.0867312498157844,1.0,0.4,19,54040
ft_e20,0,0.3,45,0,0.4219935865992058,0.1621151527372601,0.9077842926494144,0.7456691399121543,0.05597170617906547,1.2938637641058466,False,0,0.002860790347767761,1.0,0.4,19,54040
ft_e20,0,0.3,46,0,0.4954591617837572,0.13978972817961907,1.0637061878229201,0.923916459643301,0.042562996747791876,1.4257453811352092,False,0,0.01569391359225847,1.0,0.4,19,54040
ft_e20,0,0.3,47,0,0.31777956356064496,0.11629509977863647,0.9964255407911242,0.8801304410124877,0.035497582325613376,1.4003279891698552,False,0,0.036499732406809926,1.0,0.4,19,54040
ft_e20,0,0.3,0,0,2.350331804723554,2.0563830645405763,2.6502914645515774,0.5939084000110011,1.7657437854067162,2.9577624185250757,False,0,0.2518313045184186,1.0,2.5,19,54040
ft_e20,0,0.3,1,0,2.4121950283395766,2.1184255425695544,2.7120370001752536,0.5936114576056992,1.8282995868531051,3.0194400683394274,False,0,0.08708642615238205,1.0,2.5,19,54040
ft_e20,0,0.3,2,0,2.49246458137786,2.199979414481007,2.7915629983686086,0.5915835838876013,1.9121822601063279,3.098544034986235,False,0,0.0005808839305245783,1.0,2.5,19,54040
ft_e20,0,0.3,3,0,2.5005222155008164,2.2077379921176083,2.800024178595951,0.5922861864783426,1.919657585063003,3.1074094151086133,False,0,0.0,1.0,2.5,19,54040
ft_e20,0,0.3,4,0,2.4403604851633642,2.149291032221341,2.737906147470573,0.5886151152492318,1.8625869631511665,3.0432844160420562,False,0,0.040949402304249816,1.0,2.5,19,54040
ft_e20,0,0.3,5,0,2.3884855471203945,2.096335886621046,2.6868121191333523,0.5904762325123061,1.8079405773468433,2.9927837140860802,False,0,0.14172767179115908,1.0,2.5,19,54040
ft_e20,0,0.3,6,0,2.3417760999405877,2.0484549315810465,2.6409869611266408,0.5925320295455943,1.7583517068627554,2.947642254203305,False,0,0.28259376625646837,1.0,2.5,19,54040
ft_e20,0,0.3,7,0,2.393145162646129,2.100269323115829,2.691998716405408,0.5917293932895791,1.8110044985530716,2.9983176181938895,False,0,0.1296019498804526,1.0,2.5,19,54040
ft_e20,0,0.3,8,0,2.4396429320188644,2.145486969225565,2.7401121448729295,0.5946251756473644,1.8552742087068725,3.0482223643700745,False,0,0.04110707502695732,1.0,2.5,19,54040
ft_e20,0,0.3,9,0,2.4096329583755485,2.1176220364065848,2.7079592872335656,0.5903372508269809,1.829607542662664,3.0139979767788225,False,0,0.09326352110292646,1.0,2.5,19,54040
ft_e20,0,0.3,10,0,2.5199696846185105,2.22785188606532,2.8189712209189612,0.5911193348536412,1.9407271355923585,3.1260070590252953,False,0,0.00457706045199302,1.0,2.5,19,54040
ft_e20,0,0.3,11,0,2.3795089304173316,2.0843576608060514,2.680660757192109,0.5963030963860576,1.7926331298040197,2.9892797093549426,False,0,0.16225208419200499,1.0,2.5,19,54040
ft_e20,0,0.3,12,0,2.5244132929146303,2.2300356757555724,2.825525215669362,0.5954895399137898,1.9405767009082666,3.1346044605677306,False,0,0.006526322700665332,1.0,2.5,19,54040
ft_e20,0,0.3,13,0,2.5405963753848986,2.247032967929831,2.841030892849179,0.5939979249193481,1.9584597162103212,3.1494822152050745,False,0,0.018761441817332525,1.0,2.5,19,54040
ft_e20,0,0.3,14,0,2.380643554279294,2.09032772842559,2.677001386223207,0.586673657797617,1.8036107765913714,2.9809722337280546,False,0,0.16443490657184157,1.0,2.5,19,54040
ft_e20,0,0.3,15,0,2.5269030325030113,2.234527539703414,2.8262006257656,0.5916730860621859,1.9472127380712907,3.1335870122117715,False,0,0.00818752080158447,1.0,2.5,19,54040
ft_e20,0,0.3,16,0,2.591678306953541,2.299936281695159,2.890613725824114,0.5906774441289548,2.013881588445473,3.1977508258234724,False,0,0.09718010384312947,1.0,2.5,19,54040
ft_e20,0,0.3,17,0,2.2575073918566835,1.9635986909717391,2.5564968412236637,0.5928981502519246,1.6714689196745092,2.862459140654602,False,0,0.660231904770626,1.0,2.5,19,54040
ft_e20,0,0.3,18,0,2.466659493510567,2.1750798776476405,2.764785124143619,0.5897052464959787,1.8879655068070489,3.070756238128836,False,0,0.012646874110942008,1.0,2.5,19,54040
ft_e20,0,0.3,19,0,2.432160566274082,2.1397132214130252,2.7309658643837684,0.5912526429707432,1.8514570483186334,3.037478862515739,False,0,0.052441322532104095,1.0,2.5,19,54040
ft_e20,0,0.3,20,0,2.3591489018584877,2.063777639957572,2.6603716764928254,0.5965940365352536,1.7714895724055246,2.968982413099497,False,0,0.22124832575354958,1.0,2.5,19,54040
ft_e20,0,0.3,21,0,2.529484051712775,2.238041929845437,2.827921297156394,0.589879367310957,1.9517991721678174,3.134499441819199,False,0,0.01002476815119735,1.0,2.5,19,54040
ft_e20,0,0.3,22,0,2.4022775876680695,2.108129368296689,2.7024180932409214,0.5942887249442323,1.8175454663828285,3.010055946542532,False,0,0.10756355861667544,1.0,2.5,19,54040
ft_e20,0,0.3,23,0,2.347203715607122,2.054906804184327,2.6454595085073285,0.5905527043230014,1.7659520857717552,2.9512459753686313,False,0,0.2652697574485501,1.0,2.5,19,54040
ft_e20,0,0.3,24,0,2.3709446619685703,2.079268971577829,2.668618206744631,0.5893492351668019,1.7911087131662824,2.9737981979334407,False,0,0.19039632935164263,1.0,2.5,19,54040
ft_e20,0,0.3,25,0,2.2370291920982877,1.9437242415969067,2.5352008887327786,0.5914766471358719,1.6517960501051443,2.8402365881953173,False,0,0.7795057027760777,1.0,2.5,19,54040
ft_e20,0,0.3,26,0,2.3351861529003215,2.043028707597858,2.63324348430375,0.5902147767058921,1.754152828943798,2.9387406649417276,False,0,0.30864773311986937,1.0,2.5,19,54040
ft_e20,0,0.3,27,0,2.373108180203866,2.081700152419544,2.670533049953898,0.588832897534354,1.793815185931298,2.975417975866469,False,0,0.1843324797700916,1.0,2.5,19,54040
ft_e20,0,0.3,28,0,2.431823766378889,2.137989319792593,2.7318611846121925,0.5938718648195995,1.848039105721304,3.0395265288879205,False,0,0.0525172675261274,1.0,2.5,19,54040
ft_e20,0,0.3,29,0,2.3566992057389737,2.0621136482807527,2.657055770003463,0.5949421217227102,1.7706355496222845,2.9647690900075725,False,0,0.23014289603452198,1.0,2.5,19,54040
ft_e20,0,0.3,30,0,2.3739399947846263,2.0842319728478924,2.6699055296359977,0.5856735567881053,1.7983589465289203,2.9734434002012127,False,0,0.1837483980525576,1.0,2.5,19,54040
ft_e20,0,0.3,31,0,2.422272449091332,2.128899109134434,2.721852023515576,0.5929529143811418,1.8394381476817134,3.0290646635528575,False,0,0.06841805384829058,1.0,2.5,19,54040
ft_e20,0,0.3,32,0,2.421053995477551,2.12861404535536,2.719937023879274,0.5913229785239138,1.8403624851836795,3.0265656625053925,False,0,0.0709936970124545,1.0,2.5,19,54040
ft_e20,0,0.3,33,0,2.333589816904673,2.040998819514194,2.632046378174772,0.5910475586605779,1.7516711834590448,2.9379336240371456,False,0,0.3138769705328741,1.0,2.5,19,54040
ft_e20,0,0.3,34,0,2.3583849838684876,2.063966583252631,2.6586438535874892,0.5946772703348584,1.7726652101625737,2.966294011663604,False,0,0.2250434371017036,1.0,2.5,19,54040
ft_e20,0,0.3,35,0,2.3531797487993575,2.059906249713619,2.6522923461123487,0.5923860963987297,1.7698962674415026,2.9588400696722656,False,0,0.2435942945048737,1.0,2.5,19,54040
ft_e20,0,0.3,36,0,2.470005350085031,2.177799194809897,2.76877208535523,0.5909728905453329,1.8900199918548055,3.075376392594473,False,0,0.010299681958713336,1.0,2.5,19,54040
ft_e20,0,0.3,37,0,2.4629981589167405,2.1698239659391096,2.7625656131143943,0.5927416471752847,1.8809799325236578,3.069895010352903,False,0,0.015472320355911506,1.0,2.5,19,54040
ft_e20,0,0.3,38,0,2.52301816080616,2.230609607642,2.8221691266387796,0.5915595189967795,1.943117387191309,3.1292773848586295,False,0,0.005971152539132163,1.0,2.5,19,54040
ft_e20,0,0.3,39,0,2.3462042325301757,2.053549531974714,2.644662005419966,0.5911124734452522,1.7639612009061187,2.9505504496995596,False,0,0.26826422803424066,1.0,2.5,19,54040
ft_e20,0,0.3,40,0,2.454096825830242,2.1606954757196917,2.753995807443387,0.5933003317236953,1.8717337934796696,3.0617354951074143,False,0,0.02371529781157733,1.0,2.5,19,54040
ft_e20,0,0.3,41,0,2.336107888479282,2.04230459377087,2.635564863805109,0.5932602700342389,1.7514619500034283,2.942303023142969,False,0,0.3023418821139785,1.0,2.5,19,54040
ft_e20,0,0.3,42,0,2.4820494218003506,2.1894495440265094,2.7812788141313307,0.5918292701048213,1.9015288374756998,3.088387450498175,False,0,0.00363425217801705,1.0,2.5,19,54040
ft_e20,0,0.3,43,0,2.3252880792225468,2.0310305165562235,2.6251229455819463,0.5940924290257228,1.7395955447045488,2.932202395012875,False,0,0.3424023260886315,1.0,2.5,19,54040
ft_e20,0,0.3,44,0,2.325463356755531,2.0315041837787082,2.625146015087726,0.5936418313090179,1.7405844581732208,2.9321751690115727,False,0,0.3421316359490447,1.0,2.5,19,54040
ft_e20,0,0.3,45,0,2.2796139401826476,1.9860937934167706,2.5785767577165957,0.592482964299825,1.6949311351823764,2.8847159446902157,False,0,0.546480913330015,1.0,2.5,19,54040
ft_e20,0,0.3,46,0,2.420609054765046,2.1277144963858072,2.7198715639187494,0.5921570675329422,1.838911250455757,3.0268051129606888,False,0,0.07160364144147024,1.0,2.5,19,54040
ft_e20,0,0.3,47,0,2.4596980339095813,2.16748666505486,2.758497714427323,0.591011049372463,1.8797428449686504,3.0651655885813764,False,0,0.018574520570837194,1.0,2.5,19,54040
ft_e20,0,1.0,0,0,0.39237653373609277,0.14079706275059087,0.9878823868597559,0.847085324109165,0.04798783189734369,1.3422919028780569,False,0,0.00020906529971398413,1.0,0.4,19,180100
ft_e20,0,1.0,1,0,0.2612387186381813,0.10527391270943967,0.846919141177059,0.7416452284676194,0.033889079267822475,1.3081460867030608,False,0,0.17971099011265323,1.0,0.4,19,180100
ft_e20,0,1.0,2,0,0.23955274474699423,0.09290946271164253,1.0216715361781168,0.9287620734664742,0.027759431714655433,1.4181599646414844,False,0,0.21359649465011898,1.0,0.4,19,180100
ft_e20,0,1.0,3,0,0.25139304874659013,0.0943919652956467,1.101638993930005,1.0072470286343584,0.0278020533146694,1.4520445745345492,False,0,0.13905052415429964,1.0,0.4,19,180100
ft_e20,0,1.0,4,0,0.26896177859799375,0.10628429689064314,0.9977482095485427,0.8914639126578996,0.034314217365178395,1.385821630820642,False,0,0.12810731435820344,1.0,0.4,19,180100
ft_e20,0,1.0,5,0,0.3714659884648394,0.1301675173740745,1.0283523996980601,0.8981848823239856,0.04295582871269881,1.373910802959041,False,0,0.002603648248623358,1.0,0.4,19,180100
ft_e20,0,1.0,6,0,0.36066935657787946,0.1345778170180218,0.9771188309062344,0.8425410138882126,0.045863239920091364,1.3400903294692912,False,0,0.007169441101723351,1.0,0.4,19,180100
ft_e20,0,1.0,7,0,0.6261437111216158,0.1495358491302647,1.0757663747437025,0.9262305256134378,0.04924919589189046,1.4028942711407386,False,0,0.055604503861104604,1.0,0.4,19,180100
ft_e20,0,1.0,8,0,0.23853002655614694,0.09747151654395898,0.7204870123346377,0.6230154957906787,0.03044721335259483,1.2781553719680023,False,0,0.2998124345758697,1.0,0.4,19,180100
ft_e20,0,1.0,9,0,0.36071566912263403,0.12948128791565922,1.0378509057222447,0.9083696178065854,0.043346657772485246,1.3832648234014722,False,0,0.005292333258694271,1.0,0.4,19,180100
ft_e20,0,1.0,10,0,0.2775937809096494,0.10235830701023034,1.1022041429832394,0.9998458359730091,0.03079137833041761,1.4423556876747694,False,0,0.07386778617001255,1.0,0.4,19,180100
ft_e20,0,1.0,11,0,0.5585355070162269,0.14446546120705256,1.0527003166795732,0.9082348554725206,0.0469029463627913,1.3863366821533718,False,0,0.026559686775726732,1.0,0.4,19,180100
ft_e20,0,1.0,12,0,0.23242423210463195,0.08838506277561875,1.0428453059828344,0.9544602432072157,0.025435981401907212,1.4314361070275543,False,0,0.22641254219342954,1.0,0.4,19,180100
ft_e20,0,1.0,13,0,0.24575159659696766,0.0902267041884017,1.1461931697248096,1.0559664655364078,0.025712057453242055,1.4818760413249403,False,0,0.13925396537888446,1.0,0.4,19,180100
ft_e20,0,1.0,14,0,0.2554494010465198,0.10607024878850008,0.7907192700259645,0.6846490212374645,0.03537215972082177,1.28158629951672,False,0,0.21986737768020248,1.0,0.4,19,180100
ft_e20,0,1.0,15,0,0.2606936753617061,0.09720771405439016,1.140068330145742,1.0428606160913518,0.02880562048804351,1.4742246779086796,False,0,0.1085253636665584,1.0,0.4,19,180100
ft_e20,0,1.0,16,0,0.2494289694436504,0.09180548988830188,1.1577667981604325,1.0659613082721306,0.026469898985222725,1.4877287964662878,False,0,0.12683321776421508,1.0,0.4,19,180100
ft_e20,0,1.0,17,0,0.42305967874416817,0.1613689760573667,0.9272493852683036,0.7658804092109369,0.0583168153795993,1.2855146945484874,False,0,0.002656717482750537,1.0,0.4,19,180100
ft_e20,0,1.0,18,0,0.3055840107088383,0.11260159743307846,1.079991710652735,0.9673901132196565,0.035828148276217386,1.4222646290179037,False,0,0.038481843806948746,1.0,0.4,19,180100
ft_e20,0,1.0,19,0,0.29212137096401625,0.11070783276425157,1.0072879604218823,0.8965801276576307,0.03515943498678831,1.3804177276801342,False,0,0.06846278403827455,1.0,0.4,19,180100
ft_e20,0,1.0,20,0,0.3207525018012976,0.1240551399719005,0.950846997432959,0.8267918574610584,0.041360159361622365,1.3345796861294297,False,0,0.038076742632256355,1.0,0.4,19,180100
ft_e20,0,1.0,21,0,0.22484295313576197,0.08739946165754313,1.0275828656880714,0.9401834040305284,0.02555736499679013,1.4310633830913004,False,0,0.2799118991060823,1.0,0.4,19,180100
ft_e20,0,1.0,22,0,0.38639300019250067,0.13144038513834552,1.022488452199217,0.8910480670608715,0.043055730597368155,1.3688746473317637,False,0,0.0004750311381940264,1.0,0.4,19,180100
ft_e20,0,1.0,23,0,0.35651721653010104,0.13216366961596523,0.9714077127769216,0.8392440431609564,0.04474724395830887,1.333676402007257,False,0,0.00850303073093528,1.0,0.4,19,180100
ft_e20,0,1.0,24,0,0.3335519350557964,0.12661637589506602,1.008038253084036,0.8814218771889699,0.04264422780299235,1.3686650900232276,False,0,0.021951950300717726,1.0,0.4,19,180100
ft_e20,0,1.0,25,0,0.4200920188916228,0.16814812698341547,0.8949926822641594,0.7268445552807439,0.06266355528325418,1.2570762440781527,False,0,0.0024812901319819503,1.0,0.4,19,180100
ft_e20,0,1.0,26,0,0.33073163469071337,0.12985194363784713,0.9110754114541305,0.7812234678162834,0.04467875875645251,1.2989434719151196,False,0,0.031141352676058887,1.0,0.4,19,180100
ft_e20,0,1.0,27,0,0.32428458353931433,0.12431145939939992,0.9519917525711541,0.8276802931717542,0.041707199029839194,1.3275944465297316,False,0,0.03191569698537933,1.0,0.4,19,180100
ft_e20,0,1.0,28,0,0.3661059717045578,0.12594680257601581,1.0510180654666803,0.9250712628906645,0.04070422137435981,1.3911889219732954,False,0,0.003002494813699741,1.0,0.4,19,180100
ft_e20,0,1.0,29,0,0.3247089378869235,0.12588278288558005,0.9171472586618443,0.7912644757762642,0.04216712107665771,1.308092970037997,False,0,0.03530081246208283,1.0,0.4,19,180100
ft_e20,0,1.0,30,0,0.37258831784967367,0.13490151246120796,1.008630448293742,0.8737289358325341,0.04615438866464899,1.355728453575527,False,0,0.002694270315259928,1.0,0.4,19,180100
ft_e20,0,1.0,31,0,0.27849062717925005,0.10698989044046416,0.9714449953315979,0.8644551048911338,0.03371078300413507,1.3613062210149867,False,0,0.09829690904734889,1.0,0.4,19,180100
ft_e20,0,1.0,32,0,0.33618985995897277,0.12320858077917952,1.0303629243764225,0.907154343597243,0.04002726489267574,1.383866697988906,False,0,0.016952992293227,1.0,0.4,19,180100
ft_e20,0,1.0,33,0,0.44491558041923424,0.15153808527006468,0.9942447105509244,0.8427066252808597,0.05213737842665924,1.3393183141041005,False,0,0.005905088644794887,1.0,0.4,19,180100
ft_e20,0,1.0,34,0,0.3237710969530324,0.12475461607942212,0.956415379736461,0.8316607636570388,0.04144883406925941,1.3396978810674924,False,0,0.03435420894311392,1.0,0.4,19,180100
ft_e20,0,1.0,35,0,0.30074198276593267,0.12222361059395319,0.8579682099752823,0.7357445993813292,0.04166708772613249,1.284392958939819,False,0,0.081916225481109,1.0,0.4,19,180100
ft_e20,0,1.0,36,0,0.24444667229242792,0.09546817345423933,1.018614713962119,0.9231465405078796,0.028895643845701702,1.4101340826722304,False,0,0.19634122062052484,1.0,0.4,19,180100
ft_e20,0,1.0,37,0,0.26716683874528613,0.10187434531866561,1.0076766439313958,0.9058022986127302,0.03132510156841221,1.3859837647868485,False,0,0.11473267932524323,1.0,0.4,19,180100
ft_e20,0,1.0,38,0,0.24225281594141113,0.09231339821193962,1.089449102276173,0.9971357040642334,0.027270197317462976,1.4520241658905353,False,0,0.17961155643570237,1.0,0.4,19,180100
ft_e20,0,1.0,39,0,0.26758985394033963,0.11053404521984789,0.8065002255508056,0.6959661803309577,0.03709988631244218,1.2838204275331502,False,0,0.17624635180982295,1.0,0.4,19,180100
ft_e20,0,1.0,40,0,0.2873525917572857,0.10771294272420916,1.0395652722583675,0.9318523295341583,0.033563349860136094,1.4016843214536192,False,0,0.06949867808361887,1.0,0.4,19,180100
ft_e20,0,1.0,41,0,0.4052344147450022,0.14663320050552134,0.9446307769100881,0.7979975764045668,0.050112462384000966,1.3026107686165724,False,0,1.8594058929011226e-05,1.0,0.4,19,180100
ft_e20,0,1.0,42,0,0.29014155238800454,0.1084822268435605,1.0297780227329425,0.921295795889382,0.03402803284433419,1.3917022178634773,False,0,0.06453721015350311,1.0,0.4,19,180100
ft_e20,0,1.0,43,0,0.427783139728885,0.15423784221790315,0.9627886044241828,0.8085507622062796,0.05400502610981877,1.3156840681867557,False,0,0.0030175044084899127,1.0,0.4,19,180100
ft_e20,0,1.0,44,0,0.42283038329582134,0.1509173460839367,0.9612669793846137,0.810349633300677,0.05211818718201788,1.3151385313561217,False,0,0.0019757105546887033,1.0,0.4,19,180100
ft_e20,0,1.0,45,0,0.4149592768696902,0.15622627041480122,0.9276405635060019,0.7714142930912007,0.05546388811002353,1.287420006060127,False,0,0.0009878528144326992,1.0,0.4,19,180100
ft_e20,0,1.0,46,0,0.3298209074697262,0.12495435892294099,0.958389429165316,0.833435070242375,0.04130059256662279,1.3337316505245131,False,0,0.02684152336223633,1.0,0.4,19,180100
ft_e20,0,1.0,47,0,0.28274667243359886,0.10749403224749651,0.9978966805689208,0.8904026483214242,0.033893338893650815,1.3726703013052557,False,0,0.08271830691955984,1.0,0.4,19,180100
ft_e20,0,1.0,0,0,2.287469046556339,2.0108310155948668,2.5705637737956213,0.5597327582007545,1.7385979602694344,2.861341986380124,False,0,0.5671401189538301,1.0,2.5,19,180100
ft_e20,0,1.0,1,0,2.3279018327654684,2.0515870175643585,2.6107116408166537,0.5591246232522953,1.7797812479314288,2.9011953071022445,False,0,0.3739495303489093,1.0,2.5,19,180100
ft_e20,0,1.0,2,0,2.4218856143519503,2.1465162758120857,2.7042472743554336,0.5577309985433478,1.8765372289965494,2.9946459751460446,False,0,0.07795945297038998,1.0,2.5,19,180100
ft_e20,0,1.0,3,0,2.4393845650536887,2.1638700559762407,2.721978677643115,0.5581086216668742,1.8938709173345456,3.012634120598242,False,0,0.04697583525558002,1.0,2.5,19,180100
ft_e20,0,1.0,4,0,2.3690847025303947,2.095097419008152,2.6499312393134007,0.5548338203052485,1.8261497353286604,2.938658496858515,False,0,0.22037122731489944,1.0,2.5,19,180100
ft_e20,0,1.0,5,0,2.318001041662355,2.042904673889336,2.5996959230973147,0.5567912492079787,1.7724591197009807,2.8891056092688405,False,0,0.421207860668801,1.0,2.5,19,180100
ft_e20,0,1.0,6,0,2.284233430771214,2.0080037245724536,2.5668412921459924,0.5588375675735389,1.736110688774388,2.8570827519392155,False,0,0.5861660615373694,1.0,2.5,19,180100
ft_e20,0,1.0,7,0,2.350000946741153,2.0745477400688896,2.6321550651221073,0.5576073250532176,1.8039591899701917,2.922137881395513,False,0,0.28602021036931546,1.0,2.5,19,180100
ft_e20,0,1.0,8,0,2.3513999609810474,2.073571259714387,2.635654331985381,0.562083072270994,1.800152407972224,2.927591990039417,False,0,0.27647906070706085,1.0,2.5,19,180100
ft_e20,0,1.0,9,0,2.3433616740851786,2.0678076934821266,2.6255918893025623,0.5577841958204357,1.797139328595702,2.9156497181640404,False,0,0.31141650499557727,1.0,2.5,19,180100
ft_e20,0,1.0,10,0,2.42922590019959,2.1536970160087074,2.7118333110420156,0.5581362950333082,1.8836636336969026,3.002506432611625,False,0,0.06397334665962262,1.0,2.5,19,180100
ft_e20,0,1.0,11,0,2.3172645956069275,2.0396546623595095,2.601284801931129,0.5616301395716197,1.766567729221105,2.8929182118520065,False,0,0.41756644669294474,1.0,2.5,19,180100
ft_e20,0,1.0,12,0,2.4527723421516794,2.1755090237879062,2.737162254703581,0.5616532309156748,1.9038329706458228,3.029663246526178,False,0,0.0281004773969471,1.0,2.5,19,180100
ft_e20,0,1.0,13,0,2.464885863068574,2.188483673103861,2.7484725259831437,0.5599888528792829,1.9178802500006447,3.040124373999204,False,0,0.015395648853882449,1.0,2.5,19,180100
ft_e20,0,1.0,14,0,2.3071277811543225,2.0339672204550667,2.5868633804436825,0.5528961599886157,1.765392722713816,2.874382418537364,False,0,0.4790642122643476,1.0,2.5,19,180100
ft_e20,0,1.0,15,0,2.4509184016164056,2.1755705097735567,2.733463094260197,0.5578925844866403,1.9059186476275383,3.0241809075930197,False,0,0.030844755263387924,1.0,2.5,19,180100
ft_e20,0,1.0,16,0,2.4952549110915596,2.2194961039116903,2.7782387082023248,0.5587426042906345,1.9496838913371892,3.0693142383623897,False,0,0.0,1.0,2.5,19,180100
ft_e20,0,1.0,17,0,2.2125052527359257,1.9366353783327694,2.4942646892700737,0.5576293109373043,1.6642023647957542,2.7833897604363003,False,0,1.0403068358500605,0.0,2.5,19,180100
ft_e20,0,1.0,18,0,2.4002154667174542,2.125121319939146,2.6822355137860923,0.5571141938469464,1.855276233773039,2.9722280093651015,False,0,0.12732435350335436,1.0,2.5,19,180100
ft_e20,0,1.0,19,0,2.3630324621799996,2.0872029991164114,2.6455273401057773,0.5583243409893659,1.816255643769097,2.9358328879178606,False,0,0.23806815306306817,1.0,2.5,19,180100
ft_e20,0,1.0,20,0,2.297518887254259,2.0205582319311093,2.5808973549538887,0.5603391230227794,1.7479905425662565,2.8719342809675488,False,0,0.5141697530489182,1.0,2.5,19,180100
ft_e20,0,1.0,21,0,2.447619595636532,2.1726549261877537,2.729803480482951,0.5571485542951975,1.9033903772942402,3.0200986959223086,False,0,0.035158901460818015,1.0,2.5,19,180100
ft_e20,0,1.0,22,0,2.3194987320275735,2.0424807975861277,2.6028748769385017,0.5603940793523741,1.769809953812668,2.8938656880212372,False,0,0.4093263336690143,1.0,2.5,19,180100
ft_e20,0,1.0,23,0,2.2864386770490737,2.0108271680776895,2.5683793988680117,0.5575522307903222,1.7395095972757149,2.857906284273104,False,0,0.5771213489679212,1.0,2.5,19,180100
ft_e20,0,1.0,24,0,2.310860733672993,2.036595774158943,2.5916874193360315,0.5550916451770886,1.7669201732266624,2.8802711563291603,False,0,0.4573745842608332,1.0,2.5,19,180100
ft_e20,0,1.0,25,0,2.1808580201081607,1.9052123952280529,2.4621009662194764,0.5568885709914235,1.6324426999615838,2.750513706729538,False,0,1.2832969100709306,0.0,2.5,19,180100
ft_e20,0,1.0,26,0,2.273139379483471,1.9978899738320108,2.5546494116589207,0.5567594378269098,1.726777699711473,2.843751869396112,False,0,0.6523707952219411,1.0,2.5,19,180100
ft_e20,0,1.0,27,0,2.304009458504252,2.02941005277646,2.5849707873806085,0.5555607346041485,1.759237208703967,2.8735723474975874,False,0,0.49010692378578824,1.0,2.5,19,180100
ft_e20,0,1.0,28,0,2.3613459117791713,2.08538145701358,2.6440291494750863,0.5586476924615065,1.8143274227313897,2.9345784204517598,False,0,0.243700661118055,1.0,2.5,19,180100
ft_e20,0,1.0,29,0,2.2877969945255194,2.009911953694645,2.5718034884821184,0.5618915347874736,1.7360449975065186,2.863282103832005,False,0,0.5616221421878436,1.0,2.5,19,180100
ft_e20,0,1.0,30,0,2.317321120851349,2.0442376876085424,2.5970427981649955,0.5528051105564531,1.7758972617025082,2.8845650189178387,False,0,0.4302289336119429,1.0,2.5,19,180100
ft_e20,0,1.0,31,0,2.3517132559639085,2.075431867025429,2.63458369214015,0.5591518251147214,1.8038496483705442,2.925235099616345,False,0,0.2780688418679347,1.0,2.5,19,180100
ft_e20,0,1.0,32,0,2.3583744220518597,2.082526710491657,2.641002720840468,0.5584760103488109,1.8116406674635184,2.9315006991454475,False,0,0.2543485117967066,1.0,2.5,19,180100
ft_e20,0,1.0,33,0,2.268028434369375,1.9923552737113914,2.5500009529061662,0.5576456791947748,1.7207988247257093,2.839500410261614,False,0,0.6797992866304412,1.0,2.5,19,180100
ft_e20,0,1.0,34,0,2.3036173752929803,2.025986454189487,2.587557656721493,0.5615712025320061,1.7525548488283154,2.8790616636644315,False,0,0.4818492393314955,1.0,2.5,19,180100
ft_e20,0,1.0,35,0,2.277260887225289,2.0004817623763476,2.560190287450743,0.5597085250743956,1.7276595217504127,2.8505697718244654,False,0,0.6229954883929167,1.0,2.5,19,180100
ft_e20,0,1.0,36,0,2.4229142050699277,2.148104445555273,2.7048115960772336,0.5567071505219605,1.878862999543072,2.994815164727095,False,0,0.07613627618775354,1.0,2.5,19,180100
ft_e20,0,1.0,37,0,2.3992337466729263,2.123664093371047,2.681679882001145,0.5580157886300978,1.8532636831924725,2.972053818502731,False,0,0.12942411229232675,1.0,2.5,19,180100
ft_e20,0,1.0,38,0,2.4629746021712466,2.1876620105719713,2.7454077674026665,0.5577457568306952,1.9180190082856188,3.035938432612665,False,0,0.017477160203270614,1.0,2.5,19,180100
ft_e20,0,1.0,39,0,2.3119339943289297,2.037100091168855,2.593267467594447,0.5561673764255923,1.7667366195170833,2.8823620232644487,False,0,0.4505483560897119,1.0,2.5,19,180100
ft_e20,0,1.0,40,0,2.3809192208561076,2.104476976062332,2.6642050138999505,0.5597280378376186,1.8331200239992598,2.9554545512989936,False,0,0.17934815843909746,1.0,2.5,19,180100
ft_e20,0,1.0,41,0,2.2635267224571662,1.98694515033826,2.546167767087052,0.5592226167487921,1.7142111048124398,2.8362224166736283,False,0,0.7025515718487441,1.0,2.5,19,180100
ft_e20,0,1.0,42,0,2.397594792029577,2.1218868905673802,2.6802157413619834,0.5583288507946031,1.851424499096681,2.970737542886885,False,0,0.13345026984097785,1.0,2.5,19,180100
ft_e20,0,1.0,43,0,2.258401530959287,1.9817990539445691,2.5411412550418504,0.5593422010972813,1.7091046308535942,2.8313415273447995,False,0,0.732686678195023,1.0,2.5,19,180100
ft_e20,0,1.0,44,0,2.2531717638789264,1.9760578984432229,2.5363614370121437,0.5603035385689208,1.702726539362545,2.8270032042724016,False,0,0.7618462624013773,1.0,2.5,19,180100
ft_e20,0,1.0,45,0,2.219917611564642,1.943393604658529,2.5023362305550587,0.5589426258965298,1.670273839773298,2.7921127985492684,False,0,0.9835118210648943,1.0,2.5,19,180100
ft_e20,0,1.0,46,0,2.3205684800848316,2.044406032414644,2.6031957969662476,0.5587897645516038,1.7727154102152944,2.8935188422122065,False,0,0.4067029135294433,1.0,2.5,19,180100
ft_e20,0,1.0,47,0,2.3804790106007236,2.104922279679044,2.6628734750032312,0.5579511953241871,1.8344411822792843,2.9532132334762227,False,0,0.1818245971480792,1.0,2.5,19,180100
scratch_long,0,0.03,0,0,0.5434778706217192,0.18467696121263727,1.0092778142599956,0.8246008530473583,0.057723442681395065,1.382630165573082,False,0,0.08565453662595246,1.0,0.4,30,60000
scratch_long,0,0.03,1,0,0.3808886163438494,0.1342710771951404,0.9348402355208392,0.8005691583256987,0.040006659740817185,1.3537797104306146,False,0,0.0019142169621773064,1.0,0.4,30,60000
scratch_long,0,0.03,2,0,0.45392514437879666,0.13442358996616294,1.0590212428133707,0.9245976528472077,0.03820873534512314,1.4476024169426274,False,0,0.0067450182723405305,1.0,0.4,30,60000
scratch_long,0,0.03,3,0,0.3627536031537971,0.11976624008758775,1.0146110271545603,0.8948447870669726,0.03377853136637426,1.4247598301874758,False,0,0.005350776937120827,1.0,0.4,30,60000
scratch_long,0,0.03,4,0,0.3569381441296302,0.13066980389688485,0.9129118042096827,0.7822420003127978,0.03980573252403668,1.347697998878618,False,0,0.011131083094369387,1.0,0.4,30,60000
scratch_long,0,0.03,5,0,0.5718712496259581,0.18536606438690834,1.030999033997473,0.8456329696105647,0.05599592018994945,1.3998699938483434,False,0,0.11133267733384855,1.0,0.4,30,60000
scratch_long,0,0.03,6,0,0.4724851827059327,0.16716017758547574,0.9616071393053585,0.7944469617198827,0.05295295601950353,1.3521912990084084,False,0,0.025377093930728734,1.0,0.4,30,60000
scratch_long,0,0.03,7,0,0.44659776434384546,0.1566718616771273,0.9533864550075899,0.7967145933304626,0.04890289258696059,1.3493006723829952,False,0,0.010307345703040482,1.0,0.4,30,60000
scratch_long,0,0.03,8,0,0.34262140082182385,0.12419222370734612,0.9045088447763747,0.7803166210690287,0.03675576271839104,1.3494687437383104,False,0,0.020207101206324296,1.0,0.4,30,60000
scratch_long,0,0.03,9,0,0.45836239366301584,0.15558364570045546,0.989929962942579,0.8343463172421235,0.048243378982966025,1.3841620804965131,False,0,0.0138615470204968,1.0,0.4,30,60000
scratch_long,0,0.03,10,0,0.5915226620487222,0.12377989573991896,1.13296474307306,1.009184847333141,0.03295414684920385,1.5026579075258264,False,0,0.02483410038621514,1.0,0.4,30,60000
scratch_long,0,0.03,11,0,0.6489047646127012,0.20034198232592845,1.0884123483533883,0.8880703660274598,0.05724486195204419,1.4493614172500466,False,0,0.20843206992867636,1.0,0.4,30,60000
scratch_long,0,0.03,12,0,0.34448054732328526,0.11432255396798356,0.9912173217407724,0.8768947677727889,0.030872880902286647,1.4143797581150557,False,0,0.01317314395782887,1.0,0.4,30,60000
scratch_long,0,0.03,13,0,0.3667761254956882,0.11109241643394523,1.0709897006468796,0.9598972842129344,0.02881919197484741,1.4680520999662565,False,0,0.0028772577570634894,1.0,0.4,30,60000
scratch_long,0,0.03,14,0,0.33260749039540205,0.1260544720255068,0.8465067140853801,0.7204522420598733,0.038807637325494,1.297024925909843,False,0,0.033298599562840536,1.0,0.4,30,60000
scratch_long,0,0.03,15,0,0.3716857262724223,0.11548231703648448,1.0736861117347405,0.958203794698256,0.03108848364045531,1.4680623107751396,False,0,0.00222014981409302,1.0,0.4,30,60000
scratch_long,0,0.03,16,0,0.7294509773633518,0.10741229364733992,1.201173250458635,1.0937609568112951,0.02692185949543878,1.559607539186622,False,0,0.051255400918307714,1.0,0.4,30,60000
scratch_long,0,0.03,17,0,0.49419012422701963,0.19026312635818482,0.9372006332104642,0.7469375068522794,0.0641666408311795,1.3174724098629722,False,0,0.05355974983467604,1.0,0.4,30,60000
scratch_long,0,0.03,18,0,0.45238775457411184,0.13535814693687054,1.0490667858252312,0.9137086388883606,0.038820045229397054,1.4366435521074932,False,0,0.006675131920928834,1.0,0.4,30,60000
scratch_long,0,0.03,19,0,0.3962163643718162,0.13222840324759438,0.9889810049452422,0.8567526016976479,0.03872776194394704,1.3936796763598922,False,0,0.0,1.0,0.4,30,60000
scratch_long,0,0.03,20,0,0.49965819898822467,0.16405706953975557,1.0062674504580567,0.842210380918301,0.04976162550417,1.3934737958308865,False,0,0.037705068632931216,1.0,0.4,30,60000
scratch_long,0,0.03,21,0,0.32826323240822003,0.11072487162264007,1.0161045984162231,0.905379726793583,0.029993072227423007,1.4387261823240272,False,0,0.02317583794501843,1.0,0.4,30,60000
scratch_long,0,0.03,22,0,0.4629062444881718,0.1527495146646164,0.9885943619551595,0.8358448472905431,0.046328902218035574,1.3795055848361564,False,0,0.015226633149723057,1.0,0.4,30,60000
scratch_long,0,0.03,23,0,0.4030567507757813,0.14692568300719044,0.9150948269231339,0.7681691439159435,0.04627448223701757,1.3261728548632836,False,0,0.0,1.0,0.4,30,60000
scratch_long,0,0.03,24,0,0.4028551600810629,0.14458668320093335,0.9250162688765096,0.7804295856755762,0.044891270103705784,1.336070732061011,False,0,0.0,1.0,0.4,30,60000
scratch_long,0,0.03,25,0,0.4734634100715162,0.19145194289538425,0.8928630844157711,0.7014111415203869,0.06659131658427614,1.270679964083211,False,0,0.03882280019388418,1.0,0.4,30,60000
scratch_long,0,0.03,26,0,0.5072238804669964,0.16814210927476214,1.005723497297639,0.8375813880228768,0.052333322096612324,1.3856751537107748,False,0,0.04371442300180206,1.0,0.4,30,60000
scratch_long,0,0.03,27,0,0.40183748252065205,0.14951083245493083,0.895801068495684,0.7462902360407532,0.04779271502562285,1.3070142023559983,False,0,0.0,1.0,0.4,30,60000
scratch_long,0,0.03,28,0,0.478911609188391,0.14986976085741022,1.0135108337085117,0.8636410728511015,0.04417422564340858,1.4021449419366643,False,0,0.020390178655361524,1.0,0.4,30,60000
scratch_long,0,0.03,29,0,0.4793204591897262,0.15480866160266132,1.004755098339804,0.8499464367371425,0.046828849226252404,1.3915905872144925,False,0,0.02224591724370839,1.0,0.4,30,60000
scratch_long,0,0.03,30,0,0.48258579058165896,0.16583387381073048,0.9788390265039096,0.8130051526931792,0.05240459818234828,1.3622086847809618,False,0,0.02931987574265804,1.0,0.4,30,60000
scratch_long,0,0.03,31,0,0.3751568787498107,0.1257768673684906,0.9821899823573305,0.8564131149888399,0.036234211879511063,1.3924181579743575,False,0,0.002470042025379371,1.0,0.4,30,60000
scratch_long,0,0.03,32,0,0.40040745933241534,0.14184441817543642,0.93066603378466,0.7888216156092236,0.043536016465081664,1.3396766150556094,False,0,0.0,1.0,0.4,30,60000
scratch_long,0,0.03,33,0,0.5264147812858673,0.18547613042182412,0.9869390745568826,0.8014629441350585,0.059057556551707475,1.361678055617421,False,0,0.07411948533263057,1.0,0.4,30,60000
scratch_long,0,0.03,34,0,0.47905509399714136,0.16216974524606012,0.9838221502204266,0.8216524049743665,0.049793107519965116,1.3727917768991675,False,0,0.026253013464156538,1.0,0.4,30,60000
scratch_long,0,0.03,35,0,0.45737082226661224,0.15322501834099078,0.9862383620015207,0.8330133436605299,0.047123221929983576,1.3779138586612996,False,0,0.013006384746404365,1.0,0.4,30,60000
scratch_long,0,0.03,36,0,0.3464680997531529,0.12127911752822985,0.9396370673731447,0.8183579498449148,0.0350230290098646,1.3722765846490834,False,0,0.015164379659836413,1.0,0.4,30,60000
scratch_long,0,0.03,37,0,0.38035566465574766,0.12655537708677075,0.9855389544565283,0.8589835773697575,0.036421387654020525,1.3958823365824014,False,0,0.0015866705580265261,1.0,0.4,30,60000
scratch_long,0,0.03,38,0,0.2999283819250694,0.1064526088344981,0.9374649287720803,0.8310123199375822,0.029169326226693687,1.396417571176009,False,0,0.061767374972987454,1.0,0.4,30,60000
scratch_long,0,0.03,39,0,0.3617743924025051,0.14091903572682146,0.8343186227445823,0.6933995870177609,0.045548134715652604,1.2697462003748083,False,0,0.01132915591733763,1.0,0.4,30,60000
scratch_long,0,0.03,40,0,0.4210628427224808,0.14007814378122602,0.9901239563044075,0.8500458125231816,0.041519678844246226,1.3945437779968481,False,0,0.0017295332763751503,1.0,0.4,30,60000
scratch_long,0,0.03,41,0,0.48473814397857956,0.17425520387012594,0.955936901297341,0.781681697427215,0.05585222202019248,1.3412363841987365,False,0,0.03636731659935322,1.0,0.4,30,60000
scratch_long,0,0.03,42,0,0.5269594177144992,0.14736222359575166,1.0587705787210462,0.9114083551252945,0.04191065047191517,1.4375716301789376,False,0,0.03675888139332528,1.0,0.4,30,60000
scratch_long,0,0.03,43,0,0.5198631447259535,0.19017426890261105,0.9707995550732199,0.7806252861706089,0.061901246238403894,1.346296241516951,False,0,0.07418851180045749,1.0,0.4,30,60000
scratch_long,0,0.03,44,0,0.5341448645564896,0.18343562596310653,0.9983872939422767,0.8149516679791702,0.05735417737130553,1.3730619580404435,False,0,0.07826505861521582,1.0,0.4,30,60000
scratch_long,0,0.03,45,0,0.49292730006811425,0.18974258213564832,0.930158162402786,0.7404155802671377,0.06358447790485797,1.3079264512184228,False,0,0.05297790492477361,1.0,0.4,30,60000
scratch_long,0,0.03,46,0,0.5105929622308988,0.164669236855902,1.0141702688697107,0.8495010320138088,0.04988085440279977,1.3958944691122581,False,0,0.043659061397193,1.0,0.4,30,60000
scratch_long,0,0.03,47,0,0.35509691934083193,0.12122660034570389,0.9926725401967796,0.8714459398510758,0.034977661892482755,1.4082357233412175,False,0,0.008809107490378665,1.0,0.4,30,60000
scratch_long,0,0.03,0,0,2.3839642952710625,2.083481783184879,2.688791811527766,0.6053100283428869,1.7840866425272583,2.9998446753285184,False,0,0.14633093894371996,1.0,2.5,30,60000
scratch_long,0,0.03,1,0,2.416767349938188,2.1149336390249505,2.722575690629688,0.6076420516047376,1.8137060335506119,3.034339467608719,False,0,0.07484324204051518,1.0,2.5,30,60000
scratch_long,0,0.03,2,0,2.509107034513196,2.209138784887202,2.8138776739220357,0.6047388890348335,1.9113289363967054,3.1251758073359333,False,0,0.0009001533180708066,1.0,2.5,30,60000
scratch_long,0,0.03,3,0,2.5148585687261136,2.214737683709267,2.8198020400511283,0.6050643563418614,1.916708063656012,3.131122667326233,False,0,0.0021610192889056634,1.0,2.5,30,60000
scratch_long,0,0.03,4,0,2.435495606263383,2.135319815024515,2.7398295434330624,0.6045097284085474,1.8360319072547415,3.050153743047066,False,0,0.04530524542497005,1.0,2.5,30,60000
scratch_long,0,0.03,5,0,2.401736888640334,2.1018341850268687,2.7058291446467093,0.6039949596198406,1.8029743922037242,3.016065499955317,False,0,0.10557947224515374,1.0,2.5,30,60000
scratch_long,0,0.03,6,0,2.3692428812608215,2.067668503083671,2.674515333992886,0.6068468309092152,1.766197885611369,2.9856514797818114,False,0,0.18510444056300912,1.0,2.5,30,60000
scratch_long,0,0.03,7,0,2.4088873815226934,2.1084020667216703,2.7133592179968518,0.6049571512751815,1.8086299496280647,3.0238295967010087,False,0,0.09055906023422722,1.0,2.5,30,60000
scratch_long,0,0.03,8,0,2.4476403168964223,2.1443684089044552,2.7549506393251857,0.6105822304207305,1.8418151997544459,3.068299132903563,False,0,0.02935809072369011,1.0,2.5,30,60000
scratch_long,0,0.03,9,0,2.436037198220782,2.1359529458445734,2.74052429867481,0.6045713528302366,1.837162430967472,3.0511827913328697,False,0,0.044571072696271585,1.0,2.5,30,60000
scratch_long,0,0.03,10,0,2.5592110065982605,2.2610151058809485,2.8626982948210404,0.601683188940092,1.9657674753814531,3.1730262485570675,False,0,0.03893296840033145,1.0,2.5,30,60000
scratch_long,0,0.03,11,0,2.434631720843581,2.1337483218088344,2.7401157370351497,0.6063674152263152,1.8345196416017209,3.051858952270267,False,0,0.04621064224920701,1.0,2.5,30,60000
scratch_long,0,0.03,12,0,2.533163001751179,2.2303216252161984,2.8407262807065545,0.6104046554903562,1.929527472708588,3.1546617033914166,False,0,0.011745135314413346,1.0,2.5,30,60000
scratch_long,0,0.03,13,0,2.562673587362496,2.26194475431098,2.868406974592468,0.6064622202814878,1.9637321774395669,3.1807147116217624,False,0,0.04286924051484675,1.0,2.5,30,60000
scratch_long,0,0.03,14,0,2.395420507256877,2.09603651553892,2.6986992908380922,0.6026627752991724,1.7970946694718084,3.0078406700595077,False,0,0.11997120202795486,1.0,2.5,30,60000
scratch_long,0,0.03,15,0,2.5485846977739186,2.2492324463246134,2.853018250813195,0.6037858044885818,1.9525049719751086,3.1641503409975633,False,0,0.02599623673086171,1.0,2.5,30,60000
scratch_long,0,0.03,16,0,2.6302032748731023,2.3335045221072663,2.932784617469125,0.5992800953618587,2.040641103109491,3.2425686214745992,False,0,0.19067028094286798,1.0,2.5,30,60000
scratch_long,0,0.03,17,0,2.311085760508505,2.009574117263916,2.615939112943513,0.6063649956795967,1.707560823356729,2.926465316921523,False,0,0.38620423794782255,1.0,2.5,30,60000
scratch_long,0,0.03,18,0,2.5037240152270965,2.2048493323283407,2.807461561276019,0.6026122289476783,1.9081476575854628,3.1176942667930936,False,0,0.0,1.0,2.5,30,60000
scratch_long,0,0.03,19,0,2.451318017738612,2.1523225579110683,2.7548550842883546,0.6025325263772863,1.854921204944948,3.064777493338365,False,0,0.02608644791689585,1.0,2.5,30,60000
scratch_long,0,0.03,20,0,2.4053321866820245,2.1020239463635133,2.7125780232107837,0.6105540768472704,1.79928772797411,3.0257492754461364,False,0,0.09577986851945752,1.0,2.5,30,60000
scratch_long,0,0.03,21,0,2.5425040834941663,2.2426083477751457,2.847389961345925,0.6047816135707791,1.9451208022168567,3.158891674527899,False,0,0.019772151819779538,1.0,2.5,30,60000
scratch_long,0,0.03,22,0,2.4124008422128265,2.1111406431601103,2.717766955911987,0.6066263127518767,1.8107835836379307,3.0292022635815674,False,0,0.08321023963799234,1.0,2.5,30,60000
scratch_long,0,0.03,23,0,2.377545739089864,2.0767055831398555,2.682170567960478,0.6054649848206224,1.7760821072130477,2.99266484341027,False,0,0.1630798960723041,1.0,2.5,30,60000
scratch_long,0,0.03,24,0,2.3820518130692276,2.081445829167451,2.686365409405763,0.6049195802383118,1.7810411280482221,2.9965159201391667,False,0,0.15162861134740524,1.0,2.5,30,60000
scratch_long,0,0.03,25,0,2.2547976792650224,1.9538332014799202,2.5585650031359255,0.6047318016560053,1.6512742262713929,2.8675487661241825,False,0,0.6532548748728004,1.0,2.5,30,60000
scratch_long,0,0.03,26,0,2.4001746771250265,2.1019176772599866,2.7028407568183024,0.6009230795583158,1.8049760120278018,3.011822430749833,False,0,0.11006864161390695,1.0,2.5,30,60000
scratch_long,0,0.03,27,0,2.3688738039833583,2.0670759278158366,2.674298538914696,0.6072226110988592,1.765226337137745,2.9855400296390795,False,0,0.18593628403687035,1.0,2.5,30,60000
scratch_long,0,0.03,28,0,2.4641241643713285,2.163299279597721,2.76931672824979,0.6060174486520693,1.8638217909192365,3.0806373327155465,False,0,0.013843788503436372,1.0,2.5,30,60000
scratch_long,0,0.03,29,0,2.4071892526545833,2.1069004928754875,2.711790072532586,0.6048895796570983,1.8077228889993646,3.0225882862833418,False,0,0.09387701282685157,1.0,2.5,30,60000
scratch_long,0,0.03,30,0,2.4057168489764886,2.108308849996189,2.707489077761018,0.5991802277648288,1.812199912128741,3.0154814301738924,False,0,0.09860670795751503,1.0,2.5,30,60000
scratch_long,0,0.03,31,0,2.4540439162054595,2.154328264689056,2.7583254014127183,0.6039971367236623,1.8562204788243286,3.0689162108429304,False,0,0.022978182441875106,1.0,2.5,30,60000
scratch_long,0,0.03,32,0,2.418426267792825,2.1185535696577555,2.722635568819492,0.6040819991617363,1.8198648022921535,3.0331070961891977,False,0,0.07279168385502999,1.0,2.5,30,60000
scratch_long,0,0.03,33,0,2.353671291747245,2.053646628681837,2.6576093966850136,0.6039627680031767,1.7540497135483166,2.96749326366745,False,0,0.23364879859582288,1.0,2.5,30,60000
scratch_long,0,0.03,34,0,2.3881880346185365,2.08635842537213,2.694011889482118,0.6076534641099878,1.7851136166266672,3.0058669965608398,False,0,0.1350233730954642,1.0,2.5,30,60000
scratch_long,0,0.03,35,0,2.3908815705307993,2.090425660164274,2.6953255189124077,0.6048998587481336,1.790639785490189,3.0058356580229875,False,0,0.12981345804291777,1.0,2.5,30,60000
scratch_long,0,0.03,36,0,2.4939243441232044,2.192549594783017,2.7997983579174117,0.6072487631343946,1.892723205678608,3.1118748415070834,False,0,0.00023407296612276696,1.0,2.5,30,60000
scratch_long,0,0.03,37,0,2.494336347115012,2.193547935581106,2.799797542606454,0.6062496070253478,1.8946203680171243,3.111542349424767,False,0,0.0001448926304874476,1.0,2.5,30,60000
scratch_long,0,0.03,38,0,2.5416231802004,2.2416345217173457,2.8463984463213983,0.6047639246040526,1.9438092216392269,3.157656381128416,False,0,0.01899691154176253,1.0,2.5,30,60000
scratch_long,0,0.03,39,0,2.365640302139302,2.063375654485049,2.6713385187403382,0.6079628642552892,1.7607145455590012,2.982627224614424,False,0,0.1946477043966297,1.0,2.5,30,60000
scratch_long,0,0.03,40,0,2.4643767330526853,2.1626673438296327,2.7704748639406587,0.607807520111026,1.8622995935924433,3.0827123422983482,False,0,0.013544251578423427,1.0,2.5,30,60000
scratch_long,0,0.03,41,0,2.3718447171437136,2.070233771426281,2.6772299542710254,0.6069961828447443,1.7689927797790406,2.9885010761362962,False,0,0.17770522570208414,1.0,2.5,30,60000
scratch_long,0,0.03,42,0,2.5027440111096624,2.2029364619834366,2.8073582771076993,0.6044218151242626,1.9052477128567475,3.1184541403700523,False,0,0.0,1.0,2.5,30,60000
scratch_long,0,0.03,43,0,2.3530815131407934,2.0520538915131668,2.6579492621257987,0.605895370612632,1.7513565809027676,2.968726962896519,False,0,0.23411230945930583,1.0,2.5,30,60000
scratch_long,0,0.03,44,0,2.366060008284096,2.064878113652936,2.6712391874204395,0.6063610737675034,1.7642513896562275,2.982374805321289,False,0,0.19428470577622647,1.0,2.5,30,60000
scratch_long,0,0.03,45,0,2.295326511681093,1.9936753940403003,2.600326200823735,0.6066508067834346,1.6913621169175794,2.910862504303063,False,0,0.45249993936158717,1.0,2.5,30,60000
scratch_long,0,0.03,46,0,2.4306015434352495,2.130502326878031,2.735088641500554,0.604586314622523,1.8318161698705844,3.045874689476095,False,0,0.05263919239223469,1.0,2.5,30,60000
scratch_long,0,0.03,47,0,2.4972787764893125,2.1986300022195326,2.80089607008507,0.6022660678655374,1.902280273660425,3.111110369520712,False,0,0.0,1.0,2.5,30,60000
scratch_long,1,0.03,0,0,0.7347622277802082,0.574369444770192,1.0575264891979672,0.4831570444277752,0.04630231247461195,1.3565586105333205,False,0,1.674697379439749,0.0,0.4,30,60000
scratch_long,1,0.03,1,0,0.8105326133611942,0.0869624201879423,1.113599425688961,1.0266370055010188,0.025578652896684047,1.4021719193007673,False,0,0.85278984397155,1.0,0.4,30,60000
scratch_long,1,0.03,2,0,0.840150238750909,0.10816859597245099,1.1585968362916605,1.0504282403192096,0.028279984663590826,1.4547430148128488,False,0,0.7152170552326425,1.0,0.4,30,60000
scratch_long,1,0.03,3,0,0.8860119342552545,0.5698377378436031,1.1851504571563558,0.6153127193127527,0.02356788621844113,1.472310578214811,False,0,2.9426804703398375,0.0,0.4,30,60000
scratch_long,1,0.03,4,0,0.2425196167223889,0.1002091373190582,0.9036495182608167,0.8034403809417585,0.03285012469913369,1.270774870611635,False,0,0.47302757454599487,1.0,0.4,30,60000
scratch_long,1,0.03,5,0,0.7851111436065751,0.1830342207747465,1.1012427113319467,0.9182084905572002,0.04413219460522449,1.3941889576229325,False,0,0.8268943494331324,1.0,0.4,30,60000
scratch_long,1,0.03,6,0,0.6689022644824022,0.11959756123961487,1.0311382125512967,0.9115406513116818,0.038870317803776505,1.337933941019975,False,0,0.12018685793009354,1.0,0.4,30,60000
scratch_long,1,0.03,7,0,0.6779578593427023,0.10958177794156408,1.028175500465487,0.9185937225239228,0.03553902800105715,1.3321592768836072,False,0,0.1748426074263989,1.0,0.4,30,60000
scratch_long,1,0.03,8,0,0.889063619096565,0.5900114676758531,1.1819814435572376,0.5919699758813844,0.5358472705270726,1.4666851432496346,False,0,7.076646004901704,0.0,0.4,30,60000
scratch_long,1,0.03,9,0,0.7373925521586823,0.11285814296747801,1.0674281614977958,0.9545700185303179,0.03515973718034781,1.3660374304367984,False,0,0.40858692998153856,1.0,0.4,30,60000
scratch_long,1,0.03,10,0,0.7844077889186156,0.5019316063282754,1.117043917300518,0.6151123109722426,0.025272060048953285,1.4174133750263163,False,0,2.2873973671667045,0.0,0.4,30,60000
scratch_long,1,0.03,11,0,0.7965147161522201,0.18458393638547904,1.1139337343875384,0.9293497980020593,0.04509084808492919,1.4085528687608762,False,0,0.6550433027623512,1.0,0.4,30,60000
scratch_long,1,0.03,12,0,0.21057920248003428,0.0808269217969162,1.052953391556909,0.9721264697599927,0.02295122615885361,1.3850976183142967,False,0,0.2584298305628181,1.0,0.4,30,60000
scratch_long,1,0.03,13,0,0.8647419417371857,0.6897218533091979,1.1536144077919557,0.4638925544827578,0.6827570653060157,1.4438567355933403,False,0,6.354348372151435,0.0,0.4,30,60000
scratch_long,1,0.03,14,0,0.22778276849113108,0.09244957284639899,0.9091728941187873,0.8167233212723883,0.029359509163067923,1.2798462036909997,False,0,0.2493735832576931,1.0,0.4,30,60000
scratch_long,1,0.03,15,0,0.8961543663717536,0.6418732085618523,1.1889507838869944,0.5470775753251421,0.6239122732773095,1.4756359175717042,False,0,6.056272237732628,0.0,0.4,30,60000
scratch_long,1,0.03,16,0,0.8116945169045789,0.07708686590147591,1.1515184380477679,1.074431572146292,0.020880383618113556,1.4546852634055996,False,0,0.32576348508519004,1.0,0.4,30,60000
scratch_long,1,0.03,17,0,0.6274654593193748,0.4482189463446198,0.9581357866143344,0.5099168402697146,0.049710709380114376,1.2640945946710689,False,0,3.0378272528541856,0.0,0.4,30,60000
scratch_long,1,0.03,18,0,0.818066132366217,0.5046370949752752,1.1325127404605737,0.6278756454852985,0.028905092860985,1.4261030481726005,False,0,1.5714811965335684,0.0,0.4,30,60000
scratch_long,1,0.03,19,0,0.18727208459772496,0.0892976305104483,0.22338672690117595,0.13408909639072764,0.02905704781129125,1.3269345932021201,False,0,2.57888097743853,0.0,0.4,30,60000
scratch_long,1,0.03,20,0,0.7363683081843286,0.5418589726866365,1.0590224029013606,0.5171634302147241,0.036781761792965835,1.3570204610760284,False,0,1.292236491874064,0.0,0.4,30,60000
scratch_long,1,0.03,21,0,0.8815427803928018,0.08392196676705459,1.1887889564895762,1.1048669897225216,0.02010700802031567,1.478700902228846,False,0,0.9064475806590053,1.0,0.4,30,60000
scratch_long,1,0.03,22,0,0.6687319268476513,0.10871081532146298,1.0368165486686582,0.9281057333471953,0.03465625120536531,1.3463068708751567,False,0,0.12011724308831617,1.0,0.4,30,60000
scratch_long,1,0.03,23,0,0.6141564929872889,0.10119117191025648,0.9905763572319297,0.8893851853216732,0.03396174802309832,1.3075414587809953,False,0,0.06980336190827074,1.0,0.4,30,60000
scratch_long,1,0.03,24,0,0.25078921487045014,0.09834860062274196,1.0346460844806928,0.9362974838579509,0.03139801485657827,1.3459940201474683,False,0,0.10411968815969885,1.0,0.4,30,60000
scratch_long,1,0.03,25,0,0.42837750926055584,0.14979390819183003,0.889120722108536,0.739326813916706,0.054338800878489815,1.2150934974116516,False,0,0.0026379211303719785,1.0,0.4,30,60000
scratch_long,1,0.03,26,0,0.6179254150353516,0.12085105850079102,1.005222922121416,0.8843718636206249,0.04032647737502015,1.3191624774698083,False,0,0.11013272336276714,1.0,0.4,30,60000
scratch_long,1,0.03,27,0,0.6292103611281281,0.10168692233764903,0.9973690721583668,0.8956821498207177,0.03397248526893279,1.3071528558659782,False,0,0.13367396837566048,1.0,0.4,30,60000
scratch_long,1,0.03,28,0,0.782608499872662,0.5487050398428452,1.0957214223764369,0.5470163825335916,0.3693357246516042,1.3893453832950209,False,0,3.351986547004344,0.0,0.4,30,60000
scratch_long,1,0.03,29,0,0.29491196393649144,0.11650942175095662,0.9354860509758773,0.8189766292249208,0.039174574138684526,1.2744880602103024,False,0,0.044221018160897074,1.0,0.4,30,60000
scratch_long,1,0.03,30,0,0.7151093613125825,0.5759497781864936,1.0303210750247984,0.4543712968383048,0.03839610222834668,1.3277677586590686,False,0,3.4700993860715243,0.0,0.4,30,60000
scratch_long,1,0.03,31,0,0.7528500761528379,0.0823528915627118,1.079104974064935,0.9967520825022231,0.024823130063797005,1.3769132297229756,False,0,0.41630921712567215,1.0,0.4,30,60000
scratch_long,1,0.03,32,0,0.7983682431377496,0.11067400262403466,1.119517382617586,1.0088433799935512,0.030029288348922104,1.4143883397051966,False,0,0.5407322464343451,1.0,0.4,30,60000
scratch_long,1,0.03,33,0,0.7349675753210407,0.17430338559981695,1.0633625009602692,0.8890591153604522,0.047040887709826784,1.360203164635163,False,0,0.45598195760612725,1.0,0.4,30,60000
scratch_long,1,0.03,34,0,0.7986171351808508,0.13605326019680533,1.1138745875856249,0.9778213273888196,0.03668873283114389,1.4064647374815842,False,0,0.6008230150619056,1.0,0.4,30,60000
scratch_long,1,0.03,35,0,0.8175331402953383,0.7285364661043603,1.0784759213480128,0.34993945524365255,0.20557309702270993,1.3606833637205236,False,0,3.9109728945877578,0.0,0.4,30,60000
scratch_long,1,0.03,36,0,0.2239500153365757,0.08726430271855011,1.0030171313698668,0.9157528286513167,0.026246941025111527,1.3368314155624563,False,0,0.20596004634717247,1.0,0.4,30,60000
scratch_long,1,0.03,37,0,0.8300447748040813,0.5795217852003035,1.1284434913783339,0.5489217061780304,0.46952524511847316,1.4176698844001783,False,0,7.098731558766303,0.0,0.4,30,60000
scratch_long,1,0.03,38,0,0.8798704158693609,0.7024741773335182,1.191080473337578,0.4886062960040597,0.018500191268110335,1.4841563777616187,False,0,1.6123862473396002,0.0,0.4,30,60000
scratch_long,1,0.03,39,0,0.894961823641723,0.6922006406544869,1.156636551846646,0.464435911192159,0.6661341217877215,1.4293848697153346,False,0,20.89163778521106,0.0,0.4,30,60000
scratch_long,1,0.03,40,0,0.740700181879231,0.09846729953652064,1.0906814726546787,0.9922141731181581,0.029497266171606078,1.3961739479288424,False,0,0.20727854121287237,1.0,0.4,30,60000
scratch_long,1,0.03,41,0,0.5800184868097301,0.13317401770145232,0.9808286730052866,0.8476546553038343,0.04394661860528517,1.294677082962826,False,0,0.047973572134651477,1.0,0.4,30,60000
scratch_long,1,0.03,42,0,0.7288033038326902,0.10487651305924918,1.0763972397504484,0.9715207266911993,0.031529044538726764,1.3812422635346668,False,0,0.24177427022368647,1.0,0.4,30,60000
scratch_long,1,0.03,43,0,0.6117914316630354,0.14903401033743383,0.9944182472037632,0.8453842368663294,0.049083057023498015,1.3051064941533321,False,0,0.09735371999340714,1.0,0.4,30,60000
scratch_long,1,0.03,44,0,0.5376890187971717,0.14114609688710777,0.9557970737153335,0.8146509768282257,0.04721940299458055,1.274791939212546,False,0,0.03612143853388261,1.0,0.4,30,60000
scratch_long,1,0.03,45,0,0.5961632818447924,0.1536020817930443,0.9764976381495138,0.8228955563564695,0.050332186078567716,1.2878318567296974,False,0,0.10099067932605976,1.0,0.4,30,60000
scratch_long,1,0.03,46,0,0.7186901998232831,0.5476753675245701,1.0429968590228076,0.49532149149823745,0.03771864167746608,1.3458969121262085,False,0,2.682743437249883,0.0,0.4,30,60000
scratch_long,1,0.03,47,0,0.21260897585669777,0.08451747744221999,1.0562799283514521,0.9717624509092322,0.02550995658043974,1.363744093065571,False,0,0.23253076102264458,1.0,0.4,30,60000
scratch_long,1,0.03,0,0,2.1138984472056546,1.8450439005455896,2.3851637342352907,0.5401198336897011,1.57799657942735,2.6559209696658854,False,0,2.0229042469836713,0.0,2.5,30,60000
scratch_long,1,0.03,1,0,2.2051288325680565,1.9332242791661085,2.4832336022289394,0.5500093230628309,1.6663820701596714,2.7675165065294722,False,0,1.122400933123572,0.0,2.5,30,60000
scratch_long,1,0.03,2,0,2.3286684294444737,2.0526092829209226,2.611345894433566,0.5587366115126433,1.7821186925911445,2.899000869266586,False,0,0.37071574860601686,1.0,2.5,30,60000
scratch_long,1,0.03,3,0,2.314258771430217,2.0449665667893906,2.5817736215322107,0.5368070547428201,1.779460883621578,2.714659689292237,False,0,0.47456975415116176,1.0,2.5,30,60000
scratch_long,1,0.03,4,0,2.1598820466989044,1.8848090087358174,2.4398991518427757,0.5550901431069584,1.612896465164953,2.68571562159582,False,0,1.4707486143051938,0.0,2.5,30,60000
scratch_long,1,0.03,5,0,2.2118349645572546,1.9413571626069441,2.4854858321405215,0.5441286695335774,1.6748520778726157,2.7309483106156476,False,0,1.1087133804248879,0.0,2.5,30,60000
scratch_long,1,0.03,6,0,2.17462475922563,1.8975263764292012,2.4579925534892424,0.5604661770600412,1.624904975157513,2.7481130869860824,False,0,1.3136370889296813,0.0,2.5,30,60000
scratch_long,1,0.03,7,0,2.1788167808441337,1.9072450388432511,2.4516205199093664,0.5443754810661152,1.638665697588045,2.633076052518,False,0,1.39498042158084,0.0,2.5,30,60000
scratch_long,1,0.03,8,0,2.271831429581274,2.0004773934109097,2.549012590227856,0.5485351968169465,1.7346640038632635,2.8287733266656483,False,0,0.6797482459987805,1.0,2.5,30,60000
scratch_long,1,0.03,9,0,2.203388572862393,1.9311219306516536,2.4775217462601082,0.5463998156084546,1.6624030144178354,2.681567637001763,False,0,1.1725943737219495,0.0,2.5,30,60000
scratch_long,1,0.03,10,0,2.277678125394153,2.006749676409759,2.5415211169273495,0.5347714405175905,1.7388420464559464,2.728512007362268,False,0,0.6878214371790818,1.0,2.5,30,60000
scratch_long,1,0.03,11,0,2.2238286487083507,1.948872206378064,2.50082340832076,0.551951201942696,1.6782442221741856,2.69362401996124,False,0,0.9938023535214597,1.0,2.5,30,60000
scratch_long,1,0.03,12,0,2.299953301524465,2.0229509882716177,2.5835181024356753,0.5605671141640576,1.7509791847103782,2.8742688874570548,False,0,0.5011975304914813,1.0,2.5,30,60000
scratch_long,1,0.03,13,0,2.294064379577259,2.0277748813871805,2.5395366259107752,0.5117617445235947,1.7615493253553236,2.6138404142018854,False,0,0.6632356976624578,1.0,2.5,30,60000
scratch_long,1,0.03,14,0,2.1497696372131068,1.881682686624953,2.420847254082991,0.5391645674580379,1.616358781945942,2.6888452323585725,False,0,1.6683175436737656,0.0,2.5,30,60000
scratch_long,1,0.03,15,0,2.3328499174067296,2.0590138058351184,2.612886642978612,0.5538728371434938,1.7909363027088796,2.896820116569262,False,0,0.3591525795891357,1.0,2.5,30,60000
scratch_long,1,0.03,16,0,2.3852500481153784,2.1096925336769914,2.6666188214505695,0.5569262877735781,1.8394893167335302,2.949947939630546,False,0,0.16800838154449593,1.0,2.5,30,60000
scratch_long,1,0.03,17,0,2.0698146525514427,1.7929035270719809,2.3516179438257754,0.5587144167537945,1.5185521982086647,2.636124174261469,False,0,2.30928307004433,0.0,2.5,30,60000
scratch_long,1,0.03,18,0,2.2777095088062365,2.003955617807859,2.557963276496978,0.5540076586891192,1.7355103946685557,2.843615163030293,False,0,0.632047470764519,1.0,2.5,30,60000
scratch_long,1,0.03,19,0,2.217080662735655,1.9387108556215293,2.5012100813930243,0.5624992257714949,1.6642335780621762,2.789706872376379,False,0,0.9914661464135861,1.0,2.5,30,60000
scratch_long,1,0.03,20,0,2.1730050105620053,1.898951138888915,2.4501565922206434,0.5512054533317283,1.6282525277282291,2.6800077310452814,False,0,1.3951307461866236,0.0,2.5,30,60000
scratch_long,1,0.03,21,0,2.327086403370404,2.0561228889956933,2.601253675213687,0.5451307862179937,1.7897384929344033,2.7989394767551015,False,0,0.39766259196039755,1.0,2.5,30,60000
scratch_long,1,0.03,22,0,2.2010998495344847,1.923028855619339,2.4858277429062348,0.5627988872868959,1.6495407326390223,2.7785027694210385,False,0,1.100276592271257,0.0,2.5,30,60000
scratch_long,1,0.03,23,0,2.1398188550239454,1.8677461583533002,2.4120886160944366,0.5443424577411364,1.5974941329653412,2.6291863891815788,False,0,1.7738487295646337,0.0,2.5,30,60000
scratch_long,1,0.03,24,0,2.1991666157993874,1.923083980967149,2.4820272389180764,0.5589432579509275,1.651801836298694,2.7728538688908766,False,0,1.1289868444182503,0.0,2.5,30,60000
scratch_long,1,0.03,25,0,2.0274203968803284,1.753603826246168,2.3041569920304923,0.5505531657843243,1.4811811069708547,2.5751281246703486,False,0,2.9282208520380664,0.0,2.5,30,60000
scratch_long,1,0.03,26,0,2.1737178812564983,1.898251780176246,2.454663017039261,0.5564112368630152,1.6267185358440686,2.739751516653241,False,0,1.3442628511729708,0.0,2.5,30,60000
scratch_long,1,0.03,27,0,2.1508603231801615,1.8770033551101104,2.428582836727999,0.5515794816178885,1.606228452989306,2.700433473461145,False,0,1.5779981844352733,0.0,2.5,30,60000
scratch_long,1,0.03,28,0,2.2121004937264948,1.9463589332502902,2.472439315300313,0.5260803820500228,1.6823999383898018,2.610078387490364,False,0,1.2394711915185326,0.0,2.5,30,60000
scratch_long,1,0.03,29,0,2.1581495276154077,1.8777803048086226,2.4442972684576674,0.5665169636490448,1.6008850336130196,2.7370446627631573,False,0,1.4205022946225654,0.0,2.5,30,60000
scratch_long,1,0.03,30,0,2.1653749604643022,1.894503085640471,2.442025948539183,0.5475228628987119,1.6278825473405005,2.724456843405725,False,0,1.4562512293523469,0.0,2.5,30,60000
scratch_long,1,0.03,31,0,2.20203746969888,1.9289778009508807,2.4808565947518244,0.5518787938009437,1.6603553830803086,2.765548653135961,False,0,1.1402453067967144,0.0,2.5,30,60000
scratch_long,1,0.03,32,0,2.262386150442468,1.9913096047247438,2.5375776256189364,0.5462680208941926,1.7247803113976874,2.7802878695056656,False,0,0.7459979616432975,1.0,2.5,30,60000
scratch_long,1,0.03,33,0,2.1649496384744285,1.8912800476678664,2.443204270770854,0.5519242231029875,1.6216842775616007,2.7003939193926825,False,0,1.4475819349318044,0.0,2.5,30,60000
scratch_long,1,0.03,34,0,2.2109687480210547,1.936997274683669,2.4890582920273645,0.5520610173436955,1.667618635601252,2.729407903827798,False,0,1.0805100624202169,0.0,2.5,30,60000
scratch_long,1,0.03,35,0,2.1349790955231507,1.862845379723585,2.4089419575223014,0.5460965777987163,1.5940514542125135,2.6136410782565385,False,0,1.7977394513327454,0.0,2.5,30,60000
scratch_long,1,0.03,36,0,2.179715640297728,1.9049544804460221,2.4582971632028365,0.5533426827568144,1.633734730294451,2.7102583094409325,False,0,1.3213749824863044,0.0,2.5,30,60000
scratch_long,1,0.03,37,0,2.275491067364236,2.0029910749005233,2.5483784071775037,0.5453873322769804,1.7351238158641948,2.7529963254571546,False,0,0.6693589694477851,1.0,2.5,30,60000
scratch_long,1,0.03,38,0,2.35554564092764,2.0837745360272866,2.630301626934914,0.5465270909076274,1.8165662299619931,2.834658267260526,False,0,0.2761784945942054,1.0,2.5,30,60000
scratch_long,1,0.03,39,0,2.2099363243748233,1.9372756951423495,2.4897623003647302,0.5524866052223807,1.6705892018754467,2.7761442469964455,False,0,1.0734541352903761,0.0,2.5,30,60000
scratch_long,1,0.03,40,0,2.2463116167373687,1.9747551750513384,2.5132519954595867,0.5384968204082483,1.7055513389978463,2.644170927765748,False,0,0.8968101039208705,1.0,2.5,30,60000
scratch_long,1,0.03,41,0,2.1316114826890717,1.8564506016186215,2.4121389911958007,0.5556883895771791,1.584562763285884,2.698749288220397,False,0,1.7127134305992513,0.0,2.5,30,60000
scratch_long,1,0.03,42,0,2.2796344761785567,2.0042315504892922,2.559702908146428,0.5554713576571357,1.7333793156541935,2.803822238029616,False,0,0.6202713822349324,1.0,2.5,30,60000
scratch_long,1,0.03,43,0,2.1282565638453614,1.8541076976473434,2.4060563486941255,0.5519486510467821,1.5828699493091656,2.6421531831062146,False,0,1.7926554955047322,0.0,2.5,30,60000
scratch_long,1,0.03,44,0,2.1029010947520264,1.8252819567130818,2.385936020528273,0.5606540638151911,1.5506127501882288,2.675492966944515,False,0,1.9504109849003726,0.0,2.5,30,60000
scratch_long,1,0.03,45,0,2.1116464333788274,1.834321775027635,2.3945426955727602,0.5602209205451252,1.5604144119185936,2.682835980870128,False,0,1.869394643821579,0.0,2.5,30,60000
scratch_long,1,0.03,46,0,2.2029246886461546,1.9269266513341845,2.4830996409872617,0.5561729896530772,1.6544512382607814,2.74222235722819,False,0,1.1233977990268613,0.0,2.5,30,60000
scratch_long,1,0.03,47,0,2.2189871079507446,1.9475353609026107,2.495821772593657,0.5482864116910462,1.6806150111009948,2.7754375815109333,False,0,1.0298279933995218,0.0,2.5,30,60000
scratch_long,2,0.03,0,0,0.8277278478500215,0.7129275480914478,1.0836611723322305,0.3707336242407827,0.4140485053719863,1.3439000097663278,False,0,4.236020651846047,0.0,0.4,30,60000
scratch_long,2,0.03,1,0,0.13871577315394176,0.06447827942820877,0.2668339196030608,0.20235564017485203,0.020683105022182485,1.3645870560721203,False,0,1.8199753504777618,0.0,0.4,30,60000
scratch_long,2,0.03,2,0,0.9166333386952584,0.6766434347262456,1.178711558368627,0.5020681236423814,0.5098230366459072,1.44134221638924,False,0,4.652980530259811,0.0,0.4,30,60000
scratch_long,2,0.03,3,0,0.8871048494168429,0.5616497216767712,1.158817888249167,0.5971681665723959,0.01840949383444359,1.4247927279778478,False,0,1.5091660444522859,0.0,0.4,30,60000
scratch_long,2,0.03,4,0,0.868491379604079,0.566578754359483,1.1347929520725848,0.5682141977131018,0.4188191413885161,1.397453792752738,False,0,5.485775966626534,0.0,0.4,30,60000
scratch_long,2,0.03,5,0,0.8992660523467314,0.6259148483678482,1.0888772793231647,0.46296243095531653,0.04164251008075022,1.3417043392568644,False,0,3.1662689485165174,0.0,0.4,30,60000
scratch_long,2,0.03,6,0,0.17813402713210377,0.08518222975225305,0.2854633351705036,0.20028110541825056,0.030551187295349044,1.309741860475798,False,0,2.1639656963925518,0.0,0.4,30,60000
scratch_long,2,0.03,7,0,0.1709631872492261,0.08309976174940517,0.2381440297662791,0.15504426801687393,0.029381893306119927,1.2984850721485202,False,0,1.9339311392686795,0.0,0.4,30,60000
scratch_long,2,0.03,8,0,0.8785668559273899,0.8018433519513293,1.1333871085383178,0.33154375658698854,0.027116560780239784,1.3961892838898353,False,0,2.7534411853448546,0.0,0.4,30,60000
scratch_long,2,0.03,9,0,0.8317569251001697,0.7069669952663631,1.0913016766688108,0.38433468140244775,0.05604517372628871,1.3534995463381667,False,0,2.9177894643835316,0.0,0.4,30,60000
scratch_long,2,0.03,10,0,0.15270295828822833,0.06802735416795382,0.3103587208080777,0.2423313666401239,0.021405756240325858,1.3728115165492265,False,0,2.0129937189267366,0.0,0.4,30,60000
scratch_long,2,0.03,11,0,0.7922841912921308,0.48979236202260157,1.0729068862191826,0.583114524196581,0.035124254982699395,1.3434516202238103,False,0,2.796999543930724,0.0,0.4,30,60000
scratch_long,2,0.03,12,0,0.8540738649610636,0.5398277241673789,1.1304479750812746,0.5906202509138957,0.016112861252683193,1.400065719927944,False,0,2.0182719795229787,0.0,0.4,30,60000
scratch_long,2,0.03,13,0,0.13830837916516595,0.06003579431507961,0.2794176453779706,0.219381851062891,0.017890989540742724,1.3938835276919392,False,0,2.1173995680583175,0.0,0.4,30,60000
scratch_long,2,0.03,14,0,0.14413292412059284,0.0667728822823593,0.28208777965052173,0.21531489736816245,0.022158279275428572,1.3065654159270133,False,0,1.801613661209558,0.0,0.4,30,60000
scratch_long,2,0.03,15,0,0.8988548115418968,0.6785873639949487,1.1630666311670201,0.48447926717207146,0.5272040240984707,1.426869084301037,False,0,5.696495016789413,0.0,0.4,30,60000
scratch_long,2,0.03,16,0,0.13634654959097917,0.05904950468267678,0.25954896114223475,0.20049945645955797,0.01746520038647263,1.4303691344910798,False,0,1.8761145464450237,0.0,0.4,30,60000
scratch_long,2,0.03,17,0,0.9013714607380497,0.5282125410042527,1.0688979326166381,0.5406853916123854,0.043757465529305234,1.3124174472859256,False,0,2.479472250350227,0.0,0.4,30,60000
scratch_long,2,0.03,18,0,0.8458019348050838,0.6317410583817578,1.1190721000975292,0.48733104171577146,0.028628671377194423,1.3883431523983396,False,0,1.6396872185578104,0.0,0.4,30,60000
scratch_long,2,0.03,19,0,0.16062261250050217,0.07484409802297447,0.3159416559454208,0.2410975579224463,0.025706140824322064,1.2888903869160733,False,0,1.8971257681369025,0.0,0.4,30,60000
scratch_long,2,0.03,20,0,0.8102967072251329,0.723024424829563,1.0673277563706216,0.34430333154105863,0.04219790621211257,1.331203327074527,False,0,3.002955378171464,0.0,0.4,30,60000
scratch_long,2,0.03,21,0,0.9168494599493165,0.6362691234453898,1.1803636819078942,0.5440945584625044,0.5208224735631074,1.4429603243000428,False,0,5.675748664485582,0.0,0.4,30,60000
scratch_long,2,0.03,22,0,0.18436755563189,0.0839481525729832,1.0135327505889178,0.9295845980159346,0.028972869240330584,1.31002175485196,False,0,0.7034770282298268,1.0,0.4,30,60000
scratch_long,2,0.03,23,0,0.17961398187992147,0.08420304514421986,0.2666546374134274,0.1824515922692075,0.029581361579460258,1.269314592894458,False,0,2.146717448344134,0.0,0.4,30,60000
scratch_long,2,0.03,24,0,0.16110513732182086,0.07554708198100044,0.28222925165187845,0.20668216967087802,0.026182101716623628,1.3097072619258048,False,0,2.53336139194289,0.0,0.4,30,60000
scratch_long,2,0.03,25,0,0.8182807357310398,0.8004262858891467,1.0047813689846066,0.2043550830954599,0.04900686542414751,1.2544009061365384,False,0,2.6408941953304748,0.0,0.4,30,60000
scratch_long,2,0.03,26,0,0.8643174392542703,0.7937532354115353,1.1009246717759713,0.307171436364436,0.5793290644011466,1.354179278342915,False,0,13.014634832394222,0.0,0.4,30,60000
scratch_long,2,0.03,27,0,0.8832543235564766,0.6009170639386412,1.0999953172926578,0.49907825335401657,0.43369659166567,1.358523619148631,False,0,4.3350272876850795,0.0,0.4,30,60000
scratch_long,2,0.03,28,0,0.17646741637260724,0.079261981534503,1.0520624873184974,0.9728005057839944,0.02687202506298497,1.3402360236801587,False,0,0.7797913090835209,1.0,0.4,30,60000
scratch_long,2,0.03,29,0,0.7525241967953976,0.5516525786650929,1.0388664097910474,0.4872138311259545,0.02804406880666539,1.3132637742187847,False,0,3.1783957752741117,0.0,0.4,30,60000
scratch_long,2,0.03,30,0,0.8091325646474598,0.6269271843750976,1.0776016830761215,0.45067449870102383,0.052439913410735235,1.340734554018175,False,0,2.61470674373777,0.0,0.4,30,60000
scratch_long,2,0.03,31,0,0.8237227193581729,0.6840342812759903,1.099989901516002,0.41595562024001165,0.01953505625747432,1.3698549913451281,False,0,1.8733258492320601,0.0,0.4,30,60000
scratch_long,2,0.03,32,0,0.9581043672328043,0.8974215560674617,1.1624130099831667,0.264991453915705,0.8841249704976067,1.4061467435921393,False,0,5.84221133131723,0.0,0.4,30,60000
scratch_long,2,0.03,33,0,0.7517513358805127,0.5402493820737468,1.0348550722678778,0.4946056901941309,0.03553642774552375,1.3043485115949278,False,0,1.5750628037458227,0.0,0.4,30,60000
scratch_long,2,0.03,34,0,0.1812381066655821,0.08458573582032856,0.3222409371601498,0.2376552013398212,0.029746139329072968,1.3082052530142931,False,0,1.6877600930347398,0.0,0.4,30,60000
scratch_long,2,0.03,35,0,0.1631886496227892,0.07711785770783913,0.2860095872107779,0.20889172950293877,0.027088563060726337,1.3313674384212892,False,0,1.6362050581046788,0.0,0.4,30,60000
scratch_long,2,0.03,36,0,0.9379238078971459,0.8500574376695416,1.1818150070962252,0.33175756942668366,0.5412675937422238,1.4382778374616336,False,0,5.834007253299205,0.0,0.4,30,60000
scratch_long,2,0.03,37,0,0.1612686533581687,0.0711161990745752,0.34306258845397236,0.2719463893793972,0.022812504036043294,1.3415203497722592,False,0,1.1781601987568138,0.0,0.4,30,60000
scratch_long,2,0.03,38,0,0.13290253751958903,0.05741091259086062,0.27637842331235307,0.21896751072149245,0.01677570145279501,1.4092933457305235,False,0,1.7409337537319516,0.0,0.4,30,60000
scratch_long,2,0.03,39,0,0.15416557817573062,0.07154796476267947,0.253881913606744,0.18233394884406454,0.024328322369588953,1.3314664448125666,False,0,2.0478869611833943,0.0,0.4,30,60000
scratch_long,2,0.03,40,0,0.8533764047149317,0.5334819996823315,1.124465238909926,0.5909832392275944,0.32733468186610687,1.3904441353930705,False,0,1.559714615028497,0.0,0.4,30,60000
scratch_long,2,0.03,41,0,0.834003395765602,0.11295657215044365,1.020645640092835,0.9076890679423913,0.04071500525558629,1.276774407659438,False,0,0.6553699740870798,1.0,0.4,30,60000
scratch_long,2,0.03,42,0,0.16889610088427687,0.07644938740538224,0.3160827023724528,0.23963331496707055,0.02566617035150236,1.3475657514626584,False,0,1.2645084663199668,0.0,0.4,30,60000
scratch_long,2,0.03,43,0,0.7595899357893865,0.5587356298510564,1.0279399203073152,0.4692042904562588,0.3637612090007569,1.2931305400169666,False,0,3.2065629876451567,0.0,0.4,30,60000
scratch_long,2,0.03,44,0,0.21645041361193693,0.10027891015638495,0.9474044792596004,0.8471255691032155,0.03767525170468597,1.245182214165327,False,0,0.39095861957684974,1.0,0.4,30,60000
scratch_long,2,0.03,45,0,0.18502212627935594,0.0995122455821766,0.9650504758658776,0.8655382302837009,0.03878981841103181,1.241713821760551,False,0,0.9254761533265992,1.0,0.4,30,60000
scratch_long,2,0.03,46,0,0.7948377009820521,0.6924798511720058,1.0609090886561319,0.36842923748412604,0.04232190881306432,1.3266432013687242,False,0,1.8404315817715542,0.0,0.4,30,60000
scratch_long,2,0.03,47,0,0.8533330800369885,0.6188225302879596,1.1241572153828419,0.5053346850948822,0.01861183860453887,1.3892101339538694,False,0,3.298016506814747,0.0,0.4,30,60000
scratch_long,2,0.03,0,0,2.0746912144716623,1.812364596784414,2.3453658737851146,0.5330012770007007,1.5572777655219496,2.6251019668523665,False,0,2.423631901237968,0.0,2.5,30,60000
scratch_long,2,0.03,1,0,2.1091396052643314,1.845646474328964,2.380987970404008,0.535341496075044,1.589369002143506,2.6618456835981306,False,0,2.0383716346041183,0.0,2.5,30,60000
scratch_long,2,0.03,2,0,2.2151775124855506,1.9513229275767079,2.487393326202753,0.5360703986260453,1.694921791021181,2.768598436392375,False,0,1.0929138041392434,0.0,2.5,30,60000
scratch_long,2,0.03,3,0,2.2223889520364746,1.9589941139090188,2.4941522070204893,0.5351580931114706,1.7030566986281035,2.7749816601482182,False,0,1.0424617660537479,0.0,2.5,30,60000
scratch_long,2,0.03,4,0,2.157768621681604,1.8962112895400498,2.4276718448562002,0.5314605553161504,1.6418955824113175,2.7066080007424356,False,0,1.5936507430997153,0.0,2.5,30,60000
scratch_long,2,0.03,5,0,2.073605857989397,1.8085150466085496,2.3462639667540146,0.537748920145465,1.5495457198623694,2.6274355884240665,False,0,2.4042475425449084,0.0,2.5,30,60000
scratch_long,2,0.03,6,0,2.056083387188851,1.791513847188327,2.32849628526272,0.536982438074393,1.5334425385198176,2.6095834374525757,False,0,2.6047059780175914,0.0,2.5,30,60000
scratch_long,2,0.03,7,0,2.0970128702683652,1.8333985643827198,2.3685139502189787,0.535115385836259,1.5763091720624756,2.6487037259492916,False,0,2.170359599229414,0.0,2.5,30,60000
scratch_long,2,0.03,8,0,2.1549817950126116,1.8910084370691251,2.42723007881813,0.5362216417490049,1.634320134275835,2.7084342398875982,False,0,1.5922597998505807,0.0,2.5,30,60000
scratch_long,2,0.03,9,0,2.1090142525766122,1.8463096808439525,2.3799532584708194,0.5336435776268669,1.590564141443893,2.6598130113878695,False,0,2.053419254898472,0.0,2.5,30,60000
scratch_long,2,0.03,10,0,2.206486681475379,1.942181753663772,2.479119062407461,0.5369373087436888,1.685176998575489,2.7607018982067113,False,0,1.156142198244197,0.0,2.5,30,60000
scratch_long,2,0.03,11,0,2.097812349375398,1.8321513424722085,2.371334661935237,0.5391833194630284,1.573005182918407,2.653531792870535,False,0,2.131067001784686,0.0,2.5,30,60000
scratch_long,2,0.03,12,0,2.208476056033322,1.9416581873516823,2.483527763030008,0.5418695756783258,1.6820189887206758,2.76756811981855,False,0,1.1209433361218544,0.0,2.5,30,60000
scratch_long,2,0.03,13,0,2.2235805322753563,1.9584092247404776,2.4971309607553684,0.5387217360148908,1.7006684325790198,2.77972795213385,False,0,1.0204874742230459,0.0,2.5,30,60000
scratch_long,2,0.03,14,0,2.0900142535066566,1.8311004220936524,2.3574287078377365,0.5263282857440841,1.579670990388658,2.6340535205386906,False,0,2.30899993885032,0.0,2.5,30,60000
scratch_long,2,0.03,15,0,2.2228087368631684,1.9587082606022468,2.4953549576270215,0.5366466970247747,1.7021595980078066,2.777023168448122,False,0,1.033489086326881,0.0,2.5,30,60000
scratch_long,2,0.03,16,0,2.2722326071758645,2.0085781439346104,2.544546302440306,0.5359681585056957,1.7528133714464167,2.826122032697001,False,0,0.7031161441627773,1.0,2.5,30,60000
scratch_long,2,0.03,17,0,1.992539794543639,1.7287725384750146,2.2637949020463317,0.5350223635713172,1.470902306306258,2.5435688412494466,False,0,3.4086742034305644,0.0,2.5,30,60000
scratch_long,2,0.03,18,0,2.1922593536362984,1.9276490496505516,2.4649224601743045,0.5372734105237529,1.6699224416833245,2.7464296431156416,False,0,1.2683861261430138,0.0,2.5,30,60000
scratch_long,2,0.03,19,0,2.1041331473987936,1.8402761565627652,2.3759467385074133,0.5356705819446481,1.5832740200999333,2.6565236013407176,False,0,2.0909269348121597,0.0,2.5,30,60000
scratch_long,2,0.03,20,0,2.0651199136704745,1.8000961680403185,2.338015562966596,0.5379193949262775,1.541731518902282,2.6196041171829876,False,0,2.493626897328795,0.0,2.5,30,60000
scratch_long,2,0.03,21,0,2.236905465073817,1.973934011904151,2.508557542363652,0.5346235304595008,1.7187351924451468,2.7894323409557056,False,0,0.9388043480976194,1.0,2.5,30,60000
scratch_long,2,0.03,22,0,2.0989693369303395,1.8336615813716972,2.3719856009047837,0.5383240195330865,1.5745853906985487,2.653602357699317,False,0,2.1269273672660347,0.0,2.5,30,60000
scratch_long,2,0.03,23,0,2.0748003753324515,1.8109730825140677,2.3462281460023817,0.535255063488314,1.553289765454542,2.62620168681617,False,0,2.412038236085209,0.0,2.5,30,60000
scratch_long,2,0.03,24,0,2.0702882250124053,1.8072948759962926,2.341181274751541,0.5338863987552482,1.5508640564963962,2.620786123970368,False,0,2.470887187973858,0.0,2.5,30,60000
scratch_long,2,0.03,25,0,1.936068228906768,1.6723447911651272,2.206869311154635,0.5345245199895079,1.4137921438053007,2.4858762222497157,False,0,4.201418875301897,0.0,2.5,30,60000
scratch_long,2,0.03,26,0,2.0693335882484365,1.808078203115159,2.3389188800434746,0.5308406769283156,1.5540256485824617,2.617540935118652,False,0,2.5031396564772876,0.0,2.5,30,60000
scratch_long,2,0.03,27,0,2.109088236164152,1.8466389760050788,2.3795255415194867,0.5328865655144079,1.5908015747374755,2.6587279356770632,False,0,2.0605075901003147,0.0,2.5,30,60000
scratch_long,2,0.03,28,0,2.1465460616954424,1.8823083136334784,2.418934239565423,0.5366259259319448,1.625025357384307,2.700190328172801,False,0,1.66806254925541,0.0,2.5,30,60000
scratch_long,2,0.03,29,0,2.0731214698489433,1.8061891136016042,2.3475659915877265,0.5413768779861223,1.5451706887288525,2.630488512839468,False,0,2.3795808881950506,0.0,2.5,30,60000
scratch_long,2,0.03,30,0,2.1017573669908405,1.8409481868513295,2.37075395629663,0.5298057694453004,1.5871567651569245,2.648679803920014,False,0,2.158301887131529,0.0,2.5,30,60000
scratch_long,2,0.03,31,0,2.143267574141375,1.8784952941762483,2.4159697060278003,0.537474411851552,1.6203998569833837,2.6974508052962416,False,0,1.6946368749704561,0.0,2.5,30,60000
scratch_long,2,0.03,32,0,2.1396358383386453,1.8766616959536913,2.41103968419943,0.5343779882457389,1.6210768081678384,2.6915091119427266,False,0,1.7443194136758393,0.0,2.5,30,60000
scratch_long,2,0.03,33,0,2.043625806535987,1.7794610339348098,2.31549426185037,0.5360332279155602,1.5216295044819796,2.5960053075877574,False,0,2.7596985706986743,0.0,2.5,30,60000
scratch_long,2,0.03,34,0,2.0606973715517585,1.7955721540399296,2.3337119317301895,0.5381397776902599,1.5369614448966356,2.6154805916039536,False,0,2.5405504703921906,0.0,2.5,30,60000
scratch_long,2,0.03,35,0,2.06820194437805,1.805064445725578,2.339472692172879,0.5344082464473008,1.5487703021168508,2.6195918817983794,False,0,2.4870136060053483,0.0,2.5,30,60000
scratch_long,2,0.03,36,0,2.2197345403871878,1.9576546992111283,2.490633233724753,0.5329785345136249,1.7035629864885202,2.770863011240942,False,0,1.0690354394864698,0.0,2.5,30,60000
scratch_long,2,0.03,37,0,2.176032237683101,1.9126437296171048,2.4476561956898895,0.5350124660727846,1.656360527780745,2.728219956470346,False,0,1.4136560344486497,0.0,2.5,30,60000
scratch_long,2,0.03,38,0,2.253672810609559,1.9905806973530826,2.525259595731368,0.5346788983782853,1.7351600824974434,2.805995677841619,False,0,0.8248313793956186,1.0,2.5,30,60000
scratch_long,2,0.03,39,0,2.099327552247072,1.8377038577593314,2.3693509940577044,0.531647136298373,1.5833343942470048,2.648450435928797,False,0,2.167456364713871,0.0,2.5,30,60000
scratch_long,2,0.03,40,0,2.1618902823765587,1.8980424389197899,2.4340415861230915,0.5359991472033017,1.6414083600648872,2.7152500773793644,False,0,1.5311341345477558,0.0,2.5,30,60000
scratch_long,2,0.03,41,0,2.0187907076880824,1.7522541707133574,2.2922793176030356,0.5400251468896782,1.4907096837707794,2.573899907956504,False,0,3.0291078679329075,0.0,2.5,30,60000
scratch_long,2,0.03,42,0,2.1612393025658276,1.8969850104310482,2.4335881627783844,0.5366031523473362,1.639628813300911,2.7148166617010565,False,0,1.5349957772195921,0.0,2.5,30,60000
scratch_long,2,0.03,43,0,2.0250367839052834,1.7605091172945078,2.2971043722825515,0.5365952549880437,1.5020850562576786,2.5776488080360456,False,0,2.9801161816976673,0.0,2.5,30,60000
scratch_long,2,0.03,44,0,2.0019039599923127,1.7356194552166113,2.275445572027027,0.5398261168104157,1.474771259178702,2.5573487850696126,False,0,3.2363302328922146,0.0,2.5,30,60000
scratch_long,2,0.03,45,0,1.9738520265764696,1.7081501189216464,2.246601865556104,0.5384517466344578,1.44758667145379,2.527559037529903,False,0,3.6221745077964442,0.0,2.5,30,60000
scratch_long,2,0.03,46,0,2.089072590634353,1.8246761060366627,2.361357929048713,0.5366818230120503,1.566768084547838,2.6423515702720795,False,0,2.2420065611040627,0.0,2.5,30,60000
scratch_long,2,0.03,47,0,2.1774300794995853,1.9148706550926973,2.448414471692381,0.5335438165996835,1.6596297494494945,2.728470764978357,False,0,1.4080947617258062,0.0,2.5,30,60000
scratch_long,0,1.0,0,0,0.41654803176306987,0.15536780977956105,0.8088127637541291,0.6534449539745681,0.04969542151973337,1.1444723962226775,False,0,0.001819379504013341,1.0,0.4,2,60000
scratch_long,0,1.0,1,0,0.3752759900144169,0.133628767625666,0.8078720988947689,0.6742433312691029,0.04073346366584276,1.1568866444033938,False,0,0.0036011244446854107,1.0,0.4,2,60000
scratch_long,0,1.0,2,0,0.3866355965238429,0.11766266899040068,0.8893768061829115,0.7717141371925108,0.03289659355204823,1.2315086748526647,False,0,0.000533661379449768,1.0,0.4,2,60000
scratch_long,0,1.0,3,0,0.47141349257464765,0.12590030823704773,0.9269323942872258,0.8010320860501781,0.03458924197224946,1.2569442867520384,False,0,0.012743043356749695,1.0,0.4,2,60000
scratch_long,0,1.0,4,0,0.36426501978076614,0.1254149582689031,0.8292414402514672,0.7038264819825641,0.03762319312663098,1.1793998652832882,False,0,0.006543107494508149,1.0,0.4,2,60000
scratch_long,0,1.0,5,0,0.41163698066453425,0.14370798362713677,0.8276450771085739,0.6839370934814372,0.04407832946056636,1.1652602017803655,False,0,0.0007605969040014315,1.0,0.4,2,60000
scratch_long,0,1.0,6,0,0.4052286975161518,0.15019092790594996,0.8032288866653675,0.6530379587594175,0.04797926744112753,1.1416029001183516,False,0,3.075944187003188e-05,1.0,0.4,2,60000
scratch_long,0,1.0,7,0,0.4222828751908254,0.14949121865175777,0.8283601224617073,0.6788689038099496,0.04651897721549039,1.1629870155235646,False,0,0.002948000113974558,1.0,0.4,2,60000
scratch_long,0,1.0,8,0,0.35974692787468365,0.12820913470952422,0.8030841180772638,0.6748749833677395,0.03871398708414194,1.1597176656668893,False,0,0.010072718847368378,1.0,0.4,2,60000
scratch_long,0,1.0,9,0,0.4185524002357797,0.14808858968728428,0.8317277950638392,0.683639205376555,0.04630399076928544,1.1684154074252102,False,0,0.00199460215299041,1.0,0.4,2,60000
scratch_long,0,1.0,10,0,0.443352128744936,0.12844458373275686,0.9017242718318191,0.7732796880990622,0.036091821589257986,1.235335689064229,False,0,0.005828617449878948,1.0,0.4,2,60000
scratch_long,0,1.0,11,0,0.4555206690498879,0.16020615662706927,0.8503644178993668,0.6901582612722975,0.04915018288200154,1.180275795959028,False,0,0.01816502815199783,1.0,0.4,2,60000
scratch_long,0,1.0,12,0,0.37536627439062104,0.11137372382059943,0.896097766154406,0.7847240423338065,0.029666329670031334,1.2401417446476055,False,0,0.0016818249241623562,1.0,0.4,2,60000
scratch_long,0,1.0,13,0,0.4426295887937496,0.11270147764267166,0.9383961821250215,0.8256947044823498,0.029369070603170098,1.2717185654770466,False,0,0.003102547998423688,1.0,0.4,2,60000
scratch_long,0,1.0,14,0,0.31789037519868224,0.12050996655641674,0.741635209749709,0.6211252431932922,0.03769526172852486,1.1110708404940046,False,0,0.05392281494277995,1.0,0.4,2,60000
scratch_long,0,1.0,15,0,0.42461696381949815,0.11881910187487608,0.9159873395052429,0.7971682376303668,0.03256611513191324,1.2515527210739295,False,0,0.0014123722285148688,1.0,0.4,2,60000
scratch_long,0,1.0,16,0,0.44625196905526804,0.11373540317111974,0.9360707475764365,0.8223353444053167,0.029794644672720194,1.2680697090253537,False,0,0.0037432379212987144,1.0,0.4,2,60000
scratch_long,0,1.0,17,0,0.38516514003800556,0.15664271047630668,0.7478865296458974,0.5912438191695908,0.053558054013160154,1.0846553185253784,False,0,0.0018364499956078362,1.0,0.4,2,60000
scratch_long,0,1.0,18,0,0.4019800730841635,0.129064657814163,0.8613784088476665,0.7323137510335035,0.037723435762549454,1.2016539302995515,False,0,0.0,1.0,0.4,2,60000
scratch_long,0,1.0,19,0,0.41667550775815826,0.13720659963647255,0.854525652677334,0.7173190530408615,0.040414612736810636,1.1933072893132255,False,0,0.00126069213001756,1.0,0.4,2,60000
scratch_long,0,1.0,20,0,0.40982206297944,0.14850126522887278,0.8169978459819206,0.6684965807530479,0.04679394226090294,1.1562547322905679,False,0,0.0006081548126530834,1.0,0.4,2,60000
scratch_long,0,1.0,21,0,0.3984769598974461,0.11552221241249915,0.9093190426160749,0.7937968302035757,0.03156739549747794,1.2476405729676274,False,0,0.0,1.0,0.4,2,60000
scratch_long,0,1.0,22,0,0.40898961220118507,0.14327578021272558,0.8277796285102369,0.6845038482975113,0.04399725279680185,1.1678678326751188,False,0,0.00045570343718281947,1.0,0.4,2,60000
scratch_long,0,1.0,23,0,0.3747923553975126,0.1388446282084729,0.7832511064883408,0.644406478279868,0.04395145031988273,1.129748273994262,False,0,0.00433704164242954,1.0,0.4,2,60000
scratch_long,0,1.0,24,0,0.3990038176124426,0.1434097454735614,0.8117051926794386,0.6682954472058773,0.044889591488073144,1.1511681420993416,False,0,0.0,1.0,0.4,2,60000
scratch_long,0,1.0,25,0,0.4020401764579643,0.17132531105494114,0.7422130947924725,0.5708877837375315,0.060917415224476135,1.0679243821117526,False,0,0.0,1.0,0.4,2,60000
scratch_long,0,1.0,26,0,0.38621185532360514,0.14670274939239816,0.7822814181169108,0.6355786687245126,0.04755560309487911,1.1249128320421198,False,0,0.0013244194706203416,1.0,0.4,2,60000
scratch_long,0,1.0,27,0,0.3684547506362261,0.13568936867727652,0.7841659152173922,0.6484765465401157,0.04269064751336966,1.132114077428058,False,0,0.006887503721372923,1.0,0.4,2,60000
scratch_long,0,1.0,28,0,0.42193308263476037,0.1437335302276312,0.8425460595586449,0.6988125293310137,0.04352631969750466,1.1788708745744856,False,0,0.0025382625353813637,1.0,0.4,2,60000
scratch_long,0,1.0,29,0,0.39472853237153244,0.14727197512132775,0.793602243670283,0.6463302685489553,0.04687114157145525,1.1360740564278164,False,0,4.021195854875259e-05,1.0,0.4,2,60000
scratch_long,0,1.0,30,0,0.3916253108184133,0.14420761306133342,0.798750622762626,0.6545430097012925,0.04608566461919397,1.1383671012333003,False,0,0.00046519621173501946,1.0,0.4,2,60000
scratch_long,0,1.0,31,0,0.3788156296139284,0.12803399164650067,0.8328029942634863,0.7047690026169856,0.03784936708547304,1.1804526509899789,False,0,0.0022995839681243524,1.0,0.4,2,60000
scratch_long,0,1.0,32,0,0.3787779190731212,0.13221108156844677,0.8150313471519578,0.682820265583511,0.03968662102904904,1.162429656773667,False,0,0.0026175249186053406,1.0,0.4,2,60000
scratch_long,0,1.0,33,0,0.42033998134905876,0.15923065614448859,0.8049764278091412,0.6457457716646526,0.05172790122829643,1.1380792845564272,False,0,0.002998935724463081,1.0,0.4,2,60000
scratch_long,0,1.0,34,0,0.41975099267201543,0.1522146531728641,0.821468790265951,0.6692541370930869,0.0477085148797493,1.1589489436032856,False,0,0.0025013030972331762,1.0,0.4,2,60000
scratch_long,0,1.0,35,0,0.389567180201337,0.14897890908327321,0.7808190434359005,0.6318401343526272,0.048343131022757724,1.123412821758267,False,0,0.0008506745652994141,1.0,0.4,2,60000
scratch_long,0,1.0,36,0,0.37929042735344926,0.11961923516915492,0.8717606901683845,0.7521414549992296,0.03414412836372157,1.215291085659045,False,0,0.0016001536787371151,1.0,0.4,2,60000
scratch_long,0,1.0,37,0,0.3776078594654317,0.12320347078320866,0.8507755334487507,0.727572062665542,0.035770309215603216,1.1963851040618714,False,0,0.002179863346100319,1.0,0.4,2,60000
scratch_long,0,1.0,38,0,0.3583188331422175,0.10980608329054621,0.8928442023086737,0.7830381190181275,0.02975268502035957,1.2386722188674255,False,0,0.0053628999849024694,1.0,0.4,2,60000
scratch_long,0,1.0,39,0,0.3561366209883979,0.13361940363614416,0.7674336062665736,0.6338142026304294,0.042134224456335106,1.1206926504060577,False,0,0.014274571982241469,1.0,0.4,2,60000
scratch_long,0,1.0,40,0,0.4147263337026706,0.13129375643265065,0.8712799004694813,0.7399861440368307,0.038107420060949054,1.2108251301656718,False,0,0.0007877595453464892,1.0,0.4,2,60000
scratch_long,0,1.0,41,0,0.413728621436411,0.15972865543341153,0.7890347712434485,0.6293061158100369,0.05225086891369735,1.1216038025153185,False,0,0.001372544440528145,1.0,0.4,2,60000
scratch_long,0,1.0,42,0,0.43038433308062535,0.13638125134539433,0.8713515382075354,0.734970286862141,0.039722109143416166,1.2067503424199197,False,0,0.0038587981325690635,1.0,0.4,2,60000
scratch_long,0,1.0,43,0,0.42396566780950556,0.16622491731268135,0.7944243054049471,0.6281993880922658,0.055331475164658125,1.1242461106793111,False,0,0.004477821148611838,1.0,0.4,2,60000
scratch_long,0,1.0,44,0,0.41572319599037755,0.16074056992929087,0.7923991266929524,0.6316585567636616,0.05273764642395088,1.1257056501201543,False,0,0.0017905425738717895,1.0,0.4,2,60000
scratch_long,0,1.0,45,0,0.4026278470112924,0.1615869292709316,0.766285178110922,0.6046982488399903,0.05453920512102738,1.0990677277882346,False,0,0.0,1.0,0.4,2,60000
scratch_long,0,1.0,46,0,0.4105335726448241,0.1474972875286336,0.8184532089181462,0.6709559213895127,0.046133355896232145,1.1568851596947296,False,0,0.0006868910350021906,1.0,0.4,2,60000
scratch_long,0,1.0,47,0,0.36041271512486656,0.12281560933657723,0.8264956069522935,0.7036799976157163,0.036229214620064086,1.1784047574828522,False,0,0.008148985834850464,1.0,0.4,2,60000
scratch_long,0,1.0,0,0,2.070795214660442,1.795509564934568,2.351348767296639,0.5558392023620708,1.5225220431767053,2.638840210111255,False,0,2.3112396113538125,0.0,2.5,2,60000
scratch_long,0,1.0,1,0,2.108107908060461,1.833597097571375,2.388028234007916,0.5544311364365411,1.5617578665194414,2.674934072609635,False,0,1.941303047708061,0.0,2.5,2,60000
scratch_long,0,1.0,2,0,2.2018817245997946,1.9284096585757013,2.481406268225308,0.5529966096496066,1.6588449060014487,2.768298081803178,False,0,1.1354257959283132,0.0,2.5,2,60000
scratch_long,0,1.0,3,0,2.2234437370244775,1.9501401500528308,2.50291753448649,0.552777384433659,1.6810797051832302,2.789867618964585,False,0,0.979238155119674,1.0,2.5,2,60000
scratch_long,0,1.0,4,0,2.140609281857065,1.8680784893987683,2.4188421482840283,0.55076365888526,1.5987774931457996,2.704231885353515,False,0,1.656468052238779,0.0,2.5,2,60000
scratch_long,0,1.0,5,0,2.1029559857224465,1.8292950022265362,2.3820308515562676,0.5527358493297314,1.558465917224176,2.6680972798908886,False,0,2.0036399323435035,0.0,2.5,2,60000
scratch_long,0,1.0,6,0,2.063928551514124,1.7890427127973558,2.3439381040112526,0.5548953912138967,1.516428687589343,2.6308053951845776,False,0,2.393728204748186,0.0,2.5,2,60000
scratch_long,0,1.0,7,0,2.1168883972061905,1.8434464060980007,2.395879077509748,0.5524326714117471,1.5730123314515798,2.6819506228269705,False,0,1.868484439808526,0.0,2.5,2,60000
scratch_long,0,1.0,8,0,2.12900324235909,1.8531017147601037,2.41035129230976,0.5572495775496562,1.5799171253480673,2.698661216824641,False,0,1.7258309530443512,0.0,2.5,2,60000
scratch_long,0,1.0,9,0,2.118183958340796,1.8445070230625529,2.397441615653488,0.552934592590935,1.5738235817755948,2.6837980691830103,False,0,1.852591971433867,0.0,2.5,2,60000
scratch_long,0,1.0,10,0,2.213289954995908,1.9397314419572842,2.4929732299228413,0.5532417879655571,1.6703104045786257,2.7801124043080545,False,0,1.0499592314081383,0.0,2.5,2,60000
scratch_long,0,1.0,11,0,2.1024860125475353,1.8270142456388156,2.383316284623213,0.5563020389843976,1.5542161447972989,2.6711166975078533,False,0,1.9838065130606992,0.0,2.5,2,60000
scratch_long,0,1.0,12,0,2.23292119007216,1.9577271819050586,2.514299211865797,0.5565720299607386,1.6866878652485637,2.8031607011823003,False,0,0.9018119580614439,1.0,2.5,2,60000
scratch_long,0,1.0,13,0,2.251104100611291,1.9769952822949663,2.5315384202026,0.5545431379076338,1.707239347535895,2.8195111636691976,False,0,0.7898343280976405,1.0,2.5,2,60000
scratch_long,0,1.0,14,0,2.085145228766324,1.8130928507823658,2.3625245787119655,0.5494317279295997,1.5435923525303112,2.646814250526033,False,0,2.210567037556757,0.0,2.5,2,60000
scratch_long,0,1.0,15,0,2.229781658572373,1.9564464453878792,2.5093983593942073,0.5529519140063281,1.687321305856927,2.7964946130067134,False,0,0.9346356200439914,1.0,2.5,2,60000
scratch_long,0,1.0,16,0,2.2746526650404832,2.0013846474457724,2.554322719894718,0.5529380724489457,1.732770682422786,2.8415576582173947,False,0,0.6521788502250274,1.0,2.5,2,60000
scratch_long,0,1.0,17,0,1.9960976644194253,1.7214305426593794,2.2752200616819085,0.553789519022529,1.4477743252663662,2.5608016596463856,False,0,3.2010768239233585,0.0,2.5,2,60000
scratch_long,0,1.0,18,0,2.177872255576898,1.9049826908276117,2.4566939241766987,0.551711233349087,1.6357586841574352,2.7428298441648638,False,0,1.3293210458978137,0.0,2.5,2,60000
scratch_long,0,1.0,19,0,2.146379083644486,1.8724164341227665,2.4259949083754404,0.5535784742526739,1.6016972597076458,2.7127396174029443,False,0,1.5888839453473338,0.0,2.5,2,60000
scratch_long,0,1.0,20,0,2.080875247403009,1.8055461409339344,2.361487817516004,0.5559416765820697,1.532581271908561,2.649038632192569,False,0,2.204925544978323,0.0,2.5,2,60000
scratch_long,0,1.0,21,0,2.225288447276215,1.9520391593943844,2.504774994780298,0.5527358353859135,1.683062043303971,2.7917500683535734,False,0,0.9662364940741099,1.0,2.5,2,60000
scratch_long,0,1.0,22,0,2.109842498028686,1.8349529803459192,2.3901144779536976,0.5551614976077783,1.5626810138155496,2.677279432248225,False,0,1.9201606245369476,0.0,2.5,2,60000
scratch_long,0,1.0,23,0,2.0717152379314467,1.7975226869874603,2.35107177749028,0.5535490905028195,1.5255630378427776,2.6372552214169303,False,0,2.321284749188635,0.0,2.5,2,60000
scratch_long,0,1.0,24,0,2.077895331793053,1.8049370319781877,2.3561300954168973,0.5511930634387097,1.5344508488721136,2.641303105538475,False,0,2.273114717016142,0.0,2.5,2,60000
scratch_long,0,1.0,25,0,1.953068036812584,1.678190841453412,2.232001598542331,0.5538107570889192,1.4035275808501206,2.517112612204502,False,0,3.7659764246855048,0.0,2.5,2,60000
scratch_long,0,1.0,26,0,2.063511099484179,1.7895644568156042,2.342510824882629,0.552946368067025,1.5177918375435466,2.628305492956032,False,0,2.4155129878672597,0.0,2.5,2,60000
scratch_long,0,1.0,27,0,2.08701178213297,1.814246159055367,2.3650782569705666,0.5508320979151997,1.5439879685799058,2.6501151197042665,False,0,2.180194024273078,0.0,2.5,2,60000
scratch_long,0,1.0,28,0,2.1414081936419396,1.867573131424299,2.4209805724448707,0.5534074410205718,1.5970262788415703,2.7077182621588785,False,0,1.633782002281805,0.0,2.5,2,60000
scratch_long,0,1.0,29,0,2.0714122998974114,1.7954389148193468,2.3524333017227517,0.5569943869034049,1.5214780915240718,2.6402510483731474,False,0,2.297791576369491,0.0,2.5,2,60000
scratch_long,0,1.0,30,0,2.0941612298574137,1.822705839598746,2.3711114997378475,0.5484056601391014,1.5541165402329367,2.65503713952191,False,0,2.1234257948453887,0.0,2.5,2,60000
scratch_long,0,1.0,31,0,2.1394214629161112,1.8650818292242086,2.419392879845939,0.5543110506217304,1.593803879261481,2.706436398567177,False,0,1.6472288452932844,0.0,2.5,2,60000
scratch_long,0,1.0,32,0,2.1349619758677063,1.8606910601768356,2.414825308089488,0.5541342479126525,1.5896014060433676,2.701791057061194,False,0,1.688636929698987,0.0,2.5,2,60000
scratch_long,0,1.0,33,0,2.054615733683285,1.7801975072535854,2.334033344441517,0.5538358371879315,1.5079235595286908,2.620212950254702,False,0,2.505957635719824,0.0,2.5,2,60000
scratch_long,0,1.0,34,0,2.0806997372811646,1.8044655325878722,2.362073421902415,0.5576078893145426,1.530410583974611,2.650283404396544,False,0,2.1954444717302977,0.0,2.5,2,60000
scratch_long,0,1.0,35,0,2.0517350073861333,1.7760811522258761,2.3322836722271987,0.5562025200013225,1.5021554220678601,2.6195324521660095,False,0,2.5182814289728412,0.0,2.5,2,60000
scratch_long,0,1.0,36,0,2.1974496079661474,1.924637713991502,2.476393847054905,0.5517561330634031,1.6558069206191588,2.762791896942834,False,0,1.1736021425567742,0.0,2.5,2,60000
scratch_long,0,1.0,37,0,2.1836403203202064,1.9105269329600505,2.4627276284638113,0.5522006955037608,1.6412615176591334,2.7491648589305067,False,0,1.280425790202571,0.0,2.5,2,60000
scratch_long,0,1.0,38,0,2.240217389304154,1.9669792894615787,2.519704684657471,0.5527253951958924,1.69793816509404,2.8066206871664092,False,0,0.8654652071090823,1.0,2.5,2,60000
scratch_long,0,1.0,39,0,2.079701962002979,1.8058318041618138,2.358828359853491,0.5529965556916772,1.5343048452998724,2.6448441260695845,False,0,2.2403382928205247,0.0,2.5,2,60000
scratch_long,0,1.0,40,0,2.1688913762944835,1.894621251774394,2.4490821317503726,0.5544608799759785,1.6238891208198751,2.7365531965760495,False,0,1.390126010770473,0.0,2.5,2,60000
scratch_long,0,1.0,41,0,2.052986258300717,1.7781475586737643,2.33278021294942,0.5546326542756557,1.5052822459015636,2.619298761402242,False,0,2.5175370861252304,0.0,2.5,2,60000
scratch_long,0,1.0,42,0,2.1856262958322765,1.9121683157892713,2.465089355840008,0.5529210400507367,1.6425769962143308,2.751900507567145,False,0,1.2612152111760224,0.0,2.5,2,60000
scratch_long,0,1.0,43,0,2.0409075517905055,1.7656811528022884,2.3210560623713503,0.5553749095690619,1.4922182151712051,2.6078711982469556,False,0,2.646594951438601,0.0,2.5,2,60000
scratch_long,0,1.0,44,0,2.0396730678249138,1.7639449280064123,2.3202824427339017,0.5563375147274894,1.4898544362032136,2.607516844958521,False,0,2.6523936362573295,0.0,2.5,2,60000
scratch_long,0,1.0,45,0,2.0036847550031096,1.7282351563344023,2.2836733947823924,0.5554382384479901,1.4539495506133908,2.57016283859951,False,0,3.088391122641042,0.0,2.5,2,60000
scratch_long,0,1.0,46,0,2.1093817736991203,1.8351017065154511,2.3891139207483354,0.5540122142328843,1.5635711818768374,2.6758153225795596,False,0,1.9315840942981595,0.0,2.5,2,60000
scratch_long,0,1.0,47,0,2.170298856391772,1.8969188065893414,2.4496023857364366,0.5526835791470952,1.6270943887391027,2.736173651726748,False,0,1.387197140364151,0.0,2.5,2,60000
